Ticker,Sector,y_test,LSTM,Transformer,XGBoost,Ensemble
AAPL,Tecnología,-0.0107468093799302,0.0026544314,-0.002968234,0.0052359276,0.0009216644
AAPL,Tecnología,0.0264667244420154,0.0040120296,-0.002968234,-4.5391338e-05,0.00040843993
AAPL,Tecnología,-0.0518259712765576,0.0054276306,-0.002968234,0.006884111,0.002360581
AAPL,Tecnología,-0.0077855555047489,0.0067364005,-0.002968234,0.006884111,0.0028840888
AAPL,Tecnología,-0.0047687146542049,0.008024618,-0.002968234,0.0025123137,0.0025250164
AAPL,Tecnología,0.0112347400270003,0.009399787,-0.002968234,0.00029093336,0.002630808
AAPL,Tecnología,-0.0060464833956286,0.010761537,-0.002968234,0.0012747392,0.003372269
AAPL,Tecnología,-0.0002831190593993,0.011991795,-0.002968234,0.0036961057,0.0043486455
AAPL,Tecnología,-0.0070774454665024,0.013068989,-0.002968234,0.0002783633,0.0040959744
AAPL,Tecnología,0.0259152553190241,0.0141275935,-0.002968234,0.0050517684,0.0054740976
AAPL,Tecnología,0.0028727412904419,0.0150316525,-0.002968234,0.0047280136,0.0057709697
AAPL,Tecnología,0.0204643076574949,0.015736185,-0.002968234,0.0034719352,0.0058015673
AAPL,Tecnología,0.0249263524418602,0.016235068,-0.002968234,0.0026056576,0.005827865
AAPL,Tecnología,0.0010071269209943,0.016390776,-0.002968234,-0.00083314144,0.0052023884
AAPL,Tecnología,0.0097538766787101,0.016104855,-0.002968234,-0.0027079715,0.004713054
AAPL,Tecnología,0.0067342051252716,0.01570047,-0.002968234,-0.00083314144,0.004926266
AAPL,Tecnología,0.009310789085112,0.015026994,-0.0031405175,-0.00026670008,0.0047012507
AAPL,Tecnología,-0.0344198338485027,0.014327006,-0.003810295,0.0024568324,0.004698051
AAPL,Tecnología,0.025043154605533,0.013570756,-0.00402697,0.0031720116,0.004451917
AAPL,Tecnología,-0.0512679078060271,0.012815742,-0.0038455715,0.00018414392,0.003624897
AAPL,Tecnología,-0.0463831833102901,0.011899022,-0.003520769,0.00044847923,0.0034409973
AAPL,Tecnología,-0.0034565183282679,0.011072289,-0.002737104,-0.0010998966,0.0031140947
AAPL,Tecnología,-0.0272441238995023,0.010324715,-0.0019969484,0.0008590879,0.0035029245
AAPL,Tecnología,-0.0033485946365076,0.009687133,-0.0018332405,-0.0010998966,0.0029215778
AAPL,Tecnología,-0.0230404693788063,0.009373952,-0.0007582465,-0.0010998966,0.0032263028
AAPL,Tecnología,-0.0223300764430829,0.009218726,-0.00055575185,0.00044847923,0.0035548857
AAPL,Tecnología,-0.0375089249019897,0.009130254,-0.0006649634,-0.0016663382,0.0030528489
AAPL,Tecnología,0.0373638195139487,0.008987296,-0.00084815454,-0.002076947,0.0028402675
AAPL,Tecnología,0.0454398772583572,0.008770215,-0.0017178142,-0.0016663382,0.0024876925
AAPL,Tecnología,0.0060851274677137,0.008422607,-0.0020777946,-0.0016663382,0.002204657
AAPL,Tecnología,0.0270129058354949,0.007953617,-0.002254811,-0.0016663382,0.0019462547
AAPL,Tecnología,-0.0370536963344358,0.007321832,-0.0024575805,0.00029264658,0.0020042297
AAPL,Tecnología,-0.055590735654654,0.006574519,-0.0024726493,0.00029264658,0.0016992772
AAPL,Tecnología,-0.0199036636378863,0.0058788266,-0.0031677214,-0.0016663382,0.0007511744
AAPL,Tecnología,0.0260913242238616,0.0052698283,-0.0040173167,-0.002076947,8.561523e-05
AAPL,Tecnología,0.021909350502073,0.00462918,-0.0035774931,-0.00083314144,0.0002540464
AAPL,Tecnología,-0.0803013248992703,0.0038817376,-0.002968234,-0.0004225328,0.00028089483
AAPL,Tecnología,-0.040608613452544,0.0031500328,-0.002968234,-0.00011796215,4.91271e-05
AAPL,Tecnología,-0.0524340475183312,0.0024211137,-0.002968234,-0.0004231161,-0.0003034714
AAPL,Tecnología,0.0050853262011319,0.0016960371,-0.002968234,-0.0015105053,-0.00081097987
AAPL,Tecnología,0.0721265017484112,0.0011326624,-0.002968234,-0.0015105053,-0.0010363298
AAPL,Tecnología,-0.0654387961798362,0.00091715716,-0.002968234,0.0008590879,-0.0006486132
AAPL,Tecnología,0.0166473050598282,0.0007458199,-0.002968234,-0.0010998966,-0.001108945
AAPL,Tecnología,-0.0680395589571276,0.0008658557,-0.002968234,-0.0017748408,-0.0011959195
AAPL,Tecnología,-0.0390058288912851,0.0009233067,-0.002968234,-0.002076947,-0.0012333604
AAPL,Tecnología,0.003105545442097,0.0010706405,-0.002968234,-0.002076947,-0.0011744269
AAPL,Tecnología,-0.0002194838891429,0.0014515137,-0.002968234,-0.002076947,-0.0010220775
AAPL,Tecnología,0.0258952426284367,0.0018994026,-0.002968234,-0.002076947,-0.000842922
AAPL,Tecnología,-0.0070554294097754,0.0023496384,-0.002968234,-0.0016663382,-0.00058070594
AAPL,Tecnología,0.0037702238331881,0.002567483,-0.002968234,-0.002076947,-0.00057568983
AAPL,Tecnología,0.0100931956649663,0.0026794532,-0.002968234,-0.002076947,-0.00053090183
AAPL,Tecnología,0.0698306305002623,0.0026271828,-0.002968234,-0.002076947,-0.00055181
AAPL,Tecnología,0.081412685339779,0.0023078937,-0.002968234,-0.002076947,-0.00067952555
AAPL,Tecnología,0.0006110490083396,0.0016176635,-0.002968234,-0.00011796215,-0.0005638207
AAPL,Tecnología,-0.0072033450728336,0.0006579533,-0.002968234,-0.00083314144,-0.0010907407
AAPL,Tecnología,0.0851945119247546,-0.00029619318,-0.002968234,-0.00011796215,-0.0013293633
AAPL,Tecnología,0.0583495883396891,-0.0010901364,-0.002968234,0.00029264658,-0.0015648189
AAPL,Tecnología,-0.0707640379604236,-0.001248992,-0.002968234,0.0032604218,-0.0010348061
AAPL,Tecnología,-0.0062699920201985,-0.0013065641,-0.002968234,0.0005947526,-0.0015909688
AAPL,Tecnología,0.0520841086454073,-0.0012742449,-0.002968234,-0.00011796215,-0.001720584
AAPL,Tecnología,-0.1092154774121944,-0.0012445943,-0.002968234,0.00044847923,-0.0015954355
AAPL,Tecnología,-0.0817167344647288,-0.0011960808,-0.002968234,-0.0017748408,-0.0020206943
AAPL,Tecnología,-0.0055298165031831,-0.0011318903,-0.002968234,-0.0018156593,-0.0020031817
AAPL,Tecnología,0.0888709405910342,-0.001063732,-0.002968234,-0.0016693859,-0.0019466636
AAPL,Tecnología,0.032252645362471,-0.0009911596,-0.002968234,-0.00011796215,-0.00160735
AAPL,Tecnología,-0.0692839777443264,-0.0009616334,-0.002968234,0.0025452424,-0.0010628984
AAPL,Tecnología,-0.0016624361817622,-0.00095288036,-0.002968234,-0.00011796215,-0.0015920382
AAPL,Tecnología,-0.105833135593534,-0.0009773858,-0.002968234,-0.00083314144,-0.0017448763
AAPL,Tecnología,-0.0113293516043045,-0.001065555,-0.002968234,-0.0041455277,-0.0024426212
AAPL,Tecnología,0.0911958520395883,-0.001109696,-0.002968234,-0.0017176479,-0.0019747016
AAPL,Tecnología,0.0382508469467697,-0.0011622589,-0.002968234,-0.002186543,-0.0020895058
AAPL,Tecnología,-0.0043083910855182,-0.0011923863,-0.002968234,-0.0024886492,-0.002161978
AAPL,Tecnología,0.0465449234802302,-0.0011752625,-0.002968234,-0.0014896742,-0.0019553334
AAPL,Tecnología,0.060979281957506,-0.0011252547,-0.002968234,-0.00092770165,-0.0018229359
AAPL,Tecnología,-0.1129096496239402,-0.0010685427,-0.002968234,-0.0022048536,-0.0020556815
AAPL,Tecnología,-0.1008122965608674,-0.0010984004,-0.002968234,-0.0029017224,-0.0022069984
AAPL,Tecnología,-0.044462555823522,-0.0010879291,-0.002968234,-0.0019418977,-0.0020108449
AAPL,Tecnología,-0.139458020377445,-0.0011786977,-0.002968234,-0.0024328271,-0.0021453383
AAPL,Tecnología,-0.1199122257799901,-0.0013453877,-0.002968234,-0.0029017224,-0.0023057933
AAPL,Tecnología,-0.0070847963259525,-0.0015326412,-0.002968234,-0.0019418977,-0.0021887296
AAPL,Tecnología,0.0140335022433218,-0.0016983016,-0.002968234,-0.0049465518,-0.0028559247
AAPL,Tecnología,0.1052103529769647,-0.0018680943,-0.002968234,-0.0029017224,-0.002514876
AAPL,Tecnología,0.0454575408255177,-0.0019000783,-0.002968234,-0.0029017224,-0.0025276695
AAPL,Tecnología,0.0799217463753141,-0.0019221706,-0.002968234,0.001917616,-0.0015726389
AAPL,Tecnología,0.0585459446777045,-0.0019177655,-0.002968234,-0.0029017224,-0.0025347446
AAPL,Tecnología,-0.1512583745813722,-0.0019688169,-0.002968234,-0.0029017224,-0.002555165
AAPL,Tecnología,0.0544290828141561,-0.0019613244,-0.002968234,-0.0029017224,-0.002552168
AAPL,Tecnología,0.0853575278769697,-0.0018372489,-0.002968234,-8.993751e-05,-0.0019401807
AAPL,Tecnología,0.0618756198140481,-0.0018531624,-0.002968234,-0.0029017224,-0.0025089032
AAPL,Tecnología,0.1356838632113765,-0.0018702196,-0.002968234,-0.0029017224,-0.002515726
AAPL,Tecnología,0.0072988540757247,-0.0019054902,-0.002968234,-0.0029017224,-0.0025298344
AAPL,Tecnología,-0.007520598217746,-0.0020353585,-0.002968234,-0.0058715935,-0.003175756
AAPL,Tecnología,-0.1925433987960237,-0.0022688494,-0.002968234,-0.0029017224,-0.002675178
AAPL,Tecnología,0.0722139310638884,-0.002491896,-0.002968234,-0.0029017224,-0.0027643966
AAPL,Tecnología,0.0163909107246094,-0.0026550828,-0.002968234,-0.0027159469,-0.0027925163
AAPL,Tecnología,0.1215326879498751,-0.0029882346,-0.002968234,-0.0029017224,-0.0029629322
AAPL,Tecnología,-0.0029291894761345,-0.0031373575,-0.002968234,-0.0029017224,-0.0030225813
AAPL,Tecnología,0.0222783311614763,-0.003326002,-0.002968234,-0.0029017224,-0.0030980392
AAPL,Tecnología,0.1314287634068444,-0.0034370404,-0.002968234,-0.0029017224,-0.0031424544
AAPL,Tecnología,-0.0159725249091585,-0.0036703786,-0.002968234,-0.0029017224,-0.0032357897
AAPL,Tecnología,0.097464486193187,-0.003846177,-0.0058615394,-0.0058715935,-0.005057405
AAPL,Tecnología,0.0389554089828148,-0.0039234445,-0.0056660557,-0.0029017224,-0.0044161445
AAPL,Tecnología,-0.1300250757602793,-0.0039574164,-0.004466624,-0.0029017224,-0.0039499607
AAPL,Tecnología,0.1390592312315704,-0.003916801,-0.001745184,-0.0029017224,-0.0028451385
AAPL,Tecnología,0.0022558877237959,-0.0038562054,0.004464456,-0.0027159469,-0.0002998892
AAPL,Tecnología,0.1592758778774211,-0.003774589,0.0049732784,0.0029498558,0.0010694468
AAPL,Tecnología,-0.104315379607335,-0.003631256,0.007555376,-0.0029017224,0.0009893035
AAPL,Tecnología,0.0065948584932609,-0.0035126782,0.008664138,-0.0058715935,0.0008862651
AAPL,Tecnología,-0.1363655740765858,-0.0034528845,0.012263109,-0.0024328271,0.0030375246
AAPL,Tecnología,-0.1014804248185728,-0.0035973783,0.014700524,-0.0029017224,0.003860914
AAPL,Tecnología,-0.1225654763809548,-0.0035989378,0.015578139,-0.0027159469,0.004248491
AAPL,Tecnología,0.1241499018609031,-0.00371058,0.017386992,-0.0032068763,0.0048291893
AAPL,Tecnología,0.1341123543927945,-0.0038674101,0.019720048,-0.0053605186,0.0052689514
AAPL,Tecnología,-0.1013985885049609,-0.004268252,0.021699432,-0.0029017224,0.006392128
AAPL,Tecnología,0.1105878935296631,-0.0045180316,0.023013152,-0.0058715935,0.00622373
AAPL,Tecnología,-0.0356796785657409,-0.0047414987,0.023747072,-0.0032068763,0.0069608544
AAPL,Tecnología,-0.0852182776492571,-0.005047497,0.024667282,-0.0029017224,0.00726757
AAPL,Tecnología,0.020952715391644,-0.0051963106,0.028024897,-0.0029017224,0.008551091
AAPL,Tecnología,0.0897135077265833,-0.005258499,0.030659262,-0.0032068763,0.009518931
AAPL,Tecnología,0.0811643955144413,-0.0052161245,0.02941953,-0.0029017224,0.009101018
AAPL,Tecnología,-0.0209474010990684,-0.005207658,0.028335031,-0.0029017224,0.008670605
AAPL,Tecnología,0.0525771594352613,-0.00510441,0.028504197,-0.0029017224,0.00877957
AAPL,Tecnología,-0.0019886470880915,-0.005124136,0.029362489,-0.0029017224,0.0091149965
AAPL,Tecnología,0.0929010178191703,-0.0052801594,0.03042053,-0.0029017224,0.009475805
AAPL,Tecnología,-0.0485265345143404,-0.0053280448,0.030855376,-0.0029017224,0.009630588
AAPL,Tecnología,0.0176400050912425,-0.005363715,0.0320599,-0.0032038286,0.010037709
AAPL,Tecnología,-0.0742356086184382,-0.005343712,0.03327624,-0.00027299346,0.011118413
AAPL,Tecnología,-0.0112530511319409,-0.005331206,0.02958947,-0.006983115,0.008306682
AAPL,Tecnología,0.0101953599704031,-0.005359523,0.02923593,-0.0070207813,0.008146406
AAPL,Tecnología,0.0097927232255067,-0.0055601746,0.028418612,-0.00027299346,0.009088776
AAPL,Tecnología,-0.030270025618187,-0.0056677735,0.02398628,-0.0009819081,0.0071310215
AAPL,Tecnología,0.0899414298002901,-0.0058548665,0.021218061,-0.006983115,0.004748655
AAPL,Tecnología,0.0126350636655214,-0.0061028786,0.02026042,0.0054805833,0.006759133
AAPL,Tecnología,-0.0707474473626532,-0.006445438,0.017282795,-0.0031430603,0.0037063304
AAPL,Tecnología,0.0241950914276821,-0.006736774,0.016021427,-0.0021431448,0.0032852322
AAPL,Tecnología,-0.0651353680920935,-0.006993655,0.013316455,-0.0004225328,0.0024446135
AAPL,Tecnología,0.0045211013353362,-0.007175813,0.009403608,-0.0004225328,0.00080661126
AAPL,Tecnología,-0.0092830391395446,-0.007321046,0.0063984087,-0.00083314144,-0.00053568324
AAPL,Tecnología,0.1290000940025771,-0.007485193,0.000926299,-0.00083314144,-0.0027901859
AAPL,Tecnología,-0.0766466364711168,-0.0076717623,-0.0022922177,-0.0021431448,-0.0044142213
AAPL,Tecnología,-0.0270666467198005,-0.007974341,-0.005124907,-0.00055462786,-0.0053506247
AAPL,Tecnología,-0.0083207259400178,-0.008001264,-0.0055843573,-0.0018777079,-0.00580979
AAPL,Tecnología,-0.1863110393176976,-0.00821964,-0.0073789447,-0.00083314144,-0.0064060623
AAPL,Tecnología,-0.2003026130016461,-0.008364627,-0.008022512,-0.010861855,-0.008727227
AAPL,Tecnología,-0.0199453165398101,-0.008599243,-0.009259274,-0.00042931916,-0.007229271
AAPL,Tecnología,-0.0274589964160462,-0.008843106,-0.009959476,-0.0022440038,-0.007969834
AAPL,Tecnología,0.0054783431868751,-0.009411956,-0.010090608,-0.00027299346,-0.007855625
AAPL,Tecnología,-0.1170415879074411,-0.009790225,-0.008688808,0.00041651668,-0.0073083094
AAPL,Tecnología,0.0644823558160289,-0.01015408,-0.007779033,-0.0039202725,-0.007957299
AAPL,Tecnología,0.1651606139171099,-0.0106683,-0.007638159,-0.00017636009,-0.007357856
AAPL,Tecnología,0.1130079678116168,-0.011122022,-0.007452271,-0.0038519746,-0.008200112
AAPL,Tecnología,-0.121288860766574,-0.011030132,-0.0068881204,-0.0015545432,-0.0074782097
AAPL,Tecnología,0.0251316012104663,-0.010667324,-0.006385424,-0.0031430603,-0.0074497117
AAPL,Tecnología,-0.0413331818446302,-0.010205508,-0.0060796523,0.00907597,-0.00469887
AAPL,Tecnología,-0.2231435513142097,-0.010057532,-0.005514753,-0.00027299346,-0.0062835133
AAPL,Tecnología,0.0927124951764419,-0.009641252,-0.0051459773,-0.00027299346,-0.005969491
AAPL,Tecnología,0.0471603603952489,-0.00923671,-0.004505624,0.0015279494,-0.005191344
AAPL,Tecnología,-0.2231435513142097,-0.009157246,-0.0034590596,0.0026105163,-0.004524419
AAPL,Tecnología,0.0856117731774108,-0.009304597,-0.0031454721,0.00041651668,-0.004896724
AAPL,Tecnología,-0.1200406276446278,-0.009424588,-0.0028716614,0.0015279494,-0.00461291
AAPL,Tecnología,-0.0406073112757529,-0.009832852,-0.0021767216,-0.006790339,-0.0061618974
AAPL,Tecnología,-0.028695911910839,-0.010287189,-0.0018185778,-0.004535511,-0.0057494086
AAPL,Tecnología,-0.2231435513142097,-0.0105102565,-0.0015403414,0.00072393136,-0.004675453
AAPL,Tecnología,0.047881272902591,-0.010644147,-0.0013408856,-0.0039202725,-0.0055780676
COP,Energía,0.0553670776172104,0.00022054091,-0.002968234,0.00046252203,-0.0010065729
COP,Energía,0.0725052446608459,0.0014543431,-0.002968234,0.0047280136,0.0003400463
COP,Energía,0.0166855983782673,0.0027757958,-0.002968234,0.0038616492,0.00069535454
COP,Energía,-0.0175818568872557,0.0039984537,-0.002968234,0.0064092865,0.0016939453
COP,Energía,-0.006316914109609,0.0052363034,-0.002968234,-0.00057436345,0.00079235504
COP,Energía,-0.0272420773227003,0.00645468,-0.002968234,0.0036871398,0.0021320065
COP,Energía,0.0087111733316512,0.007675442,-0.002968234,0.0008845521,0.0020597936
COP,Energía,0.0081642334126179,0.00861331,-0.002968234,0.0036961057,0.0029972515
COP,Energía,0.0315868880703106,0.009439483,-0.002968234,0.0038038415,0.003349268
COP,Energía,-0.0397219813097936,0.010201786,-0.002968234,0.0002783633,0.002949093
COP,Energía,0.021770288563601,0.010853222,-0.002968234,0.00609194,0.0043723835
COP,Energía,0.0637055494048477,0.011376929,-0.002968234,0.0034719352,0.0040578647
COP,Energía,-0.0279244872569161,0.011809802,-0.002968234,0.0033787596,0.004212379
COP,Energía,-0.0095937410244893,0.011859901,-0.002968234,-0.00083314144,0.0033900386
COP,Energía,-0.0575192898048453,0.011504961,-0.002968234,-0.0027079715,0.0028730966
COP,Energía,-0.0804115646046536,0.011032801,-0.002968234,-0.00083314144,0.0030591984
COP,Energía,-0.0757850865966416,0.010404564,-0.002968234,-0.00026670008,0.002921192
COP,Energía,0.0667342709516756,0.009672921,-0.002968234,-0.004083653,0.0018651441
COP,Energía,0.0207114147958084,0.008829692,-0.002968234,0.0001433253,0.0023732483
COP,Energía,-0.039991568056064,0.008108011,-0.002968234,0.00018414392,0.0020927396
COP,Energía,0.0715104935605771,0.00730351,-0.002968234,0.00044847923,0.0018238062
COP,Energía,-0.0084005633728388,0.0066278335,-0.002968234,-0.0015105053,0.0011617385
COP,Energía,-0.0211943814396792,0.0060700774,-0.002968234,0.00044847923,0.0013304332
COP,Energía,0.0299752583393027,0.005708956,-0.002968234,-0.0015105053,0.0007941877
COP,Energía,0.0674622584053126,0.005504083,-0.002968234,-0.0015747212,0.0006993954
COP,Energía,0.1477227671127852,0.0054904334,-0.002968234,0.00038426337,0.0010857324
COP,Energía,0.0418063732076497,0.005492514,-0.002968234,-0.0033869501,0.00033232186
COP,Energía,0.1008902443108433,0.0052594403,-0.002968234,0.00027797325,0.0009720772
COP,Energía,-0.1409502408574591,0.0050014155,-0.002968234,-0.0044476334,-7.6254015e-05
COP,Energía,-0.1244415712170226,0.0045101047,-0.002968234,-0.0044476334,-0.00027277844
COP,Energía,-0.0560965870741648,0.0039118063,-0.002968234,-0.0021267782,-4.792682e-05
COP,Energía,0.0514275864628333,0.0029305127,-0.002968234,-0.002793803,-0.00057384925
COP,Energía,-0.068914855298232,0.0017127078,-0.002968234,-0.0024886492,-0.0009999403
COP,Energía,-0.025538734860947,0.000511406,-0.002968234,-0.0044476334,-0.0018722579
COP,Energía,-0.0402598378341044,-0.00044432655,-0.002968234,-0.0044476334,-0.0022545508
COP,Energía,0.0480122806958561,-0.001045228,-0.002968234,-0.0032038286,-0.0022461505
COP,Energía,-0.0294914404927829,-0.0014079455,-0.002968234,-0.0032038286,-0.0023912375
COP,Energía,-0.1200060692434248,-0.0017094286,-0.002968234,-0.0024886492,-0.002368795
COP,Energía,0.0023591553492215,-0.0018661302,-0.002968234,-0.0024886492,-0.0024314756
COP,Energía,-0.0435031960774558,-0.0020439876,-0.002968234,-0.0018246722,-0.0023698234
COP,Energía,-0.0468674776437565,-0.0021501859,-0.002968234,-0.0041455277,-0.0028764736
COP,Energía,0.084066637049227,-0.0020883186,-0.0031184936,-0.002186543,-0.0025200336
COP,Energía,0.0532541079591554,-0.0020268736,-0.0040008165,-0.0041455277,-0.0032401816
COP,Energía,0.0045157117088865,-0.0018685004,-0.0039761765,-0.0041455277,-0.0031669764
COP,Energía,0.0718412537479507,-0.0017029699,-0.0037831394,-0.0044476334,-0.0030839704
COP,Energía,-0.0497241102886888,-0.0015773564,-0.0042680865,-0.0044476334,-0.003227704
COP,Energía,0.0566865295999898,-0.0013536867,-0.0039176876,-0.0044476334,-0.0029980764
COP,Energía,-0.0442138053129947,-0.0010388186,-0.0035152454,-0.0044476334,-0.0027111522
COP,Energía,0.0413636644767614,-0.0008139624,-0.002968234,-0.0044476334,-0.0024024053
COP,Energía,-0.0329455693472224,-0.00066095125,-0.002968234,-0.0033869501,-0.0021290642
COP,Energía,-0.0448852932484006,-0.0006078789,-0.002968234,-0.0021411628,-0.0018586778
COP,Energía,-0.0034316982443661,-0.0006056586,-0.002968234,-0.002076947,-0.0018449465
COP,Energía,-0.0568002744781753,-0.0007881415,-0.002968234,-0.002076947,-0.0019179397
COP,Energía,-0.027987692049932,-0.0011132751,-0.002968234,-0.00018217803,-0.0016690393
COP,Energía,0.0751298614284368,-0.0014475421,-0.002968234,-0.00083314144,-0.0019329388
COP,Energía,-0.0075176053441342,-0.0017340695,-0.002968234,-0.00011796215,-0.0019045138
COP,Energía,0.0287370545308565,-0.0019336129,-0.002968234,-0.00011796215,-0.0019843313
COP,Energía,0.0060546528841312,-0.002004147,-0.002968234,-0.00011796215,-0.002012545
COP,Energía,0.0195384670562849,-0.0020604678,-0.002968234,0.00011992803,-0.0019874952
COP,Energía,-0.0089251209079696,-0.0020139217,-0.002968234,-0.00011796215,-0.002016455
COP,Energía,-0.0471823004898597,-0.0019213632,-0.002968234,0.00044847923,-0.0018661431
COP,Energía,-0.0352775925053187,-0.0017779684,-0.002968234,-0.0017748408,-0.0022534493
COP,Energía,-0.0792042731715525,-0.0016495101,-0.002968234,-0.0015747212,-0.0021620418
COP,Energía,0.0216091210915863,-0.0014193361,-0.002968234,-0.0017748408,-0.0021099963
COP,Energía,-0.0326047970413115,-0.0012234622,-0.002968234,-0.0004231161,-0.0017613018
COP,Energía,-0.0678302343243058,-0.0011099288,-0.002968234,-0.00089735736,-0.0018107367
COP,Energía,0.0314335507204286,-0.0010521398,-0.002968234,-0.00018217803,-0.0016445852
COP,Energía,-0.0287670430695584,-0.0009615277,-0.002968234,-0.00083314144,-0.001738533
COP,Energía,-0.0501319734111996,-0.00092910044,-0.002968234,-0.0017748408,-0.001913902
COP,Energía,0.0197673737868336,-0.000817826,-0.002968234,0.00044847923,-0.0014247283
COP,Energía,0.0497721470611503,-0.0006838222,-0.002968234,0.00044847923,-0.0013711267
COP,Energía,0.0018274956867185,-0.0006052824,-0.002968234,-0.00018217803,-0.0014658421
COP,Energía,-0.0207854152742195,-0.0005039545,-0.002968234,0.0011453481,-0.0011598058
COP,Energía,-0.0017144595887431,-0.00040797517,-0.002968234,0.00043016876,-0.00126445
COP,Energía,-0.0316970945815713,-0.00032910425,-0.002968234,0.00043016876,-0.0012329017
COP,Energía,0.0405698349493425,-0.00036055874,-0.002968234,-0.00026670008,-0.0013848571
COP,Energía,0.0119186298394299,-0.0003713332,-0.002968234,-0.000330916,-0.0014020101
COP,Energía,-0.0179886943506086,-0.00038340548,-0.002968234,-0.00026670008,-0.0013939958
COP,Energía,-0.0717185753234933,-0.00043239398,-0.002968234,-0.00026670008,-0.0014135912
COP,Energía,-0.0076210226191648,-0.00049498584,-0.002968234,-0.000330916,-0.0014514711
COP,Energía,0.0073187692035215,-0.00046797283,-0.002968234,-0.0028024586,-0.0019349745
COP,Energía,0.005897634264655,-0.00045910757,-0.002968234,-0.00026670008,-0.0014242767
COP,Energía,0.0204121122407353,-0.00038846955,-0.002968234,-0.00026670008,-0.0013960215
COP,Energía,-0.0166992266637044,-0.00036991434,-0.002968234,-0.00026670008,-0.0013885994
COP,Energía,-0.0194584726239378,-0.00034295348,-0.002968234,-0.00026670008,-0.001377815
COP,Energía,-0.0022092958737755,-0.00036020717,-0.002968234,-0.00026670008,-0.0013847165
COP,Energía,0.0304546613271619,-0.00044954848,-0.002968234,-0.000330916,-0.0014332962
COP,Energía,-0.0554635731824221,-0.0004433822,-0.002968234,-0.00026670008,-0.0014179866
COP,Energía,-0.005313085057614,-0.0005119471,-0.002968234,-0.00026670008,-0.0014454125
COP,Energía,0.0224784664283796,-0.00056775566,-0.002968234,-0.000330916,-0.0014805791
COP,Energía,0.0234576096010553,-0.0006316444,-0.002968234,-0.000330916,-0.0015061346
COP,Energía,-0.0614351255834776,-0.00071688555,-0.002968234,-0.00026670008,-0.0015273879
COP,Energía,0.00374221653659,-0.0008518938,-0.002968234,-0.000330916,-0.0015942344
COP,Energía,-0.008103326001468,-0.00096956035,-0.002968234,-0.00026670008,-0.0016284578
COP,Energía,-0.0019758514900805,-0.0011218851,-0.002968234,-0.00026670008,-0.0016893877
COP,Energía,-0.0262288770036308,-0.0013742023,-0.002968234,-0.000330916,-0.0018031577
COP,Energía,-0.0202659803715693,-0.0015644995,-0.002968234,-0.000330916,-0.0018792766
COP,Energía,-0.0205922099101046,-0.0016927621,-0.002968234,0.0001439086,-0.0018356169
COP,Energía,-0.0015158834114768,-0.0018045846,-0.002968234,-0.00026670008,-0.0019624676
COP,Energía,0.0217333299662093,-0.0019666967,-0.002968234,-0.00010025096,-0.0019940226
COP,Energía,0.0119505202005725,-0.0020965533,-0.002968234,-0.00026670008,-0.0020792552
COP,Energía,-0.0408638373539941,-0.0022090455,-0.002968234,-0.00026670008,-0.002124252
COP,Energía,-0.0044074605588856,-0.0022629583,-0.002968234,-0.00026670008,-0.002145817
COP,Energía,0.0005109905699978,-0.0022525778,-0.002968234,-0.00026670008,-0.002141665
COP,Energía,0.0093428321474199,-0.0021845875,-0.002968234,0.0001439086,-0.0020323468
COP,Energía,0.0180575849512198,-0.0020478596,-0.002968234,-0.00026670008,-0.0020597777
COP,Energía,0.0168158430018142,-0.0019502467,-0.002968234,-0.0016279867,-0.0022929898
COP,Energía,0.0063695217374053,-0.0019362513,-0.002968234,-0.00026670008,-0.0020151343
COP,Energía,0.0245855666344862,-0.0019508102,-0.002968234,0.0001439086,-0.0019388361
COP,Energía,0.0312887767504801,-0.0019129114,-0.002968234,-0.00026670008,-0.0020057983
COP,Energía,0.025341414166395,-0.0019296426,-0.002968234,-0.00026670008,-0.0020124908
COP,Energía,0.0127906815682154,-0.00197965,-0.0043070586,-0.00026670008,-0.0025680235
COP,Energía,0.0186757097226823,-0.0021180436,-0.005835348,-0.00026670008,-0.0032346966
COP,Energía,-0.0437759711190109,-0.0023234286,-0.0059299236,-0.000330916,-0.0033675241
COP,Energía,0.0155146638166548,-0.00251415,-0.005986129,-0.000330916,-0.0034662948
COP,Energía,-0.0235192193915664,-0.0026343218,-0.0059158104,-0.00010025096,-0.0034401033
COP,Energía,-0.0119457230339012,-0.0027855216,-0.0057710083,-0.00010025096,-0.003442662
COP,Energía,-0.0267773861801625,-0.002890312,-0.0059953984,-0.00010025096,-0.0035743343
COP,Energía,-0.000573300286883,-0.002986127,-0.0059715277,-0.00026670008,-0.003636402
COP,Energía,0.0093806952735301,-0.0029822225,-0.0060013393,-0.0049547167,-0.0045843683
COP,Energía,-0.0125436209887318,-0.0029787477,-0.0058791405,-0.0016279867,-0.0038687526
COP,Energía,0.0374994311837387,-0.0029625054,-0.0057947943,-0.00010025096,-0.00352297
COP,Energía,0.034331601284866,-0.00298178,-0.005769373,-0.00010025096,-0.0035205113
COP,Energía,-0.0001656010446001,-0.003074007,-0.0055962773,0.0016056825,-0.0031469772
COP,Energía,0.0241254317361426,-0.003175225,-0.0055986615,-0.001892322,-0.003888019
COP,Energía,0.0209534803702855,-0.0032254234,-0.0057632197,-0.0021944281,-0.004034343
COP,Energía,0.0183003119665724,-0.0032374403,-0.005849533,-0.0055211578,-0.004739021
COP,Energía,0.0579826928663819,-0.0031451522,-0.0056484006,-0.0021944281,-0.003956307
COP,Energía,0.0330905909192484,-0.0030889888,-0.00555213,-0.0021944281,-0.0038953333
COP,Energía,0.0066931884421294,-0.0031773397,-0.004860566,-0.0021944281,-0.0036540478
COP,Energía,0.0178055778880538,-0.0032583456,-0.0033584638,-0.0027079715,-0.003188318
COP,Energía,0.0026471123676166,-0.003412622,-0.0030337228,-0.00089735736,-0.0027580094
COP,Energía,0.0473938961534329,-0.0036145588,-0.003464532,-0.00083314144,-0.0029982647
COP,Energía,0.0069872617934419,-0.0039145984,-0.0037295017,-0.00089735736,-0.0032371115
COP,Energía,-0.0212095449484008,-0.0042264983,-0.004915624,-0.00083314144,-0.0038234773
COP,Energía,0.0326819286519461,-0.004619547,-0.006390241,-0.00083314144,-0.0045705438
COP,Energía,0.0101961473903988,-0.004979982,-0.007682653,-0.00083314144,-0.0052316827
COP,Energía,-0.046764410630034,-0.0053456873,-0.008481647,-0.00089735736,-0.0057104053
COP,Energía,0.0096553941543432,-0.005742033,-0.009413504,-0.00083314144,-0.0062288437
COP,Energía,0.004028773014736,-0.006065244,-0.01004706,-0.00083314144,-0.00661155
COP,Energía,0.0212419582832996,-0.006483117,-0.009976048,-0.00083314144,-0.006750295
COP,Energía,-0.0169634795371851,-0.006844042,-0.00999198,-0.00083314144,-0.006901038
COP,Energía,0.0447696188536857,-0.007095639,-0.010145536,-0.00089735736,-0.007075941
COP,Energía,0.0435697780499474,-0.007261744,-0.010256176,-0.00089735736,-0.007186639
COP,Energía,-0.0254857745951961,-0.00754348,-0.0105727175,0.00025619904,-0.007195239
COP,Energía,0.0111433875454009,-0.007732339,-0.0099011855,0.00019198311,-0.0070150136
COP,Energía,0.0115185532337192,-0.007869967,-0.009450446,0.00025619904,-0.0068769255
COP,Energía,-0.0180841195195453,-0.00801242,-0.008960639,-0.006156816,-0.008020586
COP,Energía,-0.0564502547960777,-0.008250182,-0.008466982,-0.0070053856,-0.008087942
COP,Energía,0.0189371993735936,-0.008439939,-0.007797205,-0.0019236179,-0.006879581
COP,Energía,-0.0106609378045392,-0.00847806,-0.0074073886,-0.0027079715,-0.006895774
COP,Energía,-0.0090184941511201,-0.008574593,-0.0068292124,-0.00083314144,-0.0063281506
COP,Energía,0.0101993177213569,-0.008512544,-0.006349501,-0.00083314144,-0.006111447
COP,Energía,-0.0018018692221163,-0.008388576,-0.006242237,-0.00089735736,-0.006031797
COP,Energía,-0.001741857474217,-0.00819418,-0.0060790023,-0.00089735736,-0.0058887447
COP,Energía,-0.0025387874293089,-0.007963718,-0.0057912813,-0.00083314144,-0.005668628
COP,Energía,0.044221435444243,-0.0077467533,-0.0048001846,-0.00083314144,-0.005185404
COP,Energía,0.008209652257329,-0.0076515046,-0.0030913847,0.00025619904,-0.004245916
COP,Energía,-0.0422454514967429,-0.007699725,-0.0023341803,-0.0062210322,-0.0052577686
COP,Energía,0.0417129473010902,-0.0077671423,-0.0021163458,-0.00083314144,-0.004120024
COP,Energía,0.020814191561252,-0.007838579,-0.0007850854,-0.0062210322,-0.004693672
COP,Energía,-0.0412608567418079,-0.00803403,-0.0004191352,-0.006156816,-0.0046126293
COP,Energía,0.0554793110068024,-0.008194456,0.0004266845,0.0012531239,-0.002856484
COP,Energía,-0.002572652778364,-0.008298753,0.00081434567,-0.006156816,-0.0042251265
CVX,Energía,0.0740374375717763,-0.0006833635,-0.002968234,0.0046824086,-0.0005241573
CVX,Energía,-0.0549516939510383,0.00039822888,-0.002968234,0.0059474753,0.00016149296
CVX,Energía,-0.0566667836614437,0.0016296981,-0.002968234,0.010244122,0.00151341
CVX,Energía,0.0024733870782102,0.0027959365,-0.002968234,0.010244122,0.0019799054
CVX,Energía,-0.0227864510197591,0.003951881,-0.002968234,0.001776183,0.00074869534
CVX,Energía,-0.0918505263355644,0.0050975922,-0.002968234,0.002630695,0.0013778822
CVX,Energía,-0.0922569894388571,0.0062138746,-0.002968234,-0.0049684974,0.00030455657
CVX,Energía,0.0166760132141784,0.007095134,-0.002968234,0.0062701325,0.0029047863
CVX,Energía,0.0301610625208138,0.007945798,-0.002968234,0.007985657,0.0035881572
CVX,Energía,-0.0686928317865891,0.008807865,-0.002968234,0.004699242,0.0032757008
CVX,Energía,0.0713665196828269,0.00945444,-0.002968234,0.0008134279,0.0027571681
CVX,Energía,0.0452219924150216,0.010137793,-0.002968234,0.013026861,0.0054731956
CVX,Energía,0.0031609837327907,0.010819692,-0.002968234,0.011554814,0.005451546
CVX,Energía,-0.0824593752940593,0.01122082,-0.002968234,-0.00027299346,0.0032464354
CVX,Energía,-0.1032713695616625,0.0111932475,-0.002968234,-0.0009819081,0.0030936238
CVX,Energía,-0.0243241250480676,0.010948317,-0.002968234,0.0049273274,0.0041774986
CVX,Energía,-0.0120367150731073,0.010587692,-0.002968234,0.00051247445,0.0031502782
CVX,Energía,0.0797122631843223,0.009975545,-0.002968234,0.0011468291,0.0030322901
CVX,Energía,0.0810976455430791,0.009291811,-0.002968234,0.00053698936,0.0026368285
CVX,Energía,-0.0105348999854229,0.0086790435,-0.002968234,-0.002186543,0.0018470152
CVX,Energía,-0.0191455744011409,0.007938119,-0.003028703,0.0035302795,0.0026698222
CVX,Energía,-0.0560387368704299,0.007375622,-0.0034815418,0.001571295,0.0018718912
CVX,Energía,-0.0206989098070409,0.006925514,-0.0039477684,0.0035302795,0.0018971543
CVX,Energía,0.0513345703893505,0.006593479,-0.004042349,-0.0015105053,0.00071835105
CVX,Energía,0.015419833484476,0.006341135,-0.0042813793,-0.0028205088,0.00025980052
CVX,Energía,-0.0047634363162852,0.0063114334,-0.004138116,-0.00086152426,0.00069702213
CVX,Energía,0.0443898799883419,0.006252256,-0.0039868103,-0.002076947,0.00049078907
CVX,Energía,0.0419493144583169,0.0060960287,-0.0041484833,-0.002076947,0.00036362887
CVX,Energía,-0.0744886320231406,0.005927544,-0.00454018,-0.002076947,0.00013955627
CVX,Energía,-0.0701825008611688,0.005599279,-0.0047435407,-0.0016663382,9.02763e-06
CVX,Energía,-0.0737657025845444,0.0052069454,-0.004424217,-0.001971492,-8.1207225e-05
CVX,Energía,0.036170855087886,0.0045862235,-0.0034956886,-0.00011796215,0.00041262148
CVX,Energía,-0.0259150465933721,0.0037760576,-0.003019181,-1.2507357e-05,0.00030024914
CVX,Energía,-0.0727660743000429,0.0030345153,-0.002968234,-0.002076947,-0.00038887697
CVX,Energía,-0.000426210763186,0.0023831753,-0.002968234,-0.002076947,-0.000649413
CVX,Energía,0.0875060286425439,0.0018716827,-0.002968234,-0.0007276867,-0.0005841579
CVX,Energía,-0.0322235935828203,0.0013370914,-0.002968234,-0.00083314144,-0.00081908534
CVX,Energía,-0.0188160350752089,0.000715028,-0.002968234,0.0032604218,-0.00024919806
CVX,Energía,-0.014544830155423,0.0003394247,-0.002968234,-0.00011796215,-0.0010751162
CVX,Energía,-0.0845325846076421,-0.000120853074,-0.002968234,-0.0010998966,-0.0014556142
CVX,Energía,-0.0023409789212513,-0.00029450655,-0.002968234,-0.0015105053,-0.0016071973
CVX,Energía,0.0230082053056902,-0.00028413627,-0.002968234,0.0007141067,-0.0011581269
CVX,Energía,-0.061025921644848,-0.00034309924,-0.002968234,-0.0015105053,-0.0016266345
CVX,Energía,0.0769267234102116,-0.00017903466,-0.003760024,-0.0017748408,-0.0019305915
CVX,Energía,0.0395356627621,-2.5882851e-05,-0.004454364,-0.002076947,-0.0022074883
CVX,Energía,-0.003880695547996,8.737622e-05,-0.0047634803,-0.0016663382,-0.0022037094
CVX,Energía,0.0401452633894234,0.00062304176,-0.004253325,-0.0016663382,-0.001785381
CVX,Energía,0.0282069420363235,0.0012800517,-0.0036510928,-0.002076947,-0.0013638058
CVX,Energía,0.03830744843649,0.0018376019,-0.002968234,-0.002076947,-0.00086764235
CVX,Energía,0.0754013489672779,0.002169786,-0.002968234,-0.002076947,-0.0007347687
CVX,Energía,0.027457232428715,0.0022985237,-0.002968234,-0.002076947,-0.00068327354
CVX,Energía,-0.0179014542284628,0.0022222651,-0.002968234,-0.002076947,-0.00071377703
CVX,Energía,-0.1064748872462852,0.0018679574,-0.002968234,-0.002076947,-0.0008555001
CVX,Energía,-0.0573979762405764,0.0011594165,-0.002968234,-0.00011796215,-0.0007471195
CVX,Energía,-0.030428378243242,0.00012594834,-0.002968234,-0.0006473659,-0.0012663875
CVX,Energía,0.0003665217821342,-0.0009678723,-0.002968234,0.00029264658,-0.0015159133
CVX,Energía,0.0707336130792534,-0.0014244965,-0.002968234,0.00029264658,-0.001698563
CVX,Energía,-0.0333636499906214,-0.0015509054,-0.002968234,0.00029264658,-0.0017491266
CVX,Energía,-0.0824551105261886,-0.0016212016,-0.002968234,0.0005947526,-0.0017168239
CVX,Energía,0.0032740686562023,-0.0016000937,-0.002968234,0.00029264658,-0.0017688018
CVX,Energía,-0.0021322922317072,-0.0015324075,-0.002968234,0.0009173744,-0.0016167818
CVX,Energía,-0.082703619192076,-0.0015102653,-0.002968234,-0.0017748408,-0.002146368
CVX,Energía,0.0640596423616577,-0.0014139023,-0.002968234,-0.0010998966,-0.0019728339
CVX,Energía,0.0005899725928865,-0.0012076152,-0.002968234,-0.0020799947,-0.0020863388
CVX,Energía,0.0430334137610763,-0.0010391576,-0.002968234,-0.00011796215,-0.0016265492
CVX,Energía,-0.0624421154414771,-0.0009148312,-0.002968234,-0.00083314144,-0.0017198544
CVX,Energía,0.0309769390817276,-0.00092319166,-0.002968234,-0.00011796215,-0.0015801628
CVX,Energía,-0.0425108815879639,-0.00091741234,-0.002968234,-0.0004225328,-0.0016387652
CVX,Energía,0.063562317429072,-0.0009146882,-0.002968234,-0.0017748408,-0.0019081371
CVX,Energía,-0.0564817203454098,-0.0008859304,-0.002968234,0.00044847923,-0.0014519701
CVX,Energía,-0.0034558241749631,-0.00089320634,-0.002968234,0.00044847923,-0.0014548805
CVX,Energía,-0.0554197643337286,-0.000881169,-0.002968234,-0.00011796215,-0.0015633537
CVX,Energía,-0.0492922101510701,-0.00093118614,-0.002968234,0.0015559568,-0.0012485767
CVX,Energía,-0.0557088453649279,-0.00090364926,-0.002968234,0.0008407775,-0.0013805978
CVX,Energía,-0.0397578956168442,-0.0008405498,-0.002968234,0.00043016876,-0.0014374799
CVX,Energía,0.0187696639509932,-0.0008505983,-0.002968234,-0.00026670008,-0.001580873
CVX,Energía,0.0253217420092271,-0.00085349847,-0.002968234,0.0001439086,-0.0014999114
CVX,Energía,-0.0755429684593429,-0.0008468386,-0.002968234,-0.00026670008,-0.0015793691
CVX,Energía,-0.0007664489121667,-0.00086986553,-0.002968234,-0.00026670008,-0.0015885798
CVX,Energía,0.0423363968270825,-0.0008901851,-0.002968234,-0.004083653,-0.0023600983
CVX,Energía,-0.0657760497827994,-0.0009091017,-0.002968234,0.0001439086,-0.0015221527
CVX,Energía,-0.0171371150212362,-0.0008795033,-0.002968234,-0.00026670008,-0.0015924351
CVX,Energía,0.0407796131052089,-0.000842473,-0.002968234,-0.00026670008,-0.0015776228
CVX,Energía,0.0024018607178975,-0.0008738991,-0.002968234,-0.00026670008,-0.0015901934
CVX,Energía,-0.0112014202327665,-0.00092092715,-0.002968234,-0.00026670008,-0.0016090046
CVX,Energía,-0.0516070890800189,-0.0009426349,-0.002968234,-0.00026670008,-0.0016176876
CVX,Energía,0.0223360380078308,-0.0010481272,-0.002968234,0.0001439086,-0.0015777629
CVX,Energía,-0.0214794738865736,-0.0010345699,-0.002968234,-0.00026670008,-0.0016544616
CVX,Energía,-0.0450678837506957,-0.0010850225,-0.002968234,0.0001439086,-0.001592521
CVX,Energía,-0.0564437721550404,-0.0010341015,-0.002968234,-0.00026670008,-0.0016542743
CVX,Energía,-0.0016230368096291,-0.0010552788,-0.002968234,-0.00026670008,-0.0016627453
CVX,Energía,-0.0912103138578833,-0.0011420343,-0.002968234,-0.00026670008,-0.0016974474
CVX,Energía,0.0279628500641064,-0.0013159891,-0.002968234,0.0001439086,-0.0016849076
CVX,Energía,0.0422963023249789,-0.0014582337,-0.002968234,-0.0032164252,-0.0024138722
CVX,Energía,-0.026150005605298,-0.0016638981,-0.002968234,0.0001439086,-0.0018240713
CVX,Energía,-0.0362557809441792,-0.0018933383,-0.002968234,-0.00026670008,-0.001997969
CVX,Energía,-0.023221648912718,-0.0021193735,-0.002968234,-0.00026670008,-0.0020883833
CVX,Energía,0.0455611372544601,-0.0023127613,-0.002968234,-0.00026670008,-0.0021657383
CVX,Energía,-0.015570791996981,-0.0024947538,-0.002968234,-0.00026670008,-0.0022385353
CVX,Energía,0.0094609952380334,-0.0026484528,-0.002968234,0.0018700178,-0.0018726713
CVX,Energía,-0.0447892123471713,-0.002725101,-0.002968234,-0.00026670008,-0.0023306743
CVX,Energía,-0.036143056120688,-0.0028189896,-0.002968234,0.0001439086,-0.0022861077
CVX,Energía,0.0141513683424469,-0.0027889311,-0.002968234,-0.00026670008,-0.0023562063
CVX,Energía,0.0039776206233821,-0.0027528196,-0.002968234,-0.00026670008,-0.0023417617
CVX,Energía,0.0037475219790612,-0.0026454437,-0.002968234,-0.00026670008,-0.0022988112
CVX,Energía,0.0117673950983404,-0.002507994,-0.002968234,-0.00026670008,-0.0022438313
CVX,Energía,-0.0381527676035958,-0.002385119,-0.002968234,-0.0049547167,-0.0031322846
CVX,Energía,0.0120086710801666,-0.0023071868,-0.002968234,-0.00026670008,-0.0021635084
CVX,Energía,6.688324167684147e-05,-0.0022597192,-0.0031230869,-0.00026670008,-0.0022064624
CVX,Energía,0.0354996918582844,-0.0022325367,-0.0033874856,0.0001439086,-0.0022192271
CVX,Energía,0.0371618654392521,-0.0021810876,-0.0032125982,-0.00026670008,-0.0022108145
CVX,Energía,0.0133738795561696,-0.002164795,-0.0034682201,0.0001439086,-0.0022244244
CVX,Energía,0.0032986311017398,-0.0022093263,-0.003349007,0.0001439086,-0.0021945515
CVX,Energía,0.0056651806688034,-0.0023361556,-0.003038329,-0.00026670008,-0.002203134
CVX,Energía,-0.0009860002096603,-0.0024815085,-0.0034133894,0.0001439086,-0.0023291775
CVX,Energía,-0.0473634474795085,-0.0025709178,-0.0033914028,-0.00010025096,-0.0024049785
CVX,Energía,-0.0005734894615534,-0.002710103,-0.0033197096,-0.00010025096,-0.0024319752
CVX,Energía,-0.020233345977738,-0.0028444813,-0.004603373,-0.00010025096,-0.0029991919
CVX,Energía,0.0179768045344393,-0.002942659,-0.0051241415,-0.00026670008,-0.0032800604
CVX,Energía,0.0168091868944433,-0.0029632365,-0.0058930283,-0.0016279867,-0.0038681035
CVX,Energía,-0.0135958410701926,-0.0028964886,-0.004956889,-0.0016279867,-0.0034669484
CVX,Energía,-0.0147355381224364,-0.0028424342,-0.0046164347,-0.00010025096,-0.003003598
CVX,Energía,0.0530075614422964,-0.002851855,-0.004391446,-0.00010025096,-0.0029173705
CVX,Energía,0.0219022864130527,-0.0028829533,-0.0044069635,-0.00036458627,-0.002988884
CVX,Energía,0.0467681099121475,-0.0030000755,-0.0042253016,-0.001892322,-0.0032686153
CVX,Energía,0.0167591618512731,-0.0030526891,-0.004078339,-0.0021944281,-0.0032912968
CVX,Energía,0.0096653321122906,-0.0030647656,-0.0037497487,-0.0055211578,-0.0038300375
CVX,Energía,0.0642298519299192,-0.003065959,-0.0038206205,-0.0055211578,-0.0038588634
CVX,Energía,0.0406083347943684,-0.0031519765,-0.0038568517,-0.0021944281,-0.003242417
CVX,Energía,-0.0218471547466398,-0.0032770867,-0.0037598591,-0.0021944281,-0.003253664
CVX,Energía,0.0430060941224968,-0.0034495145,-0.003949919,-0.0027079715,-0.0035013678
CVX,Energía,0.020692911253538,-0.0036185728,-0.0038790228,-0.00083314144,-0.0031656667
CVX,Energía,0.025334125887433,-0.0038983356,-0.004441495,-0.0004225328,-0.0034204389
CVX,Energía,0.0216531911303611,-0.004190075,-0.0048487233,-0.00083314144,-0.0037821478
CVX,Energía,-0.0403455780825803,-0.0045556054,-0.0059398664,-0.00083314144,-0.0043648174
CVX,Energía,-0.0082353641405497,-0.0049677556,-0.007202732,-0.00083314144,-0.0050348234
CVX,Energía,-0.0297177664097627,-0.005366942,-0.008258056,-0.0004225328,-0.0055345055
CVX,Energía,-0.0043241663364955,-0.0057567246,-0.009432254,-0.00083314144,-0.0062422203
CVX,Energía,0.0266376398156535,-0.006213968,-0.009614844,-0.00083314144,-0.0064981533
CVX,Energía,-0.0034421028419328,-0.0066684233,-0.009594006,-0.00083314144,-0.0066716005
CVX,Energía,0.0200250906905152,-0.0071089845,-0.009545736,-0.00083314144,-0.0068285167
CVX,Energía,0.0179827290718369,-0.0074951714,-0.009537231,-0.00083314144,-0.00697959
CVX,Energía,0.0328565210340215,-0.007826591,-0.009681551,-0.0004225328,-0.0070877634
CVX,Energía,-0.0526121497128602,-0.008072423,-0.0098640425,-0.00083314144,-0.0073412145
CVX,Energía,0.0521970680283352,-0.008332567,-0.009565883,0.0006668077,-0.0070260186
CVX,Energía,0.0090902904952193,-0.008492838,-0.009011955,0.00025619904,-0.006950677
CVX,Energía,0.0518044732034016,-0.0087251095,-0.008372941,0.00025619904,-0.0067879804
CVX,Energía,0.0073835681574537,-0.008833712,-0.008031749,-0.012259976,-0.0091981795
CVX,Energía,-0.1210309029582683,-0.00903418,-0.0071847355,-0.0057462077,-0.007636808
CVX,Energía,0.0333001573269931,-0.009171827,-0.0064565176,-0.0027079715,-0.0067929323
CVX,Energía,-0.0292848824238411,-0.009291845,-0.0053314837,-0.0013700853,-0.0061233486
CVX,Energía,0.0033774078201313,-0.0093679,-0.0038118334,-0.0004225328,-0.0053564
CVX,Energía,-0.0254833640141799,-0.009284056,-0.0029917965,-0.00083314144,-0.0050769695
CVX,Energía,0.0115662442635021,-0.009131541,-0.002082304,-0.00083314144,-0.0046521663
CVX,Energía,0.0538428191959005,-0.008955271,-0.0016146237,-0.00083314144,-0.0043945867
CVX,Energía,0.0273272854412589,-0.008916996,-0.0009044865,-0.00083314144,-0.004095222
CVX,Energía,0.0736773200975599,-0.008756832,7.635821e-05,-0.00083314144,-0.003638818
CVX,Energía,0.0861809512481195,-0.008630155,0.0009686081,0.00025619904,-0.003013379
CVX,Energía,-0.0105236397249135,-0.008587938,0.001532278,-0.0057462077,-0.0039715054
CVX,Energía,0.0511472343800352,-0.008596894,0.0018064873,0.0025452424,-0.0022071141
CVX,Energía,-0.0010682250749298,-0.0084871575,0.0021230346,-0.009532188,-0.004452087
CVX,Energía,0.0171655422196583,-0.008518673,0.0030831052,-0.006156816,-0.0034055903
CVX,Energía,0.0219904847422103,-0.008611531,0.0035517355,0.0016637326,-0.0016911716
CVX,Energía,-0.0846842392758138,-0.008689967,0.004045534,-0.009532188,-0.003764211
GOOGL,Tecnología,-0.0342108119352003,0.0026075486,-0.002968234,0.0052359276,0.0009029113
GOOGL,Tecnología,-0.0141278506030687,0.003934863,-0.002968234,0.0047280136,0.0013322544
GOOGL,Tecnología,-0.0200357779808844,0.005352063,-0.002968234,0.0042722584,0.0018079834
GOOGL,Tecnología,0.0430270600920528,0.006689269,-0.002968234,0.006884111,0.0028652363
GOOGL,Tecnología,-0.0041386476047269,0.0080640735,-0.002968234,-0.0013587171,0.0017665925
GOOGL,Tecnología,0.01183482196317,0.009479275,-0.002968234,0.00029093336,0.0026626033
GOOGL,Tecnología,-0.0358324215151492,0.010893632,-0.002968234,0.0008845521,0.0033470695
GOOGL,Tecnología,-0.0053246050705832,0.012119519,-0.002968234,0.0036961057,0.0043997345
GOOGL,Tecnología,0.0218812502952012,0.013216775,-0.002968234,0.0050517684,0.0051097698
GOOGL,Tecnología,0.0417252324559514,0.014212728,-0.002968234,0.0002783633,0.00455347
GOOGL,Tecnología,-0.044086324326768,0.014975309,-0.002968234,0.0047280136,0.0057484326
GOOGL,Tecnología,0.0453678532274966,0.015600018,-0.002968234,0.0026988331,0.0055924803
GOOGL,Tecnología,0.0098223540823292,0.016017664,-0.002968234,0.0033787596,0.005895524
GOOGL,Tecnología,0.0193300625580683,0.016126718,-0.002968234,-0.00083314144,0.0050967652
GOOGL,Tecnología,-0.0016341262655481,0.015737612,-0.002968234,-0.0014487933,0.0048179924
GOOGL,Tecnología,-0.004457542059112,0.0152208805,-0.002968234,-0.00083314144,0.00473443
GOOGL,Tecnología,0.0035155620917476,0.014379518,-0.002968234,0.0001439086,0.004593295
GOOGL,Tecnología,-0.0453119552040186,0.013629861,-0.002968234,0.0028674412,0.0048381393
GOOGL,Tecnología,-0.0140264896291817,0.012779951,-0.0034917714,0.0031720116,0.0043496746
GOOGL,Tecnología,-0.0273358882194753,0.011969741,-0.0038494682,0.00018414392,0.0032849382
GOOGL,Tecnología,-0.0218410832890326,0.010979343,-0.0039598187,0.00044847923,0.0028975056
GOOGL,Tecnología,0.0082584016028359,0.0101183,-0.0040401854,-0.0010998966,0.0022112667
GOOGL,Tecnología,-0.035850425373027,0.009373169,-0.004013029,0.0008590879,0.002315874
GOOGL,Tecnología,-0.012017728034935,0.008757656,-0.00395946,-0.0015105053,0.0016171774
GOOGL,Tecnología,0.0246905082771485,0.008446371,-0.0033121826,-0.0010998966,0.0018336959
GOOGL,Tecnología,0.0088204957507363,0.008365162,-0.0029495219,0.00044847923,0.002255952
GOOGL,Tecnología,0.0016792726259492,0.008280659,-0.003626531,-0.0016663382,0.0015283836
GOOGL,Tecnología,-0.0024663238566091,0.008163379,-0.0033257706,-0.002076947,0.0015196538
GOOGL,Tecnología,0.0233245334930384,0.007992505,-0.003822391,-0.0016663382,0.001334778
GOOGL,Tecnología,0.0114734029289621,0.0076971846,-0.0040237177,-0.0016663382,0.0011361192
GOOGL,Tecnología,0.0247380451703071,0.0073054694,-0.0040825857,-0.0016663382,0.00095588586
GOOGL,Tecnología,0.0170926409156243,0.006713154,-0.004008637,-0.00011796215,0.0010582146
GOOGL,Tecnología,-0.0256083626831174,0.005924547,-0.0032447977,-0.00011796215,0.0010483075
GOOGL,Tecnología,0.0431041884470727,0.005218652,-0.003133512,-0.0016663382,0.00050078833
GOOGL,Tecnología,0.0818027737495671,0.0046517914,-0.002968234,-0.002076947,0.00025803354
GOOGL,Tecnología,0.0492265788758742,0.004073711,-0.002968234,-0.00083314144,0.00027556252
GOOGL,Tecnología,-0.0355723380791269,0.0034294939,-0.002968234,-0.00083314144,1.7875558e-05
GOOGL,Tecnología,-0.0347578010074072,0.0027078604,-0.002968234,-0.00011796215,-0.00012774188
GOOGL,Tecnología,-0.1072110151172227,0.002050925,-0.002968234,-0.00011796215,-0.00039051607
GOOGL,Tecnología,0.0082977000830662,0.0013273712,-0.002968234,-0.0015105053,-0.00095844624
GOOGL,Tecnología,0.0525009317714978,0.0007232614,-0.002968234,-0.0014050505,-0.0011789992
GOOGL,Tecnología,-0.0269361242611637,0.00037570577,-0.002968234,-0.0016067486,-0.0013583611
GOOGL,Tecnología,-0.0174069057016756,4.9758237e-05,-0.0035994453,-0.0015105053,-0.0017219759
GOOGL,Tecnología,-0.056659604232736,3.571622e-06,-0.0037897993,-0.0017748408,-0.0018694592
GOOGL,Tecnología,-0.0185737477649734,-2.8443523e-05,-0.003734869,-0.002076947,-0.0019207144
GOOGL,Tecnología,0.0209261988172177,-1.4468096e-05,-0.005643308,-0.0016663382,-0.0025963783
GOOGL,Tecnología,0.0665012037448234,0.00034896657,-0.0050517553,-0.002076947,-0.002296505
GOOGL,Tecnología,0.0675589079217964,0.00081464276,-0.0046633473,-0.002076947,-0.0019548712
GOOGL,Tecnología,-0.0435328470665555,0.0012630555,-0.004752702,-0.0016663382,-0.0017291262
GOOGL,Tecnología,0.0182677485767188,0.0015314026,-0.003096533,-0.0016663382,-0.0009593199
GOOGL,Tecnología,0.0192627375186568,0.0017398167,-0.002968234,-0.002076947,-0.0009067564
GOOGL,Tecnología,0.0317957528657237,0.0016961107,-0.002968234,-0.002076947,-0.0009242388
GOOGL,Tecnología,0.022459144925784,0.0013768142,-0.002968234,-0.002076947,-0.0010519574
GOOGL,Tecnología,0.0164072604380551,0.0006836895,-0.002968234,-0.00011796215,-0.00093741034
GOOGL,Tecnología,-0.0365331659801613,-0.0002885759,-0.002968234,-0.0004225328,-0.0013872306
GOOGL,Tecnología,0.0406916911698287,-0.0010872805,-0.002968234,-0.00011796215,-0.0016457982
GOOGL,Tecnología,-0.0279388145421362,-0.0013329899,-0.002968234,-0.00011796215,-0.0017440821
GOOGL,Tecnología,0.0200692046619534,-0.0014920896,-0.002968234,-0.00011796215,-0.0018077219
GOOGL,Tecnología,0.0177302484402355,-0.0015595146,-0.002968234,0.00018414392,-0.0017742707
GOOGL,Tecnología,0.0200490294113011,-0.0016248422,-0.002968234,-0.00011796215,-0.0018608229
GOOGL,Tecnología,-0.0741628469820342,-0.0015816297,-0.002968234,0.00044847923,-0.0017302498
GOOGL,Tecnología,-0.0228112064904745,-0.0015300168,-0.002968234,-0.0017748408,-0.0021542686
GOOGL,Tecnología,0.021672816068384,-0.0014219265,-0.002968234,-0.0014050505,-0.0020370744
GOOGL,Tecnología,0.0292434630905568,-0.0012314264,-0.002968234,-0.0017748408,-0.0020348325
GOOGL,Tecnología,0.0571139395532904,-0.0010528388,-0.002968234,0.00029264658,-0.0015498999
GOOGL,Tecnología,-0.0406696996608907,-0.00088637834,-0.002968234,-0.0004225328,-0.0016263516
GOOGL,Tecnología,-0.0129733372556621,-0.00077039655,-0.002968234,-0.00011796215,-0.0015190447
GOOGL,Tecnología,-0.035561427748135,-0.00065197144,-0.002968234,-0.00083314144,-0.0016147105
GOOGL,Tecnología,0.0287075773509623,-0.0005704602,-0.002968234,-0.0017748408,-0.0017704458
GOOGL,Tecnología,0.0690255478036638,-0.0005022362,-0.002968234,0.00044847923,-0.0012984923
GOOGL,Tecnología,0.0395029200118532,-0.0004442688,-0.002968234,0.0008590879,-0.0011931836
GOOGL,Tecnología,0.0424557046185902,-0.0003789803,-0.002968234,0.00029264658,-0.0012803564
GOOGL,Tecnología,0.0335053138890906,-0.0002920162,-0.002968234,0.0015559568,-0.0009929088
GOOGL,Tecnología,0.0312151490051576,-0.00018723216,-0.002968234,0.00043016876,-0.0011761528
GOOGL,Tecnología,-0.0018653040378683,-9.722356e-05,-0.002968234,0.00043016876,-0.0011401494
GOOGL,Tecnología,0.0104877672484453,-9.193085e-05,-0.002968234,-0.00026670008,-0.001277406
GOOGL,Tecnología,-0.0288769822461127,-7.262733e-05,-0.002968234,-0.00026670008,-0.0012696846
GOOGL,Tecnología,-0.0482591612876994,-9.5217954e-05,-0.002968234,-0.00026670008,-0.0012787208
GOOGL,Tecnología,-0.0016024801998603,-0.00017011259,-0.002968234,-0.000330916,-0.0013215218
GOOGL,Tecnología,0.0305666767384114,-0.00025876658,-0.002968234,-0.00026670008,-0.0013441403
GOOGL,Tecnología,-0.0305434654069042,-0.00031705014,-0.002968234,-0.000330916,-0.0013802969
GOOGL,Tecnología,0.0392905439472357,-0.00034735305,-0.002968234,-0.000330916,-0.001392418
GOOGL,Tecnología,-0.0138493481556621,-0.0002987357,-0.002968234,-0.00026670008,-0.0013601279
GOOGL,Tecnología,0.0048369476813712,-0.0002982868,-0.002968234,-0.00026670008,-0.0013599484
GOOGL,Tecnología,0.0174576718297186,-0.0003012726,-0.002968234,-0.00026670008,-0.0013611427
GOOGL,Tecnología,-0.0736223776929942,-0.00034564314,-0.002968234,-0.00026670008,-0.001378891
GOOGL,Tecnología,-0.0213508558457964,-0.0004361188,-0.002968234,-0.00026670008,-0.0014150812
GOOGL,Tecnología,0.0028619368676014,-0.000460912,-0.002968234,-0.00016124532,-0.0014039075
GOOGL,Tecnología,0.0232328161646203,-0.0005037701,-0.002968234,-0.00026670008,-0.0014421417
GOOGL,Tecnología,0.0362367570082078,-0.00059275003,-0.002968234,0.0001439086,-0.001395612
GOOGL,Tecnología,0.0053005777386043,-0.00064426893,-0.002968234,-0.00026670008,-0.0014983412
GOOGL,Tecnología,0.0153730393060074,-0.0007370366,-0.002968234,-0.00026670008,-0.0015354484
GOOGL,Tecnología,-0.0380708241639548,-0.00091190636,-0.002968234,-0.00026670008,-0.0016053963
GOOGL,Tecnología,0.0990326149402464,-0.0011293744,-0.002968234,-0.000330916,-0.0017052266
GOOGL,Tecnología,0.0618880973472418,-0.0012668087,-0.002968234,-0.00026670008,-0.0017473571
GOOGL,Tecnología,0.123729596620198,-0.0015254882,-0.002968234,0.0031116838,-0.0011751521
GOOGL,Tecnología,-0.0097302524606147,-0.0016930923,-0.002968234,-0.000330916,-0.0019307138
GOOGL,Tecnología,0.0118952258292575,-0.0018172599,-0.002968234,-0.00026670008,-0.0019675377
GOOGL,Tecnología,0.0496849528462375,-0.0019477629,-0.002968234,-0.00026670008,-0.002019739
GOOGL,Tecnología,-0.0326925816908851,-0.0021726484,-0.002968234,0.00050307985,-0.0019557371
GOOGL,Tecnología,-0.0307779630767971,-0.0023836573,-0.002968234,-0.000330916,-0.00220694
GOOGL,Tecnología,0.0340742106966332,-0.0025325492,-0.002968234,-0.00026670008,-0.0022536535
GOOGL,Tecnología,-0.078096996000355,-0.0026574056,-0.002968234,-0.00026670008,-0.0023035961
GOOGL,Tecnología,7.88266581660237e-05,-0.0027745608,-0.002968234,-0.00026670008,-0.0023504582
GOOGL,Tecnología,-0.0086831123600959,-0.0028070037,-0.002968234,-0.00057185406,-0.002424466
GOOGL,Tecnología,-0.0054025630822192,-0.0027988642,-0.002968234,-0.00026670008,-0.0023601796
GOOGL,Tecnología,-0.066712573349321,-0.0027706805,-0.002968234,-0.0049547167,-0.0032865093
GOOGL,Tecnología,-0.0226421591868667,-0.0027285283,-0.002968234,-0.00026670008,-0.0023320452
GOOGL,Tecnología,-0.0512001668014885,-0.0027187783,-0.004991873,-0.00026670008,-0.0031376006
GOOGL,Tecnología,-0.0164837920070892,-0.0027421545,-0.0059472397,-0.000330916,-0.003541941
GOOGL,Tecnología,0.0495780760621935,-0.0027389256,-0.005898618,-0.00026670008,-0.0035083578
GOOGL,Tecnología,0.0137585998795983,-0.0027771518,-0.00560625,-0.000330916,-0.0034195438
GOOGL,Tecnología,0.0752338986783929,-0.0028665918,-0.0056484435,-0.000330916,-0.0034721976
GOOGL,Tecnología,-0.0098466019401912,-0.0030115196,-0.0049443943,-0.00026670008,-0.0032357057
GOOGL,Tecnología,-0.0282182518242069,-0.0032250476,-0.003735533,-0.000330916,-0.0028504154
GOOGL,Tecnología,0.0482113843539892,-0.0033262325,-0.003649272,-0.00010025096,-0.0028102521
GOOGL,Tecnología,0.0031335469603067,-0.0034499913,-0.0035871612,0.00050307985,-0.002714245
GOOGL,Tecnología,0.0034796949993788,-0.0035562115,-0.0022323178,0.0018700178,-0.0019414083
GOOGL,Tecnología,0.0188718722174854,-0.0035441378,-0.00065625645,-0.00026670008,-0.0017334977
GOOGL,Tecnología,-0.0369064206093725,-0.0034387694,-0.0010979688,-0.0016279867,-0.0021402927
GOOGL,Tecnología,-0.0377567703447049,-0.0033502043,0.0006587105,-0.0049547167,-0.002067541
GOOGL,Tecnología,-0.0044284012437675,-0.0033171782,0.0019565253,0.00050307985,-0.0004436453
GOOGL,Tecnología,0.0099750320622898,-0.0033232346,0.0021016737,-0.00010025096,-0.00050867454
GOOGL,Tecnología,0.0154532581857781,-0.0034270687,0.001942615,-0.00036458627,-0.0006666988
GOOGL,Tecnología,-0.0421823219859089,-0.0035342397,0.0027005645,-0.001892322,-0.00071193447
GOOGL,Tecnología,0.015369667480555,-0.0036024237,0.001913718,-0.0055211578,-0.0017797139
GOOGL,Tecnología,-0.0022855881952803,-0.0036488753,0.0009223046,-0.0055211578,-0.00219486
GOOGL,Tecnología,0.0286681706171528,-0.0036729202,-0.00024321303,-0.0021944281,-0.002005339
GOOGL,Tecnología,-0.0353305685168061,-0.003719965,-0.0023924308,-0.0021944281,-0.0028838438
GOOGL,Tecnología,-0.0374971892268537,-0.003829428,-0.0035737539,-0.0021944281,-0.0034001584
GOOGL,Tecnología,-0.0700053105407815,-0.0039280625,-0.0051124627,-0.0027079715,-0.0041578044
GOOGL,Tecnología,0.0307356841563622,-0.0041179615,-0.0056990664,-0.00083314144,-0.00409344
GOOGL,Tecnología,-0.0143789123562812,-0.004413636,-0.0056477785,-0.00089735736,-0.0042040376
GOOGL,Tecnología,-0.0034027504015809,-0.0047731316,-0.006220636,-0.00083314144,-0.0045641353
GOOGL,Tecnología,0.0108730158890541,-0.005107264,-0.0060707023,-0.00083314144,-0.004637815
GOOGL,Tecnología,-0.0225315253671745,-0.0055542747,-0.006280846,-0.00083314144,-0.0049006767
GOOGL,Tecnología,0.0225789551590008,-0.0059099253,-0.0077746334,-0.00083314144,-0.0056404523
GOOGL,Tecnología,-0.0067137686992814,-0.0062466366,-0.009156443,-0.00089735736,-0.0063407035
GOOGL,Tecnología,-0.0215700114858395,-0.0065209735,-0.009534942,-0.00083314144,-0.0065889945
GOOGL,Tecnología,-0.0382080277687661,-0.00675816,-0.010116882,-0.00083314144,-0.006916645
GOOGL,Tecnología,0.0115761148092294,-0.0070187375,-0.010654773,-0.00089735736,-0.0072488757
GOOGL,Tecnología,-0.03094701299379,-0.007196875,-0.010843841,-0.0004225328,-0.007300793
GOOGL,Tecnología,-0.0036449803256328,-0.007375246,-0.010597656,-0.00083314144,-0.007355789
GOOGL,Tecnología,0.0042477970558406,-0.007453413,-0.010203019,-0.0004225328,-0.0071470793
GOOGL,Tecnología,-0.0342389464829697,-0.007670597,-0.009969405,0.00025619904,-0.007004761
GOOGL,Tecnología,-0.012649694961843,-0.007934611,-0.009488949,0.0006668077,-0.0068360623
GOOGL,Tecnología,-0.0052498141033687,-0.008186987,-0.009156159,0.00025619904,-0.0068860184
GOOGL,Tecnología,-0.019767455137633,-0.008394091,-0.00890958,-0.006156816,-0.008152832
GOOGL,Tecnología,0.018021904609786,-0.008701928,-0.008404122,-0.0070053856,-0.008243497
GOOGL,Tecnología,0.0451404570483601,-0.008999938,-0.007607448,-0.0014487933,-0.006932713
GOOGL,Tecnología,0.0173849578769881,-0.009115026,-0.0070808353,-0.0027079715,-0.0070199394
GOOGL,Tecnología,-0.0296110664114641,-0.009114557,-0.006617368,-0.00083314144,-0.0064593987
GOOGL,Tecnología,0.0241220940879451,-0.008957789,-0.0060811965,-0.00083314144,-0.0061822226
GOOGL,Tecnología,-0.022949585519974,-0.008731925,-0.0056113405,-0.00083314144,-0.005903935
GOOGL,Tecnología,-0.070409226172164,-0.008485209,-0.004804761,-0.0004225328,-0.0054004947
GOOGL,Tecnología,0.0343969538390767,-0.008140147,-0.0040442375,-0.00083314144,-0.0050403825
GOOGL,Tecnología,-0.0069140121255415,-0.007887398,-0.0028634788,-0.0004225328,-0.004384857
GOOGL,Tecnología,-0.0599699046367332,-0.0077812397,-0.001798219,0.00025619904,-0.0037805438
GOOGL,Tecnología,0.0797301647374329,-0.0078113815,-0.00093917083,-0.006156816,-0.0047315843
GOOGL,Tecnología,-0.0036425458336606,-0.007933808,-2.4654903e-05,-0.00083314144,-0.0033500134
GOOGL,Tecnología,0.0481765040467589,-0.00813434,0.00094372686,-0.0139512485,-0.0056664953
GOOGL,Tecnología,-0.0415868811969388,-0.008380815,0.0015033996,-0.006156816,-0.0039823297
GOOGL,Tecnología,-0.0516534188861799,-0.008584232,0.001916728,0.0016637326,-0.0023342553
GOOGL,Tecnología,-0.0016017846042109,-0.0087551465,0.0021255044,-0.0139512485,-0.005442106
MPC,Energía,0.005349859499013,0.0009931251,-0.002968234,0.0057073506,0.00035142654
MPC,Energía,0.0525989196977732,0.0022771368,-0.002968234,0.0047280136,0.00066916377
MPC,Energía,0.0258672118888471,0.003597484,-0.002968234,0.0038616492,0.0010240298
MPC,Energía,-0.0339554502815361,0.004787716,-0.002968234,0.0038616492,0.0015001226
MPC,Energía,0.0139662251284394,0.005947659,-0.002968234,-0.000489726,0.0010938246
MPC,Energía,0.0031909031906774,0.0069738785,-0.002968234,0.0036871398,0.0023396858
MPC,Energía,-0.019637413709845,0.008082855,-0.002968234,1.5561047e-05,0.0020489607
MPC,Energía,-0.0243154398423394,0.008970709,-0.002968234,0.0036961057,0.0031402109
MPC,Energía,0.0138864495579625,0.009793911,-0.002968234,0.0050517684,0.0037406245
MPC,Energía,-0.0067739378233151,0.010588791,-0.002968234,0.0050517684,0.0040585767
MPC,Energía,0.0320050609376292,0.011354981,-0.002968234,0.0047280136,0.0043003014
MPC,Energía,-0.032925089208116,0.011941211,-0.002968234,0.0026988331,0.0041289576
MPC,Energía,-0.0145321180741174,0.012456391,-0.002968234,0.002130833,0.0042214296
MPC,Energía,-0.0251677679201049,0.0126669705,-0.002968234,-0.00083314144,0.0037128662
MPC,Energía,-0.0646297514349878,0.012557019,-0.002968234,-0.0027079715,0.0032939194
MPC,Energía,-0.0214515670430016,0.012263935,-0.002968234,-0.0004225328,0.0036337737
MPC,Energía,-0.0769576287520837,0.011824861,-0.002968234,-0.00026670008,0.0034893109
MPC,Energía,0.0523888306042244,0.0112394225,-0.002968234,0.0028674412,0.0038819637
MPC,Energía,0.0563410169731266,0.010698151,-0.002968234,0.0001433253,0.003120632
MPC,Energía,-0.1040393651129911,0.010127826,-0.002968234,0.00018414392,0.0029006652
MPC,Energía,-0.0075513115447963,0.009420145,-0.0031732628,0.00044847923,0.002588449
MPC,Energía,-0.0595577898584074,0.008860049,-0.004042669,0.00081034994,0.0020890217
MPC,Energía,-0.0323606582313146,0.008247795,-0.003910722,0.00044847923,0.0018245247
MPC,Energía,0.0703263670083865,0.0077950275,-0.003995887,-0.0015105053,0.001217555
MPC,Energía,0.0589045362150074,0.007448557,-0.004040284,-0.0010998966,0.0011433297
MPC,Energía,0.0637660713866959,0.0072643496,-0.004040326,0.0008590879,0.0014614271
MPC,Energía,0.0523587306101961,0.0072156684,-0.0040276814,-0.002076947,0.0008598054
MPC,Energía,0.0008965576309612,0.0069476217,-0.0040372973,-0.002076947,0.0007487403
MPC,Energía,-0.0016461177036973,0.006757397,-0.0040314244,-0.002076947,0.00067499967
MPC,Energía,-0.047890118081072,0.0063575637,-0.003950323,-0.002076947,0.00054750673
MPC,Energía,-0.0971158001761917,0.0057453047,-0.003174888,-0.0016663382,0.00069489924
MPC,Energía,0.0337253092266066,0.0049729813,-0.002968234,-0.00011796215,0.00077830645
MPC,Energía,0.0619060497491933,0.003978906,-0.002968234,-1.2507357e-05,0.00040176738
MPC,Energía,-0.0161386776807593,0.0030185431,-0.002968234,-0.0033869501,-0.0006572665
MPC,Energía,-0.0045273866874145,0.002251191,-0.002968234,-0.0033869501,-0.0009642073
MPC,Energía,0.0702968926271294,0.0016225986,-0.002968234,-0.0004225328,-0.0006227608
MPC,Energía,-0.0261679894882296,0.0009924811,-0.002968234,-0.0021431448,-0.0012189302
MPC,Energía,-0.060730314233993,0.00029168557,-0.002968234,-0.00011796215,-0.0010942118
MPC,Energía,-0.0103433933350878,-0.00025567878,-0.002968234,-0.00011796215,-0.0013131576
MPC,Energía,-0.1027493118428934,-0.00082249753,-0.002968234,-0.0015105053,-0.0018183938
MPC,Energía,0.0617587227821763,-0.0009605922,-0.002968234,-0.0010998966,-0.0017915099
MPC,Energía,-0.0017107908876717,-0.00089846924,-0.002968234,0.0007141067,-0.00140386
MPC,Energía,0.039749501657833,-0.00089862105,-0.002968234,-0.0010998966,-0.0017667215
MPC,Energía,0.0191096369069905,-0.000742767,-0.002968234,-0.001364232,-0.0017572469
MPC,Energía,-0.0687379277088509,-0.00062351115,-0.002968234,-0.0016663382,-0.0017699657
MPC,Energía,0.0188041721754297,-0.00051414827,-0.002968234,-0.0016663382,-0.0017262206
MPC,Energía,0.0881598431165215,-0.00029835757,-0.002968234,-0.002076947,-0.0017220262
MPC,Energía,0.0595903760874634,0.00014334824,-0.002968234,-0.002076947,-0.0015453438
MPC,Energía,0.1431303366631012,0.0007238714,-0.002968234,-0.002076947,-0.0013131346
MPC,Energía,-0.0071813701296728,0.0010406147,-0.002968234,-0.0044476334,-0.0016605745
MPC,Energía,0.0243089487091524,0.0011816532,-0.002968234,-0.0007827105,-0.00087117444
MPC,Energía,-0.0266640203271357,0.0011488926,-0.002968234,-0.0033869501,-0.0014051266
MPC,Energía,0.0171955034335691,0.00079712505,-0.002968234,-0.0033869501,-0.0015458337
MPC,Energía,-0.0685175575153069,7.807929e-05,-0.002968234,-0.0014279657,-0.0014416552
MPC,Energía,-0.0265650047692148,-0.0008593267,-0.002968234,-0.0021431448,-0.0019596533
MPC,Energía,0.0676228413877916,-0.0011816449,-0.002968234,-0.0014279657,-0.0019455447
MPC,Energía,0.0956441093547535,-0.0014873729,-0.002968234,-0.0014279657,-0.002067836
MPC,Energía,0.03884996387328,-0.0017068628,-0.002968234,-0.0024886492,-0.0023677687
MPC,Energía,0.0393268124140117,-0.0018641953,-0.002968234,-0.002186543,-0.0023702804
MPC,Energía,-0.0539460239745584,-0.001948847,-0.002968234,-0.0014279657,-0.0022524255
MPC,Energía,-0.0342076903433781,-0.0019786926,-0.002968234,0.00044847923,-0.001889075
MPC,Energía,0.0279082953871636,-0.0019534472,-0.002968234,-0.003084844,-0.0025856413
MPC,Energía,-0.0291558734340352,-0.0018995488,-0.002968234,-0.0028205088,-0.002511215
MPC,Energía,0.0344715753543089,-0.0017593526,-0.002968234,-0.003084844,-0.0025080035
MPC,Energía,0.0060015023977852,-0.0016361922,-0.002968234,-0.0014279657,-0.0021273636
MPC,Energía,-0.0115051595947686,-0.0015858202,-0.002968234,-0.00089735736,-0.0020010932
MPC,Energía,0.0169920185306013,-0.0015789266,-0.002968234,-0.00011796215,-0.0018424568
MPC,Energía,-0.0118620620995826,-0.001570181,-0.002968234,-0.00089735736,-0.0019948375
MPC,Energía,0.0232350258854017,-0.0015016822,-0.002968234,-0.0017748408,-0.0021429348
MPC,Energía,0.0516623244886137,-0.00140444,-0.002968234,0.00044847923,-0.0016593739
MPC,Energía,0.022594249655431,-0.0012881514,-0.002968234,0.00038426337,-0.0016257017
MPC,Energía,-0.0538557856920946,-0.0011314908,-0.002968234,-0.00011796215,-0.0016634824
MPC,Energía,-0.0285392786879471,-0.0009741094,-0.002968234,0.0011453481,-0.0013478679
MPC,Energía,-0.0300719704596136,-0.000809785,-0.002968234,0.00036595284,-0.0014380171
MPC,Energía,0.0341743159252713,-0.0006509493,-0.002968234,0.00043016876,-0.0013616397
MPC,Energía,0.0077696754069488,-0.0006119199,-0.002968234,-0.00026670008,-0.0014854016
MPC,Energía,0.0351349627107693,-0.00058998447,-0.002968234,-0.000330916,-0.0014894706
MPC,Energía,-0.0239799357236624,-0.00056425855,-0.002968234,-0.000330916,-0.0014791803
MPC,Energía,-0.0344800856746416,-0.0005394723,-0.002968234,-0.000330916,-0.0014692658
MPC,Energía,0.0345495781891104,-0.0004984159,-0.002968234,-0.000330916,-0.0014528432
MPC,Energía,-0.0161021720347583,-0.00037926575,-0.002968234,-0.00026670008,-0.0013923399
MPC,Energía,0.0434265775932543,-0.0002752901,-0.002968234,-0.00026670008,-0.0013507497
MPC,Energía,-0.0023275530384709,-0.00016424619,-0.002968234,-0.00026670008,-0.0013063322
MPC,Energía,0.0289675219346912,-0.00015692227,-0.002968234,-0.00026670008,-0.0013034026
MPC,Energía,0.0183534617456124,-0.00018608104,-0.002968234,-0.00026670008,-0.0013150661
MPC,Energía,-0.0296564651474423,-0.00024585705,-0.002968234,-0.00026670008,-0.0013389764
MPC,Energía,0.0088608275463655,-0.00035930052,-0.002968234,-0.000330916,-0.001397197
MPC,Energía,0.0166243110356089,-0.00038745068,-0.002968234,-0.00026670008,-0.0013956139
MPC,Energía,0.0223659353014301,-0.0004908829,-0.002968234,-0.00026670008,-0.0014369868
MPC,Energía,0.019320038930737,-0.00060302066,-0.002968234,-0.000330916,-0.0014946851
MPC,Energía,-0.0555723604411478,-0.00066917716,-0.002968234,-0.00026670008,-0.0015083045
MPC,Energía,-0.0457986764249416,-0.00075623766,-0.002968234,-0.000330916,-0.0015559719
MPC,Energía,-0.0029814024712874,-0.00090474356,-0.002968234,-0.00026670008,-0.0016025311
MPC,Energía,0.0232600954143715,-0.0011237403,-0.002968234,-0.00026670008,-0.0016901299
MPC,Energía,-0.0262770029477665,-0.0013469998,-0.002968234,-0.000330916,-0.0017922767
MPC,Energía,-0.0491013840127777,-0.0016040085,-0.002968234,-0.000330916,-0.0018950802
MPC,Energía,0.0256802675392268,-0.0018076138,-0.002968234,-0.00026670008,-0.0019636792
MPC,Energía,0.0445888032783886,-0.0020144545,-0.002968234,-0.000330916,-0.0020592588
MPC,Energía,-0.0104404725205114,-0.0021618567,-0.002968234,-0.000330916,-0.0021182196
MPC,Energía,-0.0470318848282295,-0.0022662785,-0.002968234,0.0018700178,-0.0017198015
MPC,Energía,-0.0266410048594432,-0.0023960965,-0.002968234,-0.00026670008,-0.0021990724
MPC,Energía,-0.0541499611440055,-0.0025220234,-0.002968234,-0.00026670008,-0.0022494432
MPC,Energía,-0.0160899658017408,-0.0025845869,-0.002968234,-0.000330916,-0.0022873117
MPC,Energía,0.0064021687756367,-0.002526579,-0.002968234,-0.00026670008,-0.0022512653
MPC,Energía,-0.0282710099339238,-0.0024092644,-0.002968234,-0.000330916,-0.0022171827
MPC,Energía,0.0355617462829355,-0.002243869,-0.002968234,-0.00026670008,-0.0021381814
MPC,Energía,-0.0053487473607691,-0.0020952914,-0.002968234,-0.0049547167,-0.0030163536
MPC,Energía,0.0080130448226754,-0.0020560818,-0.002968234,-0.00026670008,-0.0020630665
MPC,Energía,-0.0048244457823739,-0.0020435895,-0.002968234,-0.000330916,-0.0020709129
MPC,Energía,-0.0053187048544225,-0.002015328,-0.002968234,-0.00026670008,-0.002046765
MPC,Energía,0.0136643614448721,-0.0020065755,-0.00524423,-0.000330916,-0.0029665057
MPC,Energía,0.0176575784863607,-0.0019980213,-0.0058804136,-0.00026670008,-0.003204714
MPC,Energía,0.0324170026166666,-0.0020959429,-0.005997234,-0.00026670008,-0.0032906109
MPC,Energía,-0.0108098662449215,-0.002264984,-0.0059811324,-0.000330916,-0.0033646298
MPC,Energía,-0.0181079378974907,-0.002429726,-0.0059804516,-0.00026670008,-0.0034174114
MPC,Energía,-0.0279177994609624,-0.0025771428,-0.005878927,-0.00010025096,-0.0034024783
MPC,Energía,0.046958917406454,-0.0027652332,-0.0058813626,-0.00010025096,-0.0034786884
MPC,Energía,-0.0100100259908285,-0.0029216283,-0.005653399,-0.00010025096,-0.0034500614
MPC,Energía,0.053002519573612,-0.0030025914,-0.005769167,-0.00026670008,-0.0035620437
MPC,Energía,0.0196473971707993,-0.0029974054,-0.005684466,-0.0016279867,-0.003798346
MPC,Energía,-0.0176929084106167,-0.003002218,-0.0056891004,-0.0049547167,-0.004467471
MPC,Energía,0.0702571062035637,-0.0029509868,-0.005652083,-0.00010025096,-0.0034612783
MPC,Energía,-0.019447434302487,-0.0029983032,-0.0053115124,-0.0012906317,-0.0035820524
MPC,Energía,0.0154880974358983,-0.0030369838,-0.0056686774,0.0016056825,-0.003161128
MPC,Energía,0.0235603630656529,-0.003153569,-0.0057113897,-0.001892322,-0.003924448
MPC,Energía,0.0248839284887599,-0.0032554157,-0.005500134,-0.0021944281,-0.0039411057
MPC,Energía,0.0280618578879295,-0.0033878996,-0.004999657,-0.0055211578,-0.0044592544
MPC,Energía,0.0506690228841162,-0.0034009307,-0.005663215,-0.0021944281,-0.004064544
MPC,Energía,0.0387504033221218,-0.0034109335,-0.005728774,-0.0055211578,-0.0047601145
MPC,Energía,0.0088753729088906,-0.0035125548,-0.005836739,-0.0021944281,-0.0041786036
MPC,Energía,-0.0069322896373362,-0.0036233035,-0.005835942,-0.0027079715,-0.0043252925
MPC,Energía,-0.0015505181321148,-0.0037700112,-0.004446381,-0.00089735736,-0.0034660283
MPC,Energía,0.0045982694886799,-0.0039673382,-0.002968234,-0.00083314144,-0.0029408573
MPC,Energía,-0.0112805804990762,-0.004298177,-0.002968234,-0.00089735736,-0.003086036
MPC,Energía,0.0076415027122073,-0.0046240157,-0.0035398817,-0.00089735736,-0.0034450304
MPC,Energía,0.0310629218621934,-0.004948275,-0.0050844224,-0.00083314144,-0.0041797077
MPC,Energía,0.0211021029361588,-0.005228856,-0.0066993767,-0.00083314144,-0.0049379217
MPC,Energía,0.0456813185681099,-0.0055511645,-0.007915481,-0.00083314144,-0.0055532865
MPC,Energía,-0.0113403585521624,-0.0059036296,-0.009751784,-0.00083314144,-0.006428794
MPC,Energía,0.0209235628195736,-0.006208311,-0.010037845,-0.00089735736,-0.006677934
MPC,Energía,0.0307904278314694,-0.0064993137,-0.010139875,-0.00089735736,-0.0068351473
MPC,Energía,0.0314978958147323,-0.006709056,-0.010372938,-0.00089735736,-0.0070122695
MPC,Energía,0.0217991797173438,-0.006813024,-0.010439451,-0.00083314144,-0.007067619
MPC,Energía,0.0053235024880732,-0.0068671545,-0.010700441,-0.00083314144,-0.007193667
MPC,Energía,0.0162953843985855,-0.0069751656,-0.010385355,0.00019198311,-0.006905812
MPC,Energía,0.0085601804536176,-0.0071696313,-0.010076715,0.00025619904,-0.0068472982
MPC,Energía,0.0399407536600493,-0.0073526,-0.009718818,0.00025619904,-0.006777327
MPC,Energía,-0.0070744047991671,-0.007488627,-0.009491163,-0.0138701685,-0.009565949
MPC,Energía,-0.0532772367799349,-0.0076537007,-0.009127392,-0.0041246456,-0.007537367
MPC,Energía,-0.0307046121407654,-0.007796663,-0.008645612,-0.0019236179,-0.0069616335
MPC,Energía,-0.0186753815181287,-0.007834363,-0.008277397,-0.0027079715,-0.006986298
MPC,Energía,-0.0196631717042828,-0.00785623,-0.00751065,-0.00089735736,-0.0063262237
MPC,Energía,-0.0266843073040911,-0.007809025,-0.007228053,-0.00083314144,-0.00618146
MPC,Energía,0.0011419357152026,-0.007673584,-0.006867665,-0.00089735736,-0.005995971
MPC,Energía,0.0200373787324546,-0.0075093866,-0.006789758,-0.00083314144,-0.0058862865
MPC,Energía,-0.0397223107994253,-0.007393363,-0.0065653333,-0.00089735736,-0.00576295
MPC,Energía,0.0519111089813288,-0.007312672,-0.0065271286,-0.00083314144,-0.0057025487
MPC,Energía,0.0178782741983854,-0.0072332304,-0.005707641,0.00025619904,-0.0051251086
MPC,Energía,-0.0256436732253406,-0.007315028,-0.004836523,-0.0064522536,-0.0061510713
MPC,Energía,0.0796879320094541,-0.007438818,-0.0041438425,-0.00089735736,-0.004812536
MPC,Energía,-0.0316013836302097,-0.0074845813,-0.0036297115,-0.0064522536,-0.005736168
MPC,Energía,-0.0432767407398805,-0.0076304395,-0.002890193,-0.0064522536,-0.0054987036
MPC,Energía,0.0323066664370595,-0.0077840826,-0.002432757,0.001188908,-0.003848954
MPC,Energía,-0.0203455025072926,-0.0078906175,-0.0025393525,-0.0032760762,-0.004827203
MSFT,Tecnología,-0.0406356374184192,-9.177718e-06,-0.002968234,0.0052359276,-0.00014377921
MSFT,Tecnología,-0.019253262001557,0.0014546476,-0.002968234,0.0047280136,0.00034016813
MSFT,Tecnología,0.0165049052949488,0.002923984,-0.002968234,0.0037974336,0.00074178673
MSFT,Tecnología,0.0645909085556029,0.0042594476,-0.002968234,0.0038616492,0.0012888153
MSFT,Tecnología,0.0206954958388619,0.005504761,-0.002968234,-0.0013587171,0.00074286724
MSFT,Tecnología,-0.0185165180651002,0.0067099323,-0.002968234,0.00029093336,0.001554866
MSFT,Tecnología,-0.0312666557668609,0.007876774,-0.002968234,1.5561047e-05,0.0019665284
MSFT,Tecnología,0.0103100189761831,0.008939947,-0.002968234,-0.0010772997,0.0021732252
MSFT,Tecnología,0.0509902917280066,0.009885341,-0.002968234,0.0002783633,0.002822515
MSFT,Tecnología,0.0169250039038265,0.010721287,-0.002968234,0.0038038415,0.0038619891
MSFT,Tecnología,-0.0300338038811086,0.011387674,-0.002968234,0.0034800875,0.0040637935
MSFT,Tecnología,0.0205129743143214,0.011931559,-0.002968234,0.0034719352,0.004279717
MSFT,Tecnología,0.0255623718462466,0.012371026,-0.002968234,0.0033787596,0.0044368687
MSFT,Tecnología,-0.0562569061405642,0.01255792,-0.002968234,-0.00089735736,0.0036564027
MSFT,Tecnología,0.0196590100637922,0.012348097,-0.002968234,-0.0018389805,0.0033841492
MSFT,Tecnología,-0.0122035048999669,0.0119344145,-0.002968234,-0.00089735736,0.0034070006
MSFT,Tecnología,0.0211433383767016,0.011369212,-0.002968234,-0.00026670008,0.003307051
MSFT,Tecnología,-0.0556510391230158,0.010732645,-0.002968234,0.0024568324,0.0035971308
MSFT,Tecnología,-0.0087344204773734,0.010060433,-0.002968234,0.0031720116,0.003471282
MSFT,Tecnología,-0.0213540638301162,0.009455919,-0.002968234,0.00018414392,0.0026319027
MSFT,Tecnología,-0.0200592926324546,0.00872602,-0.002968234,0.00044847923,0.0023928105
MSFT,Tecnología,0.0404134372700928,0.008058141,-0.002968234,-0.0015105053,0.0017338619
MSFT,Tecnología,-0.0140859298703678,0.0074369814,-0.002968234,0.00044847923,0.0018771947
MSFT,Tecnología,0.0284540480139131,0.0069119353,-0.002968234,-0.0015105053,0.0012753794
MSFT,Tecnología,-0.0001460055089738,0.0066974023,-0.002968234,-0.0015747212,0.001176723
MSFT,Tecnología,0.0137454199545798,0.006664982,-0.002968234,0.00038426337,0.0015555518
MSFT,Tecnología,-0.0630121482853826,0.0066875964,-0.002968234,-0.0021411628,0.0010595123
MSFT,Tecnología,-0.0271526141051593,0.0066166334,-0.002968234,-0.002076947,0.0010439703
MSFT,Tecnología,0.0455850243055045,0.0065044565,-0.002968234,-0.002076947,0.0009990995
MSFT,Tecnología,-0.0056225723448408,0.006177552,-0.002968234,-0.002076947,0.0008683378
MSFT,Tecnología,0.0594660769705956,0.005724149,-0.002968234,-0.0021411628,0.0006741333
MSFT,Tecnología,-0.0310083270108321,0.0051153507,-0.002968234,-0.00018217803,0.0008224111
MSFT,Tecnología,-0.0079784232302672,0.004331235,-0.002968234,-0.00018217803,0.0005087647
MSFT,Tecnología,-0.0629093252551059,0.0036492916,-0.002968234,-0.002076947,-0.00014296637
MSFT,Tecnología,0.1068003930401055,0.0030522943,-0.002968234,-0.002076947,-0.0003817654
MSFT,Tecnología,0.0853860901615931,0.0025050528,-0.002968234,-0.00089735736,-0.00036474402
MSFT,Tecnología,-0.0922414421543668,0.0018591341,-0.002968234,0.0025452424,6.540847e-05
MSFT,Tecnología,-0.0711464794087996,0.0012190198,-0.002968234,-0.00011796215,-0.0007232782
MSFT,Tecnología,-0.1610374243399596,0.0006053904,-0.002968234,0.0022028934,-0.00050455885
MSFT,Tecnología,0.0026189849576545,-0.00010450184,-0.002968234,-0.0041455277,-0.0020582
MSFT,Tecnología,0.1111411272321828,-0.0005528559,-0.002968234,-0.0018246722,-0.0017733704
MSFT,Tecnología,-0.0072476046239507,-0.00060916645,-0.002968234,-0.002186543,-0.0018682689
MSFT,Tecnología,0.0066440216170493,-0.0006796601,-0.002968234,-0.0041455277,-0.0022882633
MSFT,Tecnología,-0.1149445361138285,-0.0006296858,-0.002968234,-0.0041455277,-0.0022682736
MSFT,Tecnología,-0.0357703155402119,-0.0006322609,-0.002968234,-0.0044476334,-0.0023297248
MSFT,Tecnología,0.0817117325906377,-0.00067905197,-0.002968234,-0.0021267782,-0.0018842701
MSFT,Tecnología,0.0540857444731416,-0.00066713477,-0.0036518732,-0.0044476334,-0.00261713
MSFT,Tecnología,0.0299106006985521,-0.000552943,-0.002968234,-0.0044476334,-0.0022979975
MSFT,Tecnología,-0.0397803431828588,-0.0003900975,-0.002968234,-0.0044476334,-0.0022328594
MSFT,Tecnología,-0.0421458532523923,-0.0002341303,-0.002968234,-0.0044476334,-0.0021704724
MSFT,Tecnología,0.0644901775625373,-6.636884e-05,-0.002968234,-0.0044476334,-0.0021033678
MSFT,Tecnología,0.0896548753116695,-0.000106967054,-0.002968234,-0.0044476334,-0.0021196073
MSFT,Tecnología,0.1129979970099881,-0.00048294757,-0.002968234,-0.0044476334,-0.0022699994
MSFT,Tecnología,-0.0003639096062747,-0.0009001014,-0.002968234,-0.0024886492,-0.0020450642
MSFT,Tecnología,-0.0472407375359979,-0.0012787217,-0.002968234,-0.0032038286,-0.0023395482
MSFT,Tecnología,0.0918236737193745,-0.001588909,-0.002968234,-0.0024886492,-0.0023205872
MSFT,Tecnología,0.020586271154039,-0.001842353,-0.002968234,-0.0024886492,-0.002421965
MSFT,Tecnología,-0.0216633778877597,-0.0020240312,-0.002968234,-0.0024886492,-0.002494636
MSFT,Tecnología,0.0553031630073212,-0.0021224087,-0.002968234,-0.002186543,-0.0024735657
MSFT,Tecnología,0.0560089033571287,-0.0021339757,-0.002968234,-0.0024886492,-0.002538614
MSFT,Tecnología,-0.1092722252597779,-0.0021511372,-0.002968234,-0.002186543,-0.002485057
MSFT,Tecnología,-0.0863820217442631,-0.0021361834,-0.002968234,-0.0041455277,-0.0028708726
MSFT,Tecnología,0.0019339683235942,-0.0020727683,-0.002968234,-0.0018246722,-0.0023813355
MSFT,Tecnología,0.1762107683179786,-0.0019912529,-0.002968234,-0.0036766327,-0.0027191215
MSFT,Tecnología,0.0054849368162397,-0.0019379146,-0.002968234,-0.0024886492,-0.0024601896
MSFT,Tecnología,0.0195833683057753,-0.0018915962,-0.002968234,0.005770694,-0.0007897933
MSFT,Tecnología,-0.0254881388158638,-0.0017988803,-0.002968234,-0.0024886492,-0.0024045757
MSFT,Tecnología,-0.0953853384373324,-0.0017710179,-0.002968234,-0.0032038286,-0.0025364666
MSFT,Tecnología,0.073146148613672,-0.0017003664,-0.002968234,-0.0041455277,-0.0026965458
MSFT,Tecnología,-0.0256723559803894,-0.0015759794,-0.002968234,-0.004722302,-0.0027621458
MSFT,Tecnología,-0.0031496180054331,-0.001465118,-0.002968234,-0.002186543,-0.0022106494
MSFT,Tecnología,-0.0296545929179098,-0.0013236539,-0.002968234,-0.0024886492,-0.002214485
MSFT,Tecnología,0.0293252912382435,-0.0012543607,-0.002968234,-0.0014896742,-0.0019869728
MSFT,Tecnología,0.1325812318672357,-0.0011964035,-0.002968234,-0.010169821,-0.0036998193
MSFT,Tecnología,-0.138042199104745,-0.0011585723,-0.002968234,-0.0022048536,-0.0020916932
MSFT,Tecnología,0.0661152381594723,-0.001148372,-0.002968234,0.0024744566,-0.0011517511
MSFT,Tecnología,-0.0038942934800924,-0.0011366238,-0.002968234,-0.0049465518,-0.0026312536
MSFT,Tecnología,-0.0577577269292932,-0.001217626,-0.002968234,-0.0029017224,-0.0022546886
MSFT,Tecnología,0.0002284335441447,-0.0012801159,-0.002968234,-0.0029017224,-0.0022796846
MSFT,Tecnología,0.1092981805652181,-0.001388534,-0.002968234,-0.0029017224,-0.002323052
MSFT,Tecnología,-0.0263295782615947,-0.001424137,-0.002968234,-0.0029017224,-0.002337293
MSFT,Tecnología,0.0569189127939507,-0.0014871359,-0.002968234,-0.0029017224,-0.0023624925
MSFT,Tecnología,-0.1099898307235228,-0.0014363024,-0.002968234,-0.0029017224,-0.0023421592
MSFT,Tecnología,-0.0014212614112258,-0.0014763097,-0.002968234,0.001917616,-0.0013942943
MSFT,Tecnología,-0.0280396511255879,-0.0014608526,-0.002968234,-0.0049465518,-0.002760945
MSFT,Tecnología,-0.0339125138381226,-0.001502919,-0.002968234,-0.0029017224,-0.002368806
MSFT,Tecnología,0.0320660515891848,-0.0015110029,-0.002968234,-0.0029017224,-0.0023720395
MSFT,Tecnología,0.0956164869705109,-0.0015407712,-0.002968234,-0.0029017224,-0.0023839467
MSFT,Tecnología,0.0471155204011233,-0.0016141194,-0.002968234,-0.0029017224,-0.002413286
MSFT,Tecnología,0.0851990825428152,-0.0017199456,-0.002968234,-0.0029017224,-0.0024556164
MSFT,Tecnología,-0.0486057255479167,-0.0017710179,-0.002968234,-0.0029017224,-0.0024760454
MSFT,Tecnología,-0.060661131096078,-0.0018173512,-0.002968234,-0.0029017224,-0.0024945787
MSFT,Tecnología,-0.0332271753614968,-0.0018777549,-0.002968234,-0.0029017224,-0.0025187402
MSFT,Tecnología,0.0626441562618901,-0.0019854489,-0.002968234,-0.0029017224,-0.0025618179
MSFT,Tecnología,-0.0564643250237623,-0.0020532925,-0.002968234,-0.0029017224,-0.0025889552
MSFT,Tecnología,0.0981649412818447,-0.0022988198,-0.002968234,-0.0029017224,-0.0026871662
MSFT,Tecnología,0.0914750385720006,-0.00243214,-0.002968234,-0.0029017224,-0.0027404942
MSFT,Tecnología,0.0607698135939432,-0.002612642,-0.002968234,-0.0029017224,-0.002812695
MSFT,Tecnología,0.1130750352992581,-0.0027064192,-0.002968234,-0.0029017224,-0.0028502059
MSFT,Tecnología,0.0382453261160862,-0.0028049499,-0.002968234,-0.0029017224,-0.0028896183
MSFT,Tecnología,-0.0311207306253645,-0.0028677261,-0.002968234,-0.0029017224,-0.0029147288
MSFT,Tecnología,-0.1371165804390312,-0.0028820294,-0.004048624,-0.0029017224,-0.003352606
MSFT,Tecnología,-0.0204901166040363,-0.0028123492,-0.0059168907,-0.0029017224,-0.0040720403
MSFT,Tecnología,0.013478853374261,-0.002789407,-0.005608459,-0.0019418977,-0.0037475259
MSFT,Tecnología,0.0644318079751978,-0.0028014593,-0.004635117,-0.0029017224,-0.0035549751
MSFT,Tecnología,0.1728208026995243,-0.0027955687,-0.0026008561,-0.0029017224,-0.0027389147
MSFT,Tecnología,-0.0215911113480317,-0.0028449763,0.00043298583,-0.0029017224,-0.0015451408
MSFT,Tecnología,0.0519887830585675,-0.0029454315,0.0039440533,0.0029498558,0.0009894199
MSFT,Tecnología,-0.0323884759008496,-0.0029626847,0.0062117344,-0.0029017224,0.0007192755
MSFT,Tecnología,-0.0012019084055465,-0.003053172,0.008363099,-0.0029017224,0.0015436264
MSFT,Tecnología,0.0604478697455497,-0.0031292634,0.012122142,-0.0029017224,0.003016807
MSFT,Tecnología,0.0907367458066533,-0.0032208986,0.014231301,-0.0029017224,0.0038238165
MSFT,Tecnología,0.0379717160535129,-0.0033424557,0.0155995125,-0.0029017224,0.004322478
MSFT,Tecnología,-0.077161906482075,-0.003555791,0.016133979,-0.0029017224,0.004450931
MSFT,Tecnología,0.0825203007583347,-0.0037384266,0.018297773,-0.0029017224,0.005243394
MSFT,Tecnología,0.0881304418027339,-0.003958073,0.020702165,-0.0032068763,0.0060562612
MSFT,Tecnología,-0.0660040444940925,-0.004238116,0.022463065,-0.0029017224,0.0067096353
MSFT,Tecnología,0.0103779894314847,-0.004368349,0.023318212,-0.0029017224,0.006999601
MSFT,Tecnología,0.1740510770755094,-0.0043580686,0.02292556,-0.0029017224,0.0068466524
MSFT,Tecnología,0.0086259087109445,-0.0043417225,0.022429787,-0.0029017224,0.0066548814
MSFT,Tecnología,0.0532811857786298,-0.004326652,0.022503112,-0.0058715935,0.0060962653
MSFT,Tecnología,-0.001154191361576,-0.004210267,0.02503651,-0.0029017224,0.0077501526
MSFT,Tecnología,0.0403827857806412,-0.0041927528,0.02731198,-0.0029017224,0.008667347
MSFT,Tecnología,0.1823215567939546,-0.0042215423,0.02703945,-0.0029017224,0.008546818
MSFT,Tecnología,-0.0652988601462214,-0.004304166,0.02919225,-0.0029017224,0.00937489
MSFT,Tecnología,-0.021247927772383,-0.0042791953,0.027468905,-0.0058715935,0.008101566
MSFT,Tecnología,-0.0405809656892981,-0.0042958176,0.029737327,-0.00027299346,0.010122005
MSFT,Tecnología,-0.0180982752615306,-0.0043435683,0.029437762,-0.00027299346,0.0099830795
MSFT,Tecnología,-0.0820536501176434,-0.0044765016,0.029391684,-0.0032038286,0.009325307
MSFT,Tecnología,-0.0925024312610489,-0.0046636546,0.028059471,-0.00027299346,0.009303728
MSFT,Tecnología,-0.0675745354002798,-0.0047834716,0.027232576,0.002122549,0.009404153
MSFT,Tecnología,-0.1253529778148784,-0.0050898725,0.026624732,0.00019590165,0.008653124
MSFT,Tecnología,-0.1293055685218662,-0.005487757,0.026629258,-0.00027299346,0.008402001
MSFT,Tecnología,-0.1385778487704722,-0.0059212977,0.024031717,0.0015279494,0.0075497576
MSFT,Tecnología,-0.0234553018316097,-0.0064177406,0.023159292,0.0025753344,0.007211687
MSFT,Tecnología,-0.0031790224266678,-0.007025857,0.022483453,0.0064404076,0.00747112
MSFT,Tecnología,0.0335326920185735,-0.007595852,0.021164771,-0.010861855,0.0032551961
MSFT,Tecnología,0.033023592620866,-0.00798711,0.01738631,-0.010861855,0.001587309
MSFT,Tecnología,0.0939378330658114,-0.008420217,0.014882504,-0.010861855,0.00041254377
MSFT,Tecnología,-0.1312582087414062,-0.008710973,0.012894747,-0.0032038286,0.0010327436
MSFT,Tecnología,-0.021699103090606,-0.008944148,0.009705416,0.0016155099,0.0006276091
MSFT,Tecnología,-0.1422411420943005,-0.008873933,0.008872806,-0.010105489,-0.0020215486
MSFT,Tecnología,-0.0582927622535765,-0.00890597,0.006447631,-0.0032038286,-0.0016241011
MSFT,Tecnología,-0.0886181856134399,-0.008802466,0.0041649407,-0.00990203,-0.0038354164
MSFT,Tecnología,-0.1971017778345954,-0.008902285,0.0026127798,0.0016155099,-0.0021927003
MSFT,Tecnología,-0.0322615680071001,-0.008973348,-0.0018837564,-0.0035089825,-0.005044638
MSFT,Tecnología,0.1352812040578261,-0.009309139,-0.004953976,0.00068683125,-0.0055678794
MSFT,Tecnología,-0.1576014298758696,-0.009661379,-0.007915305,-0.009579317,-0.008946537
MSFT,Tecnología,0.0818562257260456,-0.010112487,-0.008466051,-0.019161202,-0.0112636555
MSFT,Tecnología,-0.074818483858292,-0.010265231,-0.009016906,0.007876125,-0.00613763
MSFT,Tecnología,0.1662657339914181,-0.010513259,-0.008798358,0.0019016019,-0.0073443265
MSFT,Tecnología,0.0082694150626528,-0.010589212,-0.009788569,-0.004089946,-0.008969101
MSFT,Tecnología,0.1343739418362608,-0.010482478,-0.009689687,-0.0015545432,-0.008379775
MSFT,Tecnología,0.098723940721715,-0.009878307,-0.008385749,0.0054805833,-0.0062095053
MSFT,Tecnología,-0.1136613911497034,-0.009612095,-0.0093846815,-0.0015545432,-0.007909619
MSFT,Tecnología,0.024887972083999,-0.009025769,-0.008361378,0.0026105163,-0.006432756
MSFT,Tecnología,-0.1298375468123603,-0.008686211,-0.008996402,0.00068683125,-0.006935679
MSFT,Tecnología,-0.1057679088548189,-0.008383909,-0.00816378,-0.00027299346,-0.0066736746
MSFT,Tecnología,0.1823215567939549,-0.00834691,-0.0076123504,-0.011775667,-0.008738837
MSFT,Tecnología,0.0167727378953116,-0.008439373,-0.006679672,0.0015279494,-0.0057420284
MSFT,Tecnología,0.0196136281524038,-0.008602928,-0.0059471456,-0.019161202,-0.00965227
MSFT,Tecnología,0.0971238574480992,-0.008831399,-0.005394143,0.00012107927,-0.005666001
MSFT,Tecnología,-0.1746899595204276,-0.009036224,-0.004678049,0.008550078,-0.0037756937
MSFT,Tecnología,-0.0740925256433257,-0.009408844,-0.004331556,-0.012449384,-0.007986037
NVDA,Tecnología,0.0076068776532463,-0.00044235587,-0.004708239,0.0052359276,-0.0010130525
NVDA,Tecnología,-0.0064800376021002,-7.016584e-05,-0.0038775047,0.00609194,-0.00036068016
NVDA,Tecnología,-0.0286348874399317,0.00025258586,-0.002968234,0.0038616492,-0.00031392951
NVDA,Tecnología,0.0258810804561276,0.00053745136,-0.002968234,0.0038616492,-0.00019998325
NVDA,Tecnología,-0.0084414988665885,0.00077405246,-0.002968234,-0.000489726,-0.0009756179
NVDA,Tecnología,-0.0040199975056575,0.0010051536,-0.002968234,0.00029093336,-0.0007270455
NVDA,Tecnología,-0.0465191990927435,0.001208548,-0.002968234,1.5561047e-05,-0.0007007623
NVDA,Tecnología,-0.0088794421311442,0.001430192,-0.002968234,0.0036961057,0.00012400432
NVDA,Tecnología,-0.0317403329296605,0.001713126,-0.002968234,0.0050517684,0.0005083104
NVDA,Tecnología,-0.0056768011452991,0.002033866,-0.002968234,0.0050517684,0.0006366064
NVDA,Tecnología,-0.0093453938747819,0.0023260266,-0.002968234,-4.5391338e-05,-0.0002659613
NVDA,Tecnología,0.0486453273220296,0.002631925,-0.002968234,0.0034719352,0.00055986346
NVDA,Tecnología,0.0044511859268765,0.002835487,-0.002968234,0.002130833,0.0003730677
NVDA,Tecnología,-0.004958509255572,0.0028731544,-0.002968234,-0.00083314144,-0.00020466025
NVDA,Tecnología,0.0341408628705832,0.0027884562,-0.002968234,-0.0019236179,-0.00045663473
NVDA,Tecnología,-0.012658390395989,0.002735559,-0.002968234,-0.00083314144,-0.00025969837
NVDA,Tecnología,0.0315022888586987,0.002680826,-0.002968234,-0.00026670008,-0.00016830329
NVDA,Tecnología,-0.0940127481924752,0.0026213843,-0.002968234,0.0023926166,0.00033978338
NVDA,Tecnología,0.0029079794443547,0.0025720205,-0.002968234,0.0031077957,0.00046307367
NVDA,Tecnología,-0.0323989245609689,0.0025169887,-0.002968234,0.0025049995,0.00032050168
NVDA,Tecnología,-0.0217121903498115,0.0024258867,-0.002968234,0.00038426337,-0.00014008628
NVDA,Tecnología,0.0525373147203196,0.0022739908,-0.002968234,-0.0015105053,-0.0005797984
NVDA,Tecnología,-0.0282362367810792,0.0020996183,-0.002968234,0.00044847923,-0.0002577505
NVDA,Tecnología,-0.0125858165179334,0.0019560233,-0.002968234,-0.0015105053,-0.0007069854
NVDA,Tecnología,0.0087193310537563,0.0019185869,-0.002968234,-0.0015747212,-0.00073480315
NVDA,Tecnología,-0.0172130335430299,0.0018948037,-0.002968234,0.00044847923,-0.00033967633
NVDA,Tecnología,-0.0255214447133586,0.0018660519,-0.002968234,-0.0021411628,-0.00086910545
NVDA,Tecnología,-0.0306666481159745,0.0017249305,-0.002968234,-0.002076947,-0.0009127109
NVDA,Tecnología,-0.01449739210909,0.0015126299,-0.002968234,-0.0021411628,-0.0010104743
NVDA,Tecnología,-0.0198451161868108,0.0011855457,-0.002968234,-0.0021411628,-0.001141308
NVDA,Tecnología,0.0459216282701899,0.00086094206,-0.002968234,-0.0021411628,-0.0012711494
NVDA,Tecnología,-0.0239545691969982,0.0005568303,-0.002968234,-0.00011796215,-0.000988154
NVDA,Tecnología,-0.0467420907210884,0.00025821524,-0.002968234,-0.00018217803,-0.0011204431
NVDA,Tecnología,-0.053563827373081,-3.5255216e-06,-0.002968234,-0.0021411628,-0.0016169365
NVDA,Tecnología,0.0511101950994431,-0.00020306185,-0.002968234,-0.0021411628,-0.001696751
NVDA,Tecnología,-0.0010364854707756,-0.0003419728,-0.002968234,-0.00083314144,-0.0014907111
NVDA,Tecnología,-0.0455858449222614,-0.0004469226,-0.002968234,-0.00083314144,-0.001532691
NVDA,Tecnología,0.003990333650839,-0.00055105146,-0.002968234,-0.00011796215,-0.0014313066
NVDA,Tecnología,0.0215389581899103,-0.00062898174,-0.002968234,-0.00011796215,-0.0014624788
NVDA,Tecnología,-0.001610893749686,-0.00072381226,-0.002968234,-0.0015747212,-0.0017917629
NVDA,Tecnología,0.0882187020747006,-0.000743852,-0.002968234,-0.0015105053,-0.0017869356
NVDA,Tecnología,-0.0764611771259787,-0.000602833,-0.002968234,-0.0016067486,-0.0017497765
NVDA,Tecnología,-0.0378745765232519,-0.0004936126,-0.002968234,-0.0015105053,-0.0016868399
NVDA,Tecnología,-0.0438777689040253,-0.00032333285,-0.002968234,0.00054601463,-0.0012074239
NVDA,Tecnología,-0.052898147509956,-0.00024830364,-0.002968234,-0.002076947,-0.0017020046
NVDA,Tecnología,-0.0527350792955258,-0.0002625459,-0.002968234,-0.002076947,-0.0017077015
NVDA,Tecnología,0.0703910115456449,-0.00021332037,-0.002968234,-0.0021411628,-0.0017008544
NVDA,Tecnología,0.0518976187254579,-0.00013470277,-0.002968234,-0.002076947,-0.0016565642
NVDA,Tecnología,-0.016124402576068,-7.549953e-05,-0.002968234,-0.002076947,-0.0016328829
NVDA,Tecnología,-0.0080525992760698,-7.709395e-05,-0.002968234,-0.002076947,-0.0016335207
NVDA,Tecnología,-0.0057482234762453,-0.00012108497,-0.002968234,-0.0021411628,-0.0016639603
NVDA,Tecnología,0.0570436071025565,-0.00024242187,-0.002968234,-0.002076947,-0.0016996518
NVDA,Tecnología,0.058252804433758,-0.00041744253,-0.002968234,-0.0021411628,-0.0017825033
NVDA,Tecnología,-0.0081032602392042,-0.00067313947,-0.002968234,-0.00011796215,-0.0014801419
NVDA,Tecnología,-0.022180868470113,-0.00092206197,-0.002968234,-0.00089735736,-0.0017355899
NVDA,Tecnología,-0.011042482409251,-0.0011116033,-0.002968234,-0.00018217803,-0.0016683706
NVDA,Tecnología,-0.0273839119278144,-0.0012176405,-0.002968234,-0.00011796215,-0.0016979423
NVDA,Tecnología,-0.0405822217725244,-0.0012032855,-0.002968234,-0.00011796215,-0.0016922003
NVDA,Tecnología,0.0252526687035389,-0.0011558644,-0.002968234,0.00018414392,-0.0016128107
NVDA,Tecnología,-0.016622718813167,-0.0010984745,-0.002968234,-0.00018217803,-0.0016631191
NVDA,Tecnología,-0.0553271006676773,-0.0010116678,-0.002968234,0.00044847923,-0.001502265
NVDA,Tecnología,-0.0667956477557233,-0.0009134682,-0.002968234,-0.0017748408,-0.0019076491
NVDA,Tecnología,-0.0320072698813414,-0.0007983763,-0.002968234,-0.0015105053,-0.0018087453
NVDA,Tecnología,0.0667757085347016,-0.0006262427,-0.002968234,-0.0017748408,-0.0017927589
NVDA,Tecnología,0.0224404659860257,-0.0004903674,-0.002968234,-0.00018217803,-0.0014198762
NVDA,Tecnología,-0.0622346213545555,-0.00041676965,-0.002968234,-0.00083314144,-0.0015206299
NVDA,Tecnología,0.0248931294081409,-0.00040455488,-0.002968234,-0.00011796215,-0.001372708
NVDA,Tecnología,-0.0536285747543724,-0.00036438275,-0.002968234,-0.00089735736,-0.0015125183
NVDA,Tecnología,0.0477059532870034,-0.00033162627,-0.002968234,-0.0017748408,-0.0016749123
NVDA,Tecnología,0.005581454108465,-0.00023837015,-0.002968234,0.00044847923,-0.001192946
NVDA,Tecnología,-0.0094663753637215,-0.00015728502,-0.002968234,0.00038426337,-0.001173355
NVDA,Tecnología,-0.0353005775865614,-8.7746885e-05,-0.002968234,-0.00018217803,-0.001258828
NVDA,Tecnología,0.0765815177350743,1.3412908e-05,-0.002968234,0.0011453481,-0.00095285894
NVDA,Tecnología,0.0696392222208228,0.0001245006,-0.002968234,0.00043016876,-0.0010514597
NVDA,Tecnología,-0.0929528067469792,0.00022078864,-0.002968234,0.00036595284,-0.0010257877
NVDA,Tecnología,0.0614566906330025,0.00024210848,-0.002968234,-0.00026670008,-0.0011437903
NVDA,Tecnología,-0.0116533669884548,0.00028064754,-0.002968234,-0.0028024586,-0.0016355263
NVDA,Tecnología,-0.046893935513258,0.0002309382,-0.002968234,-0.00026670008,-0.0011482583
NVDA,Tecnología,-0.067898403493191,0.00013741804,-0.002968234,-0.00026670008,-0.0011856664
NVDA,Tecnología,0.0398805194296272,-1.1885539e-05,-0.002968234,-0.00026670008,-0.0012453878
NVDA,Tecnología,-0.0356700171295757,-0.00012655184,-0.002968234,-0.00026670008,-0.0012912544
NVDA,Tecnología,0.0689123922458287,-0.00025229575,-0.002968234,-0.000330916,-0.0013543952
NVDA,Tecnología,-0.0233838358262814,-0.00029208278,-0.002968234,-0.00026670008,-0.0013574668
NVDA,Tecnología,0.0129288462776777,-0.00037499098,-0.002968234,-0.000330916,-0.0014034732
NVDA,Tecnología,0.0253097900543326,-0.00040119933,-0.002968234,-0.00026670008,-0.0014011133
NVDA,Tecnología,-0.0896115113728801,-0.00043766154,-0.002968234,-0.000330916,-0.0014285415
NVDA,Tecnología,0.0327063932959138,-0.00049260445,-0.002968234,-0.00026670008,-0.0014376754
NVDA,Tecnología,0.0413651854195398,-0.0005057561,-0.002968234,-0.0006360699,-0.0015168102
NVDA,Tecnología,0.061223965855676,-0.00057057664,-0.002968234,-0.00026670008,-0.0014688643
NVDA,Tecnología,0.0808475202754148,-0.0006229882,-0.002968234,-0.00026670008,-0.0014898289
NVDA,Tecnología,-0.0112535773687869,-0.0006773835,-0.002968234,-0.000330916,-0.0015244302
NVDA,Tecnología,0.0078560855557969,-0.000757494,-0.002968234,-0.00026670008,-0.0015436313
NVDA,Tecnología,-0.1393762682849813,-0.0009185658,-0.003356916,-0.000330916,-0.0017763758
NVDA,Tecnología,0.1571525321896452,-0.0010773265,-0.004661385,-0.0015767034,-0.0026108252
NVDA,Tecnología,0.1135970680502615,-0.0012483625,-0.005992382,-0.0053605186,-0.0039684013
NVDA,Tecnología,0.1036937232613383,-0.0015897737,-0.005595085,0.0029498558,-0.0022839725
NVDA,Tecnología,0.0010810416084759,-0.0018274384,-0.0057027545,-0.0029017224,-0.0035924218
NVDA,Tecnología,0.0295621799065252,-0.0019991272,-0.0047183717,-0.0029017224,-0.0032673443
NVDA,Tecnología,0.0221845541623036,-0.0021410035,-0.0023311041,-0.0029017224,-0.0023691875
NVDA,Tecnología,-0.0193343015541873,-0.0023386958,0.00031343196,-0.0029017224,-0.00139045
NVDA,Tecnología,0.0790875273046926,-0.0024595195,0.0036748527,-0.0029017224,-9.421125e-05
NVDA,Tecnología,-0.0112719759191446,-0.0025772718,0.008296478,-0.0029017224,0.0017073376
NVDA,Tecnología,-0.0210534492033456,-0.0026732571,0.013083409,-0.0029017224,0.003583716
NVDA,Tecnología,-0.0645504420382591,-0.0027320944,0.016785834,-0.0029017224,0.005041152
NVDA,Tecnología,0.0133480529182832,-0.0027272492,0.019030433,-0.0029017224,0.0059409295
NVDA,Tecnología,0.0156789543736488,-0.0027046711,0.022498138,-0.0029017224,0.007337043
NVDA,Tecnología,0.0078390793316348,-0.0027119117,0.025298782,-0.0029017224,0.008454404
NVDA,Tecnología,0.0203033339561888,-0.0027126414,0.027377289,-0.0029017224,0.009285514
NVDA,Tecnología,-0.0109784219487569,-0.002737958,0.028992143,-0.0029017224,0.00992133
NVDA,Tecnología,-0.027186178241566,-0.0027601528,0.030307095,-0.0029017224,0.010438433
NVDA,Tecnología,0.0429531005895457,-0.0027807397,0.032982387,-0.0029017224,0.011500314
NVDA,Tecnología,0.0604240473494939,-0.002805179,0.035709985,-0.0029017224,0.012581578
NVDA,Tecnología,-0.0113103733436888,-0.002926638,0.037561998,-0.0029017224,0.0132738
NVDA,Tecnología,-0.0013301523682689,-0.003102012,0.039804988,-0.00026670008,0.014627851
NVDA,Tecnología,0.0694444070084935,-0.0032562376,0.041720036,-0.00026670008,0.015332181
NVDA,Tecnología,0.0028029793097422,-0.0033810805,0.04355946,-0.00010025096,0.016051304
NVDA,Tecnología,0.0122828382038086,-0.0035272408,0.044968903,0.0018700178,0.01695067
NVDA,Tecnología,-0.0447573913125797,-0.0035495325,0.045120746,0.00050307985,0.016729103
NVDA,Tecnología,0.0727183731858147,-0.0035206168,0.047166456,-0.00026670008,0.017404994
NVDA,Tecnología,0.0223668632664726,-0.0034474656,0.04870225,-0.0016279867,0.017776316
NVDA,Tecnología,0.0276625371535882,-0.003385522,0.04915047,-0.0016279867,0.017980382
NVDA,Tecnología,-0.0386316966607031,-0.0032847943,0.04906624,-0.00010025096,0.01829253
NVDA,Tecnología,0.0162818670133913,-0.003243084,0.04939552,0.0018700178,0.018834978
NVDA,Tecnología,0.0568674120293549,-0.003240123,0.050830226,-0.00036458627,0.018963125
NVDA,Tecnología,0.0205059782857263,-0.0033143037,0.049747083,-0.001892322,0.018194648
NVDA,Tecnología,-0.0163674751368951,-0.0033289297,0.048062403,-0.0021944281,0.017454505
NVDA,Tecnología,-0.0330811722575309,-0.003306711,0.04732835,-0.0021944281,0.01716977
NVDA,Tecnología,0.0305424992974489,-0.003195135,0.047021177,-0.0055211578,0.016426185
NVDA,Tecnología,0.0856361836781133,-0.0031649312,0.04568742,-0.0021944281,0.01657011
NVDA,Tecnología,0.0118570233321738,-0.0032220148,0.043647,-0.0021944281,0.01573111
NVDA,Tecnología,-0.0443281313258855,-0.0032760138,0.04342047,-0.0027079715,0.015516188
NVDA,Tecnología,0.0491980138771416,-0.003320912,0.041153453,-0.00089735736,0.014953545
NVDA,Tecnología,-0.048865235679807,-0.0034424867,0.03911684,-0.00089735736,0.014090271
NVDA,Tecnología,-0.0251833111716247,-0.0036328165,0.03636794,-0.00083314144,0.012927421
NVDA,Tecnología,0.0623934200914376,-0.003791527,0.037221566,-0.00083314144,0.013205388
NVDA,Tecnología,0.032108591510589,-0.0039994465,0.036210608,-0.00089735736,0.012704994
NVDA,Tecnología,0.0196445101940208,-0.0041955393,0.034199953,-0.00089735736,0.011822294
NVDA,Tecnología,-0.0038812619053798,-0.0043623922,0.03222484,-0.00083314144,0.010978351
NVDA,Tecnología,-0.0583012978397449,-0.004491592,0.03035317,-0.00083314144,0.0101780025
NVDA,Tecnología,-0.050847230788587,-0.00461914,0.029471207,-0.00083314144,0.009774198
NVDA,Tecnología,-0.0360287788703838,-0.0047649425,0.02843938,-0.00083314144,0.009303147
NVDA,Tecnología,-0.0056645455714761,-0.0048563005,0.02703965,-0.00083314144,0.008706712
NVDA,Tecnología,0.0084709682984177,-0.0049750973,0.026464652,-0.00083314144,0.008429194
NVDA,Tecnología,-0.0702564659456702,-0.0051023653,0.025593333,-0.00083314144,0.008029759
NVDA,Tecnología,-0.0791817756900888,-0.005318529,0.024546966,0.0026294691,0.008217269
NVDA,Tecnología,-0.0271696924806794,-0.005559678,0.023424309,-0.004583705,0.006229111
NVDA,Tecnología,0.0030873086391434,-0.005824453,0.021779187,-0.0083364425,0.004714605
NVDA,Tecnología,0.0206937484039614,-0.0060281847,0.020944484,-0.0032760762,0.005311304
NVDA,Tecnología,-0.0017921116391221,-0.006230494,0.018850021,-0.0033402923,0.0043797526
NVDA,Tecnología,-0.0366658750708693,-0.006379869,0.016402226,-0.0027079715,0.0034673489
NVDA,Tecnología,0.0224005430306437,-0.006373341,0.016270489,-0.0019236179,0.003574135
NVDA,Tecnología,-0.0741571042054763,-0.0063255196,0.014375129,-0.00083314144,0.0030532156
NVDA,Tecnología,0.0249317989910831,-0.006141221,0.013586295,-0.00083314144,0.0028114014
NVDA,Tecnología,0.041034385134291,-0.005897455,0.012008726,-0.0058453856,0.0012754311
NVDA,Tecnología,-0.0568853451282512,-0.0056330953,0.0109527195,-0.00083314144,0.0019612217
NVDA,Tecnología,0.067737967608484,-0.005350965,0.010874531,-0.00089735736,0.002029955
NVDA,Tecnología,-0.0141403530007682,-0.0051496187,0.010430838,-0.00083314144,0.0019458595
NVDA,Tecnología,-0.0257706040357308,-0.0050137895,0.010650408,0.0025652533,0.0027676981
NVDA,Tecnología,0.0866776490782542,-0.004996607,0.009511865,-0.0065164696,0.00050280895
NVDA,Tecnología,-0.0117402663782562,-0.0050104307,0.008347898,-0.00083314144,0.0011683584
NVDA,Tecnología,-0.0387304481145435,-0.0050067715,0.00672106,-0.0162153,-0.0025573447
NVDA,Tecnología,-0.0505205259618788,-0.005095807,0.0064560277,-0.009827626,-0.0014214371
NVDA,Tecnología,-0.0328291524942396,-0.005208978,0.005818325,0.003626394,0.0009690178
NVDA,Tecnología,-0.0548789039886993,-0.005396208,0.005453228,-0.0032760762,-0.00063240714
TSLA,Tecnología,0.0159930962659563,0.0017401483,-0.002968234,0.0052359276,0.00055595115
TSLA,Tecnología,-0.0465760308221914,0.00296795,-0.002968234,0.00609194,0.0012182745
TSLA,Tecnología,0.0153745570959344,0.0043224785,-0.002968234,0.0038616492,0.0013140276
TSLA,Tecnología,0.0593543026365628,0.0055631455,-0.002968234,0.0037974336,0.0017974512
TSLA,Tecnología,0.0204323898487669,0.006838965,-0.002968234,-0.00057436345,0.0014334198
TSLA,Tecnología,0.0090628898899271,0.008156592,-0.002968234,0.00029093336,0.00213353
TSLA,Tecnología,-0.0228860958435733,0.009492446,-0.002968234,0.00079991465,0.0027696674
TSLA,Tecnología,0.0208790896863982,0.010674421,-0.002968234,0.0036961057,0.003821696
TSLA,Tecnología,0.0062295082393495,0.011831636,-0.002968234,0.0050517684,0.0045557143
TSLA,Tecnología,0.0204629387195131,0.012819946,-0.002968234,0.0050517684,0.0049510384
TSLA,Tecnología,-0.0331634997841278,0.013574488,-0.002968234,0.00609194,0.00546089
TSLA,Tecnología,0.0345817570259156,0.014190165,-0.002968234,0.0022240083,0.004933574
TSLA,Tecnología,-0.0001961069669649,0.01462768,-0.002968234,0.0033787596,0.0053395303
TSLA,Tecnología,-0.0647618304695311,0.014767736,-0.002968234,-0.00083314144,0.0045531723
TSLA,Tecnología,0.0518844976459581,0.014443174,-0.002968234,-0.0027079715,0.0040483815
TSLA,Tecnología,-0.0226128356843324,0.013985766,-0.002968234,-0.00089735736,0.0042275414
TSLA,Tecnología,0.0342981040741033,0.013285942,-0.002968234,-0.00026670008,0.0040737432
TSLA,Tecnología,-0.074868720846695,0.012501698,-0.002968234,0.0024568324,0.0043047518
TSLA,Tecnología,0.0323638325306651,0.011663642,-0.002968234,0.0031720116,0.0041125654
TSLA,Tecnología,0.0456235853296287,0.010842932,-0.002968234,-0.00018522589,0.003112834
TSLA,Tecnología,-0.0337883982901082,0.009963453,-0.002968234,0.00044847923,0.0028877833
TSLA,Tecnología,0.0523961233727786,0.009085774,-0.0029779272,-0.0015105053,0.002141038
TSLA,Tecnología,-0.0723637011931314,0.008343469,-0.0031730523,0.00044847923,0.0021578625
TSLA,Tecnología,0.0034530245351684,0.0077181207,-0.0034711286,-0.0015105053,0.0013966959
TSLA,Tecnología,0.0376249175630682,0.0073279636,-0.0033820616,-0.0018156593,0.001215229
TSLA,Tecnología,0.0486431241291476,0.007097341,-0.003700127,0.00044847923,0.0014485815
TSLA,Tecnología,0.0144074396779531,0.0068129525,-0.003502463,-0.002076947,0.00090880634
TSLA,Tecnología,-0.0183639306581029,0.0065079117,-0.0032906123,-0.002076947,0.00087153027
TSLA,Tecnología,0.0384068492107574,0.0061407443,-0.0031125518,-0.002076947,0.00079588767
TSLA,Tecnología,0.0352353045091073,0.005692538,-0.0031090314,-0.002076947,0.0006180132
TSLA,Tecnología,0.0372840472943274,0.005118668,-0.002968234,-0.002076947,0.0004447842
TSLA,Tecnología,-0.0461865332775165,0.0043838033,-0.002968234,-0.00011796215,0.0005426353
TSLA,Tecnología,-0.0221011750146903,0.003517258,-0.002968234,-0.00011796215,0.00019601716
TSLA,Tecnología,-0.048063875259149,0.0027000401,-0.002968234,-0.0021411628,-0.00053551025
TSLA,Tecnología,0.0905140196799549,0.002008072,-0.002968234,-0.002076947,-0.00079945417
TSLA,Tecnología,0.0261789861874878,0.0013908129,-0.002968234,-0.00083314144,-0.00079759676
TSLA,Tecnología,-0.0347539263938648,0.000708946,-0.002968234,-0.00083314144,-0.0010703435
TSLA,Tecnología,-0.0327496439556784,3.118161e-05,-0.002968234,-0.00018217803,-0.0012112566
TSLA,Tecnología,-0.0765168251727945,-0.0005174107,-0.002968234,-0.00011796215,-0.0014178504
TSLA,Tecnología,0.0254782992740275,-0.00085878745,-0.002968234,-0.0015747212,-0.0018457528
TSLA,Tecnología,0.0333031251304993,-0.00091627333,-0.002968234,-0.0018798752,-0.001929778
TSLA,Tecnología,0.019726926559289,-0.0007942645,-0.002968234,0.00038426337,-0.0014281468
TSLA,Tecnología,-0.0430791050979208,-0.00064275507,-0.002968234,-0.0015105053,-0.0017464969
TSLA,Tecnología,-0.0744582233208651,-0.00046733115,-0.002968234,-0.0017748408,-0.0017291943
TSLA,Tecnología,-0.076089933197105,-0.00034883758,-0.002968234,-0.0021411628,-0.0017550613
TSLA,Tecnología,0.0653907559975442,-0.0002737767,-0.002968234,-0.0023821008,-0.0017732246
TSLA,Tecnología,0.0955908678566079,-0.0001528943,-0.0031919517,-0.0024463166,-0.0018272018
TSLA,Tecnología,0.1185107409825438,7.203501e-05,-0.002968234,-0.0021411628,-0.0015867123
TSLA,Tecnología,-0.0562588756086151,0.0005964199,-0.002968234,-0.0033869501,-0.0016261158
TSLA,Tecnología,-0.0847016337570454,0.0008564596,-0.002968234,-0.0044476334,-0.0017342365
TSLA,Tecnología,0.0795505791965395,0.0010076193,-0.002968234,-0.0044476334,-0.0016737726
TSLA,Tecnología,0.0559342429100586,0.0009069713,-0.002968234,-0.0047527873,-0.0017750626
TSLA,Tecnología,0.0687001095296856,0.0004620026,-0.002968234,-0.0044476334,-0.0018920193
TSLA,Tecnología,-0.0013620256828607,-0.00026444625,-0.002968234,-0.0024886492,-0.001790802
TSLA,Tecnología,-0.0195674134952955,-0.0008578487,-0.002968234,-0.0032038286,-0.0021711988
TSLA,Tecnología,0.0261847124489963,-0.0011926899,-0.002968234,-0.0024886492,-0.0021620994
TSLA,Tecnología,-0.0791080960384489,-0.0014874507,-0.002968234,-0.0024886492,-0.0022800039
TSLA,Tecnología,-0.041644419619102,-0.0016432819,-0.002968234,-0.0024886492,-0.0023423363
TSLA,Tecnología,-0.0254649586216105,-0.0017086221,-0.002968234,-0.002491697,-0.002369082
TSLA,Tecnología,-0.0698429530951984,-0.0017748345,-0.002968234,-0.0024886492,-0.0023949575
TSLA,Tecnología,-0.0283066545404065,-0.0017651431,-0.002968234,-0.002186543,-0.0023306594
TSLA,Tecnología,-0.0839436534787464,-0.0017456124,-0.002968234,-0.0041455277,-0.0027146442
TSLA,Tecnología,-0.0360485231373346,-0.0016767951,-0.002968234,-0.0041455277,-0.0026871173
TSLA,Tecnología,0.0993284293777817,-0.001540327,-0.002968234,-0.0044506816,-0.002693561
TSLA,Tecnología,0.1292749398685209,-0.0014074468,-0.002968234,-0.0024886492,-0.0022480022
TSLA,Tecnología,-0.0149325217403762,-0.0013594087,-0.002968234,-0.0032038286,-0.002371823
TSLA,Tecnología,0.0684646137444458,-0.001373746,-0.002968234,0.003189636,-0.0010988648
TSLA,Tecnología,-0.0864390779688983,-0.0013016602,-0.002968234,-0.0032038286,-0.0023487236
TSLA,Tecnología,0.0116209985996315,-0.0013147499,-0.002968234,-0.0041455277,-0.0025422992
TSLA,Tecnología,-0.0461301981164653,-0.0012818999,-0.002968234,-0.004722302,-0.0026445142
TSLA,Tecnología,0.06041892868664,-0.0012545846,-0.002968234,-0.002186543,-0.0021264362
TSLA,Tecnología,-0.0398095421844026,-0.001179934,-0.002968234,-0.0024886492,-0.002156997
TSLA,Tecnología,0.07632553621089,-0.0011500884,-0.002968234,-0.0014896742,-0.0019452639
TSLA,Tecnología,0.060726302122586,-0.0010629948,-0.002968234,-0.010169821,-0.003646456
TSLA,Tecnología,-0.0560806525898687,-0.0010151132,-0.002968234,-0.0022048536,-0.0020343098
TSLA,Tecnología,-0.0436788357103545,-0.0009960919,-0.002968234,-0.0029017224,-0.002166075
TSLA,Tecnología,0.0685611919325019,-0.0009985063,-0.002968234,-0.0029017224,-0.0021670407
TSLA,Tecnología,-0.0143653162317008,-0.0010504443,-0.002968234,-0.0029017224,-0.002187816
TSLA,Tecnología,-0.0074824979830958,-0.0011167936,-0.002968234,-0.0029017224,-0.0022143556
TSLA,Tecnología,0.1017863361929772,-0.0011371253,-0.002968234,-0.0029017224,-0.0022224884
TSLA,Tecnología,0.0401688864788315,-0.0011026678,-0.002968234,-0.0029017224,-0.0022087053
TSLA,Tecnología,0.1308963616025395,-0.0011133035,-0.002968234,-0.0029017224,-0.0022129596
TSLA,Tecnología,-0.089539078664737,-0.0010140412,-0.002968234,-0.0029017224,-0.0021732547
TSLA,Tecnología,0.0894770432048483,-0.00094279647,-0.002968234,0.0032040267,-0.0009236069
TSLA,Tecnología,0.0357567837997883,-0.0008925125,-0.002968234,-0.005437481,-0.0026317951
TSLA,Tecnología,-0.1978717393535337,-0.0009415783,-0.002968234,-0.0029017224,-0.0021442696
TSLA,Tecnología,0.0521852907973604,-0.001032359,-0.002968234,-0.0029017224,-0.002180582
TSLA,Tecnología,-0.0063743083072707,-0.0010960009,-0.002968234,-0.0027159469,-0.0021688836
TSLA,Tecnología,0.1500861410586466,-0.001266045,-0.002968234,-0.0029017224,-0.0022740562
TSLA,Tecnología,0.0578154843460953,-0.0014356123,-0.002968234,-0.0029017224,-0.0023418833
TSLA,Tecnología,-0.0199955926064137,-0.0016016513,-0.002968234,0.0029498558,-0.0012379831
TSLA,Tecnología,0.0302236053873999,-0.0017003925,-0.002968234,-0.0029017224,-0.0024477951
TSLA,Tecnología,-0.1121321900665398,-0.001961987,-0.002968234,-0.0029017224,-0.0025524332
TSLA,Tecnología,0.1035597602898081,-0.0021777404,-0.002968234,-0.0029017224,-0.0026387344
TSLA,Tecnología,-0.0444921269765303,-0.0023957905,-0.002968234,-0.0027159469,-0.0026887993
TSLA,Tecnología,0.098058186228447,-0.0026844013,-0.002968234,-0.0029017224,-0.0028413988
TSLA,Tecnología,0.0822497071170267,-0.0029455163,-0.002968234,-0.0029017224,-0.0029458448
TSLA,Tecnología,-0.0048147468681433,-0.003166418,-0.002968234,-0.0029017224,-0.0030342054
TSLA,Tecnología,0.0315038474107625,-0.0033173375,-0.002968234,-0.0029017224,-0.0030945733
TSLA,Tecnología,-0.0893758513340254,-0.0034458507,-0.002968234,-0.0029017224,-0.0031459786
TSLA,Tecnología,-0.0269642378459793,-0.0035160696,-0.002968234,-0.0029017224,-0.003174066
TSLA,Tecnología,-0.042291290372186,-0.0036318852,-0.0059236055,-0.0058514476,-0.004992486
TSLA,Tecnología,-0.1002489725411376,-0.003702425,-0.005610925,-0.0029017224,-0.0043056845
TSLA,Tecnología,0.0609266357040904,-0.0036887652,-0.004456794,-0.0029017224,-0.0038385682
TSLA,Tecnología,0.0413293512202978,-0.0036722356,-0.002318075,-0.0024328271,-0.00288269
TSLA,Tecnología,0.1471241016978839,-0.003667031,0.0023760935,-0.0029017224,-0.0010967195
TSLA,Tecnología,-0.169279991842063,-0.0036401413,0.005646835,-0.0029017224,0.00022233295
TSLA,Tecnología,0.1209972371166895,-0.003636972,0.009571976,-0.0058715935,0.001199683
TSLA,Tecnología,0.0862411620409372,-0.003561237,0.013690398,-0.0027159469,0.0035084754
TSLA,Tecnología,-0.0898028959801505,-0.0036356524,0.01598825,-0.0029017224,0.0043606944
TSLA,Tecnología,0.070547633462432,-0.0035388516,0.018367257,-0.0029017224,0.005351018
TSLA,Tecnología,0.026061832956394,-0.0034489324,0.019968264,-0.0032068763,0.0059663574
TSLA,Tecnología,-0.0377061778535489,-0.003460548,0.021422796,-0.0029017224,0.006604555
TSLA,Tecnología,-0.0079457384338696,-0.0036040489,0.023232158,-0.0029017224,0.0072708996
TSLA,Tecnología,0.1017862604029277,-0.0036793766,0.023414828,-0.0029017224,0.0073138364
TSLA,Tecnología,0.0452859343314131,-0.0037589828,0.02401406,-0.0029017224,0.007521686
TSLA,Tecnología,0.0007339052975569,-0.003934784,0.023316264,-0.0029017224,0.0071722474
TSLA,Tecnología,-0.1479070632430961,-0.003943927,0.023766253,-0.0029017224,0.007348586
TSLA,Tecnología,0.0444143976522603,-0.0040017,0.026516799,-0.0029017224,0.008425696
TSLA,Tecnología,-0.126431189946823,-0.0040173456,0.026359625,-0.0019418977,0.008548533
TSLA,Tecnología,-0.0326917614485708,-0.004131932,0.027686276,-0.0029017224,0.0088413935
TSLA,Tecnología,-0.0223582909416869,-0.0041311095,0.02837031,-0.0027159469,0.009152491
TSLA,Tecnología,-0.0289434019684622,-0.0042499653,0.027514324,-0.0029017224,0.008725399
TSLA,Tecnología,0.176675633548225,-0.004438806,0.028608881,-0.0029017224,0.0090876855
TSLA,Tecnología,0.0132004504226468,-0.0046786307,0.027239468,-0.0029017224,0.008443991
TSLA,Tecnología,0.0162187347073968,-0.0048741694,0.028688747,-0.0058715935,0.008351512
TSLA,Tecnología,-0.1827860378810028,-0.0050389087,0.028845884,-0.00027299346,0.009468191
TSLA,Tecnología,0.0254124417741411,-0.0051141614,0.029139932,-0.00027299346,0.00955571
TSLA,Tecnología,-0.0169060186455194,-0.005142574,0.02642043,-0.0022440038,0.008062341
TSLA,Tecnología,-0.1070529672769343,-0.0053769373,0.027301375,-0.00027299346,0.008715176
TSLA,Tecnología,-0.0737608547269233,-0.0053980104,0.026539017,-0.0009819081,0.008260021
TSLA,Tecnología,0.0061197417779425,-0.005530161,0.024182659,0.0015279494,0.007766589
TSLA,Tecnología,-0.1099251931967902,-0.005756168,0.021053728,0.0037362005,0.0068662637
TSLA,Tecnología,-0.0717428279637158,-0.006240488,0.020954896,-0.00027299346,0.0058311643
TSLA,Tecnología,0.0095964044638016,-0.0065802876,0.017920606,0.0025753344,0.005051194
TSLA,Tecnología,-0.0044190741045775,-0.007055384,0.01517694,0.0067905965,0.0046067415
TSLA,Tecnología,-0.0197355897536112,-0.007512362,0.012644465,-0.010861855,-0.0001195299
TSLA,Tecnología,-0.0659648578834682,-0.00787941,0.010471354,-0.010861855,-0.0011355933
TSLA,Tecnología,0.1115901737019082,-0.00819754,0.007711637,-0.010861855,-0.0023667326
TSLA,Tecnología,-0.0428155862161,-0.008576671,0.0065547777,-0.0032038286,-0.0014495228
TSLA,Tecnología,-0.0069274069826879,-0.0089722155,0.0052549345,0.0016155099,-0.0011638104
TSLA,Tecnología,-0.0161945704526644,-0.009027956,0.0039820476,-0.008060659,-0.0036304956
TSLA,Tecnología,-0.112259225643025,-0.009118927,0.002674955,-0.0032038286,-0.0032183547
TSLA,Tecnología,-0.0921584960488472,-0.009148376,0.00032627024,-0.010861855,-0.0057012136
TSLA,Tecnología,0.0124893167955387,-0.009332608,-0.00056709815,0.0025753344,-0.0034448155
TSLA,Tecnología,-0.0117733933528873,-0.009445442,-0.0017350623,-0.0027349333,-0.0050191884
TSLA,Tecnología,-0.015978831759011,-0.00974331,-0.0021705432,-0.00027299346,-0.00482014
TSLA,Tecnología,0.0717538063664084,-0.009892081,-0.004292072,-0.012259976,-0.008125656
TSLA,Tecnología,0.1087443312994137,-0.010082332,-0.005664342,-0.009579317,-0.008214533
TSLA,Tecnología,-0.0013891804887626,-0.010397541,-0.0065610493,0.0019016019,-0.0064031156
TSLA,Tecnología,0.0399856277199097,-0.010440606,-0.007695105,-0.0038519746,-0.0080246795
TSLA,Tecnología,-0.1324790520142778,-0.010208428,-0.0073279142,-0.006983115,-0.00841116
TSLA,Tecnología,-0.0269474059926572,-0.00999391,-0.006734661,-0.00027299346,-0.0067460267
TSLA,Tecnología,-0.0215234504360448,-0.00972924,-0.0073293494,0.0033223934,-0.0061589573
TSLA,Tecnología,-0.141819428491068,-0.0094627645,-0.0069899997,-0.00027299346,-0.0066357045
TSLA,Tecnología,0.0619221265446746,-0.009088187,-0.006001943,-0.00027299346,-0.0060906503
TSLA,Tecnología,-0.024534229362323,-0.008917171,-0.0049384153,0.0015279494,-0.0052366448
TSLA,Tecnología,-0.0449415552411579,-0.008880178,-0.004080734,0.0026105163,-0.0046622623
TSLA,Tecnología,0.0384429538055365,-0.009005975,-0.0033553215,0.00012107927,-0.004920303
TSLA,Tecnología,-0.0503635201970433,-0.0091918735,-0.0029854616,-0.00027299346,-0.004925533
TSLA,Tecnología,-0.0104783328439231,-0.009333592,-0.002491937,-0.012755494,-0.0072813104
TSLA,Tecnología,-0.1524880757295499,-0.009572018,-0.0020878809,-0.008336434,-0.0063312463
TSLA,Tecnología,-0.0364704608903948,-0.009632376,-0.0015550116,0.00072393136,-0.004330169
TSLA,Tecnología,-0.039962296412879,-0.0097328555,-0.0013833651,-0.007894425,-0.0060253735
XLE,Energía,0.0530298186697938,-0.0010924758,-0.002968234,0.015657218,0.0015071596
XLE,Energía,-0.0269938373276601,0.00013743015,-0.002968234,0.01428294,0.0017242663
XLE,Energía,0.0402575466190022,0.0014254227,-0.002968234,0.011760745,0.0017350244
XLE,Energía,-0.0169294020507059,0.0027715098,-0.002968234,0.01428294,0.0027778982
XLE,Energía,-0.0629675263193861,0.0041347416,-0.002968234,0.0003673464,0.0005400723
XLE,Energía,-0.080389811198829,0.0054282183,-0.002968234,0.0016996508,0.0013239238
XLE,Energía,-0.095179722362773,0.0067217676,-0.002968234,0.0017416247,0.0018497384
XLE,Energía,0.0282381140431948,0.007827228,-0.002968234,-0.007923168,0.00035896385
XLE,Energía,0.0606845397071936,0.008772728,-0.002968234,0.008268533,0.003975504
XLE,Energía,-0.0783999056999444,0.009560231,-0.002968234,0.009472647,0.004531328
XLE,Energía,0.0560509559275525,0.010240439,-0.002968234,0.009509535,0.004810789
XLE,Energía,0.0503093817200041,0.010738254,-0.002968234,0.013407785,0.005789565
XLE,Energía,-0.0061518795432944,0.011207661,-0.002968234,0.011554814,0.0056067333
XLE,Energía,-0.0554823702646942,0.011329543,-0.002968234,-0.00027299346,0.0032899245
XLE,Energía,0.0096661670545858,0.010996316,-0.002968234,-0.0009819081,0.0030148507
XLE,Energía,0.0121019483220262,0.010496095,-0.002968234,0.0054805833,0.004107261
XLE,Energía,-0.1075663776034252,0.010022309,-0.002968234,0.0028151001,0.00338465
XLE,Energía,0.0129420470522476,0.009309595,-0.002968234,0.0055386326,0.0036442713
XLE,Energía,0.0221040888887305,0.008620304,-0.002968234,0.000553934,0.0023716148
XLE,Energía,-0.0686858935327841,0.008094842,-0.002968234,0.00018414392,0.0020874715
XLE,Energía,-0.0056257019988279,0.007425584,-0.002968234,0.00044847923,0.0018726357
XLE,Energía,-0.064845628897441,0.006876345,-0.002968234,-0.0015105053,0.0012611432
XLE,Energía,-0.0466312804019406,0.006414976,-0.0033677993,0.00044847923,0.0013085664
XLE,Energía,0.0718574557829877,0.0061381217,-0.004754686,-0.0015105053,0.00025127333
XLE,Energía,0.0684766895224093,0.0060591856,-0.004589173,-0.0015105053,0.00028590398
XLE,Energía,0.0324304153829385,0.006093585,-0.004315856,0.0035302795,0.0014171475
XLE,Energía,0.0404611714292397,0.0062618144,-0.0037573064,-0.002076947,0.00058641366
XLE,Energía,0.121807779365884,0.0062686987,-0.0036634374,-0.0016663382,0.00070883706
XLE,Energía,-0.0687514101456618,0.0063315406,-0.0034364378,0.0010048535,0.0013590117
XLE,Energía,-0.0891809296080227,0.00607799,-0.004261096,0.0010048535,0.00092772814
XLE,Energía,0.024295553609786,0.005662972,-0.0042785676,-5.5830067e-05,0.0005425957
XLE,Energía,0.0877771312807001,0.0049897656,-0.0051646465,0.005284694,0.0009869864
XLE,Energía,0.0392988106565843,0.0040202476,-0.0045472505,0.0019031547,0.00016982979
XLE,Energía,0.001851877445796,0.0031853206,-0.0042295484,-5.5830067e-05,-0.00042885708
XLE,Energía,-0.0849383693150249,0.0024994947,-0.002968234,-5.5830067e-05,-0.00019866174
XLE,Energía,0.0247307085162046,0.0019450523,-0.002968234,0.0011879752,-0.00017167769
XLE,Energía,-0.0593849146813106,0.0012854999,-0.002968234,0.0035088307,2.8672453e-05
XLE,Energía,-0.02130676073671,0.0004918622,-0.002968234,0.0019031547,-0.0006099178
XLE,Energía,-0.0059227237771191,-0.00010275282,-0.002968234,0.0019031547,-0.00084776385
XLE,Energía,-0.0954888607282661,-0.0007597897,-0.002968234,0.000246276,-0.0014419544
XLE,Energía,0.0328494070540419,-0.0010511521,-0.002968234,0.000246276,-0.0015584993
XLE,Energía,0.0595491921069564,-0.001026758,-0.002968234,0.004526116,-0.0006927737
XLE,Energía,0.0841995637816062,-0.0010267831,-0.002968234,0.000246276,-0.0015487517
XLE,Energía,0.0479402742120996,-0.0009587868,-0.0031957207,0.000246276,-0.0016125479
XLE,Energía,0.0080199181023304,-0.0009012935,-0.003911189,-5.5830067e-05,-0.001936159
XLE,Energía,-0.0429742262403872,-0.0008181478,-0.0036999527,-5.5830067e-05,-0.0018184063
XLE,Energía,0.0076160731274017,-0.00044387765,-0.003995168,-5.5830067e-05,-0.0017867843
XLE,Energía,-0.0311296893879246,0.00019639544,-0.003168025,-5.5830067e-05,-0.0011998178
XLE,Energía,0.1055800769401482,0.0007618251,-0.002968234,-0.002076947,-0.0012979531
XLE,Energía,0.0258788018888323,0.0010544583,-0.002968234,0.0010048535,-0.0005645397
XLE,Energía,0.0386360857077055,0.0012210067,-0.002968234,-0.002076947,-0.0011142803
XLE,Energía,-0.0079731034240866,0.0012241052,-0.002968234,-0.002076947,-0.001113041
XLE,Energía,-0.1053877511931707,0.00092695747,-0.002968234,-0.0016663382,-0.0011497783
XLE,Energía,-0.0769126707379669,0.00035706814,-0.002968234,-0.00011796215,-0.0010680588
XLE,Energía,0.0665923982360758,-0.00055078417,-0.002968234,0.0050604437,-0.0003955186
XLE,Energía,0.079298519572701,-0.0013432787,-0.002968234,0.0026586843,-0.0011928683
XLE,Energía,-0.0001454706925408,-0.001628588,-0.002968234,0.0029638382,-0.0012459611
XLE,Energía,0.0435320341935254,-0.0017577112,-0.002968234,0.0029638382,-0.0012976103
XLE,Energía,-0.0827060038527929,-0.0018265541,-0.002968234,0.0032659443,-0.0012647265
XLE,Energía,-0.0280756742495553,-0.0018830332,-0.002968234,0.0019031547,-0.001559876
XLE,Energía,0.0316048632599377,-0.00183501,-0.002968234,0.0032251256,-0.0012762726
XLE,Energía,0.0388935632037589,-0.0017643347,-0.002968234,0.0013069597,-0.0016316356
XLE,Energía,0.029951759652635,-0.0016216096,-0.002968234,0.001571295,-0.0015216785
XLE,Energía,0.0031276066099843,-0.0013812566,-0.002968234,-0.0017748408,-0.0020947645
XLE,Energía,0.0446201996313125,-0.0011513783,-0.002968234,-0.00011796215,-0.0016714374
XLE,Energía,-0.0027223027140172,-0.0010110815,-0.002968234,-0.00083314144,-0.0017583546
XLE,Energía,-0.0485609588847784,-0.0010275501,-0.002968234,-0.00011796215,-0.0016219061
XLE,Energía,-0.1087335922086818,-0.0009982772,-0.002968234,-0.00083314144,-0.0017532329
XLE,Energía,0.0525471687812984,-0.0010328796,-0.002968234,0.0013069597,-0.0013390535
XLE,Energía,0.0432425874921124,-0.0010506068,-0.002968234,0.002537657,-0.0011000051
XLE,Energía,-0.0065765254284391,-0.0010589254,-0.002968234,0.0008590879,-0.0014390462
XLE,Energía,-0.0200524401263721,-0.0009905612,-0.002968234,-0.00011796215,-0.0016071106
XLE,Energía,-0.0558977877055341,-0.0009784536,-0.002968234,0.0011453481,-0.0013496055
XLE,Energía,-0.0120914250815285,-0.0009377636,-0.002968234,0.0008407775,-0.0013942436
XLE,Energía,-0.0856741616459604,-0.0008824542,-0.002968234,0.00043016876,-0.0014542417
XLE,Energía,-0.0254689070147702,-0.0009337878,-0.002968234,-0.00026670008,-0.0016141488
XLE,Energía,0.0818615951711489,-0.0009406861,-0.002968234,0.0022330866,-0.0011169508
XLE,Energía,-0.1152440017839758,-0.0009526741,-0.002968234,-0.00026670008,-0.0016217033
XLE,Energía,0.0407780535761986,-0.0009884443,-0.002968234,-0.00026670008,-0.0016360114
XLE,Energía,0.0666613237030021,-0.0010543875,-0.002968234,-8.0924474e-05,-0.0016252336
XLE,Energía,0.0264499505027553,-0.0010854225,-0.002968234,-0.00026670008,-0.0016748026
XLE,Energía,-0.0413102725866368,-0.0010805503,-0.002968234,-0.00026670008,-0.0016728538
XLE,Energía,-0.0079184824978753,-0.0010514464,-0.002968234,0.0001439086,-0.0015790906
XLE,Energía,-0.0118354538570368,-0.0010166685,-0.002968234,-0.00026670008,-0.0016473011
XLE,Energía,0.0554676548636679,-0.0010338891,-0.002968234,-0.00026670008,-0.0016541893
XLE,Energía,-0.1055180784041432,-0.0010912418,-0.002968234,0.0001439086,-0.0015950088
XLE,Energía,-0.01651394985766,-0.0011438983,-0.002968234,0.0028151001,-0.0010818329
XLE,Energía,0.0416340917677123,-0.0011258945,-0.002968234,0.0030008757,-0.0010374764
XLE,Energía,0.009404240335142,-0.0011975034,-0.002968234,-0.00026670008,-0.0017196351
XLE,Energía,0.013215768789344,-0.0012841546,-0.002968234,-0.00026670008,-0.0017542954
XLE,Energía,0.0429569567185682,-0.0013567056,-0.002968234,0.0001439086,-0.0017011942
XLE,Energía,-0.0229071002328814,-0.0014332868,-0.002968234,-0.00026670008,-0.0018139484
XLE,Energía,0.0615864244933512,-0.0016133008,-0.002968234,-0.00026670008,-0.0018859539
XLE,Energía,-0.0147030745755491,-0.0017987513,-0.002968234,-0.00026670008,-0.0019601344
XLE,Energía,-0.0140772361752187,-0.0019580298,-0.002968234,-0.00026670008,-0.0020238457
XLE,Energía,-0.0424126050233802,-0.0021930486,-0.002968234,-0.00026670008,-0.0021178531
XLE,Energía,0.0101415972270217,-0.0023996043,-0.002968234,0.0001439086,-0.0021183535
XLE,Energía,0.0446389315348149,-0.0025186809,-0.002968234,0.0001439086,-0.0021659841
XLE,Energía,-0.0665508472498929,-0.00259791,-0.002968234,0.0001439086,-0.0021976759
XLE,Energía,0.0347389502882725,-0.0026514595,-0.002968234,0.0018700178,-0.0018738739
XLE,Energía,-0.0504537599056151,-0.0027660937,-0.002968234,-0.00026670008,-0.0023470712
XLE,Energía,-0.0383040105374428,-0.0028928262,-0.002968234,0.0001439086,-0.0023156423
XLE,Energía,-0.0090071973023932,-0.0029108636,-0.002968234,-0.00026670008,-0.0024049792
XLE,Energía,0.0353940656637945,-0.0029135915,-0.002968234,-0.00026670008,-0.0024060705
XLE,Energía,0.0175262035902981,-0.0028327275,-0.002968234,-0.00026670008,-0.0023737247
XLE,Energía,0.030912339469999,-0.0027570087,-0.002968234,0.0001439086,-0.0022613152
XLE,Energía,0.0145784457286778,-0.0025901208,-0.002968234,-0.0049547167,-0.0032142852
XLE,Energía,0.0429921655687913,-0.0025141872,-0.004342733,-0.00026670008,-0.0027961084
XLE,Energía,-0.066732988707808,-0.002450054,-0.0066489344,-0.00026670008,-0.0036929357
XLE,Energía,-0.0281849500742107,-0.0024214275,-0.006823617,0.0001439086,-0.003669236
XLE,Energía,0.0290360119172342,-0.0023576198,-0.006746998,0.0001439086,-0.0036130655
XLE,Energía,-0.0597481813382508,-0.0023437454,-0.006974691,-0.00026670008,-0.0037807147
XLE,Energía,0.0669557460139456,-0.002476681,-0.0074174097,0.0001439086,-0.0039288546
XLE,Energía,-0.0279170377897282,-0.0026398436,-0.00742034,-0.00026670008,-0.0040774136
XLE,Energía,-0.0148044105153683,-0.0028705248,-0.008249955,0.0001439086,-0.0044194106
XLE,Energía,-0.0902479719193361,-0.0030212551,-0.0075789685,-0.00010025096,-0.0042601395
XLE,Energía,-0.0016855929044058,-0.003213502,-0.0075699207,-0.00010025096,-0.0043334193
XLE,Energía,-0.0019341720251073,-0.0033796746,-0.00815534,-0.0030499762,-0.005224001
XLE,Energía,0.025293379497657,-0.0035870927,-0.008101784,-0.00026670008,-0.004728891
XLE,Energía,0.0099705515001128,-0.0036392445,-0.007971147,-0.0049547167,-0.0056351004
XLE,Energía,0.0426126187272188,-0.0036573433,-0.007935166,-0.0049547167,-0.0056279474
XLE,Energía,0.0044328329865346,-0.003643637,-0.007699278,-0.00010025096,-0.004557216
XLE,Energía,-0.0032679796447576,-0.0036730245,-0.0073034456,0.0018700178,-0.0040165843
XLE,Energía,0.0207738591368117,-0.0037257872,-0.007251672,-0.00036458627,-0.0044639013
XLE,Energía,0.025430569680543,-0.0037463019,-0.0065936837,-0.001892322,-0.0045144586
XLE,Energía,-0.0052496117582571,-0.0038164062,-0.006604505,-0.0021944281,-0.00460725
XLE,Energía,0.0588277007712963,-0.0038605048,-0.006618064,-0.0021944281,-0.0046303133
XLE,Energía,0.0072194681936989,-0.0038096886,-0.006425593,-0.0021944281,-0.0045329984
XLE,Energía,0.0179585810658141,-0.0038323775,-0.006706112,0.000689232,-0.0040775496
XLE,Energía,0.0414040314231446,-0.003980577,-0.0069157416,-0.0021944281,-0.0047974135
XLE,Energía,-0.0097489674841224,-0.0041299867,-0.0067520244,-0.0027079715,-0.004894399
XLE,Energía,0.0538486351219427,-0.004304695,-0.006800563,-0.0004225328,-0.0045266096
XLE,Energía,0.0400432266127364,-0.0044957353,-0.006485182,-0.00083314144,-0.0045589954
XLE,Energía,0.0428543867273172,-0.004807503,-0.007996896,-0.00083314144,-0.005288388
XLE,Energía,-0.0518169934427239,-0.0051367762,-0.008859217,-0.00083314144,-0.005765026
XLE,Energía,0.0098929647359832,-0.0055433847,-0.010035258,-0.00083314144,-0.0063980855
XLE,Energía,0.0339534465176638,-0.005873505,-0.010036034,-0.00083314144,-0.006530444
XLE,Energía,-0.0091419681426507,-0.006274077,-0.009994603,-0.00083314144,-0.0066741006
XLE,Energía,0.0582908988958876,-0.0066710217,-0.010276483,-0.00083314144,-0.0069456305
XLE,Energía,-0.0349674134927587,-0.006983798,-0.010319995,-0.0004225328,-0.0070060235
XLE,Energía,-0.009306484390014,-0.0072810934,-0.010430642,-0.0004225328,-0.007169201
XLE,Energía,-0.0534610010851685,-0.007512816,-0.010172313,-0.00083314144,-0.0072406805
XLE,Energía,0.0973574849958005,-0.007700256,-0.009914222,-0.00083314144,-0.00721242
XLE,Energía,0.0392918979209959,-0.0078054415,-0.009507623,-0.00083314144,-0.0070918542
XLE,Energía,0.0216529838742465,-0.008076951,-0.009177601,0.003634583,-0.0061749043
XLE,Energía,-0.0133461858967237,-0.0081723435,-0.008741808,0.00025619904,-0.006714421
XLE,Energía,0.0821147865992378,-0.008401018,-0.008217794,0.00025619904,-0.006596285
XLE,Energía,0.011867897108864,-0.008632013,-0.008049081,-0.0054114647,-0.00775473
XLE,Energía,-0.1111742670950098,-0.008990887,-0.007894489,-0.016483918,-0.010050934
XLE,Energía,-0.0324475841775809,-0.009110081,-0.0076654376,-0.0045246854,-0.007615145
XLE,Energía,-0.0967344195955138,-0.009197869,-0.0069926,-0.0014202285,-0.006760233
XLE,Energía,0.0105013819140937,-0.009366265,-0.0050065657,-0.0004225328,-0.005833639
XLE,Energía,-0.0527631562133145,-0.009416323,-0.0041483073,-0.0003642463,-0.0054987017
XLE,Energía,-0.0550687098415413,-0.009322706,-0.003267237,-0.00083314144,-0.005202606
XLE,Energía,0.0220640554253347,-0.009175601,-0.0022696266,-0.00083314144,-0.0047447197
XLE,Energía,-0.0428330626606049,-0.009184261,-0.0020087184,-0.0004225328,-0.004561698
XLE,Energía,0.0854486802450141,-0.009164025,-0.0016795406,-0.00083314144,-0.004504055
XLE,Energía,0.0471338096954442,-0.009196811,-0.0002559768,0.0017473912,-0.003431637
XLE,Energía,-0.0415417885065162,-0.009255305,0.00058553275,-0.006790339,-0.0048259767
XLE,Energía,0.0199360257057749,-0.009311888,0.00021110382,0.0006580507,-0.0035087038
XLE,Energía,-0.0057437615654597,-0.0092985295,0.00012774114,0.00041651668,-0.003585012
XLE,Energía,-0.0255277134465949,-0.009325299,0.00030247588,0.00041651668,-0.0035258261
XLE,Energía,0.017673271235937,-0.009384601,0.0007256968,0.0012531239,-0.0032129372
XLE,Energía,-0.0457571883790237,-0.009320024,0.00035812985,-0.009532188,-0.0054911957
