Date,Ticker,Sector,y_test,Zero_return,Train_mean,Lagged_return_OLS
2025-12-18 18:49:40.380001,AAPL,Technology,-0.0107468093799302,0.0,-0.000570559353247988,-0.0015947792981205913
2025-12-19 18:49:40.380001,AAPL,Technology,0.0264667244420154,0.0,-0.000570559353247988,-0.00047527424569116905
2025-12-22 18:49:40.380001,AAPL,Technology,-0.0518259712765576,0.0,-0.000570559353247988,-0.0011059622910060398
2025-12-23 18:49:40.380001,AAPL,Technology,-0.0077855555047489,0.0,-0.000570559353247988,-0.00014509025511888474
2025-12-24 18:49:40.380001,AAPL,Technology,-0.0047687146542049,0.0,-0.000570559353247988,-0.0012266829491525194
2025-12-25 18:49:40.380001,AAPL,Technology,0.0112347400270003,0.0,-0.000570559353247988,-0.0003970393523602603
2025-12-26 18:49:40.380001,AAPL,Technology,-0.0060464833956286,0.0,-0.000570559353247988,-0.00044492602187903407
2025-12-29 18:49:40.380001,AAPL,Technology,-0.0002831190593993,0.0,-0.000570559353247988,-0.0008924573805572047
2025-12-30 18:49:40.380001,AAPL,Technology,-0.0070774454665024,0.0,-0.000570559353247988,0.00035601413543361624
2025-12-31 18:49:40.380001,AAPL,Technology,0.0259152553190241,0.0,-0.000570559353247988,-0.0004134329660672478
2026-01-01 18:49:40.380001,AAPL,Technology,0.0028727412904419,0.0,-0.000570559353247988,-0.0006155831619754697
2026-01-02 18:49:40.380001,AAPL,Technology,0.0204643076574949,0.0,-0.000570559353247988,-0.00026097084582450247
2026-01-05 18:49:40.380001,AAPL,Technology,0.0249263524418602,0.0,-0.000570559353247988,-0.0003840235876721485
2026-01-06 18:49:40.380001,AAPL,Technology,0.0010071269209943,0.0,-0.000570559353247988,-0.0001356380744663067
2026-01-07 18:49:40.380001,AAPL,Technology,0.0097538766787101,0.0,-0.000570559353247988,9.930693908306182e-05
2026-01-08 18:49:40.380001,AAPL,Technology,0.0067342051252716,0.0,-0.000570559353247988,-0.001093314686473907
2026-01-09 18:49:40.380001,AAPL,Technology,0.009310789085112,0.0,-0.000570559353247988,-0.00042595240415392317
2026-01-12 18:49:40.380001,AAPL,Technology,-0.0344198338485027,0.0,-0.000570559353247988,-0.0008586229839741779
2026-01-13 18:49:40.380001,AAPL,Technology,0.025043154605533,0.0,-0.000570559353247988,-0.0008997854232002162
2026-01-14 18:49:40.380001,AAPL,Technology,-0.0512679078060271,0.0,-0.000570559353247988,-0.0012887085489396845
2026-01-15 18:49:40.380001,AAPL,Technology,-0.0463831833102901,0.0,-0.000570559353247988,-0.0002483651435292851
2026-01-16 18:49:40.380001,AAPL,Technology,-0.0034565183282679,0.0,-0.000570559353247988,-0.001741665700632057
2026-01-19 18:49:40.380001,AAPL,Technology,-0.0272441238995023,0.0,-0.000570559353247988,-0.0016995085641763994
2026-01-20 18:49:40.380001,AAPL,Technology,-0.0033485946365076,0.0,-0.000570559353247988,6.291568702714815e-05
2026-01-21 18:49:40.380001,AAPL,Technology,-0.0230404693788063,0.0,-0.000570559353247988,-0.0016508595119051868
2026-01-22 18:49:40.380001,AAPL,Technology,-0.0223300764430829,0.0,-0.000570559353247988,0.00040048448059673656
2026-01-23 18:49:40.380001,AAPL,Technology,-0.0375089249019897,0.0,-0.000570559353247988,-9.770177533735623e-05
2026-01-26 18:49:40.380001,AAPL,Technology,0.0373638195139487,0.0,-0.000570559353247988,-0.0009532807620355538
2026-01-27 18:49:40.380001,AAPL,Technology,0.0454398772583572,0.0,-0.000570559353247988,-0.0007709844140012635
2026-01-28 18:49:40.380001,AAPL,Technology,0.0060851274677137,0.0,-0.000570559353247988,0.00028735253575027004
2026-01-29 18:49:40.380001,AAPL,Technology,0.0270129058354949,0.0,-0.000570559353247988,0.0008650182986150351
2026-01-30 18:49:40.380001,AAPL,Technology,-0.0370536963344358,0.0,-0.000570559353247988,1.6180396511759486e-05
2026-02-02 18:49:40.380001,AAPL,Technology,-0.055590735654654,0.0,-0.000570559353247988,0.0007618586145055228
2026-02-03 18:49:40.380001,AAPL,Technology,-0.0199036636378863,0.0,-0.000570559353247988,-0.002111209171398872
2026-02-04 18:49:40.380001,AAPL,Technology,0.0260913242238616,0.0,-0.000570559353247988,-0.002651758503432617
2026-02-05 18:49:40.380001,AAPL,Technology,0.021909350502073,0.0,-0.000570559353247988,-0.001102685569740595
2026-02-06 18:49:40.380001,AAPL,Technology,-0.0803013248992703,0.0,-0.000570559353247988,-0.0005913641516069678
2026-02-09 18:49:40.380001,AAPL,Technology,-0.040608613452544,0.0,-0.000570559353247988,0.0006446878241849306
2026-02-10 18:49:40.380001,AAPL,Technology,-0.0524340475183312,0.0,-0.000570559353247988,-0.0010396014871294412
2026-02-11 18:49:40.380001,AAPL,Technology,0.0050853262011319,0.0,-0.000570559353247988,-0.000981522877402814
2026-02-12 18:49:40.380001,AAPL,Technology,0.0721265017484112,0.0,-0.000570559353247988,-0.002173351872033869
2026-02-13 18:49:40.380001,AAPL,Technology,-0.0654387961798362,0.0,-0.000570559353247988,-0.0009235574530490897
2026-02-16 18:49:40.380001,AAPL,Technology,0.0166473050598282,0.0,-0.000570559353247988,0.0025796638637180136
2026-02-17 18:49:40.380001,AAPL,Technology,-0.0680395589571276,0.0,-0.000570559353247988,-0.0010507375957663177
2026-02-18 18:49:40.380001,AAPL,Technology,-0.0390058288912851,0.0,-0.000570559353247988,0.0008393995904344916
2026-02-19 18:49:40.380001,AAPL,Technology,0.003105545442097,0.0,-0.000570559353247988,-0.0020336741186286517
2026-02-20 18:49:40.380001,AAPL,Technology,-0.0002194838891429,0.0,-0.000570559353247988,-0.002912917831957721
2026-02-23 18:49:40.380001,AAPL,Technology,0.0258952426284367,0.0,-0.000570559353247988,0.0008115395872593181
2026-02-24 18:49:40.380001,AAPL,Technology,-0.0070554294097754,0.0,-0.000570559353247988,-0.0009219828241495194
2026-02-25 18:49:40.380001,AAPL,Technology,0.0037702238331881,0.0,-0.000570559353247988,0.0013398444302768074
2026-02-26 18:49:40.380001,AAPL,Technology,0.0100931956649663,0.0,-0.000570559353247988,8.07865009015853e-05
2026-02-27 18:49:40.380001,AAPL,Technology,0.0698306305002623,0.0,-0.000570559353247988,-0.0005552748894086635
2026-03-02 18:49:40.380001,AAPL,Technology,0.081412685339779,0.0,-0.000570559353247988,-0.0003545446749456635
2026-03-03 18:49:40.380001,AAPL,Technology,0.0006110490083396,0.0,-0.000570559353247988,0.00038068179815348255
2026-03-04 18:49:40.380001,AAPL,Technology,-0.0072033450728336,0.0,-0.000570559353247988,0.0013298536124573693
2026-03-05 18:49:40.380001,AAPL,Technology,0.0851945119247546,0.0,-0.000570559353247988,-0.0006345483616504304
2026-03-06 18:49:40.380001,AAPL,Technology,0.0583495883396891,0.0,-0.000570559353247988,-0.0009277510483099099
2026-03-09 18:49:40.380001,AAPL,Technology,-0.0707640379604236,0.0,-0.000570559353247988,-0.00023387986751917812
2026-03-10 18:49:40.380001,AAPL,Technology,-0.0062699920201985,0.0,-0.000570559353247988,-0.0010893547449098715
2026-03-11 18:49:40.380001,AAPL,Technology,0.0520841086454073,0.0,-0.000570559353247988,-0.0019929729827470794
2026-03-12 18:49:40.380001,AAPL,Technology,-0.1092154774121944,0.0,-0.000570559353247988,-0.0005487326941188497
2026-03-13 18:49:40.380001,AAPL,Technology,-0.0817167344647288,0.0,-0.000570559353247988,-0.0013115531798753802
2026-03-16 18:49:40.380001,AAPL,Technology,-0.0055298165031831,0.0,-0.000570559353247988,-0.003954708149585567
2026-03-17 18:49:40.380001,AAPL,Technology,0.0888709405910342,0.0,-0.000570559353247988,-0.0007706386032823447
2026-03-18 18:49:40.380001,AAPL,Technology,0.032252645362471,0.0,-0.000570559353247988,-0.0005527897822800199
2026-03-19 18:49:40.380001,AAPL,Technology,-0.0692839777443264,0.0,-0.000570559353247988,0.00024085479868918042
2026-03-20 18:49:40.380001,AAPL,Technology,-0.0016624361817622,0.0,-0.000570559353247988,0.0022580149282231607
2026-03-23 18:49:40.380001,AAPL,Technology,-0.105833135593534,0.0,-0.000570559353247988,-0.00032159355277426615
2026-03-24 18:49:40.380001,AAPL,Technology,-0.0113293516043045,0.0,-0.000570559353247988,-0.0004884567651312447
2026-03-25 18:49:40.380001,AAPL,Technology,0.0911958520395883,0.0,-0.000570559353247988,-0.004574497481980099
2026-03-26 18:49:40.380001,AAPL,Technology,0.0382508469467697,0.0,-0.000570559353247988,-0.0014824429536766655
2026-03-27 18:49:40.380001,AAPL,Technology,-0.0043083910855182,0.0,-0.000570559353247988,0.002794806560044048
2026-03-30 18:49:40.380001,AAPL,Technology,0.0465449234802302,0.0,-0.000570559353247988,0.0002714435836886432
2026-03-31 18:49:40.380001,AAPL,Technology,0.060979281957506,0.0,-0.000570559353247988,0.0014288250896442823
2026-04-01 18:49:40.380001,AAPL,Technology,-0.1129096496239402,0.0,-0.000570559353247988,0.0006497682591429479
2026-04-02 18:49:40.380001,AAPL,Technology,-0.1008122965608674,0.0,-0.000570559353247988,-0.0012532487507014188
2026-04-03 18:49:40.380001,AAPL,Technology,-0.044462555823522,0.0,-0.000570559353247988,-0.003584786922160784
2026-04-06 18:49:40.380001,AAPL,Technology,-0.139458020377445,0.0,-0.000570559353247988,-0.002460787996224644
2026-04-07 18:49:40.380001,AAPL,Technology,-0.1199122257799901,0.0,-0.000570559353247988,-0.00245708787949338
2026-04-08 18:49:40.380001,AAPL,Technology,-0.0070847963259525,0.0,-0.000570559353247988,-0.004564525313884944
2026-04-09 18:49:40.380001,AAPL,Technology,0.0140335022433218,0.0,-0.000570559353247988,-0.0006853698851054252
2026-04-10 18:49:40.380001,AAPL,Technology,0.1052103529769647,0.0,-0.000570559353247988,0.0012777160428737878
2026-04-13 18:49:40.380001,AAPL,Technology,0.0454575408255177,0.0,-0.000570559353247988,0.0006267815940671496
2026-04-14 18:49:40.380001,AAPL,Technology,0.0799217463753141,0.0,-0.000570559353247988,0.004427911957202962
2026-04-15 18:49:40.380001,AAPL,Technology,0.0585459446777045,0.0,-0.000570559353247988,0.00273983530427719
2026-04-16 18:49:40.380001,AAPL,Technology,-0.1512583745813722,0.0,-0.000570559353247988,0.0012970661257151947
2026-04-17 18:49:40.380001,AAPL,Technology,0.0544290828141561,0.0,-0.000570559353247988,0.00038346351280417305
2026-04-20 18:49:40.380001,AAPL,Technology,0.0853575278769697,0.0,-0.000570559353247988,-0.005773966214768144
2026-04-21 18:49:40.380001,AAPL,Technology,0.0618756198140481,0.0,-0.000570559353247988,-0.0003791202570778582
2026-04-22 18:49:40.380001,AAPL,Technology,0.1356838632113765,0.0,-0.000570559353247988,-0.0004561578052287434
2026-04-23 18:49:40.380001,AAPL,Technology,0.0072988540757247,0.0,-0.000570559353247988,-0.0005024796803395547
2026-04-24 18:49:40.380001,AAPL,Technology,-0.007520598217746,0.0,-0.000570559353247988,0.005350157363723812
2026-04-27 18:49:40.380001,AAPL,Technology,-0.1925433987960237,0.0,-0.000570559353247988,-0.001579458731014778
2026-04-28 18:49:40.380001,AAPL,Technology,0.0722139310638884,0.0,-0.000570559353247988,-0.0025747109457306483
2026-04-29 18:49:40.380001,AAPL,Technology,0.0163909107246094,0.0,-0.000570559353247988,-0.00551350423315847
2026-04-30 18:49:40.380001,AAPL,Technology,0.1215326879498751,0.0,-0.000570559353247988,-0.0020404927568158085
2026-05-01 18:49:40.380001,AAPL,Technology,-0.0029291894761345,0.0,-0.000570559353247988,-0.00037943764235556603
2026-05-04 18:49:40.380001,AAPL,Technology,0.0222783311614763,0.0,-0.000570559353247988,0.0022569876324716872
2026-05-05 18:49:40.380001,AAPL,Technology,0.1314287634068444,0.0,-0.000570559353247988,0.0030094632785581193
2026-05-06 18:49:40.380001,AAPL,Technology,-0.0159725249091585,0.0,-0.000570559353247988,-0.0016589851307463079
2026-05-07 18:49:40.380001,AAPL,Technology,0.097464486193187,0.0,-0.000570559353247988,0.0019900400582380396
2026-05-08 18:49:40.380001,AAPL,Technology,0.0389554089828148,0.0,-0.000570559353247988,-0.0035808021302632413
2026-05-11 18:49:40.380001,AAPL,Technology,-0.1300250757602793,0.0,-0.000570559353247988,0.0016072482628137156
2026-05-12 18:49:40.380001,AAPL,Technology,0.1390592312315704,0.0,-0.000570559353247988,-0.00021596567118201896
2026-05-13 18:49:40.380001,AAPL,Technology,0.0022558877237959,0.0,-0.000570559353247988,-0.006005928091318526
2026-05-14 18:49:40.380001,AAPL,Technology,0.1592758778774211,0.0,-0.000570559353247988,0.0028430572548516107
2026-05-15 18:49:40.380001,AAPL,Technology,-0.104315379607335,0.0,-0.000570559353247988,-0.002648844280678019
2026-05-18 18:49:40.380001,AAPL,Technology,0.0065948584932609,0.0,-0.000570559353247988,0.0021734988529411147
2026-05-19 18:49:40.380001,AAPL,Technology,-0.1363655740765858,0.0,-0.000570559353247988,-8.237804309216637e-05
2026-05-20 18:49:40.380001,AAPL,Technology,-0.1014804248185728,0.0,-0.000570559353247988,-0.0035314883513791386
2026-05-21 18:49:40.380001,AAPL,Technology,-0.1225654763809548,0.0,-0.000570559353247988,-0.0032495007534403993
2026-05-22 18:49:40.380001,AAPL,Technology,0.1241499018609031,0.0,-0.000570559353247988,-0.006149655206007492
2026-05-25 18:49:40.380001,AAPL,Technology,0.1341123543927945,0.0,-0.000570559353247988,-0.0008941029463845849
2026-05-26 18:49:40.380001,AAPL,Technology,-0.1013985885049609,0.0,-0.000570559353247988,0.0020250135807087163
2026-05-27 18:49:40.380001,AAPL,Technology,0.1105878935296631,0.0,-0.000570559353247988,0.005045038680053249
2026-05-28 18:49:40.380001,AAPL,Technology,-0.0356796785657409,0.0,-0.000570559353247988,-0.0005562216657672333
2026-05-29 18:49:40.380001,AAPL,Technology,-0.0852182776492571,0.0,-0.000570559353247988,0.004243824386749714
2026-06-01 18:49:40.380001,AAPL,Technology,0.020952715391644,0.0,-0.000570559353247988,-0.0040390904779319045
2026-06-02 18:49:40.380001,AAPL,Technology,0.0897135077265833,0.0,-0.000570559353247988,-0.005238202656451569
2026-06-03 18:49:40.380001,AAPL,Technology,0.0811643955144413,0.0,-0.000570559353247988,0.001872077604963281
2026-06-04 18:49:40.380001,AAPL,Technology,-0.0209474010990684,0.0,-0.000570559353247988,-0.0010587158569808812
2026-06-05 18:49:40.380001,AAPL,Technology,0.0525771594352613,0.0,-0.000570559353247988,0.001906411516507178
2026-06-08 18:49:40.380001,AAPL,Technology,-0.0019886470880915,0.0,-0.000570559353247988,0.0007000785895408423
2026-06-09 18:49:40.380001,AAPL,Technology,0.0929010178191703,0.0,-0.000570559353247988,0.00010680695662143678
2026-06-10 18:49:40.380001,AAPL,Technology,-0.0485265345143404,0.0,-0.000570559353247988,-0.0025597285900874752
2026-06-11 18:49:40.380001,AAPL,Technology,0.0176400050912425,0.0,-0.000570559353247988,-0.00031374803461118445
2026-06-12 18:49:40.380001,AAPL,Technology,-0.0742356086184382,0.0,-0.000570559353247988,-0.0011167444690216677
2026-06-15 18:49:40.380001,AAPL,Technology,-0.0112530511319409,0.0,-0.000570559353247988,-0.001322522429788902
2026-06-16 18:49:40.380001,AAPL,Technology,0.0101953599704031,0.0,-0.000570559353247988,-0.0020057132565436575
2026-06-17 18:49:40.380001,AAPL,Technology,0.0097927232255067,0.0,-0.000570559353247988,-0.002822436724069064
2026-06-18 18:49:40.380001,AAPL,Technology,-0.030270025618187,0.0,-0.000570559353247988,0.0006271068139349357
2026-06-19 18:49:40.380001,AAPL,Technology,0.0899414298002901,0.0,-0.000570559353247988,-0.0007351003347767919
2026-06-22 18:49:40.380001,AAPL,Technology,0.0126350636655214,0.0,-0.000570559353247988,0.0003016434156581585
2026-06-23 18:49:40.380001,AAPL,Technology,-0.0707474473626532,0.0,-0.000570559353247988,0.0016082478757537579
2026-06-24 18:49:40.380001,AAPL,Technology,0.0241950914276821,0.0,-0.000570559353247988,-0.0005188784976216534
2026-06-25 18:49:40.380001,AAPL,Technology,-0.0651353680920935,0.0,-0.000570559353247988,-0.0021844002517466903
2026-06-26 18:49:40.380001,AAPL,Technology,0.0045211013353362,0.0,-0.000570559353247988,0.0005567491639768461
2026-06-29 18:49:40.380001,AAPL,Technology,-0.0092830391395446,0.0,-0.000570559353247988,-0.003826774540851975
2026-06-30 18:49:40.380001,AAPL,Technology,0.1290000940025771,0.0,-0.000570559353247988,-0.0007392387282576179
2026-07-01 18:49:40.380001,AAPL,Technology,-0.0766466364711168,0.0,-0.000570559353247988,0.0006593866864264059
2026-07-02 18:49:40.380001,AAPL,Technology,-0.0270666467198005,0.0,-0.000570559353247988,0.0017674232682532058
2026-07-03 18:49:40.380001,AAPL,Technology,-0.0083207259400178,0.0,-0.000570559353247988,-0.0007831116053669522
2026-07-06 18:49:40.380001,AAPL,Technology,-0.1863110393176976,0.0,-0.000570559353247988,-0.001214584247759459
2026-07-07 18:49:40.380001,AAPL,Technology,-0.2003026130016461,0.0,-0.000570559353247988,-0.0005479449783276764
2026-07-08 18:49:40.380001,AAPL,Technology,-0.0199453165398101,0.0,-0.000570559353247988,-0.006941415307074922
2026-07-09 18:49:40.380001,AAPL,Technology,-0.0274589964160462,0.0,-0.000570559353247988,-0.0027862964851313576
2026-07-10 18:49:40.380001,AAPL,Technology,0.0054783431868751,0.0,-0.000570559353247988,-0.0004219508445210345
2026-07-13 18:49:40.380001,AAPL,Technology,-0.1170415879074411,0.0,-0.000570559353247988,-0.0009561858477828568
2026-07-14 18:49:40.380001,AAPL,Technology,0.0644823558160289,0.0,-0.000570559353247988,0.00307626428117129
2026-07-15 18:49:40.380001,AAPL,Technology,0.1651606139171099,0.0,-0.000570559353247988,0.0009202270355092972
2026-07-16 18:49:40.380001,AAPL,Technology,0.1130079678116168,0.0,-0.000570559353247988,0.0012177691070571575
2026-07-17 18:49:40.380001,AAPL,Technology,-0.121288860766574,0.0,-0.000570559353247988,0.00370448318116782
2026-07-20 18:49:40.380001,AAPL,Technology,0.0251316012104663,0.0,-0.000570559353247988,0.0017891546248674601
2026-07-21 18:49:40.380001,AAPL,Technology,-0.0413331818446302,0.0,-0.000570559353247988,-0.0006340635321494264
2026-07-22 18:49:40.380001,AAPL,Technology,-0.2231435513142097,0.0,-0.000570559353247988,-0.0014266297775896494
2026-07-23 18:49:40.380001,AAPL,Technology,0.0927124951764419,0.0,-0.000570559353247988,-0.0051361709906397835
2026-07-24 18:49:40.380001,AAPL,Technology,0.0471603603952489,0.0,-0.000570559353247988,-0.007186604748946211
2026-07-27 18:49:40.380001,AAPL,Technology,-0.2231435513142097,0.0,-0.000570559353247988,0.003811487752592508
2026-07-28 18:49:40.380001,AAPL,Technology,0.0856117731774108,0.0,-0.000570559353247988,-9.967721992841679e-05
2026-07-29 18:49:40.380001,AAPL,Technology,-0.1200406276446278,0.0,-0.000570559353247988,-0.0038598414642072943
2026-07-30 18:49:40.380001,AAPL,Technology,-0.0406073112757529,0.0,-0.000570559353247988,0.005433148573278285
2026-07-31 18:49:40.380001,AAPL,Technology,-0.028695911910839,0.0,-0.000570559353247988,-0.0049240956662820546
2026-08-03 18:49:40.380001,AAPL,Technology,-0.2231435513142097,0.0,-0.000570559353247988,-0.00239414817658146
2026-08-04 18:49:40.380001,AAPL,Technology,0.047881272902591,0.0,-0.000570559353247988,0.0030018574119149623
2025-12-18 18:49:40.380001,COP,Energy,0.0553670776172104,0.0,-0.000570559353247988,0.0018752755136153256
2025-12-19 18:49:40.380001,COP,Energy,0.0725052446608459,0.0,-0.000570559353247988,0.0008299905069449341
2025-12-22 18:49:40.380001,COP,Energy,0.0166855983782673,0.0,-0.000570559353247988,0.00045064535100603376
2025-12-23 18:49:40.380001,COP,Energy,-0.0175818568872557,0.0,-0.000570559353247988,0.0005418384412434544
2025-12-24 18:49:40.380001,COP,Energy,-0.006316914109609,0.0,-0.000570559353247988,-0.0014648800162908784
2025-12-25 18:49:40.380001,COP,Energy,-0.0272420773227003,0.0,-0.000570559353247988,-0.00147748366171824
2025-12-26 18:49:40.380001,COP,Energy,0.0087111733316512,0.0,-0.000570559353247988,-0.0018815106883276912
2025-12-29 18:49:40.380001,COP,Energy,0.0081642334126179,0.0,-0.000570559353247988,-0.0026862351469254843
2025-12-30 18:49:40.380001,COP,Energy,0.0315868880703106,0.0,-0.000570559353247988,-0.0007374834702888179
2025-12-31 18:49:40.380001,COP,Energy,-0.0397219813097936,0.0,-0.000570559353247988,-3.725083676262128e-05
2026-01-01 18:49:40.380001,COP,Energy,0.021770288563601,0.0,-0.000570559353247988,0.00022517452585838025
2026-01-02 18:49:40.380001,COP,Energy,0.0637055494048477,0.0,-0.000570559353247988,-0.0008150192471064417
2026-01-05 18:49:40.380001,COP,Energy,-0.0279244872569161,0.0,-0.000570559353247988,-0.00029572634903875575
2026-01-06 18:49:40.380001,COP,Energy,-0.0095937410244893,0.0,-0.000570559353247988,0.0006200857870590242
2026-01-07 18:49:40.380001,COP,Energy,-0.0575192898048453,0.0,-0.000570559353247988,-0.0018043864972327704
2026-01-08 18:49:40.380001,COP,Energy,-0.0804115646046536,0.0,-0.000570559353247988,4.307936007315468e-05
2026-01-09 18:49:40.380001,COP,Energy,-0.0757850865966416,0.0,-0.000570559353247988,-0.0021808566063438247
2026-01-12 18:49:40.380001,COP,Energy,0.0667342709516756,0.0,-0.000570559353247988,-0.003531659751743067
2026-01-13 18:49:40.380001,COP,Energy,0.0207114147958084,0.0,-0.000570559353247988,-0.0015045763355089272
2026-01-14 18:49:40.380001,COP,Energy,-0.039991568056064,0.0,-0.000570559353247988,0.0010555484601934761
2026-01-15 18:49:40.380001,COP,Energy,0.0715104935605771,0.0,-0.000570559353247988,0.0010249500162930626
2026-01-16 18:49:40.380001,COP,Energy,-0.0084005633728388,0.0,-0.000570559353247988,0.00022647271132746462
2026-01-19 18:49:40.380001,COP,Energy,-0.0211943814396792,0.0,-0.000570559353247988,0.0024792065654922206
2026-01-20 18:49:40.380001,COP,Energy,0.0299752583393027,0.0,-0.000570559353247988,-0.0021752705083258614
2026-01-21 18:49:40.380001,COP,Energy,0.0674622584053126,0.0,-0.000570559353247988,-0.0014367770135047986
2026-01-22 18:49:40.380001,COP,Energy,0.1477227671127852,0.0,-0.000570559353247988,0.0008744520105606852
2026-01-23 18:49:40.380001,COP,Energy,0.0418063732076497,0.0,-0.000570559353247988,-0.0006667786333037807
2026-01-26 18:49:40.380001,COP,Energy,0.1008902443108433,0.0,-0.000570559353247988,0.0028942562097766253
2026-01-27 18:49:40.380001,COP,Energy,-0.1409502408574591,0.0,-0.000570559353247988,0.0007490825350542695
2026-01-28 18:49:40.380001,COP,Energy,-0.1244415712170226,0.0,-0.000570559353247988,0.000992475329510017
2026-01-29 18:49:40.380001,COP,Energy,-0.0560965870741648,0.0,-0.000570559353247988,-0.0047349424825955016
2026-01-30 18:49:40.380001,COP,Energy,0.0514275864628333,0.0,-0.000570559353247988,-0.006293565802322145
2026-02-02 18:49:40.380001,COP,Energy,-0.068914855298232,0.0,-0.000570559353247988,-0.0025827899200708162
2026-02-03 18:49:40.380001,COP,Energy,-0.025538734860947,0.0,-0.000570559353247988,-0.0016837199240594888
2026-02-04 18:49:40.380001,COP,Energy,-0.0402598378341044,0.0,-0.000570559353247988,0.0007866185185374258
2026-02-05 18:49:40.380001,COP,Energy,0.0480122806958561,0.0,-0.000570559353247988,0.0013412141388142477
2026-02-06 18:49:40.380001,COP,Energy,-0.0294914404927829,0.0,-0.000570559353247988,-0.0002506842142464817
2026-02-09 18:49:40.380001,COP,Energy,-0.1200060692434248,0.0,-0.000570559353247988,-0.0006488556599379716
2026-02-10 18:49:40.380001,COP,Energy,0.0023591553492215,0.0,-0.000570559353247988,0.00021435228706114158
2026-02-11 18:49:40.380001,COP,Energy,-0.0435031960774558,0.0,-0.000570559353247988,-0.002381374947865096
2026-02-12 18:49:40.380001,COP,Energy,-0.0468674776437565,0.0,-0.000570559353247988,0.0002998922508129447
2026-02-13 18:49:40.380001,COP,Energy,0.084066637049227,0.0,-0.000570559353247988,-0.0024700793392142687
2026-02-16 18:49:40.380001,COP,Energy,0.0532541079591554,0.0,-0.000570559353247988,-0.0009109780774166192
2026-02-17 18:49:40.380001,COP,Energy,0.0045157117088865,0.0,-0.000570559353247988,0.00359271909148178
2026-02-18 18:49:40.380001,COP,Energy,0.0718412537479507,0.0,-0.000570559353247988,0.0005123733342263481
2026-02-19 18:49:40.380001,COP,Energy,-0.0497241102886888,0.0,-0.000570559353247988,0.0004092214919470912
2026-02-20 18:49:40.380001,COP,Energy,0.0566865295999898,0.0,-0.000570559353247988,0.0019214956144971112
2026-02-23 18:49:40.380001,COP,Energy,-0.0442138053129947,0.0,-0.000570559353247988,-0.003392975891320375
2026-02-24 18:49:40.380001,COP,Energy,0.0413636644767614,0.0,-0.000570559353247988,-0.0004999835272466376
2026-02-25 18:49:40.380001,COP,Energy,-0.0329455693472224,0.0,-0.000570559353247988,-0.0015563607757867674
2026-02-26 18:49:40.380001,COP,Energy,-0.0448852932484006,0.0,-0.000570559353247988,-0.001243572946834884
2026-02-27 18:49:40.380001,COP,Energy,-0.0034316982443661,0.0,-0.000570559353247988,-0.0002305572700889725
2026-03-02 18:49:40.380001,COP,Energy,-0.0568002744781753,0.0,-0.000570559353247988,-0.0026872962571155667
2026-03-03 18:49:40.380001,COP,Energy,-0.027987692049932,0.0,-0.000570559353247988,0.0002590546097146763
2026-03-04 18:49:40.380001,COP,Energy,0.0751298614284368,0.0,-0.000570559353247988,-0.0025869434073824606
2026-03-05 18:49:40.380001,COP,Energy,-0.0075176053441342,0.0,-0.000570559353247988,-0.000465659682524272
2026-03-06 18:49:40.380001,COP,Energy,0.0287370545308565,0.0,-0.000570559353247988,0.0019552913590438364
2026-03-09 18:49:40.380001,COP,Energy,0.0060546528841312,0.0,-0.000570559353247988,-0.0006522746149905484
2026-03-10 18:49:40.380001,COP,Energy,0.0195384670562849,0.0,-0.000570559353247988,0.0011808169763493888
2026-03-11 18:49:40.380001,COP,Energy,-0.0089251209079696,0.0,-0.000570559353247988,0.0001301649166529805
2026-03-12 18:49:40.380001,COP,Energy,-0.0471823004898597,0.0,-0.000570559353247988,-0.0017820020255153125
2026-03-13 18:49:40.380001,COP,Energy,-0.0352775925053187,0.0,-0.000570559353247988,-0.0005966960207608078
2026-03-16 18:49:40.380001,COP,Energy,-0.0792042731715525,0.0,-0.000570559353247988,-0.002126607311542442
2026-03-17 18:49:40.380001,COP,Energy,0.0216091210915863,0.0,-0.000570559353247988,-0.0014110587107213149
2026-03-18 18:49:40.380001,COP,Energy,-0.0326047970413115,0.0,-0.000570559353247988,-0.00255197328473335
2026-03-19 18:49:40.380001,COP,Energy,-0.0678302343243058,0.0,-0.000570559353247988,6.723373728160034e-05
2026-03-20 18:49:40.380001,COP,Energy,0.0314335507204286,0.0,-0.000570559353247988,-0.0002740523322080959
2026-03-23 18:49:40.380001,COP,Energy,-0.0287670430695584,0.0,-0.000570559353247988,-0.0012035931543725158
2026-03-24 18:49:40.380001,COP,Energy,-0.0501319734111996,0.0,-0.000570559353247988,0.0016730901880025752
2026-03-25 18:49:40.380001,COP,Energy,0.0197673737868336,0.0,-0.000570559353247988,-0.0016084301289643354
2026-03-26 18:49:40.380001,COP,Energy,0.0497721470611503,0.0,-0.000570559353247988,-0.0009125316100399892
2026-03-27 18:49:40.380001,COP,Energy,0.0018274956867185,0.0,-0.000570559353247988,0.0012062449401957025
2026-03-30 18:49:40.380001,COP,Energy,-0.0207854152742195,0.0,-0.000570559353247988,-0.00017771363076643585
2026-03-31 18:49:40.380001,COP,Energy,-0.0017144595887431,0.0,-0.000570559353247988,5.8217882364889327e-05
2026-04-01 18:49:40.380001,COP,Energy,-0.0316970945815713,0.0,-0.000570559353247988,2.2094352210753573e-05
2026-04-02 18:49:40.380001,COP,Energy,0.0405698349493425,0.0,-0.000570559353247988,-0.0010188527979014738
2026-04-03 18:49:40.380001,COP,Energy,0.0119186298394299,0.0,-0.000570559353247988,-0.0022735391169820913
2026-04-06 18:49:40.380001,COP,Energy,-0.0179886943506086,0.0,-0.000570559353247988,0.00024877378995645353
2026-04-07 18:49:40.380001,COP,Energy,-0.0717185753234933,0.0,-0.000570559353247988,0.00010639427733595043
2026-04-08 18:49:40.380001,COP,Energy,-0.0076210226191648,0.0,-0.000570559353247988,-0.0009014687378125951
2026-04-09 18:49:40.380001,COP,Energy,0.0073187692035215,0.0,-0.000570559353247988,-0.001350454237243971
2026-04-10 18:49:40.380001,COP,Energy,0.005897634264655,0.0,-0.000570559353247988,-0.001585744384237699
2026-04-13 18:49:40.380001,COP,Energy,0.0204121122407353,0.0,-0.000570559353247988,-0.000666023015388168
2026-04-14 18:49:40.380001,COP,Energy,-0.0166992266637044,0.0,-0.000570559353247988,-7.610992959108975e-05
2026-04-15 18:49:40.380001,COP,Energy,-0.0194584726239378,0.0,-0.000570559353247988,0.0012951734652301393
2026-04-16 18:49:40.380001,COP,Energy,-0.0022092958737755,0.0,-0.000570559353247988,-0.0007531454863830073
2026-04-17 18:49:40.380001,COP,Energy,0.0304546613271619,0.0,-0.000570559353247988,-0.0011194679296189728
2026-04-20 18:49:40.380001,COP,Energy,-0.0554635731824221,0.0,-0.000570559353247988,-0.0007371864953414526
2026-04-21 18:49:40.380001,COP,Energy,-0.005313085057614,0.0,-0.000570559353247988,-0.0003582011436010856
2026-04-22 18:49:40.380001,COP,Energy,0.0224784664283796,0.0,-0.000570559353247988,-0.0013394246603129632
2026-04-23 18:49:40.380001,COP,Energy,0.0234576096010553,0.0,-0.000570559353247988,-0.000277842810984561
2026-04-24 18:49:40.380001,COP,Energy,-0.0614351255834776,0.0,-0.000570559353247988,-5.31520370318201e-05
2026-04-27 18:49:40.380001,COP,Energy,0.00374221653659,0.0,-0.000570559353247988,-0.000720733728021494
2026-04-28 18:49:40.380001,COP,Energy,-0.008103326001468,0.0,-0.000570559353247988,-0.0006789563586527516
2026-04-29 18:49:40.380001,COP,Energy,-0.0019758514900805,0.0,-0.000570559353247988,-0.0003811494384979721
2026-04-30 18:49:40.380001,COP,Energy,-0.0262288770036308,0.0,-0.000570559353247988,-0.0012077373184094702
2026-05-01 18:49:40.380001,COP,Energy,-0.0202659803715693,0.0,-0.000570559353247988,-0.0011025840387505845
2026-05-04 18:49:40.380001,COP,Energy,-0.0205922099101046,0.0,-0.000570559353247988,0.00013432180750944675
2026-05-05 18:49:40.380001,COP,Energy,-0.0015158834114768,0.0,-0.000570559353247988,-0.0010611085787258058
2026-05-06 18:49:40.380001,COP,Energy,0.0217333299662093,0.0,-0.000570559353247988,-0.0008221538150706822
2026-05-07 18:49:40.380001,COP,Energy,0.0119505202005725,0.0,-0.000570559353247988,-0.0005589913482694757
2026-05-08 18:49:40.380001,COP,Energy,-0.0408638373539941,0.0,-0.000570559353247988,0.0004230861980816094
2026-05-11 18:49:40.380001,COP,Energy,-0.0044074605588856,0.0,-0.000570559353247988,9.648897566122384e-05
2026-05-12 18:49:40.380001,COP,Energy,0.0005109905699978,0.0,-0.000570559353247988,-0.0009725677773420198
2026-05-13 18:49:40.380001,COP,Energy,0.0093428321474199,0.0,-0.000570559353247988,-0.0006280988390425355
2026-05-14 18:49:40.380001,COP,Energy,0.0180575849512198,0.0,-0.000570559353247988,-0.001014598373466867
2026-05-15 18:49:40.380001,COP,Energy,0.0168158430018142,0.0,-0.000570559353247988,-0.0006245230603372829
2026-05-18 18:49:40.380001,COP,Energy,0.0063695217374053,0.0,-0.000570559353247988,0.0006396293461630242
2026-05-19 18:49:40.380001,COP,Energy,0.0245855666344862,0.0,-0.000570559353247988,-0.00012695656061075054
2026-05-20 18:49:40.380001,COP,Energy,0.0312887767504801,0.0,-0.000570559353247988,-0.00044729602342236184
2026-05-21 18:49:40.380001,COP,Energy,0.025341414166395,0.0,-0.000570559353247988,-0.00024943577006456507
2026-05-22 18:49:40.380001,COP,Energy,0.0127906815682154,0.0,-0.000570559353247988,-0.0002905607722443513
2026-05-25 18:49:40.380001,COP,Energy,0.0186757097226823,0.0,-0.000570559353247988,-0.00039072152153166856
2026-05-26 18:49:40.380001,COP,Energy,-0.0437759711190109,0.0,-0.000570559353247988,-0.000435478383855132
2026-05-27 18:49:40.380001,COP,Energy,0.0155146638166548,0.0,-0.000570559353247988,-0.0006963055374764065
2026-05-28 18:49:40.380001,COP,Energy,-0.0235192193915664,0.0,-0.000570559353247988,-0.0021139836148924545
2026-05-29 18:49:40.380001,COP,Energy,-0.0119457230339012,0.0,-0.000570559353247988,-0.0007788440856699084
2026-06-01 18:49:40.380001,COP,Energy,-0.0267773861801625,0.0,-0.000570559353247988,-0.001316415191169
2026-06-02 18:49:40.380001,COP,Energy,-0.000573300286883,0.0,-0.000570559353247988,-0.0012056903640070339
2026-06-03 18:49:40.380001,COP,Energy,0.0093806952735301,0.0,-0.000570559353247988,-0.00022479121238180844
2026-06-04 18:49:40.380001,COP,Energy,-0.0125436209887318,0.0,-0.000570559353247988,-0.0009053780666712735
2026-06-05 18:49:40.380001,COP,Energy,0.0374994311837387,0.0,-0.000570559353247988,0.0001089458243001101
2026-06-08 18:49:40.380001,COP,Energy,0.034331601284866,0.0,-0.000570559353247988,-0.0005795579772228599
2026-06-09 18:49:40.380001,COP,Energy,-0.0001656010446001,0.0,-0.000570559353247988,0.000769733384613712
2026-06-10 18:49:40.380001,COP,Energy,0.0241254317361426,0.0,-0.000570559353247988,0.00016487074568478411
2026-06-11 18:49:40.380001,COP,Energy,0.0209534803702855,0.0,-0.000570559353247988,-0.0007679266174583581
2026-06-12 18:49:40.380001,COP,Energy,0.0183003119665724,0.0,-0.000570559353247988,0.0001948000592558978
2026-06-15 18:49:40.380001,COP,Energy,0.0579826928663819,0.0,-0.000570559353247988,-0.0009250500816156535
2026-06-16 18:49:40.380001,COP,Energy,0.0330905909192484,0.0,-0.000570559353247988,-0.0009127366454295152
2026-06-17 18:49:40.380001,COP,Energy,0.0066931884421294,0.0,-0.000570559353247988,0.0006681718209354937
2026-06-18 18:49:40.380001,COP,Energy,0.0178055778880538,0.0,-0.000570559353247988,-0.0003808623325454139
2026-06-19 18:49:40.380001,COP,Energy,0.0026471123676166,0.0,-0.000570559353247988,-0.0008698514799227113
2026-06-22 18:49:40.380001,COP,Energy,0.0473938961534329,0.0,-0.000570559353247988,-0.0005812070441178059
2026-06-23 18:49:40.380001,COP,Energy,0.0069872617934419,0.0,-0.000570559353247988,-0.0017541461970887054
2026-06-24 18:49:40.380001,COP,Energy,-0.0212095449484008,0.0,-0.000570559353247988,-0.00026485268111372726
2026-06-25 18:49:40.380001,COP,Energy,0.0326819286519461,0.0,-0.000570559353247988,-0.0005633470158165065
2026-06-26 18:49:40.380001,COP,Energy,0.0101961473903988,0.0,-0.000570559353247988,-0.0013755404898229216
2026-06-29 18:49:40.380001,COP,Energy,-0.046764410630034,0.0,-0.000570559353247988,6.265012004165731e-05
2026-06-30 18:49:40.380001,COP,Energy,0.0096553941543432,0.0,-0.000570559353247988,-0.0013652782696097262
2026-07-01 18:49:40.380001,COP,Energy,0.004028773014736,0.0,-0.000570559353247988,-0.0016583601969943499
2026-07-02 18:49:40.380001,COP,Energy,0.0212419582832996,0.0,-0.000570559353247988,6.775311087537305e-05
2026-07-03 18:49:40.380001,COP,Energy,-0.0169634795371851,0.0,-0.000570559353247988,-0.001175483890130306
2026-07-06 18:49:40.380001,COP,Energy,0.0447696188536857,0.0,-0.000570559353247988,-0.00033802352780265544
2026-07-07 18:49:40.380001,COP,Energy,0.0435697780499474,0.0,-0.000570559353247988,3.2932489158103294e-05
2026-07-08 18:49:40.380001,COP,Energy,-0.0254857745951961,0.0,-0.000570559353247988,0.00017576833589444233
2026-07-09 18:49:40.380001,COP,Energy,0.0111433875454009,0.0,-0.000570559353247988,0.0002675549205294875
2026-07-10 18:49:40.380001,COP,Energy,0.0115185532337192,0.0,-0.000570559353247988,-0.0015346548042731618
2026-07-13 18:49:40.380001,COP,Energy,-0.0180841195195453,0.0,-0.000570559353247988,1.2273761982751889e-05
2026-07-14 18:49:40.380001,COP,Energy,-0.0564502547960777,0.0,-0.000570559353247988,-0.0012805657833852803
2026-07-15 18:49:40.380001,COP,Energy,0.0189371993735936,0.0,-0.000570559353247988,-0.00186417229817888
2026-07-16 18:49:40.380001,COP,Energy,-0.0106609378045392,0.0,-0.000570559353247988,-0.0011799688273346825
2026-07-17 18:49:40.380001,COP,Energy,-0.0090184941511201,0.0,-0.000570559353247988,-0.00040650031513889725
2026-07-20 18:49:40.380001,COP,Energy,0.0101993177213569,0.0,-0.000570559353247988,-0.0010284893617046476
2026-07-21 18:49:40.380001,COP,Energy,-0.0018018692221163,0.0,-0.000570559353247988,-0.0003818777400645634
2026-07-22 18:49:40.380001,COP,Energy,-0.001741857474217,0.0,-0.000570559353247988,0.0007833890792155103
2026-07-23 18:49:40.380001,COP,Energy,-0.0025387874293089,0.0,-0.000570559353247988,-0.0010030715966405776
2026-07-24 18:49:40.380001,COP,Energy,0.044221435444243,0.0,-0.000570559353247988,-0.0003843542498998333
2026-07-27 18:49:40.380001,COP,Energy,0.008209652257329,0.0,-0.000570559353247988,-0.0004345729653901057
2026-07-28 18:49:40.380001,COP,Energy,-0.0422454514967429,0.0,-0.000570559353247988,0.00015251372121706096
2026-07-29 18:49:40.380001,COP,Energy,0.0417129473010902,0.0,-0.000570559353247988,-0.0003609785010825795
2026-07-30 18:49:40.380001,COP,Energy,0.020814191561252,0.0,-0.000570559353247988,-0.0013872290142831157
2026-07-31 18:49:40.380001,COP,Energy,-0.0412608567418079,0.0,-0.000570559353247988,0.00036406262456255116
2026-08-03 18:49:40.380001,COP,Energy,0.0554793110068024,0.0,-0.000570559353247988,-0.0010734643989905686
2026-08-04 18:49:40.380001,COP,Energy,-0.002572652778364,0.0,-0.000570559353247988,-0.0015751326610780134
2025-12-18 18:49:40.380001,CVX,Energy,0.0740374375717763,0.0,-0.000570559353247988,0.004136930037069748
2025-12-19 18:49:40.380001,CVX,Energy,-0.0549516939510383,0.0,-0.000570559353247988,0.0019334419691511653
2025-12-22 18:49:40.380001,CVX,Energy,-0.0566667836614437,0.0,-0.000570559353247988,0.0008557527035523185
2025-12-23 18:49:40.380001,CVX,Energy,0.0024733870782102,0.0,-0.000570559353247988,-0.0009262700487257806
2025-12-24 18:49:40.380001,CVX,Energy,-0.0227864510197591,0.0,-0.000570559353247988,-0.003897873805047163
2025-12-25 18:49:40.380001,CVX,Energy,-0.0918505263355644,0.0,-0.000570559353247988,-0.0012987039443908503
2025-12-26 18:49:40.380001,CVX,Energy,-0.0922569894388571,0.0,-0.000570559353247988,-0.002630700074285614
2025-12-29 18:49:40.380001,CVX,Energy,0.0166760132141784,0.0,-0.000570559353247988,-0.001271110357709387
2025-12-30 18:49:40.380001,CVX,Energy,0.0301610625208138,0.0,-0.000570559353247988,-0.0012450727533636487
2025-12-31 18:49:40.380001,CVX,Energy,-0.0686928317865891,0.0,-0.000570559353247988,-0.0002727075654020728
2026-01-01 18:49:40.380001,CVX,Energy,0.0713665196828269,0.0,-0.000570559353247988,0.0005320096261725171
2026-01-02 18:49:40.380001,CVX,Energy,0.0452219924150216,0.0,-0.000570559353247988,-0.00011716165446888237
2026-01-05 18:49:40.380001,CVX,Energy,0.0031609837327907,0.0,-0.000570559353247988,0.0027906443541952926
2026-01-06 18:49:40.380001,CVX,Energy,-0.0824593752940593,0.0,-0.000570559353247988,3.7757268323647506e-05
2026-01-07 18:49:40.380001,CVX,Energy,-0.1032713695616625,0.0,-0.000570559353247988,-0.001139435233112305
2026-01-08 18:49:40.380001,CVX,Energy,-0.0243241250480676,0.0,-0.000570559353247988,-0.0008249051101949025
2026-01-09 18:49:40.380001,CVX,Energy,-0.0120367150731073,0.0,-0.000570559353247988,-0.0041328239108594424
2026-01-12 18:49:40.380001,CVX,Energy,0.0797122631843223,0.0,-0.000570559353247988,-0.0020262798767528476
2026-01-13 18:49:40.380001,CVX,Energy,0.0810976455430791,0.0,-0.000570559353247988,-0.000881684700353262
2026-01-14 18:49:40.380001,CVX,Energy,-0.0105348999854229,0.0,-0.000570559353247988,0.002790091373604225
2026-01-15 18:49:40.380001,CVX,Energy,-0.0191455744011409,0.0,-0.000570559353247988,0.003215148260617661
2026-01-16 18:49:40.380001,CVX,Energy,-0.0560387368704299,0.0,-0.000570559353247988,-0.00028598677486941354
2026-01-19 18:49:40.380001,CVX,Energy,-0.0206989098070409,0.0,-0.000570559353247988,-0.0007119536511188792
2026-01-20 18:49:40.380001,CVX,Energy,0.0513345703893505,0.0,-0.000570559353247988,-0.0034185439703216312
2026-01-21 18:49:40.380001,CVX,Energy,0.015419833484476,0.0,-0.000570559353247988,-0.002747003454116192
2026-01-22 18:49:40.380001,CVX,Energy,-0.0047634363162852,0.0,-0.000570559353247988,0.0007373688104335732
2026-01-23 18:49:40.380001,CVX,Energy,0.0443898799883419,0.0,-0.000570559353247988,0.00014633617262469975
2026-01-26 18:49:40.380001,CVX,Energy,0.0419493144583169,0.0,-0.000570559353247988,0.0004653070909922233
2026-01-27 18:49:40.380001,CVX,Energy,-0.0744886320231406,0.0,-0.000570559353247988,0.0007947328937924089
2026-01-28 18:49:40.380001,CVX,Energy,-0.0701825008611688,0.0,-0.000570559353247988,-0.0007778561714006257
2026-01-29 18:49:40.380001,CVX,Energy,-0.0737657025845444,0.0,-0.000570559353247988,-0.0023746727250152375
2026-01-30 18:49:40.380001,CVX,Energy,0.036170855087886,0.0,-0.000570559353247988,-0.0018703505020588166
2026-02-02 18:49:40.380001,CVX,Energy,-0.0259150465933721,0.0,-0.000570559353247988,-0.0029809534791284268
2026-02-03 18:49:40.380001,CVX,Energy,-0.0727660743000429,0.0,-0.000570559353247988,-0.0006977138779017763
2026-02-04 18:49:40.380001,CVX,Energy,-0.000426210763186,0.0,-0.000570559353247988,0.00039401201838706976
2026-02-05 18:49:40.380001,CVX,Energy,0.0875060286425439,0.0,-0.000570559353247988,-0.0006107085819614678
2026-02-06 18:49:40.380001,CVX,Energy,-0.0322235935828203,0.0,-0.000570559353247988,0.0008998320218162869
2026-02-09 18:49:40.380001,CVX,Energy,-0.0188160350752089,0.0,-0.000570559353247988,0.0005555733275933477
2026-02-10 18:49:40.380001,CVX,Energy,-0.014544830155423,0.0,-0.000570559353247988,-0.0006924098979783137
2026-02-11 18:49:40.380001,CVX,Energy,-0.0845325846076421,0.0,-0.000570559353247988,0.0005041995554349706
2026-02-12 18:49:40.380001,CVX,Energy,-0.0023409789212513,0.0,-0.000570559353247988,-0.0008581957360524385
2026-02-13 18:49:40.380001,CVX,Energy,0.0230082053056902,0.0,-0.000570559353247988,-0.0041433724207611735
2026-02-16 18:49:40.380001,CVX,Energy,-0.061025921644848,0.0,-0.000570559353247988,4.176589927320205e-05
2026-02-17 18:49:40.380001,CVX,Energy,0.0769267234102116,0.0,-0.000570559353247988,0.00029944934497335666
2026-02-18 18:49:40.380001,CVX,Energy,0.0395356627621,0.0,-0.000570559353247988,-0.001491913897543389
2026-02-19 18:49:40.380001,CVX,Energy,-0.003880695547996,0.0,-0.000570559353247988,0.0027674696642100123
2026-02-20 18:49:40.380001,CVX,Energy,0.0401452633894234,0.0,-0.000570559353247988,0.000313111553354807
2026-02-23 18:49:40.380001,CVX,Energy,0.0282069420363235,0.0,-0.000570559353247988,-0.001132270359605187
2026-02-24 18:49:40.380001,CVX,Energy,0.03830744843649,0.0,-0.000570559353247988,0.0015075571319925884
2026-02-25 18:49:40.380001,CVX,Energy,0.0754013489672779,0.0,-0.000570559353247988,-0.001638847863929667
2026-02-26 18:49:40.380001,CVX,Energy,0.027457232428715,0.0,-0.000570559353247988,-0.0005996639896710493
2026-02-27 18:49:40.380001,CVX,Energy,-0.0179014542284628,0.0,-0.000570559353247988,0.0011299224446726288
2026-03-02 18:49:40.380001,CVX,Energy,-0.1064748872462852,0.0,-0.000570559353247988,-0.0008445225623696589
2026-03-03 18:49:40.380001,CVX,Energy,-0.0573979762405764,0.0,-0.000570559353247988,-0.001529633815627067
2026-03-04 18:49:40.380001,CVX,Energy,-0.030428378243242,0.0,-0.000570559353247988,-0.0034668679126327036
2026-03-05 18:49:40.380001,CVX,Energy,0.0003665217821342,0.0,-0.000570559353247988,-0.0033482969761153055
2026-03-06 18:49:40.380001,CVX,Energy,0.0707336130792534,0.0,-0.000570559353247988,-0.0017662684535296137
2026-03-09 18:49:40.380001,CVX,Energy,-0.0333636499906214,0.0,-0.000570559353247988,-0.00019253094855876246
2026-03-10 18:49:40.380001,CVX,Energy,-0.0824551105261886,0.0,-0.000570559353247988,0.0030440468609201324
2026-03-11 18:49:40.380001,CVX,Energy,0.0032740686562023,0.0,-0.000570559353247988,-8.780173019003179e-05
2026-03-12 18:49:40.380001,CVX,Energy,-0.0021322922317072,0.0,-0.000570559353247988,-0.0015813838810944223
2026-03-13 18:49:40.380001,CVX,Energy,-0.082703619192076,0.0,-0.000570559353247988,-0.0005085598135837736
2026-03-16 18:49:40.380001,CVX,Energy,0.0640596423616577,0.0,-0.000570559353247988,-0.00213543639221317
2026-03-17 18:49:40.380001,CVX,Energy,0.0005899725928865,0.0,-0.000570559353247988,-0.0015270449893863402
2026-03-18 18:49:40.380001,CVX,Energy,0.0430334137610763,0.0,-0.000570559353247988,0.002442491888803663
2026-03-19 18:49:40.380001,CVX,Energy,-0.0624421154414771,0.0,-0.000570559353247988,-0.0006246400052966676
2026-03-20 18:49:40.380001,CVX,Energy,0.0309769390817276,0.0,-0.000570559353247988,0.0003841013007138302
2026-03-23 18:49:40.380001,CVX,Energy,-0.0425108815879639,0.0,-0.000570559353247988,-0.00017035488743382223
2026-03-24 18:49:40.380001,CVX,Energy,0.063562317429072,0.0,-0.000570559353247988,-0.0012930538635625086
2026-03-25 18:49:40.380001,CVX,Energy,-0.0564817203454098,0.0,-0.000570559353247988,-0.0014409020484381233
2026-03-26 18:49:40.380001,CVX,Energy,-0.0034558241749631,0.0,-0.000570559353247988,-0.00012630346026024162
2026-03-27 18:49:40.380001,CVX,Energy,-0.0554197643337286,0.0,-0.000570559353247988,-0.0004457892800819244
2026-03-30 18:49:40.380001,CVX,Energy,-0.0492922101510701,0.0,-0.000570559353247988,-0.0012936059589651293
2026-03-31 18:49:40.380001,CVX,Energy,-0.0557088453649279,0.0,-0.000570559353247988,-0.0008179543543657043
2026-04-01 18:49:40.380001,CVX,Energy,-0.0397578956168442,0.0,-0.000570559353247988,-0.0029258605936244436
2026-04-02 18:49:40.380001,CVX,Energy,0.0187696639509932,0.0,-0.000570559353247988,-0.0005473716245669706
2026-04-03 18:49:40.380001,CVX,Energy,0.0253217420092271,0.0,-0.000570559353247988,-0.001302381037831432
2026-04-06 18:49:40.380001,CVX,Energy,-0.0755429684593429,0.0,-0.000570559353247988,0.0009428070523140004
2026-04-07 18:49:40.380001,CVX,Energy,-0.0007664489121667,0.0,-0.000570559353247988,0.0009603941342128903
2026-04-08 18:49:40.380001,CVX,Energy,0.0423363968270825,0.0,-0.000570559353247988,-0.0009463348433839672
2026-04-09 18:49:40.380001,CVX,Energy,-0.0657760497827994,0.0,-0.000570559353247988,0.00022524150940910284
2026-04-10 18:49:40.380001,CVX,Energy,-0.0171371150212362,0.0,-0.000570559353247988,-6.880597361060773e-05
2026-04-13 18:49:40.380001,CVX,Energy,0.0407796131052089,0.0,-0.000570559353247988,-0.0024167964297922913
2026-04-14 18:49:40.380001,CVX,Energy,0.0024018607178975,0.0,-0.000570559353247988,0.0005918381771553685
2026-04-15 18:49:40.380001,CVX,Energy,-0.0112014202327665,0.0,-0.000570559353247988,0.00030720642712349984
2026-04-16 18:49:40.380001,CVX,Energy,-0.0516070890800189,0.0,-0.000570559353247988,-0.0014174474584261248
2026-04-17 18:49:40.380001,CVX,Energy,0.0223360380078308,0.0,-0.000570559353247988,0.0005236866397772007
2026-04-20 18:49:40.380001,CVX,Energy,-0.0214794738865736,0.0,-0.000570559353247988,-0.0012549521018887315
2026-04-21 18:49:40.380001,CVX,Energy,-0.0450678837506957,0.0,-0.000570559353247988,-0.0009667256180429907
2026-04-22 18:49:40.380001,CVX,Energy,-0.0564437721550404,0.0,-0.000570559353247988,-0.0010577316635749265
2026-04-23 18:49:40.380001,CVX,Energy,-0.0016230368096291,0.0,-0.000570559353247988,-0.0012477968461544983
2026-04-24 18:49:40.380001,CVX,Energy,-0.0912103138578833,0.0,-0.000570559353247988,-0.0006576720330657096
2026-04-27 18:49:40.380001,CVX,Energy,0.0279628500641064,0.0,-0.000570559353247988,-0.0010714668479053632
2026-04-28 18:49:40.380001,CVX,Energy,0.0422963023249789,0.0,-0.000570559353247988,-0.0019283893540245319
2026-04-29 18:49:40.380001,CVX,Energy,-0.026150005605298,0.0,-0.000570559353247988,0.0009327204636388984
2026-04-30 18:49:40.380001,CVX,Energy,-0.0362557809441792,0.0,-0.000570559353247988,0.0014641066456365617
2026-05-01 18:49:40.380001,CVX,Energy,-0.023221648912718,0.0,-0.000570559353247988,-0.0010683111879699891
2026-05-04 18:49:40.380001,CVX,Energy,0.0455611372544601,0.0,-0.000570559353247988,0.0005066718469223906
2026-05-05 18:49:40.380001,CVX,Energy,-0.015570791996981,0.0,-0.000570559353247988,-0.0016321055635391485
2026-05-06 18:49:40.380001,CVX,Energy,0.0094609952380334,0.0,-0.000570559353247988,-0.0005031198194502036
2026-05-07 18:49:40.380001,CVX,Energy,-0.0447892123471713,0.0,-0.000570559353247988,-0.0003516999382000861
2026-05-08 18:49:40.380001,CVX,Energy,-0.036143056120688,0.0,-0.000570559353247988,0.0003674356534064208
2026-05-11 18:49:40.380001,CVX,Energy,0.0141513683424469,0.0,-0.000570559353247988,-0.0009968291874010112
2026-05-12 18:49:40.380001,CVX,Energy,0.0039776206233821,0.0,-0.000570559353247988,-0.0022705809016088556
2026-05-13 18:49:40.380001,CVX,Energy,0.0037475219790612,0.0,-0.000570559353247988,4.674829267956092e-05
2026-05-14 18:49:40.380001,CVX,Energy,0.0117673950983404,0.0,-0.000570559353247988,-0.000683841279370028
2026-05-15 18:49:40.380001,CVX,Energy,-0.0381527676035958,0.0,-0.000570559353247988,0.0004188471120142248
2026-05-18 18:49:40.380001,CVX,Energy,0.0120086710801666,0.0,-0.000570559353247988,0.0004133396829391229
2026-05-19 18:49:40.380001,CVX,Energy,6.688324167684147e-05,0.0,-0.000570559353247988,-0.0016382425787440408
2026-05-20 18:49:40.380001,CVX,Energy,0.0354996918582844,0.0,-0.000570559353247988,-0.00040188765728672675
2026-05-21 18:49:40.380001,CVX,Energy,0.0371618654392521,0.0,-0.000570559353247988,-0.0006453221504268751
2026-05-22 18:49:40.380001,CVX,Energy,0.0133738795561696,0.0,-0.000570559353247988,-6.795800219534093e-05
2026-05-25 18:49:40.380001,CVX,Energy,0.0032986311017398,0.0,-0.000570559353247988,0.0009912713392297339
2026-05-26 18:49:40.380001,CVX,Energy,0.0056651806688034,0.0,-0.000570559353247988,-0.0005415059649959843
2026-05-27 18:49:40.380001,CVX,Energy,-0.0009860002096603,0.0,-0.000570559353247988,-0.0005018242414238657
2026-05-28 18:49:40.380001,CVX,Energy,-0.0473634474795085,0.0,-0.000570559353247988,-0.0012020783304803034
2026-05-29 18:49:40.380001,CVX,Energy,-0.0005734894615534,0.0,-0.000570559353247988,-0.0013756348021078816
2026-06-01 18:49:40.380001,CVX,Energy,-0.020233345977738,0.0,-0.000570559353247988,-0.001804209474715501
2026-06-02 18:49:40.380001,CVX,Energy,0.0179768045344393,0.0,-0.000570559353247988,-0.0006491912755140363
2026-06-03 18:49:40.380001,CVX,Energy,0.0168091868944433,0.0,-0.000570559353247988,-0.001100586139287592
2026-06-04 18:49:40.380001,CVX,Energy,-0.0135958410701926,0.0,-0.000570559353247988,-0.00017343830715875724
2026-06-05 18:49:40.380001,CVX,Energy,-0.0147355381224364,0.0,-0.000570559353247988,0.0007425854081262513
2026-06-08 18:49:40.380001,CVX,Energy,0.0530075614422964,0.0,-0.000570559353247988,-0.0008358037497625536
2026-06-09 18:49:40.380001,CVX,Energy,0.0219022864130527,0.0,-0.000570559353247988,-0.00045480376185269426
2026-06-10 18:49:40.380001,CVX,Energy,0.0467681099121475,0.0,-0.000570559353247988,0.00017922224650224986
2026-06-11 18:49:40.380001,CVX,Energy,0.0167591618512731,0.0,-0.000570559353247988,-0.0004633376575180246
2026-06-12 18:49:40.380001,CVX,Energy,0.0096653321122906,0.0,-0.000570559353247988,0.0007011035202353699
2026-06-15 18:49:40.380001,CVX,Energy,0.0642298519299192,0.0,-0.000570559353247988,8.437736710016684e-05
2026-06-16 18:49:40.380001,CVX,Energy,0.0406083347943684,0.0,-0.000570559353247988,-0.0014989845585150529
2026-06-17 18:49:40.380001,CVX,Energy,-0.0218471547466398,0.0,-0.000570559353247988,0.0003418982265913276
2026-06-18 18:49:40.380001,CVX,Energy,0.0430060941224968,0.0,-0.000570559353247988,-0.0007070920399975827
2026-06-19 18:49:40.380001,CVX,Energy,0.020692911253538,0.0,-0.000570559353247988,-0.001366315526452513
2026-06-22 18:49:40.380001,CVX,Energy,0.025334125887433,0.0,-0.000570559353247988,0.00013748767787255198
2026-06-23 18:49:40.380001,CVX,Energy,0.0216531911303611,0.0,-0.000570559353247988,-0.0015148717660585136
2026-06-24 18:49:40.380001,CVX,Energy,-0.0403455780825803,0.0,-0.000570559353247988,-0.0008995796631627158
2026-06-25 18:49:40.380001,CVX,Energy,-0.0082353641405497,0.0,-0.000570559353247988,0.0003325249718213807
2026-06-26 18:49:40.380001,CVX,Energy,-0.0297177664097627,0.0,-0.000570559353247988,-0.0022986690854711615
2026-06-29 18:49:40.380001,CVX,Energy,-0.0043241663364955,0.0,-0.000570559353247988,-0.0011725385518313695
2026-06-30 18:49:40.380001,CVX,Energy,0.0266376398156535,0.0,-0.000570559353247988,-0.00170673324635758
2026-07-01 18:49:40.380001,CVX,Energy,-0.0034421028419328,0.0,-0.000570559353247988,-0.0011126093174205218
2026-07-02 18:49:40.380001,CVX,Energy,0.0200250906905152,0.0,-0.000570559353247988,0.0008105762441688492
2026-07-03 18:49:40.380001,CVX,Energy,0.0179827290718369,0.0,-0.000570559353247988,-0.0004693111949414362
2026-07-06 18:49:40.380001,CVX,Energy,0.0328565210340215,0.0,-0.000570559353247988,0.00045752932328396994
2026-07-07 18:49:40.380001,CVX,Energy,-0.0526121497128602,0.0,-0.000570559353247988,-0.0001041464628931684
2026-07-08 18:49:40.380001,CVX,Energy,0.0521970680283352,0.0,-0.000570559353247988,-0.000439394039086582
2026-07-09 18:49:40.380001,CVX,Energy,0.0090902904952193,0.0,-0.000570559353247988,-0.0015562702142598375
2026-07-10 18:49:40.380001,CVX,Energy,0.0518044732034016,0.0,-0.000570559353247988,0.00011820175822220135
2026-07-13 18:49:40.380001,CVX,Energy,0.0073835681574537,0.0,-0.000570559353247988,-0.0007569995808042374
2026-07-14 18:49:40.380001,CVX,Energy,-0.1210309029582683,0.0,-0.000570559353247988,-0.00016406278258950652
2026-07-15 18:49:40.380001,CVX,Energy,0.0333001573269931,0.0,-0.000570559353247988,0.0006491914680843326
2026-07-16 18:49:40.380001,CVX,Energy,-0.0292848824238411,0.0,-0.000570559353247988,-0.0040372049479966594
2026-07-17 18:49:40.380001,CVX,Energy,0.0033774078201313,0.0,-0.000570559353247988,-5.879421238738538e-05
2026-07-20 18:49:40.380001,CVX,Energy,-0.0254833640141799,0.0,-0.000570559353247988,-0.0022696172165921056
2026-07-21 18:49:40.380001,CVX,Energy,0.0115662442635021,0.0,-0.000570559353247988,-0.0006527643824819992
2026-07-22 18:49:40.380001,CVX,Energy,0.0538428191959005,0.0,-0.000570559353247988,0.0012796562694551055
2026-07-23 18:49:40.380001,CVX,Energy,0.0273272854412589,0.0,-0.000570559353247988,-0.001031802081961037
2026-07-24 18:49:40.380001,CVX,Energy,0.0736773200975599,0.0,-0.000570559353247988,0.0011738531643328146
2026-07-27 18:49:40.380001,CVX,Energy,0.0861809512481195,0.0,-0.000570559353247988,-6.65737346405977e-05
2026-07-28 18:49:40.380001,CVX,Energy,-0.0105236397249135,0.0,-0.000570559353247988,0.0015338116230902608
2026-07-29 18:49:40.380001,CVX,Energy,0.0511472343800352,0.0,-0.000570559353247988,0.0010492375236052691
2026-07-30 18:49:40.380001,CVX,Energy,-0.0010682250749298,0.0,-0.000570559353247988,-0.0019342560222365811
2026-07-31 18:49:40.380001,CVX,Energy,0.0171655422196583,0.0,-0.000570559353247988,-5.9979434828357175e-05
2026-08-03 18:49:40.380001,CVX,Energy,0.0219904847422103,0.0,-0.000570559353247988,-0.0021792213721471545
2026-08-04 18:49:40.380001,CVX,Energy,-0.0846842392758138,0.0,-0.000570559353247988,-0.002080813463027317
2025-12-18 18:49:40.380001,GOOGL,Technology,-0.0342108119352003,0.0,-0.000570559353247988,-0.0005246785881187053
2025-12-19 18:49:40.380001,GOOGL,Technology,-0.0141278506030687,0.0,-0.000570559353247988,-0.0007991930812975677
2025-12-22 18:49:40.380001,GOOGL,Technology,-0.0200357779808844,0.0,-0.000570559353247988,-0.0011061970232357607
2025-12-23 18:49:40.380001,GOOGL,Technology,0.0430270600920528,0.0,-0.000570559353247988,-0.00034412231573734684
2025-12-24 18:49:40.380001,GOOGL,Technology,-0.0041386476047269,0.0,-0.000570559353247988,-0.0005992351909890626
2025-12-25 18:49:40.380001,GOOGL,Technology,0.01183482196317,0.0,-0.000570559353247988,0.0005932184715656525
2025-12-26 18:49:40.380001,GOOGL,Technology,-0.0358324215151492,0.0,-0.000570559353247988,4.467917282422265e-05
2025-12-29 18:49:40.380001,GOOGL,Technology,-0.0053246050705832,0.0,-0.000570559353247988,-3.127699899235076e-05
2025-12-30 18:49:40.380001,GOOGL,Technology,0.0218812502952012,0.0,-0.000570559353247988,-0.0008838487111817636
2025-12-31 18:49:40.380001,GOOGL,Technology,0.0417252324559514,0.0,-0.000570559353247988,-0.0015918309809731792
2026-01-01 18:49:40.380001,GOOGL,Technology,-0.044086324326768,0.0,-0.000570559353247988,-2.5812627797717406e-05
2026-01-02 18:49:40.380001,GOOGL,Technology,0.0453678532274966,0.0,-0.000570559353247988,6.431888126230613e-05
2026-01-05 18:49:40.380001,GOOGL,Technology,0.0098223540823292,0.0,-0.000570559353247988,-0.0007285672877723725
2026-01-06 18:49:40.380001,GOOGL,Technology,0.0193300625580683,0.0,-0.000570559353247988,0.0005005887159330497
2026-01-07 18:49:40.380001,GOOGL,Technology,-0.0016341262655481,0.0,-0.000570559353247988,-0.0008243533415071349
2026-01-08 18:49:40.380001,GOOGL,Technology,-0.004457542059112,0.0,-0.000570559353247988,-0.0010506144825311505
2026-01-09 18:49:40.380001,GOOGL,Technology,0.0035155620917476,0.0,-0.000570559353247988,0.00029356749028245125
2026-01-12 18:49:40.380001,GOOGL,Technology,-0.0453119552040186,0.0,-0.000570559353247988,-0.0016248314006625832
2026-01-13 18:49:40.380001,GOOGL,Technology,-0.0140264896291817,0.0,-0.000570559353247988,-0.0007010040639802818
2026-01-14 18:49:40.380001,GOOGL,Technology,-0.0273358882194753,0.0,-0.000570559353247988,-0.0018895225936880733
2026-01-15 18:49:40.380001,GOOGL,Technology,-0.0218410832890326,0.0,-0.000570559353247988,-0.0008225690002781216
2026-01-16 18:49:40.380001,GOOGL,Technology,0.0082584016028359,0.0,-0.000570559353247988,-0.0010334582864965783
2026-01-19 18:49:40.380001,GOOGL,Technology,-0.035850425373027,0.0,-0.000570559353247988,-0.0010882489620464742
2026-01-20 18:49:40.380001,GOOGL,Technology,-0.012017728034935,0.0,-0.000570559353247988,0.0005229924872014606
2026-01-21 18:49:40.380001,GOOGL,Technology,0.0246905082771485,0.0,-0.000570559353247988,-0.0010069437230499079
2026-01-22 18:49:40.380001,GOOGL,Technology,0.0088204957507363,0.0,-0.000570559353247988,-0.0002553064655998145
2026-01-23 18:49:40.380001,GOOGL,Technology,0.0016792726259492,0.0,-0.000570559353247988,0.000396628869408985
2026-01-26 18:49:40.380001,GOOGL,Technology,-0.0024663238566091,0.0,-0.000570559353247988,-0.0005579303431779242
2026-01-27 18:49:40.380001,GOOGL,Technology,0.0233245334930384,0.0,-0.000570559353247988,0.00019763042452073233
2026-01-28 18:49:40.380001,GOOGL,Technology,0.0114734029289621,0.0,-0.000570559353247988,-0.00037142172576706725
2026-01-29 18:49:40.380001,GOOGL,Technology,0.0247380451703071,0.0,-0.000570559353247988,-0.0006004489789365844
2026-01-30 18:49:40.380001,GOOGL,Technology,0.0170926409156243,0.0,-0.000570559353247988,-0.0005143355048081729
2026-02-02 18:49:40.380001,GOOGL,Technology,-0.0256083626831174,0.0,-0.000570559353247988,-8.611442107839598e-05
2026-02-03 18:49:40.380001,GOOGL,Technology,0.0431041884470727,0.0,-0.000570559353247988,-0.00016132880205288892
2026-02-04 18:49:40.380001,GOOGL,Technology,0.0818027737495671,0.0,-0.000570559353247988,-0.001581364645735581
2026-02-05 18:49:40.380001,GOOGL,Technology,0.0492265788758742,0.0,-0.000570559353247988,0.00010164148190090771
2026-02-06 18:49:40.380001,GOOGL,Technology,-0.0355723380791269,0.0,-0.000570559353247988,0.0006721892585979592
2026-02-09 18:49:40.380001,GOOGL,Technology,-0.0347578010074072,0.0,-0.000570559353247988,0.0001156971167137669
2026-02-10 18:49:40.380001,GOOGL,Technology,-0.1072110151172227,0.0,-0.000570559353247988,-0.0007655039345389937
2026-02-11 18:49:40.380001,GOOGL,Technology,0.0082977000830662,0.0,-0.000570559353247988,-0.002189598630189428
2026-02-12 18:49:40.380001,GOOGL,Technology,0.0525009317714978,0.0,-0.000570559353247988,-0.004440165918387449
2026-02-13 18:49:40.380001,GOOGL,Technology,-0.0269361242611637,0.0,-0.000570559353247988,-0.0014448267053118842
2026-02-16 18:49:40.380001,GOOGL,Technology,-0.0174069057016756,0.0,-0.000570559353247988,0.001271068742215172
2026-02-17 18:49:40.380001,GOOGL,Technology,-0.056659604232736,0.0,-0.000570559353247988,-0.0004081247445238142
2026-02-18 18:49:40.380001,GOOGL,Technology,-0.0185737477649734,0.0,-0.000570559353247988,0.0011868414630756816
2026-02-19 18:49:40.380001,GOOGL,Technology,0.0209261988172177,0.0,-0.000570559353247988,-0.0018799420842676457
2026-02-20 18:49:40.380001,GOOGL,Technology,0.0665012037448234,0.0,-0.000570559353247988,-0.0020687825903076213
2026-02-23 18:49:40.380001,GOOGL,Technology,0.0675589079217964,0.0,-0.000570559353247988,0.0004203577340769999
2026-02-24 18:49:40.380001,GOOGL,Technology,-0.0435328470665555,0.0,-0.000570559353247988,0.0012105449859086941
2026-02-25 18:49:40.380001,GOOGL,Technology,0.0182677485767188,0.0,-0.000570559353247988,0.002019799532738453
2026-02-26 18:49:40.380001,GOOGL,Technology,0.0192627375186568,0.0,-0.000570559353247988,-0.0010665561582079877
2026-02-27 18:49:40.380001,GOOGL,Technology,0.0317957528657237,0.0,-0.000570559353247988,-0.0006271178845587568
2026-03-02 18:49:40.380001,GOOGL,Technology,0.022459144925784,0.0,-0.000570559353247988,-0.0015953931585195027
2026-03-03 18:49:40.380001,GOOGL,Technology,0.0164072604380551,0.0,-0.000570559353247988,-0.0013532394760531682
2026-03-04 18:49:40.380001,GOOGL,Technology,-0.0365331659801613,0.0,-0.000570559353247988,0.0007855923254828052
2026-03-05 18:49:40.380001,GOOGL,Technology,0.0406916911698287,0.0,-0.000570559353247988,-0.000609908148429386
2026-03-06 18:49:40.380001,GOOGL,Technology,-0.0279388145421362,0.0,-0.000570559353247988,-0.0017139843005765914
2026-03-09 18:49:40.380001,GOOGL,Technology,0.0200692046619534,0.0,-0.000570559353247988,-0.0003817796154011835
2026-03-10 18:49:40.380001,GOOGL,Technology,0.0177302484402355,0.0,-0.000570559353247988,-0.001609848743917102
2026-03-11 18:49:40.380001,GOOGL,Technology,0.0200490294113011,0.0,-0.000570559353247988,-0.0004935255279737981
2026-03-12 18:49:40.380001,GOOGL,Technology,-0.0741628469820342,0.0,-0.000570559353247988,0.000546188492686423
2026-03-13 18:49:40.380001,GOOGL,Technology,-0.0228112064904745,0.0,-0.000570559353247988,-0.0010130886768393438
2026-03-16 18:49:40.380001,GOOGL,Technology,0.021672816068384,0.0,-0.000570559353247988,-0.0014731897547259373
2026-03-17 18:49:40.380001,GOOGL,Technology,0.0292434630905568,0.0,-0.000570559353247988,-0.0014558394767371983
2026-03-18 18:49:40.380001,GOOGL,Technology,0.0571139395532904,0.0,-0.000570559353247988,-0.00048765190678557227
2026-03-19 18:49:40.380001,GOOGL,Technology,-0.0406696996608907,0.0,-0.000570559353247988,-0.00037628752814183083
2026-03-20 18:49:40.380001,GOOGL,Technology,-0.0129733372556621,0.0,-0.000570559353247988,0.0021307199360135797
2026-03-23 18:49:40.380001,GOOGL,Technology,-0.035561427748135,0.0,-0.000570559353247988,-0.0009236063651009507
2026-03-24 18:49:40.380001,GOOGL,Technology,0.0287075773509623,0.0,-0.000570559353247988,-0.0012901941411606467
2026-03-25 18:49:40.380001,GOOGL,Technology,0.0690255478036638,0.0,-0.000570559353247988,-0.0019070602476427179
2026-03-26 18:49:40.380001,GOOGL,Technology,0.0395029200118532,0.0,-0.000570559353247988,-0.0011880515765434925
2026-03-27 18:49:40.380001,GOOGL,Technology,0.0424557046185902,0.0,-0.000570559353247988,0.0017358267730159535
2026-03-30 18:49:40.380001,GOOGL,Technology,0.0335053138890906,0.0,-0.000570559353247988,0.0005316132393964644
2026-03-31 18:49:40.380001,GOOGL,Technology,0.0312151490051576,0.0,-0.000570559353247988,0.0010532057654984097
2026-04-01 18:49:40.380001,GOOGL,Technology,-0.0018653040378683,0.0,-0.000570559353247988,-0.00046974662763686083
2026-04-02 18:49:40.380001,GOOGL,Technology,0.0104877672484453,0.0,-0.000570559353247988,-0.001398242986329317
2026-04-03 18:49:40.380001,GOOGL,Technology,-0.0288769822461127,0.0,-0.000570559353247988,-0.0014443132410696174
2026-04-06 18:49:40.380001,GOOGL,Technology,-0.0482591612876994,0.0,-0.000570559353247988,-0.0012518842282918958
2026-04-07 18:49:40.380001,GOOGL,Technology,-0.0016024801998603,0.0,-0.000570559353247988,-0.00186468976562314
2026-04-08 18:49:40.380001,GOOGL,Technology,0.0305666767384114,0.0,-0.000570559353247988,-0.0022008697876809147
2026-04-09 18:49:40.380001,GOOGL,Technology,-0.0305434654069042,0.0,-0.000570559353247988,-0.0005630700361418478
2026-04-10 18:49:40.380001,GOOGL,Technology,0.0392905439472357,0.0,-0.000570559353247988,-0.00014642369309033124
2026-04-13 18:49:40.380001,GOOGL,Technology,-0.0138493481556621,0.0,-0.000570559353247988,-0.0005988962308904237
2026-04-14 18:49:40.380001,GOOGL,Technology,0.0048369476813712,0.0,-0.000570559353247988,0.0012380520387101634
2026-04-15 18:49:40.380001,GOOGL,Technology,0.0174576718297186,0.0,-0.000570559353247988,-0.0008196160064666834
2026-04-16 18:49:40.380001,GOOGL,Technology,-0.0736223776929942,0.0,-0.000570559353247988,-0.001113354722539651
2026-04-17 18:49:40.380001,GOOGL,Technology,-0.0213508558457964,0.0,-0.000570559353247988,0.0004201234319202806
2026-04-20 18:49:40.380001,GOOGL,Technology,0.0028619368676014,0.0,-0.000570559353247988,-0.002867736106441065
2026-04-21 18:49:40.380001,GOOGL,Technology,0.0232328161646203,0.0,-0.000570559353247988,-0.0007194316352110993
2026-04-22 18:49:40.380001,GOOGL,Technology,0.0362367570082078,0.0,-0.000570559353247988,-0.0006102173391212229
2026-04-23 18:49:40.380001,GOOGL,Technology,0.0053005777386043,0.0,-0.000570559353247988,-0.00044892441556169157
2026-04-24 18:49:40.380001,GOOGL,Technology,0.0153730393060074,0.0,-0.000570559353247988,0.001668314056258318
2026-04-27 18:49:40.380001,GOOGL,Technology,-0.0380708241639548,0.0,-0.000570559353247988,-2.0026288111915972e-05
2026-04-28 18:49:40.380001,GOOGL,Technology,0.0990326149402464,0.0,-0.000570559353247988,-0.0003081578644653992
2026-04-29 18:49:40.380001,GOOGL,Technology,0.0618880973472418,0.0,-0.000570559353247988,-0.0018288421388540535
2026-04-30 18:49:40.380001,GOOGL,Technology,0.123729596620198,0.0,-0.000570559353247988,0.0008155957915287573
2026-05-01 18:49:40.380001,GOOGL,Technology,-0.0097302524606147,0.0,-0.000570559353247988,0.0006399953189594622
2026-05-04 18:49:40.380001,GOOGL,Technology,0.0118952258292575,0.0,-0.000570559353247988,0.0018308002767494936
2026-05-05 18:49:40.380001,GOOGL,Technology,0.0496849528462375,0.0,-0.000570559353247988,7.291451381469618e-06
2026-05-06 18:49:40.380001,GOOGL,Technology,-0.0326925816908851,0.0,-0.000570559353247988,-0.0024842056780929123
2026-05-07 18:49:40.380001,GOOGL,Technology,-0.0307779630767971,0.0,-0.000570559353247988,-0.00084255385883694
2026-05-08 18:49:40.380001,GOOGL,Technology,0.0340742106966332,0.0,-0.000570559353247988,-0.003969562139333156
2026-05-11 18:49:40.380001,GOOGL,Technology,-0.078096996000355,0.0,-0.000570559353247988,-0.0009937732505451778
2026-05-12 18:49:40.380001,GOOGL,Technology,7.88266581660237e-05,0.0,-0.000570559353247988,-0.00010114078638447522
2026-05-13 18:49:40.380001,GOOGL,Technology,-0.0086831123600959,0.0,-0.000570559353247988,-0.0031792061244269544
2026-05-14 18:49:40.380001,GOOGL,Technology,-0.0054025630822192,0.0,-0.000570559353247988,0.00010113883368777536
2026-05-15 18:49:40.380001,GOOGL,Technology,-0.066712573349321,0.0,-0.000570559353247988,-0.00011765519586770469
2026-05-18 18:49:40.380001,GOOGL,Technology,-0.0226421591868667,0.0,-0.000570559353247988,-0.0014001249121661256
2026-05-19 18:49:40.380001,GOOGL,Technology,-0.0512001668014885,0.0,-0.000570559353247988,-0.0003413821692233092
2026-05-20 18:49:40.380001,GOOGL,Technology,-0.0164837920070892,0.0,-0.000570559353247988,-0.0010329091459039819
2026-05-21 18:49:40.380001,GOOGL,Technology,0.0495780760621935,0.0,-0.000570559353247988,-0.0014203468997392972
2026-05-22 18:49:40.380001,GOOGL,Technology,0.0137585998795983,0.0,-0.000570559353247988,-0.0007945572876187668
2026-05-25 18:49:40.380001,GOOGL,Technology,0.0752338986783929,0.0,-0.000570559353247988,0.0018222301417275795
2026-05-26 18:49:40.380001,GOOGL,Technology,-0.0098466019401912,0.0,-0.000570559353247988,0.00018264808578738608
2026-05-27 18:49:40.380001,GOOGL,Technology,-0.0282182518242069,0.0,-0.000570559353247988,0.002082647903378226
2026-05-28 18:49:40.380001,GOOGL,Technology,0.0482113843539892,0.0,-0.000570559353247988,-0.00043150464355713074
2026-05-29 18:49:40.380001,GOOGL,Technology,0.0031335469603067,0.0,-0.000570559353247988,-0.0021995444662520187
2026-06-01 18:49:40.380001,GOOGL,Technology,0.0034796949993788,0.0,-0.000570559353247988,0.00016401640563923792
2026-06-02 18:49:40.380001,GOOGL,Technology,0.0188718722174854,0.0,-0.000570559353247988,-0.0021271537669924215
2026-06-03 18:49:40.380001,GOOGL,Technology,-0.0369064206093725,0.0,-0.000570559353247988,-0.00029311960746990207
2026-06-04 18:49:40.380001,GOOGL,Technology,-0.0377567703447049,0.0,-0.000570559353247988,0.00040297069539971004
2026-06-05 18:49:40.380001,GOOGL,Technology,-0.0044284012437675,0.0,-0.000570559353247988,-0.002343490055651798
2026-06-08 18:49:40.380001,GOOGL,Technology,0.0099750320622898,0.0,-0.000570559353247988,-0.0013994799082753476
2026-06-09 18:49:40.380001,GOOGL,Technology,0.0154532581857781,0.0,-0.000570559353247988,-0.000732415806835287
2026-06-10 18:49:40.380001,GOOGL,Technology,-0.0421823219859089,0.0,-0.000570559353247988,-0.000757359898952153
2026-06-11 18:49:40.380001,GOOGL,Technology,0.015369667480555,0.0,-0.000570559353247988,0.0005058297653822071
2026-06-12 18:49:40.380001,GOOGL,Technology,-0.0022855881952803,0.0,-0.000570559353247988,-0.0006523537153086612
2026-06-15 18:49:40.380001,GOOGL,Technology,0.0286681706171528,0.0,-0.000570559353247988,-0.0001568886242124455
2026-06-16 18:49:40.380001,GOOGL,Technology,-0.0353305685168061,0.0,-0.000570559353247988,-0.000824143051096608
2026-06-17 18:49:40.380001,GOOGL,Technology,-0.0374971892268537,0.0,-0.000570559353247988,-0.0002913351339161144
2026-06-18 18:49:40.380001,GOOGL,Technology,-0.0700053105407815,0.0,-0.000570559353247988,-0.0004278269369887231
2026-06-19 18:49:40.380001,GOOGL,Technology,0.0307356841563622,0.0,-0.000570559353247988,-0.0016508867758851832
2026-06-22 18:49:40.380001,GOOGL,Technology,-0.0143789123562812,0.0,-0.000570559353247988,-0.0019182339682416545
2026-06-23 18:49:40.380001,GOOGL,Technology,-0.0034027504015809,0.0,-0.000570559353247988,-0.0005279973323608172
2026-06-24 18:49:40.380001,GOOGL,Technology,0.0108730158890541,0.0,-0.000570559353247988,-0.0001424848618740009
2026-06-25 18:49:40.380001,GOOGL,Technology,-0.0225315253671745,0.0,-0.000570559353247988,0.00012569743608419157
2026-06-26 18:49:40.380001,GOOGL,Technology,0.0225789551590008,0.0,-0.000570559353247988,0.0010618129923828166
2026-06-29 18:49:40.380001,GOOGL,Technology,-0.0067137686992814,0.0,-0.000570559353247988,-0.0016774908924156282
2026-06-30 18:49:40.380001,GOOGL,Technology,-0.0215700114858395,0.0,-0.000570559353247988,0.0001997110062896551
2026-07-01 18:49:40.380001,GOOGL,Technology,-0.0382080277687661,0.0,-0.000570559353247988,-0.000636383092734006
2026-07-02 18:49:40.380001,GOOGL,Technology,0.0115761148092294,0.0,-0.000570559353247988,-0.0012367249692404672
2026-07-03 18:49:40.380001,GOOGL,Technology,-0.03094701299379,0.0,-0.000570559353247988,-0.0008803911259796159
2026-07-06 18:49:40.380001,GOOGL,Technology,-0.0036449803256328,0.0,-0.000570559353247988,-0.0008025486784369811
2026-07-07 18:49:40.380001,GOOGL,Technology,0.0042477970558406,0.0,-0.000570559353247988,-0.001059314889090147
2026-07-08 18:49:40.380001,GOOGL,Technology,-0.0342389464829697,0.0,-0.000570559353247988,-0.0002005540534055207
2026-07-09 18:49:40.380001,GOOGL,Technology,-0.012649694961843,0.0,-0.000570559353247988,0.0002980571849654285
2026-07-10 18:49:40.380001,GOOGL,Technology,-0.0052498141033687,0.0,-0.000570559353247988,-0.0015060569253219597
2026-07-13 18:49:40.380001,GOOGL,Technology,-0.019767455137633,0.0,-0.000570559353247988,-0.00019533673515191835
2026-07-14 18:49:40.380001,GOOGL,Technology,0.018021904609786,0.0,-0.000570559353247988,-0.000601301025659989
2026-07-15 18:49:40.380001,GOOGL,Technology,0.0451404570483601,0.0,-0.000570559353247988,-0.001061557913017252
2026-07-16 18:49:40.380001,GOOGL,Technology,0.0173849578769881,0.0,-0.000570559353247988,0.0005063175259103775
2026-07-17 18:49:40.380001,GOOGL,Technology,-0.0296110664114641,0.0,-0.000570559353247988,0.000646491824448833
2026-07-20 18:49:40.380001,GOOGL,Technology,0.0241220940879451,0.0,-0.000570559353247988,-9.75791041459309e-05
2026-07-21 18:49:40.380001,GOOGL,Technology,-0.022949585519974,0.0,-0.000570559353247988,-0.0007649074723992871
2026-07-22 18:49:40.380001,GOOGL,Technology,-0.070409226172164,0.0,-0.000570559353247988,-0.0004420420337218179
2026-07-23 18:49:40.380001,GOOGL,Technology,0.0343969538390767,0.0,-0.000570559353247988,-0.0019967707751946807
2026-07-24 18:49:40.380001,GOOGL,Technology,-0.0069140121255415,0.0,-0.000570559353247988,-0.0023377768191041406
2026-07-27 18:49:40.380001,GOOGL,Technology,-0.0599699046367332,0.0,-0.000570559353247988,0.0007605182929611745
2026-07-28 18:49:40.380001,GOOGL,Technology,0.0797301647374329,0.0,-0.000570559353247988,-0.0012182995609608576
2026-07-29 18:49:40.380001,GOOGL,Technology,-0.0036425458336606,0.0,-0.000570559353247988,-0.001300007654338959
2026-07-30 18:49:40.380001,GOOGL,Technology,0.0481765040467589,0.0,-0.000570559353247988,0.002558568171356227
2026-07-31 18:49:40.380001,GOOGL,Technology,-0.0415868811969388,0.0,-0.000570559353247988,-0.001370862633648588
2026-08-03 18:49:40.380001,GOOGL,Technology,-0.0516534188861799,0.0,-0.000570559353247988,0.0005942177755852578
2026-08-04 18:49:40.380001,GOOGL,Technology,-0.0016017846042109,0.0,-0.000570559353247988,-0.00020107171755289128
2025-12-18 18:49:40.380001,MPC,Energy,0.005349859499013,0.0,-0.000570559353247988,0.00321116847330444
2025-12-19 18:49:40.380001,MPC,Energy,0.0525989196977732,0.0,-0.000570559353247988,-0.0009732593388820952
2025-12-22 18:49:40.380001,MPC,Energy,0.0258672118888471,0.0,-0.000570559353247988,-0.0014967548168195767
2025-12-23 18:49:40.380001,MPC,Energy,-0.0339554502815361,0.0,-0.000570559353247988,0.0004974864023847429
2025-12-24 18:49:40.380001,MPC,Energy,0.0139662251284394,0.0,-0.000570559353247988,-0.0021745733584854305
2025-12-25 18:49:40.380001,MPC,Energy,0.0031909031906774,0.0,-0.000570559353247988,-0.0009858739913754392
2025-12-26 18:49:40.380001,MPC,Energy,-0.019637413709845,0.0,-0.000570559353247988,-0.0003895543456855047
2025-12-29 18:49:40.380001,MPC,Energy,-0.0243154398423394,0.0,-0.000570559353247988,-0.0016246702237074024
2025-12-30 18:49:40.380001,MPC,Energy,0.0138864495579625,0.0,-0.000570559353247988,-0.0015148942202659913
2025-12-31 18:49:40.380001,MPC,Energy,-0.0067739378233151,0.0,-0.000570559353247988,-0.00037145292450103853
2026-01-01 18:49:40.380001,MPC,Energy,0.0320050609376292,0.0,-0.000570559353247988,-0.0005719702682861855
2026-01-02 18:49:40.380001,MPC,Energy,-0.032925089208116,0.0,-0.000570559353247988,-0.0007745881444525719
2026-01-05 18:49:40.380001,MPC,Energy,-0.0145321180741174,0.0,-0.000570559353247988,0.0005072638395249566
2026-01-06 18:49:40.380001,MPC,Energy,-0.0251677679201049,0.0,-0.000570559353247988,-0.0007388473742307695
2026-01-07 18:49:40.380001,MPC,Energy,-0.0646297514349878,0.0,-0.000570559353247988,-0.0011572957492301758
2026-01-08 18:49:40.380001,MPC,Energy,-0.0214515670430016,0.0,-0.000570559353247988,-0.0009419678302553302
2026-01-09 18:49:40.380001,MPC,Energy,-0.0769576287520837,0.0,-0.000570559353247988,-0.002537491960761784
2026-01-12 18:49:40.380001,MPC,Energy,0.0523888306042244,0.0,-0.000570559353247988,-0.00033432110233788486
2026-01-13 18:49:40.380001,MPC,Energy,0.0563410169731266,0.0,-0.000570559353247988,-0.0017994088097667174
2026-01-14 18:49:40.380001,MPC,Energy,-0.1040393651129911,0.0,-0.000570559353247988,0.0010589358719766953
2026-01-15 18:49:40.380001,MPC,Energy,-0.0075513115447963,0.0,-0.000570559353247988,0.0019290432786938589
2026-01-16 18:49:40.380001,MPC,Energy,-0.0595577898584074,0.0,-0.000570559353247988,-0.0021693740439396036
2026-01-19 18:49:40.380001,MPC,Energy,-0.0323606582313146,0.0,-0.000570559353247988,0.0008147002209282478
2026-01-20 18:49:40.380001,MPC,Energy,0.0703263670083865,0.0,-0.000570559353247988,-0.0028807420947773396
2026-01-21 18:49:40.380001,MPC,Energy,0.0589045362150074,0.0,-0.000570559353247988,-0.002430723277911628
2026-01-22 18:49:40.380001,MPC,Energy,0.0637660713866959,0.0,-0.000570559353247988,0.002989474235764146
2026-01-23 18:49:40.380001,MPC,Energy,0.0523587306101961,0.0,-0.000570559353247988,0.0008412140696999038
2026-01-26 18:49:40.380001,MPC,Energy,0.0008965576309612,0.0,-0.000570559353247988,0.0019929259767586553
2026-01-27 18:49:40.380001,MPC,Energy,-0.0016461177036973,0.0,-0.000570559353247988,0.0012034774496494836
2026-01-28 18:49:40.380001,MPC,Energy,-0.047890118081072,0.0,-0.000570559353247988,-0.002063814949786273
2026-01-29 18:49:40.380001,MPC,Energy,-0.0971158001761917,0.0,-0.000570559353247988,-0.0018632002115585534
2026-01-30 18:49:40.380001,MPC,Energy,0.0337253092266066,0.0,-0.000570559353247988,-0.002902776287865401
2026-02-02 18:49:40.380001,MPC,Energy,0.0619060497491933,0.0,-0.000570559353247988,-0.003597667337969407
2026-02-03 18:49:40.380001,MPC,Energy,-0.0161386776807593,0.0,-0.000570559353247988,0.0001213685803161279
2026-02-04 18:49:40.380001,MPC,Energy,-0.0045273866874145,0.0,-0.000570559353247988,0.0007849731538166145
2026-02-05 18:49:40.380001,MPC,Energy,0.0702968926271294,0.0,-0.000570559353247988,7.200030618582508e-05
2026-02-06 18:49:40.380001,MPC,Energy,-0.0261679894882296,0.0,-0.000570559353247988,0.0012606911139063375
2026-02-09 18:49:40.380001,MPC,Energy,-0.060730314233993,0.0,-0.000570559353247988,0.0002234208472675802
2026-02-10 18:49:40.380001,MPC,Energy,-0.0103433933350878,0.0,-0.000570559353247988,-0.002429118660396931
2026-02-11 18:49:40.380001,MPC,Energy,-0.1027493118428934,0.0,-0.000570559353247988,-0.0014535585053373963
2026-02-12 18:49:40.380001,MPC,Energy,0.0617587227821763,0.0,-0.000570559353247988,-0.0006874683796941355
2026-02-13 18:49:40.380001,MPC,Energy,-0.0017107908876717,0.0,-0.000570559353247988,-0.004099240326019379
2026-02-16 18:49:40.380001,MPC,Energy,0.039749501657833,0.0,-0.000570559353247988,0.0012841584810724736
2026-02-17 18:49:40.380001,MPC,Energy,0.0191096369069905,0.0,-0.000570559353247988,0.0006201169379753542
2026-02-18 18:49:40.380001,MPC,Energy,-0.0687379277088509,0.0,-0.000570559353247988,0.0004829096356367709
2026-02-19 18:49:40.380001,MPC,Energy,0.0188041721754297,0.0,-0.000570559353247988,0.0018585645025880658
2026-02-20 18:49:40.380001,MPC,Energy,0.0881598431165215,0.0,-0.000570559353247988,-0.0032647299713703874
2026-02-23 18:49:40.380001,MPC,Energy,0.0595903760874634,0.0,-0.000570559353247988,-0.00014098881423359004
2026-02-24 18:49:40.380001,MPC,Energy,0.1431303366631012,0.0,-0.000570559353247988,0.0004930988215159257
2026-02-25 18:49:40.380001,MPC,Energy,-0.0071813701296728,0.0,-0.000570559353247988,0.00029913632487077034
2026-02-26 18:49:40.380001,MPC,Energy,0.0243089487091524,0.0,-0.000570559353247988,0.003990792624195594
2026-02-27 18:49:40.380001,MPC,Energy,-0.0266640203271357,0.0,-0.000570559353247988,-0.0011109069152556864
2026-03-02 18:49:40.380001,MPC,Energy,0.0171955034335691,0.0,-0.000570559353247988,-0.001974982026755105
2026-03-03 18:49:40.380001,MPC,Energy,-0.0685175575153069,0.0,-0.000570559353247988,-0.0023879786117594307
2026-03-04 18:49:40.380001,MPC,Energy,-0.0265650047692148,0.0,-0.000570559353247988,-0.003407233591521919
2026-03-05 18:49:40.380001,MPC,Energy,0.0676228413877916,0.0,-0.000570559353247988,-0.0017883208251268361
2026-03-06 18:49:40.380001,MPC,Energy,0.0956441093547535,0.0,-0.000570559353247988,-0.0016215658948152238
2026-03-09 18:49:40.380001,MPC,Energy,0.03884996387328,0.0,-0.000570559353247988,0.0014234549851463388
2026-03-10 18:49:40.380001,MPC,Energy,0.0393268124140117,0.0,-0.000570559353247988,0.0011447288460163796
2026-03-11 18:49:40.380001,MPC,Energy,-0.0539460239745584,0.0,-0.000570559353247988,0.0016255948459002853
2026-03-12 18:49:40.380001,MPC,Energy,-0.0342076903433781,0.0,-0.000570559353247988,0.0008046726203014021
2026-03-13 18:49:40.380001,MPC,Energy,0.0279082953871636,0.0,-0.000570559353247988,-0.003107255862846925
2026-03-16 18:49:40.380001,MPC,Energy,-0.0291558734340352,0.0,-0.000570559353247988,-0.0033486918294269186
2026-03-17 18:49:40.380001,MPC,Energy,0.0344715753543089,0.0,-0.000570559353247988,-0.0008069469725095123
2026-03-18 18:49:40.380001,MPC,Energy,0.0060015023977852,0.0,-0.000570559353247988,-0.0019957157394519926
2026-03-19 18:49:40.380001,MPC,Energy,-0.0115051595947686,0.0,-0.000570559353247988,0.001247003114919017
2026-03-20 18:49:40.380001,MPC,Energy,0.0169920185306013,0.0,-0.000570559353247988,0.00025432535152648654
2026-03-23 18:49:40.380001,MPC,Energy,-0.0118620620995826,0.0,-0.000570559353247988,-0.001393023244851326
2026-03-24 18:49:40.380001,MPC,Energy,0.0232350258854017,0.0,-0.000570559353247988,0.000382355357641401
2026-03-25 18:49:40.380001,MPC,Energy,0.0516623244886137,0.0,-0.000570559353247988,-0.0015409853805529827
2026-03-26 18:49:40.380001,MPC,Energy,0.022594249655431,0.0,-0.000570559353247988,-0.00020806402954834022
2026-03-27 18:49:40.380001,MPC,Energy,-0.0538557856920946,0.0,-0.000570559353247988,0.0007644350711421391
2026-03-30 18:49:40.380001,MPC,Energy,-0.0285392786879471,0.0,-0.000570559353247988,-0.0004525819745435027
2026-03-31 18:49:40.380001,MPC,Energy,-0.0300719704596136,0.0,-0.000570559353247988,-0.0014070403294087711
2026-04-01 18:49:40.380001,MPC,Energy,0.0341743159252713,0.0,-0.000570559353247988,-0.0016384014983153459
2026-04-02 18:49:40.380001,MPC,Energy,0.0077696754069488,0.0,-0.000570559353247988,-0.002282294269926584
2026-04-03 18:49:40.380001,MPC,Energy,0.0351349627107693,0.0,-0.000570559353247988,-0.0003251423860650284
2026-04-06 18:49:40.380001,MPC,Energy,-0.0239799357236624,0.0,-0.000570559353247988,0.0006817271334087959
2026-04-07 18:49:40.380001,MPC,Energy,-0.0344800856746416,0.0,-0.000570559353247988,0.0007546777406158158
2026-04-08 18:49:40.380001,MPC,Energy,0.0345495781891104,0.0,-0.000570559353247988,-0.0004428243853586074
2026-04-09 18:49:40.380001,MPC,Energy,-0.0161021720347583,0.0,-0.000570559353247988,-0.0019912266376644642
2026-04-10 18:49:40.380001,MPC,Energy,0.0434265775932543,0.0,-0.000570559353247988,-4.419946416225093e-06
2026-04-13 18:49:40.380001,MPC,Energy,-0.0023275530384709,0.0,-0.000570559353247988,-0.001641647004054164
2026-04-14 18:49:40.380001,MPC,Energy,0.0289675219346912,0.0,-0.000570559353247988,0.0008405941725855901
2026-04-15 18:49:40.380001,MPC,Energy,0.0183534617456124,0.0,-0.000570559353247988,8.738402020667133e-05
2026-04-16 18:49:40.380001,MPC,Energy,-0.0296564651474423,0.0,-0.000570559353247988,-0.0006917490825311469
2026-04-17 18:49:40.380001,MPC,Energy,0.0088608275463655,0.0,-0.000570559353247988,0.00014585942021521638
2026-04-20 18:49:40.380001,MPC,Energy,0.0166243110356089,0.0,-0.000570559353247988,-0.0020945307175922936
2026-04-21 18:49:40.380001,MPC,Energy,0.0223659353014301,0.0,-0.000570559353247988,-0.00033651012524359917
2026-04-22 18:49:40.380001,MPC,Energy,0.019320038930737,0.0,-0.000570559353247988,-0.0008329522989593429
2026-04-23 18:49:40.380001,MPC,Energy,-0.0555723604411478,0.0,-0.000570559353247988,-0.00048619514510738176
2026-04-24 18:49:40.380001,MPC,Energy,-0.0457986764249416,0.0,-0.000570559353247988,0.00044143604400688887
2026-04-27 18:49:40.380001,MPC,Energy,-0.0029814024712874,0.0,-0.000570559353247988,-0.0018705035565723155
2026-04-28 18:49:40.380001,MPC,Energy,0.0232600954143715,0.0,-0.000570559353247988,-0.001841899004776279
2026-04-29 18:49:40.380001,MPC,Energy,-0.0262770029477665,0.0,-0.000570559353247988,-0.001100103611905978
2026-04-30 18:49:40.380001,MPC,Energy,-0.0491013840127777,0.0,-0.000570559353247988,-0.0004877566447306201
2026-05-01 18:49:40.380001,MPC,Energy,0.0256802675392268,0.0,-0.000570559353247988,1.8474253144705488e-05
2026-05-04 18:49:40.380001,MPC,Energy,0.0445888032783886,0.0,-0.000570559353247988,-0.0006286987462682845
2026-05-05 18:49:40.380001,MPC,Energy,-0.0104404725205114,0.0,-0.000570559353247988,3.0614026487714896e-05
2026-05-06 18:49:40.380001,MPC,Energy,-0.0470318848282295,0.0,-0.000570559353247988,-0.00011547104310026871
2026-05-07 18:49:40.380001,MPC,Energy,-0.0266410048594432,0.0,-0.000570559353247988,-0.00024449826636075897
2026-05-08 18:49:40.380001,MPC,Energy,-0.0541499611440055,0.0,-0.000570559353247988,-0.0005225113375366767
2026-05-11 18:49:40.380001,MPC,Energy,-0.0160899658017408,0.0,-0.000570559353247988,-0.001652305442959003
2026-05-12 18:49:40.380001,MPC,Energy,0.0064021687756367,0.0,-0.000570559353247988,-0.0026050837485535965
2026-05-13 18:49:40.380001,MPC,Energy,-0.0282710099339238,0.0,-0.000570559353247988,-0.0006827137575731488
2026-05-14 18:49:40.380001,MPC,Energy,0.0355617462829355,0.0,-0.000570559353247988,0.0005184769738156722
2026-05-15 18:49:40.380001,MPC,Energy,-0.0053487473607691,0.0,-0.000570559353247988,-0.0005984852149892639
2026-05-18 18:49:40.380001,MPC,Energy,0.0080130448226754,0.0,-0.000570559353247988,0.0012743445344270297
2026-05-19 18:49:40.380001,MPC,Energy,-0.0048244457823739,0.0,-0.000570559353247988,-0.0003473242969496952
2026-05-20 18:49:40.380001,MPC,Energy,-0.0053187048544225,0.0,-0.000570559353247988,-0.0005359073281098608
2026-05-21 18:49:40.380001,MPC,Energy,0.0136643614448721,0.0,-0.000570559353247988,-8.903242274156881e-05
2026-05-22 18:49:40.380001,MPC,Energy,0.0176575784863607,0.0,-0.000570559353247988,-0.0014304003354745796
2026-05-25 18:49:40.380001,MPC,Energy,0.0324170026166666,0.0,-0.000570559353247988,-0.00017361124506984251
2026-05-26 18:49:40.380001,MPC,Energy,-0.0108098662449215,0.0,-0.000570559353247988,-0.0003677682565509272
2026-05-27 18:49:40.380001,MPC,Energy,-0.0181079378974907,0.0,-0.000570559353247988,0.00021204977835022874
2026-05-28 18:49:40.380001,MPC,Energy,-0.0279177994609624,0.0,-0.000570559353247988,-0.0006806460417151434
2026-05-29 18:49:40.380001,MPC,Energy,0.046958917406454,0.0,-0.000570559353247988,-0.0012253043939218899
2026-06-01 18:49:40.380001,MPC,Energy,-0.0100100259908285,0.0,-0.000570559353247988,-0.0015076518006425991
2026-06-02 18:49:40.380001,MPC,Energy,0.053002519573612,0.0,-0.000570559353247988,-0.0002598143587307678
2026-06-03 18:49:40.380001,MPC,Energy,0.0196473971707993,0.0,-0.000570559353247988,-0.0005511272823843374
2026-06-04 18:49:40.380001,MPC,Energy,-0.0176929084106167,0.0,-0.000570559353247988,0.000928771662912437
2026-06-05 18:49:40.380001,MPC,Energy,0.0702571062035637,0.0,-0.000570559353247988,0.00041323676443781306
2026-06-08 18:49:40.380001,MPC,Energy,-0.019447434302487,0.0,-0.000570559353247988,-0.0019299029003299497
2026-06-09 18:49:40.380001,MPC,Energy,0.0154880974358983,0.0,-0.000570559353247988,0.0011420606659341354
2026-06-10 18:49:40.380001,MPC,Energy,0.0235603630656529,0.0,-0.000570559353247988,-0.0020974795513746445
2026-06-11 18:49:40.380001,MPC,Energy,0.0248839284887599,0.0,-0.000570559353247988,-0.0006584159469439327
2026-06-12 18:49:40.380001,MPC,Energy,0.0280618578879295,0.0,-0.000570559353247988,0.0002882155062817923
2026-06-15 18:49:40.380001,MPC,Energy,0.0506690228841162,0.0,-0.000570559353247988,-0.0015602094046810889
2026-06-16 18:49:40.380001,MPC,Energy,0.0387504033221218,0.0,-0.000570559353247988,0.0004194359983636051
2026-06-17 18:49:40.380001,MPC,Energy,0.0088753729088906,0.0,-0.000570559353247988,0.00018090907344467226
2026-06-18 18:49:40.380001,MPC,Energy,-0.0069322896373362,0.0,-0.000570559353247988,-0.00024762121180799894
2026-06-19 18:49:40.380001,MPC,Energy,-0.0015505181321148,0.0,-0.000570559353247988,-0.0009079604467989677
2026-06-22 18:49:40.380001,MPC,Energy,0.0045982694886799,0.0,-0.000570559353247988,-0.001302687752363107
2026-06-23 18:49:40.380001,MPC,Energy,-0.0112805804990762,0.0,-0.000570559353247988,-0.0016804979240272987
2026-06-24 18:49:40.380001,MPC,Energy,0.0076415027122073,0.0,-0.000570559353247988,-0.0012943244861796984
2026-06-25 18:49:40.380001,MPC,Energy,0.0310629218621934,0.0,-0.000570559353247988,-0.0009856771200011222
2026-06-26 18:49:40.380001,MPC,Energy,0.0211021029361588,0.0,-0.000570559353247988,-0.00026668966874112017
2026-06-29 18:49:40.380001,MPC,Energy,0.0456813185681099,0.0,-0.000570559353247988,0.00011536984192464007
2026-06-30 18:49:40.380001,MPC,Energy,-0.0113403585521624,0.0,-0.000570559353247988,-0.00022381435960029054
2026-07-01 18:49:40.380001,MPC,Energy,0.0209235628195736,0.0,-0.000570559353247988,0.0006300807875530072
2026-07-02 18:49:40.380001,MPC,Energy,0.0307904278314694,0.0,-0.000570559353247988,-0.0009610518707417018
2026-07-03 18:49:40.380001,MPC,Energy,0.0314978958147323,0.0,-0.000570559353247988,-0.0007872977508634748
2026-07-06 18:49:40.380001,MPC,Energy,0.0217991797173438,0.0,-0.000570559353247988,-0.00036568325859523746
2026-07-07 18:49:40.380001,MPC,Energy,0.0053235024880732,0.0,-0.000570559353247988,-0.0008785937254153548
2026-07-08 18:49:40.380001,MPC,Energy,0.0162953843985855,0.0,-0.000570559353247988,0.00012091802707363622
2026-07-09 18:49:40.380001,MPC,Energy,0.0085601804536176,0.0,-0.000570559353247988,-0.0008976873730414243
2026-07-10 18:49:40.380001,MPC,Energy,0.0399407536600493,0.0,-0.000570559353247988,-0.0008788811397163631
2026-07-13 18:49:40.380001,MPC,Energy,-0.0070744047991671,0.0,-0.000570559353247988,-0.0010558653631585774
2026-07-14 18:49:40.380001,MPC,Energy,-0.0532772367799349,0.0,-0.000570559353247988,-0.0001846113194486379
2026-07-15 18:49:40.380001,MPC,Energy,-0.0307046121407654,0.0,-0.000570559353247988,-0.000825247668000524
2026-07-16 18:49:40.380001,MPC,Energy,-0.0186753815181287,0.0,-0.000570559353247988,-0.001982004085984601
2026-07-17 18:49:40.380001,MPC,Energy,-0.0196631717042828,0.0,-0.000570559353247988,-0.0013720740313861919
2026-07-20 18:49:40.380001,MPC,Energy,-0.0266843073040911,0.0,-0.000570559353247988,-0.0017975578061698323
2026-07-21 18:49:40.380001,MPC,Energy,0.0011419357152026,0.0,-0.000570559353247988,-0.0008245552454869239
2026-07-22 18:49:40.380001,MPC,Energy,0.0200373787324546,0.0,-0.000570559353247988,-3.487737326056731e-05
2026-07-23 18:49:40.380001,MPC,Energy,-0.0397223107994253,0.0,-0.000570559353247988,8.310604752619695e-05
2026-07-24 18:49:40.380001,MPC,Energy,0.0519111089813288,0.0,-0.000570559353247988,0.0002338637236702965
2026-07-27 18:49:40.380001,MPC,Energy,0.0178782741983854,0.0,-0.000570559353247988,-0.0009688297104729521
2026-07-28 18:49:40.380001,MPC,Energy,-0.0256436732253406,0.0,-0.000570559353247988,0.0010792369986859915
2026-07-29 18:49:40.380001,MPC,Energy,0.0796879320094541,0.0,-0.000570559353247988,-0.00021972268699919906
2026-07-30 18:49:40.380001,MPC,Energy,-0.0316013836302097,0.0,-0.000570559353247988,-0.0015122876459506209
2026-07-31 18:49:40.380001,MPC,Energy,-0.0432767407398805,0.0,-0.000570559353247988,0.001954229527561176
2026-08-03 18:49:40.380001,MPC,Energy,0.0323066664370595,0.0,-0.000570559353247988,-0.0023183782308302233
2026-08-04 18:49:40.380001,MPC,Energy,-0.0203455025072926,0.0,-0.000570559353247988,-0.0018185659999936181
2025-12-18 18:49:40.380001,MSFT,Technology,-0.0406356374184192,0.0,-0.000570559353247988,0.00010634057608115502
2025-12-19 18:49:40.380001,MSFT,Technology,-0.019253262001557,0.0,-0.000570559353247988,-0.0010195329850075513
2025-12-22 18:49:40.380001,MSFT,Technology,0.0165049052949488,0.0,-0.000570559353247988,-0.0016533646227011038
2025-12-23 18:49:40.380001,MSFT,Technology,0.0645909085556029,0.0,-0.000570559353247988,-0.0008424400806274593
2025-12-24 18:49:40.380001,MSFT,Technology,0.0206954958388619,0.0,-0.000570559353247988,-0.0010780753913484046
2025-12-25 18:49:40.380001,MSFT,Technology,-0.0185165180651002,0.0,-0.000570559353247988,0.0006543153051799482
2025-12-26 18:49:40.380001,MSFT,Technology,-0.0312666557668609,0.0,-0.000570559353247988,0.0006906478790286685
2025-12-29 18:49:40.380001,MSFT,Technology,0.0103100189761831,0.0,-0.000570559353247988,-0.0005516005421206657
2025-12-30 18:49:40.380001,MSFT,Technology,0.0509902917280066,0.0,-0.000570559353247988,-0.001550467735872228
2025-12-31 18:49:40.380001,MSFT,Technology,0.0169250039038265,0.0,-0.000570559353247988,-0.0017407524029877733
2026-01-01 18:49:40.380001,MSFT,Technology,-0.0300338038811086,0.0,-0.000570559353247988,7.773322407488286e-05
2026-01-02 18:49:40.380001,MSFT,Technology,0.0205129743143214,0.0,-0.000570559353247988,0.00016511761749886443
2026-01-05 18:49:40.380001,MSFT,Technology,0.0255623718462466,0.0,-0.000570559353247988,-0.0005405046927205499
2026-01-06 18:49:40.380001,MSFT,Technology,-0.0562569061405642,0.0,-0.000570559353247988,-0.0003557934229320227
2026-01-07 18:49:40.380001,MSFT,Technology,0.0196590100637922,0.0,-0.000570559353247988,-0.0011205384380084255
2026-01-08 18:49:40.380001,MSFT,Technology,-0.0122035048999669,0.0,-0.000570559353247988,-0.002053587621252583
2026-01-09 18:49:40.380001,MSFT,Technology,0.0211433383767016,0.0,-0.000570559353247988,0.00045618638110811645
2026-01-12 18:49:40.380001,MSFT,Technology,-0.0556510391230158,0.0,-0.000570559353247988,-0.0012498774771030822
2026-01-13 18:49:40.380001,MSFT,Technology,-0.0087344204773734,0.0,-0.000570559353247988,-0.0006651034510825031
2026-01-14 18:49:40.380001,MSFT,Technology,-0.0213540638301162,0.0,-0.000570559353247988,-0.0005506565013461564
2026-01-15 18:49:40.380001,MSFT,Technology,-0.0200592926324546,0.0,-0.000570559353247988,-0.0011608455065459473
2026-01-16 18:49:40.380001,MSFT,Technology,0.0404134372700928,0.0,-0.000570559353247988,-0.000753246723455384
2026-01-19 18:49:40.380001,MSFT,Technology,-0.0140859298703678,0.0,-0.000570559353247988,-0.00142296601892689
2026-01-20 18:49:40.380001,MSFT,Technology,0.0284540480139131,0.0,-0.000570559353247988,0.0014079893614391838
2026-01-21 18:49:40.380001,MSFT,Technology,-0.0001460055089738,0.0,-0.000570559353247988,-0.000677032407202896
2026-01-22 18:49:40.380001,MSFT,Technology,0.0137454199545798,0.0,-0.000570559353247988,0.00046658227786169914
2026-01-23 18:49:40.380001,MSFT,Technology,-0.0630121482853826,0.0,-0.000570559353247988,-0.00015913512426844777
2026-01-26 18:49:40.380001,MSFT,Technology,-0.0271526141051593,0.0,-0.000570559353247988,-0.001139531593469507
2026-01-27 18:49:40.380001,MSFT,Technology,0.0455850243055045,0.0,-0.000570559353247988,-0.0015398830874038681
2026-01-28 18:49:40.380001,MSFT,Technology,-0.0056225723448408,0.0,-0.000570559353247988,-0.0017218025616503319
2026-01-29 18:49:40.380001,MSFT,Technology,0.0594660769705956,0.0,-0.000570559353247988,0.00039799192664657934
2026-01-30 18:49:40.380001,MSFT,Technology,-0.0310083270108321,0.0,-0.000570559353247988,-0.0009720839127937852
2026-02-02 18:49:40.380001,MSFT,Technology,-0.0079784232302672,0.0,-0.000570559353247988,0.001965933221068556
2026-02-03 18:49:40.380001,MSFT,Technology,-0.0629093252551059,0.0,-0.000570559353247988,-0.0006430443861271264
2026-02-04 18:49:40.380001,MSFT,Technology,0.1068003930401055,0.0,-0.000570559353247988,-0.0017018495708011417
2026-02-05 18:49:40.380001,MSFT,Technology,0.0853860901615931,0.0,-0.000570559353247988,-0.0017119925464836104
2026-02-06 18:49:40.380001,MSFT,Technology,-0.0922414421543668,0.0,-0.000570559353247988,0.00048722987190182043
2026-02-09 18:49:40.380001,MSFT,Technology,-0.0711464794087996,0.0,-0.000570559353247988,0.0019073481444925452
2026-02-10 18:49:40.380001,MSFT,Technology,-0.1610374243399596,0.0,-0.000570559353247988,-0.002224215079777348
2026-02-11 18:49:40.380001,MSFT,Technology,0.0026189849576545,0.0,-0.000570559353247988,-0.0007209423790306388
2026-02-12 18:49:40.380001,MSFT,Technology,0.1111411272321828,0.0,-0.000570559353247988,-0.00598353604555209
2026-02-13 18:49:40.380001,MSFT,Technology,-0.0072476046239507,0.0,-0.000570559353247988,-0.0023663681367011797
2026-02-16 18:49:40.380001,MSFT,Technology,0.0066440216170493,0.0,-0.000570559353247988,0.003690741691473343
2026-02-17 18:49:40.380001,MSFT,Technology,-0.1149445361138285,0.0,-0.000570559353247988,0.0007088182576401094
2026-02-18 18:49:40.380001,MSFT,Technology,-0.0357703155402119,0.0,-0.000570559353247988,0.002659130110330394
2026-02-19 18:49:40.380001,MSFT,Technology,0.0817117325906377,0.0,-0.000570559353247988,-0.00286672216418315
2026-02-20 18:49:40.380001,MSFT,Technology,0.0540857444731416,0.0,-0.000570559353247988,-0.0037368947540780046
2026-02-23 18:49:40.380001,MSFT,Technology,0.0299106006985521,0.0,-0.000570559353247988,0.0013405215453236976
2026-02-24 18:49:40.380001,MSFT,Technology,-0.0397803431828588,0.0,-0.000570559353247988,0.0004410831126450879
2026-02-25 18:49:40.380001,MSFT,Technology,-0.0421458532523923,0.0,-0.000570559353247988,0.0023144994927888525
2026-02-26 18:49:40.380001,MSFT,Technology,0.0644901775625373,0.0,-0.000570559353247988,-0.0006444968511673414
2026-02-27 18:49:40.380001,MSFT,Technology,0.0896548753116695,0.0,-0.000570559353247988,-0.003190273997439749
2026-03-02 18:49:40.380001,MSFT,Technology,0.1129979970099881,0.0,-0.000570559353247988,-0.00034690542966243465
2026-03-03 18:49:40.380001,MSFT,Technology,-0.0003639096062747,0.0,-0.000570559353247988,0.0007385117202293076
2026-03-04 18:49:40.380001,MSFT,Technology,-0.0472407375359979,0.0,-0.000570559353247988,0.0027132722477344997
2026-03-05 18:49:40.380001,MSFT,Technology,0.0918236737193745,0.0,-0.000570559353247988,0.0002811736672416249
2026-03-06 18:49:40.380001,MSFT,Technology,0.020586271154039,0.0,-0.000570559353247988,-0.0029060220063142892
2026-03-09 18:49:40.380001,MSFT,Technology,-0.0216633778877597,0.0,-0.000570559353247988,-0.0005302813008419707
2026-03-10 18:49:40.380001,MSFT,Technology,0.0553031630073212,0.0,-0.000570559353247988,-0.0026242776106537857
2026-03-11 18:49:40.380001,MSFT,Technology,0.0560089033571287,0.0,-0.000570559353247988,-0.0010039323141703676
2026-03-12 18:49:40.380001,MSFT,Technology,-0.1092722252597779,0.0,-0.000570559353247988,0.0015647562515034188
2026-03-13 18:49:40.380001,MSFT,Technology,-0.0863820217442631,0.0,-0.000570559353247988,-0.0013764246370743848
2026-03-16 18:49:40.380001,MSFT,Technology,0.0019339683235942,0.0,-0.000570559353247988,-0.003139587000489791
2026-03-17 18:49:40.380001,MSFT,Technology,0.1762107683179786,0.0,-0.000570559353247988,-0.0018333659063939772
2026-03-18 18:49:40.380001,MSFT,Technology,0.0054849368162397,0.0,-0.000570559353247988,-0.0017100027684271869
2026-03-19 18:49:40.380001,MSFT,Technology,0.0195833683057753,0.0,-0.000570559353247988,0.002215788852913488
2026-03-20 18:49:40.380001,MSFT,Technology,-0.0254881388158638,0.0,-0.000570559353247988,0.001695453970977767
2026-03-23 18:49:40.380001,MSFT,Technology,-0.0953853384373324,0.0,-0.000570559353247988,0.0015591885543759856
2026-03-24 18:49:40.380001,MSFT,Technology,0.073146148613672,0.0,-0.000570559353247988,-0.001128893481842863
2026-03-25 18:49:40.380001,MSFT,Technology,-0.0256723559803894,0.0,-0.000570559353247988,-0.006451611470577593
2026-03-26 18:49:40.380001,MSFT,Technology,-0.0031496180054331,0.0,-0.000570559353247988,0.0008850037874343562
2026-03-27 18:49:40.380001,MSFT,Technology,-0.0296545929179098,0.0,-0.000570559353247988,-0.0015032443927823886
2026-03-30 18:49:40.380001,MSFT,Technology,0.0293252912382435,0.0,-0.000570559353247988,-0.00011084671678055792
2026-03-31 18:49:40.380001,MSFT,Technology,0.1325812318672357,0.0,-0.000570559353247988,0.0007176529656207667
2026-04-01 18:49:40.380001,MSFT,Technology,-0.138042199104745,0.0,-0.000570559353247988,-0.0015304039932970788
2026-04-02 18:49:40.380001,MSFT,Technology,0.0661152381594723,0.0,-0.000570559353247988,0.0028871031151158663
2026-04-03 18:49:40.380001,MSFT,Technology,-0.0038942934800924,0.0,-0.000570559353247988,-0.0031674508938499173
2026-04-06 18:49:40.380001,MSFT,Technology,-0.0577577269292932,0.0,-0.000570559353247988,0.0014505558111410017
2026-04-07 18:49:40.380001,MSFT,Technology,0.0002284335441447,0.0,-0.000570559353247988,-0.0012672685882187664
2026-04-08 18:49:40.380001,MSFT,Technology,0.1092981805652181,0.0,-0.000570559353247988,-0.004673602698972152
2026-04-09 18:49:40.380001,MSFT,Technology,-0.0263295782615947,0.0,-0.000570559353247988,0.0021147319621312747
2026-04-10 18:49:40.380001,MSFT,Technology,0.0569189127939507,0.0,-0.000570559353247988,0.000397637303750453
2026-04-13 18:49:40.380001,MSFT,Technology,-0.1099898307235228,0.0,-0.000570559353247988,-0.0010248695420104295
2026-04-14 18:49:40.380001,MSFT,Technology,-0.0014212614112258,0.0,-0.000570559353247988,0.0018073858809879687
2026-04-15 18:49:40.380001,MSFT,Technology,-0.0280396511255879,0.0,-0.000570559353247988,-0.002725504209029457
2026-04-16 18:49:40.380001,MSFT,Technology,-0.0339125138381226,0.0,-0.000570559353247988,-0.0029974774060141747
2026-04-17 18:49:40.380001,MSFT,Technology,0.0320660515891848,0.0,-0.000570559353247988,-0.0006001385028394818
2026-04-20 18:49:40.380001,MSFT,Technology,0.0956164869705109,0.0,-0.000570559353247988,-0.002474447587724857
2026-04-21 18:49:40.380001,MSFT,Technology,0.0471155204011233,0.0,-0.000570559353247988,0.0022684509041479488
2026-04-22 18:49:40.380001,MSFT,Technology,0.0851990825428152,0.0,-0.000570559353247988,0.0015339360295794037
2026-04-23 18:49:40.380001,MSFT,Technology,-0.0486057255479167,0.0,-0.000570559353247988,0.0010025199240347085
2026-04-24 18:49:40.380001,MSFT,Technology,-0.060661131096078,0.0,-0.000570559353247988,0.001961548252151953
2026-04-27 18:49:40.380001,MSFT,Technology,-0.0332271753614968,0.0,-0.000570559353247988,-0.0022259377993501268
2026-04-28 18:49:40.380001,MSFT,Technology,0.0626441562618901,0.0,-0.000570559353247988,-0.003869327500438417
2026-04-29 18:49:40.380001,MSFT,Technology,-0.0564643250237623,0.0,-0.000570559353247988,-0.0022462119070773626
2026-04-30 18:49:40.380001,MSFT,Technology,0.0981649412818447,0.0,-0.000570559353247988,-0.0010805848455411786
2026-05-01 18:49:40.380001,MSFT,Technology,0.0914750385720006,0.0,-0.000570559353247988,-0.0007173799827790752
2026-05-04 18:49:40.380001,MSFT,Technology,0.0607698135939432,0.0,-0.000570559353247988,0.0027852270249211658
2026-05-05 18:49:40.380001,MSFT,Technology,0.1130750352992581,0.0,-0.000570559353247988,0.002089428393075743
2026-05-06 18:49:40.380001,MSFT,Technology,0.0382453261160862,0.0,-0.000570559353247988,-0.0006172323342248045
2026-05-07 18:49:40.380001,MSFT,Technology,-0.0311207306253645,0.0,-0.000570559353247988,0.003045386514425896
2026-05-08 18:49:40.380001,MSFT,Technology,-0.1371165804390312,0.0,-0.000570559353247988,-0.0019060359610742032
2026-05-11 18:49:40.380001,MSFT,Technology,-0.0204901166040363,0.0,-0.000570559353247988,-0.0031918516670603803
2026-05-12 18:49:40.380001,MSFT,Technology,0.013478853374261,0.0,-0.000570559353247988,-0.004517770402157323
2026-05-13 18:49:40.380001,MSFT,Technology,0.0644318079751978,0.0,-0.000570559353247988,-0.0034748780135984876
2026-05-14 18:49:40.380001,MSFT,Technology,0.1728208026995243,0.0,-0.000570559353247988,-0.0010982650354060645
2026-05-15 18:49:40.380001,MSFT,Technology,-0.0215911113480317,0.0,-0.000570559353247988,0.0014429748081000787
2026-05-18 18:49:40.380001,MSFT,Technology,0.0519887830585675,0.0,-0.000570559353247988,0.005991146363742652
2026-05-19 18:49:40.380001,MSFT,Technology,-0.0323884759008496,0.0,-0.000570559353247988,-0.0005886753050410707
2026-05-20 18:49:40.380001,MSFT,Technology,-0.0012019084055465,0.0,-0.000570559353247988,0.00025196519636588703
2026-05-21 18:49:40.380001,MSFT,Technology,0.0604478697455497,0.0,-0.000570559353247988,-0.0026098309669466344
2026-05-22 18:49:40.380001,MSFT,Technology,0.0907367458066533,0.0,-0.000570559353247988,-0.004512826608020472
2026-05-25 18:49:40.380001,MSFT,Technology,0.0379717160535129,0.0,-0.000570559353247988,0.0011625255381441427
2026-05-26 18:49:40.380001,MSFT,Technology,-0.077161906482075,0.0,-0.000570559353247988,0.00028511390964821627
2026-05-27 18:49:40.380001,MSFT,Technology,0.0825203007583347,0.0,-0.000570559353247988,0.0008930405015983982
2026-05-28 18:49:40.380001,MSFT,Technology,0.0881304418027339,0.0,-0.000570559353247988,-0.002078086183107049
2026-05-29 18:49:40.380001,MSFT,Technology,-0.0660040444940925,0.0,-0.000570559353247988,-8.591719714374265e-05
2026-06-01 18:49:40.380001,MSFT,Technology,0.0103779894314847,0.0,-0.000570559353247988,-0.0006383717284919017
2026-06-02 18:49:40.380001,MSFT,Technology,0.1740510770755094,0.0,-0.000570559353247988,-0.002692464293412713
2026-06-03 18:49:40.380001,MSFT,Technology,0.0086259087109445,0.0,-0.000570559353247988,0.001189608087170072
2026-06-04 18:49:40.380001,MSFT,Technology,0.0532811857786298,0.0,-0.000570559353247988,0.001572326391613644
2026-06-05 18:49:40.380001,MSFT,Technology,-0.001154191361576,0.0,-0.000570559353247988,-0.0023037367858014454
2026-06-08 18:49:40.380001,MSFT,Technology,0.0403827857806412,0.0,-0.000570559353247988,0.0018890059282650781
2026-06-09 18:49:40.380001,MSFT,Technology,0.1823215567939546,0.0,-0.000570559353247988,-0.0008092637888811749
2026-06-10 18:49:40.380001,MSFT,Technology,-0.0652988601462214,0.0,-0.000570559353247988,-0.003666954538918208
2026-06-11 18:49:40.380001,MSFT,Technology,-0.021247927772383,0.0,-0.000570559353247988,0.0033836569001541982
2026-06-12 18:49:40.380001,MSFT,Technology,-0.0405809656892981,0.0,-0.000570559353247988,-0.0030117283520982216
2026-06-15 18:49:40.380001,MSFT,Technology,-0.0180982752615306,0.0,-0.000570559353247988,-0.0009791248165667453
2026-06-16 18:49:40.380001,MSFT,Technology,-0.0820536501176434,0.0,-0.000570559353247988,-0.002246519582141705
2026-06-17 18:49:40.380001,MSFT,Technology,-0.0925024312610489,0.0,-0.000570559353247988,-0.005094320106806133
2026-06-18 18:49:40.380001,MSFT,Technology,-0.0675745354002798,0.0,-0.000570559353247988,-0.0008831254252561525
2026-06-19 18:49:40.380001,MSFT,Technology,-0.1253529778148784,0.0,-0.000570559353247988,-0.0019574523724902736
2026-06-22 18:49:40.380001,MSFT,Technology,-0.1293055685218662,0.0,-0.000570559353247988,-0.0010925777974292589
2026-06-23 18:49:40.380001,MSFT,Technology,-0.1385778487704722,0.0,-0.000570559353247988,-0.0026303377457463605
2026-06-24 18:49:40.380001,MSFT,Technology,-0.0234553018316097,0.0,-0.000570559353247988,-0.0014382368655098078
2026-06-25 18:49:40.380001,MSFT,Technology,-0.0031790224266678,0.0,-0.000570559353247988,-0.0014068683760468954
2026-06-26 18:49:40.380001,MSFT,Technology,0.0335326920185735,0.0,-0.000570559353247988,0.0003098024812741388
2026-06-29 18:49:40.380001,MSFT,Technology,0.033023592620866,0.0,-0.000570559353247988,0.0018133384818630667
2026-06-30 18:49:40.380001,MSFT,Technology,0.0939378330658114,0.0,-0.000570559353247988,0.002655806349627846
2026-07-01 18:49:40.380001,MSFT,Technology,-0.1312582087414062,0.0,-0.000570559353247988,0.002813417303341177
2026-07-02 18:49:40.380001,MSFT,Technology,-0.021699103090606,0.0,-0.000570559353247988,0.001947916370911565
2026-07-03 18:49:40.380001,MSFT,Technology,-0.1422411420943005,0.0,-0.000570559353247988,-0.0030443311856017704
2026-07-06 18:49:40.380001,MSFT,Technology,-0.0582927622535765,0.0,-0.000570559353247988,-0.0017206738353443204
2026-07-07 18:49:40.380001,MSFT,Technology,-0.0886181856134399,0.0,-0.000570559353247988,-0.004005720191297657
2026-07-08 18:49:40.380001,MSFT,Technology,-0.1971017778345954,0.0,-0.000570559353247988,-0.0037848772120762397
2026-07-09 18:49:40.380001,MSFT,Technology,-0.0322615680071001,0.0,-0.000570559353247988,0.00023461136192943577
2026-07-10 18:49:40.380001,MSFT,Technology,0.1352812040578261,0.0,-0.000570559353247988,-0.003818987033845465
2026-07-13 18:49:40.380001,MSFT,Technology,-0.1576014298758696,0.0,-0.000570559353247988,0.001529897371601481
2026-07-14 18:49:40.380001,MSFT,Technology,0.0818562257260456,0.0,-0.000570559353247988,0.0036007459170654095
2026-07-15 18:49:40.380001,MSFT,Technology,-0.074818483858292,0.0,-0.000570559353247988,-0.0018195391372571286
2026-07-16 18:49:40.380001,MSFT,Technology,0.1662657339914181,0.0,-0.000570559353247988,0.004910271970081612
2026-07-17 18:49:40.380001,MSFT,Technology,0.0082694150626528,0.0,-0.000570559353247988,-0.0013986206668817665
2026-07-20 18:49:40.380001,MSFT,Technology,0.1343739418362608,0.0,-0.000570559353247988,0.00015925911642390288
2026-07-21 18:49:40.380001,MSFT,Technology,0.098723940721715,0.0,-0.000570559353247988,0.0026320944348627254
2026-07-22 18:49:40.380001,MSFT,Technology,-0.1136613911497034,0.0,-0.000570559353247988,0.0006307527932393303
2026-07-23 18:49:40.380001,MSFT,Technology,0.024887972083999,0.0,-0.000570559353247988,0.0030728319803239785
2026-07-24 18:49:40.380001,MSFT,Technology,-0.1298375468123603,0.0,-0.000570559353247988,-0.00654655331266784
2026-07-27 18:49:40.380001,MSFT,Technology,-0.1057679088548189,0.0,-0.000570559353247988,-0.00022053336850842524
2026-07-28 18:49:40.380001,MSFT,Technology,0.1823215567939549,0.0,-0.000570559353247988,-0.006072409136578686
2026-07-29 18:49:40.380001,MSFT,Technology,0.0167727378953116,0.0,-0.000570559353247988,-0.00479811348991561
2026-07-30 18:49:40.380001,MSFT,Technology,0.0196136281524038,0.0,-0.000570559353247988,0.00579572172516892
2026-07-31 18:49:40.380001,MSFT,Technology,0.0971238574480992,0.0,-0.000570559353247988,-0.0007427671583586317
2026-08-03 18:49:40.380001,MSFT,Technology,-0.1746899595204276,0.0,-0.000570559353247988,0.0023701766468373865
2026-08-04 18:49:40.380001,MSFT,Technology,-0.0740925256433257,0.0,-0.000570559353247988,0.0036238614233715704
2025-12-18 18:49:40.380001,NVDA,Technology,0.0076068776532463,0.0,-0.000570559353247988,-0.00020802970687782763
2025-12-19 18:49:40.380001,NVDA,Technology,-0.0064800376021002,0.0,-0.000570559353247988,-0.0005053157726068097
2025-12-22 18:49:40.380001,NVDA,Technology,-0.0286348874399317,0.0,-0.000570559353247988,4.090737425100071e-05
2025-12-23 18:49:40.380001,NVDA,Technology,0.0258810804561276,0.0,-0.000570559353247988,-0.0012341818589191927
2025-12-24 18:49:40.380001,NVDA,Technology,-0.0084414988665885,0.0,-0.000570559353247988,-0.0012228373813835992
2025-12-25 18:49:40.380001,NVDA,Technology,-0.0040199975056575,0.0,-0.000570559353247988,0.0006244066273790877
2025-12-26 18:49:40.380001,NVDA,Technology,-0.0465191990927435,0.0,-0.000570559353247988,-0.0009010211401428184
2025-12-29 18:49:40.380001,NVDA,Technology,-0.0088794421311442,0.0,-0.000570559353247988,-0.0005174069472194657
2025-12-30 18:49:40.380001,NVDA,Technology,-0.0317403329296605,0.0,-0.000570559353247988,-0.0009213956576966785
2025-12-31 18:49:40.380001,NVDA,Technology,-0.0056768011452991,0.0,-0.000570559353247988,-0.001296057727593133
2026-01-01 18:49:40.380001,NVDA,Technology,-0.0093453938747819,0.0,-0.000570559353247988,-0.0010395774486660044
2026-01-02 18:49:40.380001,NVDA,Technology,0.0486453273220296,0.0,-0.000570559353247988,-0.0006023139805508593
2026-01-05 18:49:40.380001,NVDA,Technology,0.0044511859268765,0.0,-0.000570559353247988,0.00018341629790269486
2026-01-06 18:49:40.380001,NVDA,Technology,-0.004958509255572,0.0,-0.000570559353247988,0.0006448959751142979
2026-01-07 18:49:40.380001,NVDA,Technology,0.0341408628705832,0.0,-0.000570559353247988,0.0001725281517116333
2026-01-08 18:49:40.380001,NVDA,Technology,-0.012658390395989,0.0,-0.000570559353247988,-0.0005532976100401436
2026-01-09 18:49:40.380001,NVDA,Technology,0.0315022888586987,0.0,-0.000570559353247988,0.00034213352203977404
2026-01-12 18:49:40.380001,NVDA,Technology,-0.0940127481924752,0.0,-0.000570559353247988,-0.0018641987350992303
2026-01-13 18:49:40.380001,NVDA,Technology,0.0029079794443547,0.0,-0.000570559353247988,-1.3137377709900987e-07
2026-01-14 18:49:40.380001,NVDA,Technology,-0.0323989245609689,0.0,-0.000570559353247988,-0.0023198937019030057
2026-01-15 18:49:40.380001,NVDA,Technology,-0.0217121903498115,0.0,-0.000570559353247988,-0.0012300612960124777
2026-01-16 18:49:40.380001,NVDA,Technology,0.0525373147203196,0.0,-0.000570559353247988,-0.0009660681610596738
2026-01-19 18:49:40.380001,NVDA,Technology,-0.0282362367810792,0.0,-0.000570559353247988,-0.0016773621961357595
2026-01-20 18:49:40.380001,NVDA,Technology,-0.0125858165179334,0.0,-0.000570559353247988,0.0024099631106742217
2026-01-21 18:49:40.380001,NVDA,Technology,0.0087193310537563,0.0,-0.000570559353247988,-0.0012044532523156595
2026-01-22 18:49:40.380001,NVDA,Technology,-0.0172130335430299,0.0,-0.000570559353247988,-0.00016481009533740674
2026-01-23 18:49:40.380001,NVDA,Technology,-0.0255214447133586,0.0,-0.000570559353247988,5.84547891236102e-05
2026-01-26 18:49:40.380001,NVDA,Technology,-0.0306666481159745,0.0,-0.000570559353247988,-0.0020419631361137643
2026-01-27 18:49:40.380001,NVDA,Technology,-0.01449739210909,0.0,-0.000570559353247988,-0.0005109378621461763
2026-01-28 18:49:40.380001,NVDA,Technology,-0.0198451161868108,0.0,-0.000570559353247988,-0.0009328762157782784
2026-01-29 18:49:40.380001,NVDA,Technology,0.0459216282701899,0.0,-0.000570559353247988,-0.001048020324919196
2026-01-30 18:49:40.380001,NVDA,Technology,-0.0239545691969982,0.0,-0.000570559353247988,-0.0006201504514990805
2026-02-02 18:49:40.380001,NVDA,Technology,-0.0467420907210884,0.0,-0.000570559353247988,0.0009257436705551728
2026-02-03 18:49:40.380001,NVDA,Technology,-0.053563827373081,0.0,-0.000570559353247988,-0.0004303276937299643
2026-02-04 18:49:40.380001,NVDA,Technology,0.0511101950994431,0.0,-0.000570559353247988,-0.0012132364829384834
2026-02-05 18:49:40.380001,NVDA,Technology,-0.0010364854707756,0.0,-0.000570559353247988,-0.0012380820236727774
2026-02-06 18:49:40.380001,NVDA,Technology,-0.0455858449222614,0.0,-0.000570559353247988,-0.000461502185591195
2026-02-09 18:49:40.380001,NVDA,Technology,0.003990333650839,0.0,-0.000570559353247988,-9.835933879566124e-05
2026-02-10 18:49:40.380001,NVDA,Technology,0.0215389581899103,0.0,-0.000570559353247988,-0.0005407070672468517
2026-02-11 18:49:40.380001,NVDA,Technology,-0.001610893749686,0.0,-0.000570559353247988,0.0005974306514111789
2026-02-12 18:49:40.380001,NVDA,Technology,0.0882187020747006,0.0,-0.000570559353247988,-0.0012082715530451907
2026-02-13 18:49:40.380001,NVDA,Technology,-0.0764611771259787,0.0,-0.000570559353247988,-0.000580437502627597
2026-02-16 18:49:40.380001,NVDA,Technology,-0.0378745765232519,0.0,-0.000570559353247988,0.0022626564013359693
2026-02-17 18:49:40.380001,NVDA,Technology,-0.0438777689040253,0.0,-0.000570559353247988,-0.0021726988709476385
2026-02-18 18:49:40.380001,NVDA,Technology,-0.052898147509956,0.0,-0.000570559353247988,-0.0017889515239757378
2026-02-19 18:49:40.380001,NVDA,Technology,-0.0527350792955258,0.0,-0.000570559353247988,-0.001422250217304803
2026-02-20 18:49:40.380001,NVDA,Technology,0.0703910115456449,0.0,-0.000570559353247988,-0.003549296908040682
2026-02-23 18:49:40.380001,NVDA,Technology,0.0518976187254579,0.0,-0.000570559353247988,-0.0001007814974119933
2026-02-24 18:49:40.380001,NVDA,Technology,-0.016124402576068,0.0,-0.000570559353247988,0.0017102434507292367
2026-02-25 18:49:40.380001,NVDA,Technology,-0.0080525992760698,0.0,-0.000570559353247988,0.0014237626858458982
2026-02-26 18:49:40.380001,NVDA,Technology,-0.0057482234762453,0.0,-0.000570559353247988,0.00017122022377768587
2026-02-27 18:49:40.380001,NVDA,Technology,0.0570436071025565,0.0,-0.000570559353247988,0.00033278039468724694
2026-03-02 18:49:40.380001,NVDA,Technology,0.058252804433758,0.0,-0.000570559353247988,-0.0022022159140991414
2026-03-03 18:49:40.380001,NVDA,Technology,-0.0081032602392042,0.0,-0.000570559353247988,-0.00046247136431854733
2026-03-04 18:49:40.380001,NVDA,Technology,-0.022180868470113,0.0,-0.000570559353247988,0.001002948046206948
2026-03-05 18:49:40.380001,NVDA,Technology,-0.011042482409251,0.0,-0.000570559353247988,-0.0005688305359479987
2026-03-06 18:49:40.380001,NVDA,Technology,-0.0273839119278144,0.0,-0.000570559353247988,-0.0009028737004531158
2026-03-09 18:49:40.380001,NVDA,Technology,-0.0405822217725244,0.0,-0.000570559353247988,-0.0020151491841699644
2026-03-10 18:49:40.380001,NVDA,Technology,0.0252526687035389,0.0,-0.000570559353247988,-0.0023729813665957036
2026-03-11 18:49:40.380001,NVDA,Technology,-0.016622718813167,0.0,-0.000570559353247988,-0.0012227473134564133
2026-03-12 18:49:40.380001,NVDA,Technology,-0.0553271006676773,0.0,-0.000570559353247988,0.0004154431847838716
2026-03-13 18:49:40.380001,NVDA,Technology,-0.0667956477557233,0.0,-0.000570559353247988,-0.0006811695073896091
2026-03-16 18:49:40.380001,NVDA,Technology,-0.0320072698813414,0.0,-0.000570559353247988,-0.0011196185360778715
2026-03-17 18:49:40.380001,NVDA,Technology,0.0667757085347016,0.0,-0.000570559353247988,-0.0010775052965735625
2026-03-18 18:49:40.380001,NVDA,Technology,0.0224404659860257,0.0,-0.000570559353247988,-0.0017508649926804305
2026-03-19 18:49:40.380001,NVDA,Technology,-0.0622346213545555,0.0,-0.000570559353247988,0.0012005907686182512
2026-03-20 18:49:40.380001,NVDA,Technology,0.0248931294081409,0.0,-0.000570559353247988,0.001018409696740411
2026-03-23 18:49:40.380001,NVDA,Technology,-0.0536285747543724,0.0,-0.000570559353247988,-0.00047301795210540184
2026-03-24 18:49:40.380001,NVDA,Technology,0.0477059532870034,0.0,-0.000570559353247988,0.0006065152602729441
2026-03-25 18:49:40.380001,NVDA,Technology,0.005581454108465,0.0,-0.000570559353247988,-0.0030822176347690567
2026-03-26 18:49:40.380001,NVDA,Technology,-0.0094663753637215,0.0,-0.000570559353247988,-3.0602069729559925e-05
2026-03-27 18:49:40.380001,NVDA,Technology,-0.0353005775865614,0.0,-0.000570559353247988,0.0008004680061260949
2026-03-30 18:49:40.380001,NVDA,Technology,0.0765815177350743,0.0,-0.000570559353247988,-0.0012870214139318386
2026-03-31 18:49:40.380001,NVDA,Technology,0.0696392222208228,0.0,-0.000570559353247988,-0.00020055261640033485
2026-04-01 18:49:40.380001,NVDA,Technology,-0.0929528067469792,0.0,-0.000570559353247988,6.06440798382198e-05
2026-04-02 18:49:40.380001,NVDA,Technology,0.0614566906330025,0.0,-0.000570559353247988,0.0008051662235235734
2026-04-03 18:49:40.380001,NVDA,Technology,-0.0116533669884548,0.0,-0.000570559353247988,-0.002206969151661147
2026-04-06 18:49:40.380001,NVDA,Technology,-0.046893935513258,0.0,-0.000570559353247988,0.0014615108570067608
2026-04-07 18:49:40.380001,NVDA,Technology,-0.067898403493191,0.0,-0.000570559353247988,-0.0024615855430958978
2026-04-08 18:49:40.380001,NVDA,Technology,0.0398805194296272,0.0,-0.000570559353247988,-0.003013578601490107
2026-04-09 18:49:40.380001,NVDA,Technology,-0.0356700171295757,0.0,-0.000570559353247988,-8.09521051560821e-05
2026-04-10 18:49:40.380001,NVDA,Technology,0.0689123922458287,0.0,-0.000570559353247988,-0.0010448763606156477
2026-04-13 18:49:40.380001,NVDA,Technology,-0.0233838358262814,0.0,-0.000570559353247988,-0.001052020245174833
2026-04-14 18:49:40.380001,NVDA,Technology,0.0129288462776777,0.0,-0.000570559353247988,0.0018570925213316886
2026-04-15 18:49:40.380001,NVDA,Technology,0.0253097900543326,0.0,-0.000570559353247988,0.00031753266832620583
2026-04-16 18:49:40.380001,NVDA,Technology,-0.0896115113728801,0.0,-0.000570559353247988,-0.0011451049169867175
2026-04-17 18:49:40.380001,NVDA,Technology,0.0327063932959138,0.0,-0.000570559353247988,0.000688905506469861
2026-04-20 18:49:40.380001,NVDA,Technology,0.0413651854195398,0.0,-0.000570559353247988,-0.0038218444985333106
2026-04-21 18:49:40.380001,NVDA,Technology,0.061223965855676,0.0,-0.000570559353247988,0.000598407444750271
2026-04-22 18:49:40.380001,NVDA,Technology,0.0808475202754148,0.0,-0.000570559353247988,3.355237990564357e-05
2026-04-23 18:49:40.380001,NVDA,Technology,-0.0112535773687869,0.0,-0.000570559353247988,0.00020328835697626315
2026-04-24 18:49:40.380001,NVDA,Technology,0.0078560855557969,0.0,-0.000570559353247988,0.0029518465216054482
2026-04-27 18:49:40.380001,NVDA,Technology,-0.1393762682849813,0.0,-0.000570559353247988,-0.001490632813537447
2026-04-28 18:49:40.380001,NVDA,Technology,0.1571525321896452,0.0,-0.000570559353247988,-0.0012831348269310644
2026-04-29 18:49:40.380001,NVDA,Technology,0.1135970680502615,0.0,-0.000570559353247988,-0.004568459636231052
2026-04-30 18:49:40.380001,NVDA,Technology,0.1036937232613383,0.0,-0.000570559353247988,0.0011979956155569963
2026-05-01 18:49:40.380001,NVDA,Technology,0.0010810416084759,0.0,-0.000570559353247988,0.0021493974221660165
2026-05-04 18:49:40.380001,NVDA,Technology,0.0295621799065252,0.0,-0.000570559353247988,0.0015249537056063875
2026-05-05 18:49:40.380001,NVDA,Technology,0.0221845541623036,0.0,-0.000570559353247988,0.0021564856983269575
2026-05-06 18:49:40.380001,NVDA,Technology,-0.0193343015541873,0.0,-0.000570559353247988,-0.0034841804670793534
2026-05-07 18:49:40.380001,NVDA,Technology,0.0790875273046926,0.0,-0.000570559353247988,-0.002604479430715633
2026-05-08 18:49:40.380001,NVDA,Technology,-0.0112719759191446,0.0,-0.000570559353247988,-0.0032342570782954113
2026-05-11 18:49:40.380001,NVDA,Technology,-0.0210534492033456,0.0,-0.000570559353247988,0.0011092645316272591
2026-05-12 18:49:40.380001,NVDA,Technology,-0.0645504420382591,0.0,-0.000570559353247988,-0.0014236212774875745
2026-05-13 18:49:40.380001,NVDA,Technology,0.0133480529182832,0.0,-0.000570559353247988,-0.0014651942481027805
2026-05-14 18:49:40.380001,NVDA,Technology,0.0156789543736488,0.0,-0.000570559353247988,-0.0014624737083015578
2026-05-15 18:49:40.380001,NVDA,Technology,0.0078390793316348,0.0,-0.000570559353247988,-0.0020008394263526
2026-05-18 18:49:40.380001,NVDA,Technology,0.0203033339561888,0.0,-0.000570559353247988,-9.33308741118868e-06
2026-05-19 18:49:40.380001,NVDA,Technology,-0.0109784219487569,0.0,-0.000570559353247988,2.6720138801265337e-05
2026-05-20 18:49:40.380001,NVDA,Technology,-0.027186178241566,0.0,-0.000570559353247988,0.0011537686007451848
2026-05-21 18:49:40.380001,NVDA,Technology,0.0429531005895457,0.0,-0.000570559353247988,-0.001073462276190808
2026-05-22 18:49:40.380001,NVDA,Technology,0.0604240473494939,0.0,-0.000570559353247988,-0.0014511488376119652
2026-05-25 18:49:40.380001,NVDA,Technology,-0.0113103733436888,0.0,-0.000570559353247988,0.00017461895054304768
2026-05-26 18:49:40.380001,NVDA,Technology,-0.0013301523682689,0.0,-0.000570559353247988,0.0002921338088297836
2026-05-27 18:49:40.380001,NVDA,Technology,0.0694444070084935,0.0,-0.000570559353247988,-0.0005742459410706784
2026-05-28 18:49:40.380001,NVDA,Technology,0.0028029793097422,0.0,-0.000570559353247988,-3.8977430709485265e-05
2026-05-29 18:49:40.380001,NVDA,Technology,0.0122828382038086,0.0,-0.000570559353247988,5.329734394530637e-06
2026-06-01 18:49:40.380001,NVDA,Technology,-0.0447573913125797,0.0,-0.000570559353247988,-0.0018047300150223133
2026-06-02 18:49:40.380001,NVDA,Technology,0.0727183731858147,0.0,-0.000570559353247988,-7.970181240477415e-05
2026-06-03 18:49:40.380001,NVDA,Technology,0.0223668632664726,0.0,-0.000570559353247988,-0.001445460735589902
2026-06-04 18:49:40.380001,NVDA,Technology,0.0276625371535882,0.0,-0.000570559353247988,-0.0005042356681231188
2026-06-05 18:49:40.380001,NVDA,Technology,-0.0386316966607031,0.0,-0.000570559353247988,-0.00015967228003678665
2026-06-08 18:49:40.380001,NVDA,Technology,0.0162818670133913,0.0,-0.000570559353247988,-0.0002459208365097773
2026-06-09 18:49:40.380001,NVDA,Technology,0.0568674120293549,0.0,-0.000570559353247988,-0.0004423356971080117
2026-06-10 18:49:40.380001,NVDA,Technology,0.0205059782857263,0.0,-0.000570559353247988,-0.0017965618916236555
2026-06-11 18:49:40.380001,NVDA,Technology,-0.0163674751368951,0.0,-0.000570559353247988,0.00017041440896819863
2026-06-12 18:49:40.380001,NVDA,Technology,-0.0330811722575309,0.0,-0.000570559353247988,-0.0007233575952604363
2026-06-15 18:49:40.380001,NVDA,Technology,0.0305424992974489,0.0,-0.000570559353247988,-0.00011685341652069206
2026-06-16 18:49:40.380001,NVDA,Technology,0.0856361836781133,0.0,-0.000570559353247988,-0.0015820614458856895
2026-06-17 18:49:40.380001,NVDA,Technology,0.0118570233321738,0.0,-0.000570559353247988,-0.001143576980680472
2026-06-18 18:49:40.380001,NVDA,Technology,-0.0443281313258855,0.0,-0.000570559353247988,0.0008482442758583351
2026-06-19 18:49:40.380001,NVDA,Technology,0.0491980138771416,0.0,-0.000570559353247988,1.5011770684904128e-05
2026-06-22 18:49:40.380001,NVDA,Technology,-0.048865235679807,0.0,-0.000570559353247988,-0.0007885692184515651
2026-06-23 18:49:40.380001,NVDA,Technology,-0.0251833111716247,0.0,-0.000570559353247988,-0.00017108358825932985
2026-06-24 18:49:40.380001,NVDA,Technology,0.0623934200914376,0.0,-0.000570559353247988,-0.003411578874949109
2026-06-25 18:49:40.380001,NVDA,Technology,0.032108591510589,0.0,-0.000570559353247988,-0.001330333538446147
2026-06-26 18:49:40.380001,NVDA,Technology,0.0196445101940208,0.0,-0.000570559353247988,0.0016623310810325279
2026-06-29 18:49:40.380001,NVDA,Technology,-0.0038812619053798,0.0,-0.000570559353247988,-0.0009421775317299375
2026-06-30 18:49:40.380001,NVDA,Technology,-0.0583012978397449,0.0,-0.000570559353247988,0.0008319799170470218
2026-07-01 18:49:40.380001,NVDA,Technology,-0.050847230788587,0.0,-0.000570559353247988,-0.0001320850958823511
2026-07-02 18:49:40.380001,NVDA,Technology,-0.0360287788703838,0.0,-0.000570559353247988,-0.003076392314731099
2026-07-03 18:49:40.380001,NVDA,Technology,-0.0056645455714761,0.0,-0.000570559353247988,-0.002270917030580162
2026-07-06 18:49:40.380001,NVDA,Technology,0.0084709682984177,0.0,-0.000570559353247988,-0.0017120213405186573
2026-07-07 18:49:40.380001,NVDA,Technology,-0.0702564659456702,0.0,-0.000570559353247988,-0.0006049330870272145
2026-07-08 18:49:40.380001,NVDA,Technology,-0.0791817756900888,0.0,-0.000570559353247988,0.0007836549849747477
2026-07-09 18:49:40.380001,NVDA,Technology,-0.0271696924806794,0.0,-0.000570559353247988,-0.0009405468034503613
2026-07-10 18:49:40.380001,NVDA,Technology,0.0030873086391434,0.0,-0.000570559353247988,-0.0014064551297408388
2026-07-13 18:49:40.380001,NVDA,Technology,0.0206937484039614,0.0,-0.000570559353247988,-0.0010051675675720752
2026-07-14 18:49:40.380001,NVDA,Technology,-0.0017921116391221,0.0,-0.000570559353247988,-0.0006815484828131666
2026-07-15 18:49:40.380001,NVDA,Technology,-0.0366658750708693,0.0,-0.000570559353247988,0.0012728192999997188
2026-07-16 18:49:40.380001,NVDA,Technology,0.0224005430306437,0.0,-0.000570559353247988,0.0009758775703284621
2026-07-17 18:49:40.380001,NVDA,Technology,-0.0741571042054763,0.0,-0.000570559353247988,-0.0007557045833644004
2026-07-20 18:49:40.380001,NVDA,Technology,0.0249317989910831,0.0,-0.000570559353247988,-0.00016488506821009548
2026-07-21 18:49:40.380001,NVDA,Technology,0.041034385134291,0.0,-0.000570559353247988,-0.0024798766031320606
2026-07-22 18:49:40.380001,NVDA,Technology,-0.0568853451282512,0.0,-0.000570559353247988,-9.895802286253165e-06
2026-07-23 18:49:40.380001,NVDA,Technology,0.067737967608484,0.0,-0.000570559353247988,0.0010447182873130146
2026-07-24 18:49:40.380001,NVDA,Technology,-0.0141403530007682,0.0,-0.000570559353247988,-0.0021818725221445685
2026-07-27 18:49:40.380001,NVDA,Technology,-0.0257706040357308,0.0,-0.000570559353247988,0.002364260617923629
2026-07-28 18:49:40.380001,NVDA,Technology,0.0866776490782542,0.0,-0.000570559353247988,-0.001383284270086489
2026-07-29 18:49:40.380001,NVDA,Technology,-0.0117402663782562,0.0,-0.000570559353247988,-0.001964594690977771
2026-07-30 18:49:40.380001,NVDA,Technology,-0.0387304481145435,0.0,-0.000570559353247988,0.002450931797951142
2026-07-31 18:49:40.380001,NVDA,Technology,-0.0505205259618788,0.0,-0.000570559353247988,-0.002265885277351433
2026-08-03 18:49:40.380001,NVDA,Technology,-0.0328291524942396,0.0,-0.000570559353247988,-0.001061939302907787
2026-08-04 18:49:40.380001,NVDA,Technology,-0.0548789039886993,0.0,-0.000570559353247988,-0.0010580635060245544
2025-12-18 18:49:40.380001,TSLA,Technology,0.0159930962659563,0.0,-0.000570559353247988,-0.0008993654303154191
2025-12-19 18:49:40.380001,TSLA,Technology,-0.0465760308221914,0.0,-0.000570559353247988,-0.0005272449230167815
2025-12-22 18:49:40.380001,TSLA,Technology,0.0153745570959344,0.0,-0.000570559353247988,-0.000665454411683166
2025-12-23 18:49:40.380001,TSLA,Technology,0.0593543026365628,0.0,-0.000570559353247988,-0.0014582918433445067
2025-12-24 18:49:40.380001,TSLA,Technology,0.0204323898487669,0.0,-0.000570559353247988,0.00024411008188366496
2025-12-25 18:49:40.380001,TSLA,Technology,0.0090628898899271,0.0,-0.000570559353247988,0.0011829877236330367
2025-12-26 18:49:40.380001,TSLA,Technology,-0.0228860958435733,0.0,-0.000570559353247988,-0.00047712312314414265
2025-12-29 18:49:40.380001,TSLA,Technology,0.0208790896863982,0.0,-0.000570559353247988,0.0005648413328331812
2025-12-30 18:49:40.380001,TSLA,Technology,0.0062295082393495,0.0,-0.000570559353247988,-0.0013580756693716035
2025-12-31 18:49:40.380001,TSLA,Technology,0.0204629387195131,0.0,-0.000570559353247988,-0.001403197216212156
2026-01-01 18:49:40.380001,TSLA,Technology,-0.0331634997841278,0.0,-0.000570559353247988,-0.0008684418925143411
2026-01-02 18:49:40.380001,TSLA,Technology,0.0345817570259156,0.0,-0.000570559353247988,-0.0003306870954593006
2026-01-05 18:49:40.380001,TSLA,Technology,-0.0001961069669649,0.0,-0.000570559353247988,-0.000772615519008821
2026-01-06 18:49:40.380001,TSLA,Technology,-0.0647618304695311,0.0,-0.000570559353247988,-0.00028001370671880833
2026-01-07 18:49:40.380001,TSLA,Technology,0.0518844976459581,0.0,-0.000570559353247988,-0.000702577267102382
2026-01-08 18:49:40.380001,TSLA,Technology,-0.0226128356843324,0.0,-0.000570559353247988,-0.002293884821499869
2026-01-09 18:49:40.380001,TSLA,Technology,0.0342981040741033,0.0,-0.000570559353247988,0.0012092963396916423
2026-01-12 18:49:40.380001,TSLA,Technology,-0.074868720846695,0.0,-0.000570559353247988,-0.001761688996110873
2026-01-13 18:49:40.380001,TSLA,Technology,0.0323638325306651,0.0,-0.000570559353247988,0.00015632122198070916
2026-01-14 18:49:40.380001,TSLA,Technology,0.0456235853296287,0.0,-0.000570559353247988,-0.0007563292993682649
2026-01-15 18:49:40.380001,TSLA,Technology,-0.0337883982901082,0.0,-0.000570559353247988,-0.0009954366205746643
2026-01-16 18:49:40.380001,TSLA,Technology,0.0523961233727786,0.0,-0.000570559353247988,0.0008603071632396305
2026-01-19 18:49:40.380001,TSLA,Technology,-0.0723637011931314,0.0,-0.000570559353247988,-0.001980076091330171
2026-01-20 18:49:40.380001,TSLA,Technology,0.0034530245351684,0.0,-0.000570559353247988,0.0020413671460115276
2026-01-21 18:49:40.380001,TSLA,Technology,0.0376249175630682,0.0,-0.000570559353247988,-0.0026944071198858124
2026-01-22 18:49:40.380001,TSLA,Technology,0.0486431241291476,0.0,-0.000570559353247988,-0.0014670274923645147
2026-01-23 18:49:40.380001,TSLA,Technology,0.0144074396779531,0.0,-0.000570559353247988,0.0009137361141330647
2026-01-26 18:49:40.380001,TSLA,Technology,-0.0183639306581029,0.0,-0.000570559353247988,-0.0006563696595803151
2026-01-27 18:49:40.380001,TSLA,Technology,0.0384068492107574,0.0,-0.000570559353247988,0.0011813986985154696
2026-01-28 18:49:40.380001,TSLA,Technology,0.0352353045091073,0.0,-0.000570559353247988,-0.0010165311073321638
2026-01-29 18:49:40.380001,TSLA,Technology,0.0372840472943274,0.0,-0.000570559353247988,-0.000556272359321091
2026-01-30 18:49:40.380001,TSLA,Technology,-0.0461865332775165,0.0,-0.000570559353247988,-0.0008632560305415576
2026-02-02 18:49:40.380001,TSLA,Technology,-0.0221011750146903,0.0,-0.000570559353247988,-8.529378326956299e-05
2026-02-03 18:49:40.380001,TSLA,Technology,-0.048063875259149,0.0,-0.000570559353247988,-0.0011232597735468504
2026-02-04 18:49:40.380001,TSLA,Technology,0.0905140196799549,0.0,-0.000570559353247988,-0.001833771717091409
2026-02-05 18:49:40.380001,TSLA,Technology,0.0261789861874878,0.0,-0.000570559353247988,-0.0022833657326863043
2026-02-06 18:49:40.380001,TSLA,Technology,-0.0347539263938648,0.0,-0.000570559353247988,0.0005995172465889975
2026-02-09 18:49:40.380001,TSLA,Technology,-0.0327496439556784,0.0,-0.000570559353247988,0.0009170550161196812
2026-02-10 18:49:40.380001,TSLA,Technology,-0.0765168251727945,0.0,-0.000570559353247988,-0.0008203234377344254
2026-02-11 18:49:40.380001,TSLA,Technology,0.0254782992740275,0.0,-0.000570559353247988,-0.000259485776209703
2026-02-12 18:49:40.380001,TSLA,Technology,0.0333031251304993,0.0,-0.000570559353247988,-0.004058875507733584
2026-02-13 18:49:40.380001,TSLA,Technology,0.019726926559289,0.0,-0.000570559353247988,-0.0005865693282543441
2026-02-16 18:49:40.380001,TSLA,Technology,-0.0430791050979208,0.0,-0.000570559353247988,0.0008406001102273017
2026-02-17 18:49:40.380001,TSLA,Technology,-0.0744582233208651,0.0,-0.000570559353247988,0.0005122960212623511
2026-02-18 18:49:40.380001,TSLA,Technology,-0.076089933197105,0.0,-0.000570559353247988,9.046647436777692e-05
2026-02-19 18:49:40.380001,TSLA,Technology,0.0653907559975442,0.0,-0.000570559353247988,-0.0025873742219209373
2026-02-20 18:49:40.380001,TSLA,Technology,0.0955908678566079,0.0,-0.000570559353247988,-0.002786054978099913
2026-02-23 18:49:40.380001,TSLA,Technology,0.1185107409825438,0.0,-0.000570559353247988,0.0004136346039200308
2026-02-24 18:49:40.380001,TSLA,Technology,-0.0562588756086151,0.0,-0.000570559353247988,0.00237982105571336
2026-02-25 18:49:40.380001,TSLA,Technology,-0.0847016337570454,0.0,-0.000570559353247988,0.003521629377436911
2026-02-26 18:49:40.380001,TSLA,Technology,0.0795505791965395,0.0,-0.000570559353247988,-0.00017687378652224363
2026-02-27 18:49:40.380001,TSLA,Technology,0.0559342429100586,0.0,-0.000570559353247988,-0.003650620925513303
2026-03-02 18:49:40.380001,TSLA,Technology,0.0687001095296856,0.0,-0.000570559353247988,-0.0009418426288281093
2026-03-03 18:49:40.380001,TSLA,Technology,-0.0013620256828607,0.0,-0.000570559353247988,-0.0019939876579953587
2026-03-04 18:49:40.380001,TSLA,Technology,-0.0195674134952955,0.0,-0.000570559353247988,0.0020371729159943735
2026-03-05 18:49:40.380001,TSLA,Technology,0.0261847124489963,0.0,-0.000570559353247988,0.0010904040925160444
2026-03-06 18:49:40.380001,TSLA,Technology,-0.0791080960384489,0.0,-0.000570559353247988,-0.0026892619971472347
2026-03-09 18:49:40.380001,TSLA,Technology,-0.041644419619102,0.0,-0.000570559353247988,-0.0012156951007861088
2026-03-10 18:49:40.380001,TSLA,Technology,-0.0254649586216105,0.0,-0.000570559353247988,-0.003617657518734315
2026-03-11 18:49:40.380001,TSLA,Technology,-0.0698429530951984,0.0,-0.000570559353247988,-0.0013831996329199585
2026-03-12 18:49:40.380001,TSLA,Technology,-0.0283066545404065,0.0,-0.000570559353247988,-0.0006856436297976849
2026-03-13 18:49:40.380001,TSLA,Technology,-0.0839436534787464,0.0,-0.000570559353247988,-0.002513712626782504
2026-03-16 18:49:40.380001,TSLA,Technology,-0.0360485231373346,0.0,-0.000570559353247988,0.0004347949181303974
2026-03-17 18:49:40.380001,TSLA,Technology,0.0993284293777817,0.0,-0.000570559353247988,-0.0013849152590893875
2026-03-18 18:49:40.380001,TSLA,Technology,0.1292749398685209,0.0,-0.000570559353247988,-0.00077790076013885
2026-03-19 18:49:40.380001,TSLA,Technology,-0.0149325217403762,0.0,-0.000570559353247988,0.0029904667841624414
2026-03-20 18:49:40.380001,TSLA,Technology,0.0684646137444458,0.0,-0.000570559353247988,0.002862504135948736
2026-03-23 18:49:40.380001,TSLA,Technology,-0.0864390779688983,0.0,-0.000570559353247988,0.0007978138102002508
2026-03-24 18:49:40.380001,TSLA,Technology,0.0116209985996315,0.0,-0.000570559353247988,0.0016310191660103158
2026-03-25 18:49:40.380001,TSLA,Technology,-0.0461301981164653,0.0,-0.000570559353247988,-0.004449200969560774
2026-03-26 18:49:40.380001,TSLA,Technology,0.06041892868664,0.0,-0.000570559353247988,-0.0031942315673778605
2026-03-27 18:49:40.380001,TSLA,Technology,-0.0398095421844026,0.0,-0.000570559353247988,-0.001192259543214876
2026-03-30 18:49:40.380001,TSLA,Technology,0.07632553621089,0.0,-0.000570559353247988,-0.0007540489536609845
2026-03-31 18:49:40.380001,TSLA,Technology,0.060726302122586,0.0,-0.000570559353247988,0.0003452866754204976
2026-04-01 18:49:40.380001,TSLA,Technology,-0.0560806525898687,0.0,-0.000570559353247988,0.0008272198879447314
2026-04-02 18:49:40.380001,TSLA,Technology,-0.0436788357103545,0.0,-0.000570559353247988,0.0016614812244699919
2026-04-03 18:49:40.380001,TSLA,Technology,0.0685611919325019,0.0,-0.000570559353247988,-0.0029894421166326546
2026-04-06 18:49:40.380001,TSLA,Technology,-0.0143653162317008,0.0,-0.000570559353247988,-0.0006409504471737436
2026-04-07 18:49:40.380001,TSLA,Technology,-0.0074824979830958,0.0,-0.000570559353247988,-0.0007501828108304464
2026-04-08 18:49:40.380001,TSLA,Technology,0.1017863361929772,0.0,-0.000570559353247988,-0.0021640872002667228
2026-04-09 18:49:40.380001,TSLA,Technology,0.0401688864788315,0.0,-0.000570559353247988,0.00041029291689126445
2026-04-10 18:49:40.380001,TSLA,Technology,0.1308963616025395,0.0,-0.000570559353247988,0.002533038181822461
2026-04-13 18:49:40.380001,TSLA,Technology,-0.089539078664737,0.0,-0.000570559353247988,-0.0011961865726302506
2026-04-14 18:49:40.380001,TSLA,Technology,0.0894770432048483,0.0,-0.000570559353247988,0.002617137451689413
2026-04-15 18:49:40.380001,TSLA,Technology,0.0357567837997883,0.0,-0.000570559353247988,-0.002183454351308063
2026-04-16 18:49:40.380001,TSLA,Technology,-0.1978717393535337,0.0,-0.000570559353247988,-0.0008607196602691702
2026-04-17 18:49:40.380001,TSLA,Technology,0.0521852907973604,0.0,-0.000570559353247988,-0.0006680434918388622
2026-04-20 18:49:40.380001,TSLA,Technology,-0.0063743083072707,0.0,-0.000570559353247988,-0.007183396446972803
2026-04-21 18:49:40.380001,TSLA,Technology,0.1500861410586466,0.0,-0.000570559353247988,0.002317507326547592
2026-04-22 18:49:40.380001,TSLA,Technology,0.0578154843460953,0.0,-0.000570559353247988,-0.002644592691355612
2026-04-23 18:49:40.380001,TSLA,Technology,-0.0199955926064137,0.0,-0.000570559353247988,0.002020840517421756
2026-04-24 18:49:40.380001,TSLA,Technology,0.0302236053873999,0.0,-0.000570559353247988,0.004390737062690782
2026-04-27 18:49:40.380001,TSLA,Technology,-0.1121321900665398,0.0,-0.000570559353247988,-0.00209068932254937
2026-04-28 18:49:40.380001,TSLA,Technology,0.1035597602898081,0.0,-0.000570559353247988,0.00019730750001946764
2026-04-29 18:49:40.380001,TSLA,Technology,-0.0444921269765303,0.0,-0.000570559353247988,-0.0061245878399728655
2026-04-30 18:49:40.380001,TSLA,Technology,0.098058186228447,0.0,-0.000570559353247988,0.00044920902330887133
2026-05-01 18:49:40.380001,TSLA,Technology,0.0822497071170267,0.0,-0.000570559353247988,-0.0010565481668918628
2026-05-04 18:49:40.380001,TSLA,Technology,-0.0048147468681433,0.0,-0.000570559353247988,0.0009225229661001378
2026-05-05 18:49:40.380001,TSLA,Technology,0.0315038474107625,0.0,-0.000570559353247988,0.003406267419201258
2026-05-06 18:49:40.380001,TSLA,Technology,-0.0893758513340254,0.0,-0.000570559353247988,-0.0029347693995862003
2026-05-07 18:49:40.380001,TSLA,Technology,-0.0269642378459793,0.0,-0.000570559353247988,0.0009966539211281955
2026-05-08 18:49:40.380001,TSLA,Technology,-0.042291290372186,0.0,-0.000570559353247988,-0.0044756464462797395
2026-05-11 18:49:40.380001,TSLA,Technology,-0.1002489725411376,0.0,-0.000570559353247988,-0.0028993785535368203
2026-05-12 18:49:40.380001,TSLA,Technology,0.0609266357040904,0.0,-0.000570559353247988,-0.0013245059517501463
2026-05-13 18:49:40.380001,TSLA,Technology,0.0413293512202978,0.0,-0.000570559353247988,-0.0032044945851955877
2026-05-14 18:49:40.380001,TSLA,Technology,0.1471241016978839,0.0,-0.000570559353247988,0.002505527068010243
2026-05-15 18:49:40.380001,TSLA,Technology,-0.169279991842063,0.0,-0.000570559353247988,0.0008558262922650552
2026-05-18 18:49:40.380001,TSLA,Technology,0.1209972371166895,0.0,-0.000570559353247988,0.0035664199632197665
2026-05-19 18:49:40.380001,TSLA,Technology,0.0862411620409372,0.0,-0.000570559353247988,-0.001804596138697883
2026-05-20 18:49:40.380001,TSLA,Technology,-0.0898028959801505,0.0,-0.000570559353247988,0.0007837245389693549
2026-05-21 18:49:40.380001,TSLA,Technology,0.070547633462432,0.0,-0.000570559353247988,0.0004156638933156309
2026-05-22 18:49:40.380001,TSLA,Technology,0.026061832956394,0.0,-0.000570559353247988,-0.00563612996374216
2026-05-25 18:49:40.380001,TSLA,Technology,-0.0377061778535489,0.0,-0.000570559353247988,0.004176848739142226
2026-05-26 18:49:40.380001,TSLA,Technology,-0.0079457384338696,0.0,-0.000570559353247988,-0.0026952860510691297
2026-05-27 18:49:40.380001,TSLA,Technology,0.1017862604029277,0.0,-0.000570559353247988,-0.003204476347598235
2026-05-28 18:49:40.380001,TSLA,Technology,0.0452859343314131,0.0,-0.000570559353247988,0.0010521295692655962
2026-05-29 18:49:40.380001,TSLA,Technology,0.0007339052975569,0.0,-0.000570559353247988,0.00012655492433495425
2026-06-01 18:49:40.380001,TSLA,Technology,-0.1479070632430961,0.0,-0.000570559353247988,-0.00016006504973951972
2026-06-02 18:49:40.380001,TSLA,Technology,0.0444143976522603,0.0,-0.000570559353247988,0.0002152354026328133
2026-06-03 18:49:40.380001,TSLA,Technology,-0.126431189946823,0.0,-0.000570559353247988,-0.003245032888254791
2026-06-04 18:49:40.380001,TSLA,Technology,-0.0326917614485708,0.0,-0.000570559353247988,-0.0018563378670540401
2026-06-05 18:49:40.380001,TSLA,Technology,-0.0223582909416869,0.0,-0.000570559353247988,-0.003985046148574112
2026-06-08 18:49:40.380001,TSLA,Technology,-0.0289434019684622,0.0,-0.000570559353247988,-0.0012485006857645992
2026-06-09 18:49:40.380001,TSLA,Technology,0.176675633548225,0.0,-0.000570559353247988,0.0018308191240460295
2026-06-10 18:49:40.380001,TSLA,Technology,0.0132004504226468,0.0,-0.000570559353247988,-0.002101666627526589
2026-06-11 18:49:40.380001,TSLA,Technology,0.0162187347073968,0.0,-0.000570559353247988,0.005891417298409214
2026-06-12 18:49:40.380001,TSLA,Technology,-0.1827860378810028,0.0,-0.000570559353247988,0.0003740454178301412
2026-06-15 18:49:40.380001,TSLA,Technology,0.0254124417741411,0.0,-0.000570559353247988,0.00022848007376859776
2026-06-16 18:49:40.380001,TSLA,Technology,-0.0169060186455194,0.0,-0.000570559353247988,-0.0034276280268416637
2026-06-17 18:49:40.380001,TSLA,Technology,-0.1070529672769343,0.0,-0.000570559353247988,-0.0040515922657699205
2026-06-18 18:49:40.380001,TSLA,Technology,-0.0737608547269233,0.0,-0.000570559353247988,-0.0011911335023392705
2026-06-19 18:49:40.380001,TSLA,Technology,0.0061197417779425,0.0,-0.000570559353247988,-0.0030060124402933753
2026-06-22 18:49:40.380001,TSLA,Technology,-0.1099251931967902,0.0,-0.000570559353247988,0.0014326956920460124
2026-06-23 18:49:40.380001,TSLA,Technology,-0.0717428279637158,0.0,-0.000570559353247988,-0.0009765845647076079
2026-06-24 18:49:40.380001,TSLA,Technology,0.0095964044638016,0.0,-0.000570559353247988,-0.0023712877950259224
2026-06-25 18:49:40.380001,TSLA,Technology,-0.0044190741045775,0.0,-0.000570559353247988,0.00011003110570417514
2026-06-26 18:49:40.380001,TSLA,Technology,-0.0197355897536112,0.0,-0.000570559353247988,0.0011077752666259263
2026-06-29 18:49:40.380001,TSLA,Technology,-0.0659648578834682,0.0,-0.000570559353247988,-0.0007873353441462861
2026-06-30 18:49:40.380001,TSLA,Technology,0.1115901737019082,0.0,-0.000570559353247988,0.0011901985161169317
2026-07-01 18:49:40.380001,TSLA,Technology,-0.0428155862161,0.0,-0.000570559353247988,-0.0004494053231020558
2026-07-02 18:49:40.380001,TSLA,Technology,-0.0069274069826879,0.0,-0.000570559353247988,0.0016701781753562578
2026-07-03 18:49:40.380001,TSLA,Technology,-0.0161945704526644,0.0,-0.000570559353247988,-0.0013430698062928599
2026-07-06 18:49:40.380001,TSLA,Technology,-0.112259225643025,0.0,-0.000570559353247988,-0.00030534849227139237
2026-07-07 18:49:40.380001,TSLA,Technology,-0.0921584960488472,0.0,-0.000570559353247988,0.0004255955927225933
2026-07-08 18:49:40.380001,TSLA,Technology,0.0124893167955387,0.0,-0.000570559353247988,-0.0052153230417614094
2026-07-09 18:49:40.380001,TSLA,Technology,-0.0117733933528873,0.0,-0.000570559353247988,-0.0015170171188614626
2026-07-10 18:49:40.380001,TSLA,Technology,-0.015978831759011,0.0,-0.000570559353247988,-0.0001656129546988614
2026-07-13 18:49:40.380001,TSLA,Technology,0.0717538063664084,0.0,-0.000570559353247988,-0.000476798651813234
2026-07-14 18:49:40.380001,TSLA,Technology,0.1087443312994137,0.0,-0.000570559353247988,0.0013098373474112316
2026-07-15 18:49:40.380001,TSLA,Technology,-0.0013891804887626,0.0,-0.000570559353247988,0.002797373985223585
2026-07-16 18:49:40.380001,TSLA,Technology,0.0399856277199097,0.0,-0.000570559353247988,0.0015437618791807146
2026-07-17 18:49:40.380001,TSLA,Technology,-0.1324790520142778,0.0,-0.000570559353247988,-0.0003542250525541698
2026-07-20 18:49:40.380001,TSLA,Technology,-0.0269474059926572,0.0,-0.000570559353247988,0.0006035335751380799
2026-07-21 18:49:40.380001,TSLA,Technology,-0.0215234504360448,0.0,-0.000570559353247988,-0.004677863302239056
2026-07-22 18:49:40.380001,TSLA,Technology,-0.141819428491068,0.0,-0.000570559353247988,-0.003504645106220714
2026-07-23 18:49:40.380001,TSLA,Technology,0.0619221265446746,0.0,-0.000570559353247988,-0.000979821389634606
2026-07-24 18:49:40.380001,TSLA,Technology,-0.024534229362323,0.0,-0.000570559353247988,-0.004148176030433738
2026-07-27 18:49:40.380001,TSLA,Technology,-0.0449415552411579,0.0,-0.000570559353247988,0.0033289164204567305
2026-07-28 18:49:40.380001,TSLA,Technology,0.0384429538055365,0.0,-0.000570559353247988,-0.0005170915147351089
2026-07-29 18:49:40.380001,TSLA,Technology,-0.0503635201970433,0.0,-0.000570559353247988,-0.001034338618603419
2026-07-30 18:49:40.380001,TSLA,Technology,-0.0104783328439231,0.0,-0.000570559353247988,0.002987999027823893
2026-07-31 18:49:40.380001,TSLA,Technology,-0.1524880757295499,0.0,-0.000570559353247988,-0.002910638010314437
2026-08-03 18:49:40.380001,TSLA,Technology,-0.0364704608903948,0.0,-0.000570559353247988,-0.0002805705985298024
2026-08-04 18:49:40.380001,TSLA,Technology,-0.039962296412879,0.0,-0.000570559353247988,-0.002577904074255062
2025-12-18 18:49:40.380001,XLE,Energy,0.0530298186697938,0.0,-0.000570559353247988,0.003472854180797986
2025-12-19 18:49:40.380001,XLE,Energy,-0.0269938373276601,0.0,-0.000570559353247988,0.0011828014001290603
2025-12-22 18:49:40.380001,XLE,Energy,0.0402575466190022,0.0,-0.000570559353247988,0.0011760289765202808
2025-12-23 18:49:40.380001,XLE,Energy,-0.0169294020507059,0.0,-0.000570559353247988,0.0015487329860134381
2025-12-24 18:49:40.380001,XLE,Energy,-0.0629675263193861,0.0,-0.000570559353247988,-0.0009639002564571967
2025-12-25 18:49:40.380001,XLE,Energy,-0.080389811198829,0.0,-0.000570559353247988,-0.00021352145623290892
2025-12-26 18:49:40.380001,XLE,Energy,-0.095179722362773,0.0,-0.000570559353247988,-0.002961044000525358
2025-12-29 18:49:40.380001,XLE,Energy,0.0282381140431948,0.0,-0.000570559353247988,-0.001611381908565491
2025-12-30 18:49:40.380001,XLE,Energy,0.0606845397071936,0.0,-0.000570559353247988,-0.0032980097587506723
2025-12-31 18:49:40.380001,XLE,Energy,-0.0783999056999444,0.0,-0.000570559353247988,0.00037181196742291716
2026-01-01 18:49:40.380001,XLE,Energy,0.0560509559275525,0.0,-0.000570559353247988,0.0019917970733547333
2026-01-02 18:49:40.380001,XLE,Energy,0.0503093817200041,0.0,-0.000570559353247988,-0.0005219584797174088
2026-01-05 18:49:40.380001,XLE,Energy,-0.0061518795432944,0.0,-0.000570559353247988,0.00250866739693896
2026-01-06 18:49:40.380001,XLE,Energy,-0.0554823702646942,0.0,-0.000570559353247988,-9.76474708899816e-05
2026-01-07 18:49:40.380001,XLE,Energy,0.0096661670545858,0.0,-0.000570559353247988,-0.0019951932798237077
2026-01-08 18:49:40.380001,XLE,Energy,0.0121019483220262,0.0,-0.000570559353247988,-0.00011727895735743341
2026-01-09 18:49:40.380001,XLE,Energy,-0.1075663776034252,0.0,-0.000570559353247988,-0.0015657377562212282
2026-01-12 18:49:40.380001,XLE,Energy,0.0129420470522476,0.0,-0.000570559353247988,-0.0013890619253193884
2026-01-13 18:49:40.380001,XLE,Energy,0.0221040888887305,0.0,-0.000570559353247988,-0.0025484320575516256
2026-01-14 18:49:40.380001,XLE,Energy,-0.0686858935327841,0.0,-0.000570559353247988,0.0008217045166144856
2026-01-15 18:49:40.380001,XLE,Energy,-0.0056257019988279,0.0,-0.000570559353247988,-0.0003086998290995692
2026-01-16 18:49:40.380001,XLE,Energy,-0.064845628897441,0.0,-0.000570559353247988,-0.0021931761908729076
2026-01-19 18:49:40.380001,XLE,Energy,-0.0466312804019406,0.0,-0.000570559353247988,0.0014341063010675625
2026-01-20 18:49:40.380001,XLE,Energy,0.0718574557829877,0.0,-0.000570559353247988,-0.002136627544187291
2026-01-21 18:49:40.380001,XLE,Energy,0.0684766895224093,0.0,-0.000570559353247988,-0.0019743946682457634
2026-01-22 18:49:40.380001,XLE,Energy,0.0324304153829385,0.0,-0.000570559353247988,0.0023496988229784756
2026-01-23 18:49:40.380001,XLE,Energy,0.0404611714292397,0.0,-0.000570559353247988,0.0010122559178240929
2026-01-26 18:49:40.380001,XLE,Energy,0.121807779365884,0.0,-0.000570559353247988,0.001416779145028895
2026-01-27 18:49:40.380001,XLE,Energy,-0.0687514101456618,0.0,-0.000570559353247988,0.0012309707143855777
2026-01-28 18:49:40.380001,XLE,Energy,-0.0891809296080227,0.0,-0.000570559353247988,0.000559953524808081
2026-01-29 18:49:40.380001,XLE,Energy,0.024295553609786,0.0,-0.000570559353247988,-0.0034139481400965797
2026-01-30 18:49:40.380001,XLE,Energy,0.0877771312807001,0.0,-0.000570559353247988,-0.00301634962179229
2026-02-02 18:49:40.380001,XLE,Energy,0.0392988106565843,0.0,-0.000570559353247988,-0.0009183936626316048
2026-02-03 18:49:40.380001,XLE,Energy,0.001851877445796,0.0,-0.000570559353247988,-0.0013642559058591039
2026-02-04 18:49:40.380001,XLE,Energy,-0.0849383693150249,0.0,-0.000570559353247988,0.001639774400355364
2026-02-05 18:49:40.380001,XLE,Energy,0.0247307085162046,0.0,-0.000570559353247988,0.0012421345447693193
2026-02-06 18:49:40.380001,XLE,Energy,-0.0593849146813106,0.0,-0.000570559353247988,-0.002762133891371605
2026-02-09 18:49:40.380001,XLE,Energy,-0.02130676073671,0.0,-0.000570559353247988,-0.001957369408278342
2026-02-10 18:49:40.380001,XLE,Energy,-0.0059227237771191,0.0,-0.000570559353247988,-0.0025926693039122046
2026-02-11 18:49:40.380001,XLE,Energy,-0.0954888607282661,0.0,-0.000570559353247988,-0.0010427883080909358
2026-02-12 18:49:40.380001,XLE,Energy,0.0328494070540419,0.0,-0.000570559353247988,0.001001033115400706
2026-02-13 18:49:40.380001,XLE,Energy,0.0595491921069564,0.0,-0.000570559353247988,-0.0029705858713266176
2026-02-16 18:49:40.380001,XLE,Energy,0.0841995637816062,0.0,-0.000570559353247988,0.0013191083125911594
2026-02-17 18:49:40.380001,XLE,Energy,0.0479402742120996,0.0,-0.000570559353247988,0.0011370270852773742
2026-02-18 18:49:40.380001,XLE,Energy,0.0080199181023304,0.0,-0.000570559353247988,0.001369026383738388
2026-02-19 18:49:40.380001,XLE,Energy,-0.0429742262403872,0.0,-0.000570559353247988,0.0023379809171509757
2026-02-20 18:49:40.380001,XLE,Energy,0.0076160731274017,0.0,-0.000570559353247988,-0.0010961170020397995
2026-02-23 18:49:40.380001,XLE,Energy,-0.0311296893879246,0.0,-0.000570559353247988,-0.0027125386490062663
2026-02-24 18:49:40.380001,XLE,Energy,0.1055800769401482,0.0,-0.000570559353247988,-0.00223575830349691
2026-02-25 18:49:40.380001,XLE,Energy,0.0258788018888323,0.0,-0.000570559353247988,-0.002222215068543773
2026-02-26 18:49:40.380001,XLE,Energy,0.0386360857077055,0.0,-0.000570559353247988,0.0015647974619066116
2026-02-27 18:49:40.380001,XLE,Energy,-0.0079731034240866,0.0,-0.000570559353247988,0.0008468625802659464
2026-03-02 18:49:40.380001,XLE,Energy,-0.1053877511931707,0.0,-0.000570559353247988,8.637697114580623e-05
2026-03-03 18:49:40.380001,XLE,Energy,-0.0769126707379669,0.0,-0.000570559353247988,-9.602240749311756e-05
2026-03-04 18:49:40.380001,XLE,Energy,0.0665923982360758,0.0,-0.000570559353247988,-0.0049488031265296365
2026-03-05 18:49:40.380001,XLE,Energy,0.079298519572701,0.0,-0.000570559353247988,-0.002642927645524445
2026-03-06 18:49:40.380001,XLE,Energy,-0.0001454706925408,0.0,-0.000570559353247988,3.567608071605992e-05
2026-03-09 18:49:40.380001,XLE,Energy,0.0435320341935254,0.0,-0.000570559353247988,0.0013014384928517388
2026-03-10 18:49:40.380001,XLE,Energy,-0.0827060038527929,0.0,-0.000570559353247988,0.0015063212484807379
2026-03-11 18:49:40.380001,XLE,Energy,-0.0280756742495553,0.0,-0.000570559353247988,0.001888580962573598
2026-03-12 18:49:40.380001,XLE,Energy,0.0316048632599377,0.0,-0.000570559353247988,-0.0036393660574370393
2026-03-13 18:49:40.380001,XLE,Energy,0.0388935632037589,0.0,-0.000570559353247988,-0.0028552499350608324
2026-03-16 18:49:40.380001,XLE,Energy,0.029951759652635,0.0,-0.000570559353247988,9.775828381118807e-05
2026-03-17 18:49:40.380001,XLE,Energy,0.0031276066099843,0.0,-0.000570559353247988,-0.0006736237192955318
2026-03-18 18:49:40.380001,XLE,Energy,0.0446201996313125,0.0,-0.000570559353247988,0.0017086114564232786
2026-03-19 18:49:40.380001,XLE,Energy,-0.0027223027140172,0.0,-0.000570559353247988,7.118617172597425e-05
2026-03-20 18:49:40.380001,XLE,Energy,-0.0485609588847784,0.0,-0.000570559353247988,-0.000292979131998822
2026-03-23 18:49:40.380001,XLE,Energy,-0.1087335922086818,0.0,-0.000570559353247988,-0.001448814124963057
2026-03-24 18:49:40.380001,XLE,Energy,0.0525471687812984,0.0,-0.000570559353247988,-0.0021797484619122415
2026-03-25 18:49:40.380001,XLE,Energy,0.0432425874921124,0.0,-0.000570559353247988,-0.002762569146901379
2026-03-26 18:49:40.380001,XLE,Energy,-0.0065765254284391,0.0,-0.000570559353247988,-0.00040194290114304004
2026-03-27 18:49:40.380001,XLE,Energy,-0.0200524401263721,0.0,-0.000570559353247988,0.00040084157152639824
2026-03-30 18:49:40.380001,XLE,Energy,-0.0558977877055341,0.0,-0.000570559353247988,0.0002806208087048845
2026-03-31 18:49:40.380001,XLE,Energy,-0.0120914250815285,0.0,-0.000570559353247988,0.0011615888787408265
2026-04-01 18:49:40.380001,XLE,Energy,-0.0856741616459604,0.0,-0.000570559353247988,-0.0028128287739401514
2026-04-02 18:49:40.380001,XLE,Energy,-0.0254689070147702,0.0,-0.000570559353247988,-0.0017351080108301128
2026-04-03 18:49:40.380001,XLE,Energy,0.0818615951711489,0.0,-0.000570559353247988,-0.0021289866815404745
2026-04-06 18:49:40.380001,XLE,Energy,-0.1152440017839758,0.0,-0.000570559353247988,-0.0006758442845997734
2026-04-07 18:49:40.380001,XLE,Energy,0.0407780535761986,0.0,-0.000570559353247988,0.0023232831442505024
2026-04-08 18:49:40.380001,XLE,Energy,0.0666613237030021,0.0,-0.000570559353247988,-0.002568066513476797
2026-04-09 18:49:40.380001,XLE,Energy,0.0264499505027553,0.0,-0.000570559353247988,0.001997039628137722
2026-04-10 18:49:40.380001,XLE,Energy,-0.0413102725866368,0.0,-0.000570559353247988,0.0013780188284543125
2026-04-13 18:49:40.380001,XLE,Energy,-0.0079184824978753,0.0,-0.000570559353247988,-0.001787150696919454
2026-04-14 18:49:40.380001,XLE,Energy,-0.0118354538570368,0.0,-0.000570559353247988,0.0008565548514440948
2026-04-15 18:49:40.380001,XLE,Energy,0.0554676548636679,0.0,-0.000570559353247988,-0.001596348199832849
2026-04-16 18:49:40.380001,XLE,Energy,-0.1055180784041432,0.0,-0.000570559353247988,-0.0022439067295622617
2026-04-17 18:49:40.380001,XLE,Energy,-0.01651394985766,0.0,-0.000570559353247988,5.2899138190261774e-05
2026-04-20 18:49:40.380001,XLE,Energy,0.0416340917677123,0.0,-0.000570559353247988,-0.0017970581026131053
2026-04-21 18:49:40.380001,XLE,Energy,0.009404240335142,0.0,-0.000570559353247988,-0.0007432484411798744
2026-04-22 18:49:40.380001,XLE,Energy,0.013215768789344,0.0,-0.000570559353247988,0.0005541216526836133
2026-04-23 18:49:40.380001,XLE,Energy,0.0429569567185682,0.0,-0.000570559353247988,-0.0015583883647692911
2026-04-24 18:49:40.380001,XLE,Energy,-0.0229071002328814,0.0,-0.000570559353247988,0.0017866358378205841
2026-04-27 18:49:40.380001,XLE,Energy,0.0615864244933512,0.0,-0.000570559353247988,0.0006784638968121466
2026-04-28 18:49:40.380001,XLE,Energy,-0.0147030745755491,0.0,-0.000570559353247988,-0.001919837244271415
2026-04-29 18:49:40.380001,XLE,Energy,-0.0140772361752187,0.0,-0.000570559353247988,0.0005474816990395033
2026-04-30 18:49:40.380001,XLE,Energy,-0.0424126050233802,0.0,-0.000570559353247988,-0.0011466531160583527
2026-05-01 18:49:40.380001,XLE,Energy,0.0101415972270217,0.0,-0.000570559353247988,-0.0017694095062241503
2026-05-04 18:49:40.380001,XLE,Energy,0.0446389315348149,0.0,-0.000570559353247988,-0.0009562052568856905
2026-05-05 18:49:40.380001,XLE,Energy,-0.0665508472498929,0.0,-0.000570559353247988,-0.0016777844779677963
2026-05-06 18:49:40.380001,XLE,Energy,0.0347389502882725,0.0,-0.000570559353247988,0.0006777336187368555
2026-05-07 18:49:40.380001,XLE,Energy,-0.0504537599056151,0.0,-0.000570559353247988,-0.0016085903657051992
2026-05-08 18:49:40.380001,XLE,Energy,-0.0383040105374428,0.0,-0.000570559353247988,0.0010243822227147112
2026-05-11 18:49:40.380001,XLE,Energy,-0.0090071973023932,0.0,-0.000570559353247988,-0.0017970673206174695
2026-05-12 18:49:40.380001,XLE,Energy,0.0353940656637945,0.0,-0.000570559353247988,-0.00229355559421494
2026-05-13 18:49:40.380001,XLE,Energy,0.0175262035902981,0.0,-0.000570559353247988,0.0005836332694176208
2026-05-14 18:49:40.380001,XLE,Energy,0.030912339469999,0.0,-0.000570559353247988,-0.0005586959023092252
2026-05-15 18:49:40.380001,XLE,Energy,0.0145784457286778,0.0,-0.000570559353247988,0.0008187941322676838
2026-05-18 18:49:40.380001,XLE,Energy,0.0429921655687913,0.0,-0.000570559353247988,0.000860698834796267
2026-05-19 18:49:40.380001,XLE,Energy,-0.066732988707808,0.0,-0.000570559353247988,-7.899465217574102e-05
2026-05-20 18:49:40.380001,XLE,Energy,-0.0281849500742107,0.0,-0.000570559353247988,-0.00040952666650900186
2026-05-21 18:49:40.380001,XLE,Energy,0.0290360119172342,0.0,-0.000570559353247988,-0.00226983946520453
2026-05-22 18:49:40.380001,XLE,Energy,-0.0597481813382508,0.0,-0.000570559353247988,-0.001795160494884763
2026-05-25 18:49:40.380001,XLE,Energy,0.0669557460139456,0.0,-0.000570559353247988,-0.0002650630639407088
2026-05-26 18:49:40.380001,XLE,Energy,-0.0279170377897282,0.0,-0.000570559353247988,-0.002679694159822607
2026-05-27 18:49:40.380001,XLE,Energy,-0.0148044105153683,0.0,-0.000570559353247988,0.0022032262211795365
2026-05-28 18:49:40.380001,XLE,Energy,-0.0902479719193361,0.0,-0.000570559353247988,-0.0005601657363957004
2026-05-29 18:49:40.380001,XLE,Energy,-0.0016855929044058,0.0,-0.000570559353247988,-0.0014844057216925974
2026-06-01 18:49:40.380001,XLE,Energy,-0.0019341720251073,0.0,-0.000570559353247988,-0.0011467864091025287
2026-06-02 18:49:40.380001,XLE,Energy,0.025293379497657,0.0,-0.000570559353247988,-0.0020421447556663195
2026-06-03 18:49:40.380001,XLE,Energy,0.0099705515001128,0.0,-0.000570559353247988,-3.666602240980294e-05
2026-06-04 18:49:40.380001,XLE,Energy,0.0426126187272188,0.0,-0.000570559353247988,0.0002658660437709076
2026-06-05 18:49:40.380001,XLE,Energy,0.0044328329865346,0.0,-0.000570559353247988,0.0014311409434967222
2026-06-08 18:49:40.380001,XLE,Energy,-0.0032679796447576,0.0,-0.000570559353247988,0.0003657639867471397
2026-06-09 18:49:40.380001,XLE,Energy,0.0207738591368117,0.0,-0.000570559353247988,-0.0004367654020250091
2026-06-10 18:49:40.380001,XLE,Energy,0.025430569680543,0.0,-0.000570559353247988,-0.0011682912545171523
2026-06-11 18:49:40.380001,XLE,Energy,-0.0052496117582571,0.0,-0.000570559353247988,-0.0003431662854216721
2026-06-12 18:49:40.380001,XLE,Energy,0.0588277007712963,0.0,-0.000570559353247988,-0.0009409443393180943
2026-06-15 18:49:40.380001,XLE,Energy,0.0072194681936989,0.0,-0.000570559353247988,-0.0007691816314468885
2026-06-16 18:49:40.380001,XLE,Energy,0.0179585810658141,0.0,-0.000570559353247988,0.0007510232048781475
2026-06-17 18:49:40.380001,XLE,Energy,0.0414040314231446,0.0,-0.000570559353247988,-0.0008550913998080352
2026-06-18 18:49:40.380001,XLE,Energy,-0.0097489674841224,0.0,-0.000570559353247988,-0.0007293962038798385
2026-06-19 18:49:40.380001,XLE,Energy,0.0538486351219427,0.0,-0.000570559353247988,0.00041350810065969763
2026-06-22 18:49:40.380001,XLE,Energy,0.0400432266127364,0.0,-0.000570559353247988,-0.0020279750783624567
2026-06-23 18:49:40.380001,XLE,Energy,0.0428543867273172,0.0,-0.000570559353247988,0.0004238742020430936
2026-06-24 18:49:40.380001,XLE,Energy,-0.0518169934427239,0.0,-0.000570559353247988,-0.00010101641932392595
2026-06-25 18:49:40.380001,XLE,Energy,0.0098929647359832,0.0,-0.000570559353247988,-0.0005422443774289446
2026-06-26 18:49:40.380001,XLE,Energy,0.0339534465176638,0.0,-0.000570559353247988,-0.0014105115270839534
2026-06-29 18:49:40.380001,XLE,Energy,-0.0091419681426507,0.0,-0.000570559353247988,-0.0015126675010327184
2026-06-30 18:49:40.380001,XLE,Energy,0.0582908988958876,0.0,-0.000570559353247988,-0.0007039076692649777
2026-07-01 18:49:40.380001,XLE,Energy,-0.0349674134927587,0.0,-0.000570559353247988,-0.0016663910551208052
2026-07-02 18:49:40.380001,XLE,Energy,-0.009306484390014,0.0,-0.000570559353247988,0.0017205742122800645
2026-07-03 18:49:40.380001,XLE,Energy,-0.0534610010851685,0.0,-0.000570559353247988,-0.001485251205239715
2026-07-06 18:49:40.380001,XLE,Energy,0.0973574849958005,0.0,-0.000570559353247988,-0.0014775998479500917
2026-07-07 18:49:40.380001,XLE,Energy,0.0392918979209959,0.0,-0.000570559353247988,-0.0014552297054490214
2026-07-08 18:49:40.380001,XLE,Energy,0.0216529838742465,0.0,-0.000570559353247988,0.000297049501912429
2026-07-09 18:49:40.380001,XLE,Energy,-0.0133461858967237,0.0,-0.000570559353247988,0.0009731956984605443
2026-07-10 18:49:40.380001,XLE,Energy,0.0821147865992378,0.0,-0.000570559353247988,7.601084141876599e-05
2026-07-13 18:49:40.380001,XLE,Energy,0.011867897108864,0.0,-0.000570559353247988,0.00023887106285203953
2026-07-14 18:49:40.380001,XLE,Energy,-0.1111742670950098,0.0,-0.000570559353247988,-0.0009248203347245663
2026-07-15 18:49:40.380001,XLE,Energy,-0.0324475841775809,0.0,-0.000570559353247988,-0.0011545768776004845
2026-07-16 18:49:40.380001,XLE,Energy,-0.0967344195955138,0.0,-0.000570559353247988,-0.0031974190873781004
2026-07-17 18:49:40.380001,XLE,Energy,0.0105013819140937,0.0,-0.000570559353247988,-0.0009529369749709504
2026-07-20 18:49:40.380001,XLE,Energy,-0.0527631562133145,0.0,-0.000570559353247988,-0.0042517218518599385
2026-07-21 18:49:40.380001,XLE,Energy,-0.0550687098415413,0.0,-0.000570559353247988,-0.000598609684466283
2026-07-22 18:49:40.380001,XLE,Energy,0.0220640554253347,0.0,-0.000570559353247988,0.000555290713294558
2026-07-23 18:49:40.380001,XLE,Energy,-0.0428330626606049,0.0,-0.000570559353247988,-0.0010124680276151106
2026-07-24 18:49:40.380001,XLE,Energy,0.0854486802450141,0.0,-0.000570559353247988,0.001807779163138545
2026-07-27 18:49:40.380001,XLE,Energy,0.0471338096954442,0.0,-0.000570559353247988,-0.0016543382222323779
2026-07-28 18:49:40.380001,XLE,Energy,-0.0415417885065162,0.0,-0.000570559353247988,0.0023421864220443105
2026-07-29 18:49:40.380001,XLE,Energy,0.0199360257057749,0.0,-0.000570559353247988,0.00154161062364444
2026-07-30 18:49:40.380001,XLE,Energy,-0.0057437615654597,0.0,-0.000570559353247988,-0.0018729220653931136
2026-07-31 18:49:40.380001,XLE,Energy,-0.0255277134465949,0.0,-0.000570559353247988,0.0007184197955040456
2026-08-03 18:49:40.380001,XLE,Energy,0.017673271235937,0.0,-0.000570559353247988,-0.0025403037013620464
2026-08-04 18:49:40.380001,XLE,Energy,-0.0457571883790237,0.0,-0.000570559353247988,-0.002092131368764484
