Date,Ticker,Close,Open,High,Low,Volume
2021-08-06 18:49:40.380001,CVX,145.0,144.06683602200587,147.52516419332278,143.99571818324108,170673470
2021-08-09 18:49:40.380001,CVX,140.17094689908242,139.70439934557237,141.3055457294662,138.90643638241517,77781940
2021-08-10 18:49:40.380001,CVX,127.82627964009895,127.6516229092229,130.26878655766745,125.89873549203416,82696150
2021-08-11 18:49:40.380001,CVX,128.10377483540208,128.85856886228353,129.5127479565078,126.49215077477163,50619858
2021-08-12 18:49:40.380001,CVX,127.69198027822308,126.85844036318552,128.66579485990678,125.3842656340813,116717379
2021-08-13 18:49:40.380001,CVX,121.49343525636367,121.56287514924044,123.14710295527364,119.29257815842114,51098896
2021-08-16 18:49:40.380001,CVX,121.42355360845356,120.3922009383907,123.56424358812839,120.19467953209686,86957904
2021-08-17 18:49:40.380001,CVX,121.58107895339445,121.57564844324851,122.66726014924198,121.25255031282711,187005257
2021-08-18 18:49:40.380001,CVX,125.2792321032587,126.07466266746776,126.79687874060629,124.30354071524015,148857753
2021-08-19 18:49:40.380001,CVX,129.50599142992348,130.30440432336542,131.98529875286096,127.85226952113779,112951652
2021-08-20 18:49:40.380001,CVX,130.88724874505445,131.6875961322529,132.62112767125586,130.36512242031512,59484149
2021-08-23 18:49:40.380001,CVX,126.7307118089749,125.55706870370608,126.80412125484555,124.40403663208618,138314710
2021-08-24 18:49:40.380001,CVX,123.05957695822356,124.28100808279981,123.14984067501378,121.64353593265376,104598295
2021-08-25 18:49:40.380001,CVX,125.15614149736746,126.1890651931447,125.50914841604518,124.07089370974228,120742224
2021-08-26 18:49:40.380001,CVX,126.35867530815987,125.64445231434077,126.95265901731821,125.78916767770737,156272028
2021-08-27 18:49:40.380001,CVX,132.800148046429,133.57526746796697,134.63921434553413,131.8943083459601,192499377
2021-08-30 18:49:40.380001,CVX,137.73777051391346,136.98715737067073,139.08488695819094,135.95472483625397,135211351
2021-08-31 18:49:40.380001,CVX,137.93956565687725,138.97440962796284,139.3844337272827,136.84831992561575,90764506
2021-09-01 18:49:40.380001,CVX,133.7189592351015,132.55671251107404,134.43613866435507,131.6179043516631,125081077
2021-09-02 18:49:40.380001,CVX,136.53742987768376,135.26917554659144,137.4028873982245,134.56452290549672,160439989
2021-09-03 18:49:40.380001,CVX,141.30308563098313,141.2493755683982,142.43746450168098,139.18344827686153,76095772
2021-09-06 18:49:40.380001,CVX,148.66519969805293,148.27041415300098,151.2625699713733,146.06730430518226,135401470
2021-09-07 18:49:40.380001,CVX,151.9067731903164,152.79729588607094,152.3085588090303,151.5304449559845,156165539
2021-09-08 18:49:40.380001,CVX,163.7938154428292,163.4211817111683,164.19350049619564,161.38555634525915,158641502
2021-09-09 18:49:40.380001,CVX,156.7486678060447,157.7612473829849,158.94227905983752,153.9102658183031,183990072
2021-09-10 18:49:40.380001,CVX,168.80947707941365,167.6720251619397,170.09659431194308,166.60445806072747,97005240
2021-09-13 18:49:40.380001,CVX,169.25142975966287,168.9688209858647,171.93553007404253,167.41693236009334,69231916
2021-09-14 18:49:40.380001,CVX,182.49727660694026,184.12805214735948,184.75180357603782,181.48002522977905,167745090
2021-09-15 18:49:40.380001,CVX,170.30434031851337,170.90900942545844,173.07795362277852,167.44879064137606,117295010
2021-09-16 18:49:40.380001,CVX,169.66282910301513,171.3107827919654,170.2664490538584,168.0357241222209,172006291
2021-09-17 18:49:40.380001,CVX,153.29009957869744,151.8508481703095,154.58591858145672,150.52961677803995,135244866
2021-09-20 18:49:40.380001,CVX,162.61310467617915,162.33679550386466,163.91745354164985,159.8905605439752,105720319
2021-09-21 18:49:40.380001,CVX,158.58733027604674,160.10479920043653,159.94245045236832,158.27761535412725,127210195
2021-09-22 18:49:40.380001,CVX,160.5297638634919,161.2912191136324,160.7763468225098,157.8027796667988,55555226
2021-09-23 18:49:40.380001,CVX,167.74768279258,169.06050123716406,170.33262080530278,166.60021086068403,127587832
2021-09-24 18:49:40.380001,CVX,178.02868870413022,179.5475484511524,178.9066245339002,174.79760903700935,116621005
2021-09-27 18:49:40.380001,CVX,184.45913271526547,183.02906740643138,187.1729716445158,180.85853199882675,187691913
2021-09-28 18:49:40.380001,CVX,192.5886186481094,192.45050964816528,192.7918218286701,192.33827115089028,111879517
2021-09-29 18:49:40.380001,CVX,186.57398762682624,187.7009970451981,190.00997788036602,186.49587920778995,61375680
2021-09-30 18:49:40.380001,CVX,191.26702502869384,190.5098352068098,191.77225146908424,190.45433467241097,78740707
2021-10-01 18:49:40.380001,CVX,202.8555368638446,203.64068833737255,205.8916761216737,200.82690492274597,159957170
2021-10-04 18:49:40.380001,CVX,189.6991118792127,191.22836785511876,192.03785477507122,189.23213153349775,106695034
2021-10-05 18:49:40.380001,CVX,197.91738498960152,199.2134832433534,201.5327718753626,196.95156498190676,102106650
2021-10-06 18:49:40.380001,CVX,183.47953676838023,183.76516236787185,183.71375380831208,183.34663903945594,121567297
2021-10-07 18:49:40.380001,CVX,188.6633949395727,188.08688699961868,189.35016053472796,187.45957949995116,141051433
2021-10-08 18:49:40.380001,CVX,190.71505243005416,189.6806365856472,192.42427584959606,187.92559782442433,183468196
2021-10-11 18:49:40.380001,CVX,192.2456378132278,192.4303013651407,194.19169739059583,190.96615651354793,183964130
2021-10-12 18:49:40.380001,CVX,183.0619959256822,182.90216883762025,183.61252728705102,182.23089469116306,167638589
2021-10-13 18:49:40.380001,CVX,167.54017284399657,167.45262618930673,169.53951134020562,167.4344312512243,199335120
2021-10-14 18:49:40.380001,CVX,158.55875904521383,157.71580029891248,158.84853643497095,157.26089615936095,69788167
2021-10-15 18:49:40.380001,CVX,162.5298262368896,162.57524199576545,164.85912549627778,161.57888501378034,174763363
2021-10-18 18:49:40.380001,CVX,169.1489122858887,168.61413430319163,169.60736691087837,165.8567606081623,50427996
2021-10-19 18:49:40.380001,CVX,175.79842929721883,174.46760595466966,179.24690653451424,173.3470786582626,97512222
2021-10-20 18:49:40.380001,CVX,182.46272038278696,182.98359710220964,185.03061721112252,179.04134399943328,66387125
2021-10-21 18:49:40.380001,CVX,174.77342765855698,175.91507235376682,178.07108897327797,174.5695314855066,142767646
2021-10-22 18:49:40.380001,CVX,186.452048060318,188.02332797215158,186.4714415047393,184.03963862751763,95216586
2021-10-25 18:49:40.380001,CVX,197.8576115465786,196.92589369803497,198.17588521187105,194.65471729908413,167157019
2021-10-26 18:49:40.380001,CVX,197.57658027039906,197.56571908730785,201.11109323554783,194.1466899103864,79952567
2021-10-27 18:49:40.380001,CVX,214.72191935995053,214.9179135649069,215.63213852334428,210.83964660103294,160806600
2021-10-28 18:49:40.380001,CVX,217.8443044792695,219.67030417287663,222.03302416198878,213.65976916378008,85939991
2021-10-29 18:49:40.380001,CVX,213.63983911072597,215.2018105162397,215.18230735978534,209.52058357269325,177064881
2021-11-01 18:49:40.380001,CVX,219.1128624775457,219.97870080042165,219.2133930756702,217.56670951977972,163481152
2021-11-02 18:49:40.380001,CVX,218.37833632779535,219.2471502165055,219.42371536337052,214.90213729271812,125307499
2021-11-03 18:49:40.380001,CVX,217.11448543513112,216.6541920558216,221.44061399016744,213.46930009768906,100697101
2021-11-04 18:49:40.380001,CVX,219.19972857275374,218.84767610433462,219.89378876004153,216.53594689431677,106566378
2021-11-05 18:49:40.380001,CVX,217.28938624009598,217.60066259407776,220.688366570508,217.19043055078544,141625452
2021-11-08 18:49:40.380001,CVX,216.71811005615953,218.60668410077142,220.9679208671063,212.93494257289697,128226475
2021-11-09 18:49:40.380001,CVX,202.51324836211248,201.85114605720673,203.97347512100538,202.0814200229478,140865555
2021-11-10 18:49:40.380001,CVX,199.8990474559145,200.88845189294338,201.66616760886842,196.31706438020652,166823271
2021-11-11 18:49:40.380001,CVX,198.23874861393045,197.87150808016497,198.49006038692409,196.17425050359915,81842700
2021-11-12 18:49:40.380001,CVX,209.82478955732688,208.53940869664714,210.07251824535936,209.29331231466608,106824420
2021-11-15 18:49:40.380001,CVX,217.15470173365742,216.0152568278838,218.8247351255362,214.0228552917794,194695029
2021-11-16 18:49:40.380001,CVX,216.85369114267536,217.82711407254254,217.053526851078,216.18663030482494,165785313
2021-11-17 18:49:40.380001,CVX,215.78364527672474,216.70302807837365,216.69236227725733,214.90365509481308,71001766
2021-11-18 18:49:40.380001,CVX,213.5994367274937,213.2294635359988,216.79949457375886,211.12554775672172,134788386
2021-11-19 18:49:40.380001,CVX,204.7054811728919,205.6344705035645,205.07303063901364,202.3595437797697,60803002
2021-11-22 18:49:40.380001,CVX,210.7668767688818,212.76449736885655,214.95689655270786,206.81841568706577,81509714
2021-11-23 18:49:40.380001,CVX,222.3260668421185,222.13122812195644,225.90866793872655,222.1883863454183,91134986
2021-11-24 18:49:40.380001,CVX,239.36665701886244,240.78928406765215,243.71485844328893,235.41749584840986,165615710
2021-11-25 18:49:40.380001,CVX,230.5362689909432,231.38949648408015,230.83297056446727,227.110951791692,75253941
2021-11-26 18:49:40.380001,CVX,223.79976284959008,221.94456789970212,225.61487831686068,223.25028131269076,75908404
2021-11-29 18:49:40.380001,CVX,225.80722912994113,225.6785134031266,227.58204220984214,224.37729392093695,183367188
2021-11-30 18:49:40.380001,CVX,226.12619632143998,226.3020376885729,229.13418739109494,224.48001899933288,55542611
2021-12-01 18:49:40.380001,CVX,216.97948603388528,216.937328879371,220.78225456540633,214.95420231036815,195606464
2021-12-02 18:49:40.380001,CVX,229.16449588468373,229.833755306527,229.67770250051453,227.90005039265986,90201699
2021-12-03 18:49:40.380001,CVX,214.27048495975635,215.3843096245111,216.25597533582274,212.87245048937646,69589049
2021-12-06 18:49:40.380001,CVX,211.41337772318178,212.24417550620618,214.8185031735723,207.7676992577527,129158137
2021-12-07 18:49:40.380001,CVX,219.8618432458499,218.79280577959827,221.72730076974662,218.23067680023667,113523496
2021-12-08 18:49:40.380001,CVX,206.30332000346078,206.18815564633115,206.85608779855897,204.3722792098796,83862173
2021-12-09 18:49:40.380001,CVX,196.10058377169682,197.96385954264318,198.00660828198872,195.214893137561,172020417
2021-12-10 18:49:40.380001,CVX,184.6682800280622,183.41177097676945,185.1895681273687,183.78586974975457,77210688
2021-12-13 18:49:40.380001,CVX,201.86993630490423,202.97633257293776,205.4387007114959,199.27129489766824,84651874
2021-12-14 18:49:40.380001,CVX,204.64942624897586,204.3645444804188,205.35282486601128,202.9416788653688,66531703
2021-12-15 18:49:40.380001,CVX,200.74933247190194,201.79091114331712,203.1262165690397,198.5951072159653,186175366
2021-12-16 18:49:40.380001,CVX,203.65742688736452,204.52822980676783,204.69611852653784,203.14657110994847,180719010
2021-12-17 18:49:40.380001,CVX,198.91896909096616,197.2132365964166,201.62860749550464,194.9559165831056,176584639
2021-12-20 18:49:40.380001,CVX,193.38075861421447,192.59505084094596,193.61299297948665,193.3004267775159,171997869
2021-12-21 18:49:40.380001,CVX,195.0439432618312,195.57019435004608,196.00966133269478,193.71290385813995,113647704
2021-12-22 18:49:40.380001,CVX,199.92207786404387,200.0493290668008,202.03764036829594,196.9217519075099,55609324
2021-12-23 18:49:40.380001,CVX,202.38333770900567,202.59744876210206,202.6659533373737,200.0849541918573,149044998
2021-12-24 18:49:40.380001,CVX,201.962698064419,201.31561479389953,204.13837802186694,200.7604157876042,77956624
2021-12-27 18:49:40.380001,CVX,189.12845457865222,190.47940995390084,192.12271829850016,185.52576203357393,190089417
2021-12-28 18:49:40.380001,CVX,207.6669321359241,206.41159340701762,209.51549281659902,206.49307474456458,145354676
2021-12-29 18:49:40.380001,CVX,224.44323610096112,226.6707857170283,226.19774475571512,224.39225291192577,117360939
2021-12-30 18:49:40.380001,CVX,229.3206355194403,227.10923719031686,232.226358749367,225.72358706502584,148923845
2021-12-31 18:49:40.380001,CVX,225.89145279934857,223.82214463563886,229.3310142956021,221.86233139374292,51582615
2022-01-03 18:49:40.380001,CVX,223.95972436578882,222.13243574446562,225.41178046282786,222.49741272599277,53264536
2022-01-04 18:49:40.380001,CVX,193.54455109126107,193.7414515212601,195.05157250704931,189.69183428488807,79267175
2022-01-05 18:49:40.380001,CVX,186.71595209674123,186.96950637550052,189.02342600369107,186.60347300901776,169859742
2022-01-06 18:49:40.380001,CVX,178.98247446821557,180.02855309053604,181.2039174939924,177.56258482908885,121434758
2022-01-07 18:49:40.380001,CVX,154.63769792869246,153.81260294119156,155.15305610817344,152.47383558600185,192838995
2022-01-10 18:49:40.380001,CVX,158.16806153488378,157.72941271236104,158.27230027799138,157.84119158490532,114369263
2022-01-11 18:49:40.380001,CVX,155.8056059619362,155.0595847135106,158.69236860569887,155.63819387700235,191402019
2022-01-12 18:49:40.380001,CVX,148.7341684644356,147.75481450898064,149.97451173570286,148.50303648783165,143182205
2022-01-13 18:49:40.380001,CVX,127.02046005621683,128.29063227666515,127.42818086771625,125.7988087170897,121769654
2022-01-14 18:49:40.380001,CVX,117.76372888495428,117.46428199972058,118.78172265832002,117.24925742782295,121348246
2022-01-17 18:49:40.380001,CVX,111.91139913317501,111.74464121623653,112.09451270348644,111.73932271236824,181371257
2022-01-18 18:49:40.380001,CVX,109.50328962740247,108.45675837412922,110.2875819333477,107.71344033325849,131721326
2022-01-19 18:49:40.380001,CVX,117.496818030828,117.65088460267087,117.69542273468439,115.20985269078666,129630761
2022-01-20 18:49:40.380001,CVX,118.56678382701782,117.8696763510839,119.35835144228633,116.22766865115516,99220850
2022-01-21 18:49:40.380001,CVX,108.33236424309118,108.1080870901107,109.05148965169087,106.36237431627026,167038910
2022-01-24 18:49:40.380001,CVX,118.88156405200638,119.81935928071879,120.58662022551223,118.12559085602572,71153203
2022-01-25 18:49:40.380001,CVX,119.84985964970532,120.31179283074142,120.19425160809065,119.21556511574299,172009616
2022-01-26 18:49:40.380001,CVX,113.86089628626397,114.28626874724914,115.16017524919558,113.36113692037249,184069698
2022-01-27 18:49:40.380001,CVX,99.7555935872776,99.41837086680701,100.46528825101453,98.66176430646729,155836275
2022-01-28 18:49:40.380001,CVX,97.33786487948719,97.15447585435828,97.61816367233357,96.24329141513665,189333715
2022-01-31 18:49:40.380001,CVX,94.30044816913006,94.45001985217525,94.80404329697264,93.74429606503328,168507348
2022-02-01 18:49:40.380001,CVX,93.63225637179252,93.83511643637047,94.51305855285761,92.54980146926505,108182734
2022-02-02 18:49:40.380001,CVX,94.17439253050149,94.97013162959817,95.39946067885266,93.91609957284123,151431929
2022-02-03 18:49:40.380001,CVX,103.85493506068785,103.8520903761206,105.91766423744971,103.12117143686376,193571229
2022-02-04 18:49:40.380001,CVX,113.36518471581255,114.19197235902554,115.56913333560603,112.26475139902081,146531267
2022-02-07 18:49:40.380001,CVX,116.7208577316631,116.26441042611305,118.70607614428535,115.77524252750939,182786727
2022-02-08 18:49:40.380001,CVX,131.51214783989457,130.58270440631128,131.61810200768733,129.5096153705989,74857765
2022-02-09 18:49:40.380001,CVX,137.27685659013653,135.93643658718878,137.6156657117437,136.6686484905739,72372160
2022-02-10 18:49:40.380001,CVX,139.99057147608008,141.37639261281114,140.69538734406788,139.34292509530943,64674317
2022-02-11 18:49:40.380001,CVX,143.43535260792308,144.5995731847741,144.8046674922441,142.52135689680378,150495215
2022-02-14 18:49:40.380001,CVX,133.54754868950621,133.95298026194442,134.77702881021483,130.93431899136675,142950447
2022-02-15 18:49:40.380001,CVX,108.2654511580539,108.51773451184641,108.69105838709899,107.36788660272187,175295109
2022-02-16 18:49:40.380001,CVX,109.20365990723012,109.01838093594714,110.19400954555445,108.31552115179758,199119597
2022-02-17 18:49:40.380001,CVX,124.51858690991254,123.75139406833728,125.82713130631483,122.10598821670719,181866762
2022-02-18 18:49:40.380001,CVX,138.7423552794034,138.7719240284178,139.71164081576262,137.32596109661347,157872959
2022-02-21 18:49:40.380001,CVX,152.6872761250237,152.9741546149038,153.0969297586525,151.9241057201377,198870983
2022-02-22 18:49:40.380001,CVX,122.14982090001895,121.60221415092414,122.15414083173344,121.78998064325594,146779045
2022-02-23 18:49:40.380001,CVX,131.29875909802624,131.59814085364854,132.42349841242697,129.92960267166876,185480151
2022-02-24 18:49:40.380001,CVX,152.44259677918265,153.36402744560294,152.8338315700244,150.94206365239154,86182746
2022-02-25 18:49:40.380001,CVX,148.17217614900517,147.6270626056017,149.9769681605173,145.7925071960054,114946788
2022-02-28 18:49:40.380001,CVX,126.63208282584245,126.76585115171824,127.91800006335542,124.55365465828459,144190483
2022-03-01 18:49:40.380001,CVX,123.37786365725981,122.3009301537496,123.56581593857875,122.76352510287408,113934610
2022-03-02 18:49:40.380001,CVX,129.37978045905058,128.6550810628029,130.0775470030563,126.9215309845817,109918504
2022-03-03 18:49:40.380001,CVX,126.6982293906019,127.17764625472135,129.0874948038954,124.46791236819203,183914978
2022-03-04 18:49:40.380001,CVX,112.42025644172826,113.19948336471391,112.55757234307099,110.18948301955125,97646006
2022-03-07 18:49:40.380001,CVX,122.30058900244265,121.21794444998356,124.07183973205602,120.85408349910865,69686325
2022-03-08 18:49:40.380001,CVX,108.82867780656557,109.77044558910886,110.05017125256506,106.91778794998183,108411691
2022-03-09 18:49:40.380001,CVX,105.44627520948416,104.9446829528685,106.84742770464241,103.6028162559486,196286707
2022-03-10 18:49:40.380001,CVX,109.58859202939689,108.83979637249351,110.33331402492496,108.58695239141076,93189531
2022-03-11 18:49:40.380001,CVX,112.7144186273415,113.10229438102624,114.86212389313202,110.4810748600955,73906801
2022-03-14 18:49:40.380001,CVX,120.73914277862671,120.23878063395316,120.75815299636433,118.9037047459531,105566211
2022-03-15 18:49:40.380001,CVX,130.82493853462168,130.92724976613027,132.43899924938225,129.93814139730284,169810978
2022-03-16 18:49:40.380001,CVX,118.08656148168231,118.30617932035507,118.15485315103642,115.90165647071007,55953840
2022-03-17 18:49:40.380001,CVX,121.12870428908683,121.42396132467253,121.43739502818643,120.46747187741666,180063592
2022-03-18 18:49:40.380001,CVX,102.6164458374217,102.14547799595935,102.90426539761992,101.62877977234578,162046064
2022-03-21 18:49:40.380001,CVX,99.45608939248153,100.38057884487435,99.48010721957657,97.8491047033444,139443572
2022-03-22 18:49:40.380001,CVX,90.4455782854673,90.94132554908481,91.40787883643421,88.97634937942067,180071725
2022-03-23 18:49:40.380001,CVX,92.12295347486999,92.1648249585955,92.2983696603773,91.26778800900541,172362978
2022-03-24 18:49:40.380001,CVX,99.4407613317333,98.98625692467819,100.50605727700322,99.05608870741189,159789202
2022-03-25 18:49:40.380001,CVX,103.10923349771362,103.78491142977835,103.9451713770369,102.34319258232553,198797830
2022-03-28 18:49:40.380001,CVX,106.53638832358389,106.3193279825472,106.94694394486264,104.71318853691588,174903493
2022-03-29 18:49:40.380001,CVX,94.35696899067571,94.64471865431565,95.98933583529332,92.95373394250035,123221267
2022-03-30 18:49:40.380001,CVX,86.01749413412587,85.45950301157887,87.35182279095089,85.23380342168436,191809610
2022-03-31 18:49:40.380001,CVX,73.30936145503003,72.83351121187792,74.43677991739925,72.43365917173465,54487318
2022-04-01 18:49:40.380001,CVX,66.47741803008448,66.89039206753593,67.58692528143666,65.61744068122428,152979904
2022-04-04 18:49:40.380001,CVX,59.801225520202934,59.64244310639879,60.304645936836316,59.121995250295576,80120313
2022-04-05 18:49:40.380001,CVX,60.543037332935775,61.00047249115097,60.87331022388027,59.605865814658294,80659819
2022-04-06 18:49:40.380001,CVX,65.2522444740419,65.11253110281972,66.196747630297,64.28370268816208,140883185
2022-04-07 18:49:40.380001,CVX,75.26910685304019,75.60761150673471,75.95074072979592,73.83351669194643,188546314
2022-04-08 18:49:40.380001,CVX,73.08085510643045,72.52122791775588,74.2359782582702,71.74957617352733,69118029
2022-04-11 18:49:40.380001,CVX,75.98117372534531,76.72746941714892,77.13275639966344,75.06522896042554,59294131
2022-04-12 18:49:40.380001,CVX,76.78935385764342,77.44080152886379,77.50139212018895,75.77195677450719,106278337
2022-04-13 18:49:40.380001,CVX,67.70877616033624,67.27949906365966,68.16308724203529,67.37444512389942,159120122
2022-04-14 18:49:40.380001,CVX,63.93176633933438,64.07396017983773,64.38560386602728,63.72341921825622,80725171
2022-04-15 18:49:40.380001,CVX,66.73554244221499,66.38960775031268,66.89635604739749,65.44007517684557,106764882
2022-04-18 18:49:40.380001,CVX,69.76743864177021,69.53694117223561,69.92322976522857,69.21415617617998,160501880
2022-04-19 18:49:40.380001,CVX,68.05924470126462,68.22276578599093,68.2645250774308,66.94116028972257,155222540
2022-04-20 18:49:40.380001,CVX,69.79261734284805,69.87037621586887,70.07371152114831,68.9739420013671,135980047
2022-04-21 18:49:40.380001,CVX,62.9635864660653,62.94043033460235,63.97136507093479,62.265325026013635,122168637
2022-04-22 18:49:40.380001,CVX,58.640235040807035,58.57920634672558,59.10034194777411,58.60832824103043,90971572
2022-04-25 18:49:40.380001,CVX,58.798185438156395,58.59915233939541,59.282675515354235,58.51726036011912,56960367
2022-04-26 18:49:40.380001,CVX,59.346646950559965,59.01386298234566,59.517527765211945,59.233491263242314,151345007
2022-04-27 18:49:40.380001,CVX,60.82492804125283,61.179847146765844,61.17787385308009,59.745888229350584,164793520
2022-04-28 18:49:40.380001,CVX,63.78246591882735,63.63212104206271,64.78580607505769,62.66001625675332,54723201
2022-04-29 18:49:40.380001,CVX,69.9214771489775,69.83947562180116,70.16863463442606,69.37768933458179,117036553
2022-05-02 18:49:40.380001,CVX,67.62189016455574,67.13576708213046,68.25317853071076,67.0445443774536,184668134
2022-05-03 18:49:40.380001,CVX,63.97443471046757,63.62635562675137,65.22847602580003,63.66065568778662,195866461
2022-05-04 18:49:40.380001,CVX,65.04368360400635,65.27596731032747,65.82213120627446,63.849434752565394,101853628
2022-05-05 18:49:40.380001,CVX,62.51591680127395,62.373103120305345,63.70968893589926,61.407184139846315,116160888
2022-05-06 18:49:40.380001,CVX,64.86695479501361,65.3953250941698,65.10199952074444,63.64917568156459,139731180
2022-05-09 18:49:40.380001,CVX,64.40660123269205,64.39033024198777,64.47723163376348,63.13054608731519,183505618
2022-05-10 18:49:40.380001,CVX,57.99676955807564,57.43545238427865,58.47148527173695,57.043011688743874,86357446
2022-05-11 18:49:40.380001,CVX,55.57672302423014,55.723852937465516,55.9434336341596,55.33681190845474,68010903
2022-05-12 18:49:40.380001,CVX,56.535193834423225,56.095578962940074,56.80486405716295,56.2695765532872,133240962
2022-05-13 18:49:40.380001,CVX,59.87812325761834,60.35082144272253,60.336163628365036,58.70063865301206,78331258
2022-05-16 18:49:40.380001,CVX,58.855364000666725,58.73886951682762,59.37816713003249,58.72586159473879,83667417
2022-05-17 18:49:40.380001,CVX,56.16816680962424,56.24599069473588,56.25591973457395,55.70097637138793,189024204
2022-05-18 18:49:40.380001,CVX,54.95909668078274,55.436327423487256,55.60520770077402,54.73059342594569,59579978
2022-05-19 18:49:40.380001,CVX,57.89627683183839,58.17881995227955,58.5741048061069,57.61434025634348,139478692
2022-05-20 18:49:40.380001,CVX,58.39914865358062,58.230245779126896,58.43198033342482,57.390472796287625,82312036
2022-05-23 18:49:40.380001,CVX,56.287284104885934,56.407277201990915,56.50883313217915,55.91951615783366,188486830
2022-05-24 18:49:40.380001,CVX,57.55687839806644,57.23907484205318,57.6726522019908,57.468954773666646,196470064
2022-05-25 18:49:40.380001,CVX,62.08140132252569,61.6327815804367,62.49165515338669,60.95367994968133,129363655
2022-05-26 18:49:40.380001,CVX,63.56585272223909,63.252097105706895,64.63036497947999,63.34806175003266,58002590
2022-05-27 18:49:40.380001,CVX,63.50334193258519,63.402314756150695,64.10964132893383,62.247904725082975,109922849
2022-05-30 18:49:40.380001,CVX,61.77006595837546,61.368613803212476,62.05112564439179,60.58345152332749,73891476
2022-05-31 18:49:40.380001,CVX,66.03120273915837,66.3169269371179,66.09622983541269,65.5584028515386,69663652
2022-06-01 18:49:40.380001,CVX,66.0478836643328,66.39116936265559,66.1634633307492,65.41464764416759,62576370
2022-06-02 18:49:40.380001,CVX,64.7117860625333,64.43957379029723,65.72501554967162,64.27395549628329,67483759
2022-06-03 18:49:40.380001,CVX,67.77678192796073,67.98145924406502,68.91880014220771,66.4936305058989,75835518
2022-06-06 18:49:40.380001,CVX,61.43491887740681,61.46700280636915,61.84220224514661,61.10803561412673,146423930
2022-06-07 18:49:40.380001,CVX,59.70632974633209,59.72629717995579,59.95686713914604,59.553277335861914,192407887
2022-06-08 18:49:40.380001,CVX,60.773777942862004,60.34604931816949,61.145477511176125,59.7970587749888,145905015
2022-06-09 18:49:40.380001,CVX,55.870304800539714,56.105120776010196,56.152916627885,55.85064474821031,185925443
2022-06-10 18:49:40.380001,CVX,57.85588014312105,57.555092168242865,58.44750123033765,57.476859779795554,123376619
2022-06-13 18:49:40.380001,CVX,55.39260354940914,55.34271378448365,56.25110134733789,54.28978837992242,197494173
2022-06-14 18:49:40.380001,CVX,53.5519057212908,54.08459548333295,53.636279189397264,52.9733415614574,63284814
2022-06-15 18:49:40.380001,CVX,59.74380734080193,59.51739349633461,60.57620283804488,59.08516811698906,97816647
2022-06-16 18:49:40.380001,CVX,57.153293578363275,57.46352508672329,57.69039893179132,56.061257816366,122185504
2022-06-17 18:49:40.380001,CVX,53.40181637324586,53.712350753604696,54.167292357802545,53.169536826355696,154385797
2022-06-20 18:49:40.380001,CVX,55.31200535200649,55.36130229420635,56.31898589341886,55.16694508953274,65496592
2022-06-21 18:49:40.380001,CVX,54.344540977310245,54.09852777258862,55.06892452033656,53.413463588212096,93336905
2022-06-22 18:49:40.380001,CVX,54.34716178763835,53.97769795090728,54.742708359705205,53.604397726906925,179975377
2022-06-23 18:49:40.380001,CVX,50.5200498480875,51.02112371080336,51.52851727524475,50.07640191940054,71523963
2022-06-24 18:49:40.380001,CVX,51.21467354036817,51.681857396162705,51.85133878672434,51.052710026467786,91294824
2022-06-27 18:49:40.380001,CVX,48.8890313738921,48.71358871660489,49.018878391555255,48.64345419559596,140968581
2022-06-28 18:49:40.380001,CVX,48.013015919923596,48.21262912423939,48.41909559248972,47.70549259863245,62916535
2022-06-29 18:49:40.380001,CVX,47.644032124994105,48.00991529421811,47.70033702104061,47.47371984586137,69140296
2022-06-30 18:49:40.380001,CVX,47.08821452894582,46.78814478655293,47.114063141509654,47.05101824917956,159811670
2022-07-01 18:49:40.380001,CVX,49.21851990442358,48.89033820193991,49.85298107406302,48.7804423957598,85437413
2022-07-04 18:49:40.380001,CVX,46.524213671813705,46.389253816950855,46.62861511921555,45.90612747854298,98000807
2022-07-05 18:49:40.380001,CVX,46.81965856099699,46.41488172352321,47.706222840709444,46.733611843844294,177939465
2022-07-06 18:49:40.380001,CVX,51.2366884431246,50.80611337247587,51.692293043540424,50.88377476603174,66663274
2022-07-07 18:49:40.380001,CVX,49.7387918930787,49.25138268961462,50.26896416051905,49.6477693397065,66528476
2022-07-08 18:49:40.380001,CVX,49.14628701187902,49.39139966955718,49.92597963140421,48.687623706034685,117179365
2022-07-11 18:49:40.380001,CVX,46.3044456652104,46.168458978990486,46.70369963554262,46.235110704308475,108998541
2022-07-12 18:49:40.380001,CVX,45.21259649040198,45.552721382697776,45.459813920095506,45.161169328537355,96711167
2022-07-13 18:49:40.380001,CVX,44.34594478916146,44.07981722901301,44.55176896400264,43.472983886930756,153513913
2022-07-14 18:49:40.380001,CVX,44.480587474001105,44.17485435751147,44.62192154732434,44.08688296434263,178596904
2022-07-15 18:49:40.380001,CVX,44.18834015085376,44.10072538030337,44.87253357163675,43.52429701500728,137841472
2022-07-18 18:49:40.380001,CVX,44.52000818162637,44.76348962924992,44.967943695637594,43.80261219300594,97603843
2022-07-19 18:49:40.380001,CVX,42.06277714457808,42.17609104762905,42.125957820353555,41.59666020584648,138237962
2022-07-20 18:49:40.380001,CVX,41.98260365904728,41.99475203622568,42.12687062187325,41.50871309543225,155271382
2022-07-21 18:49:40.380001,CVX,41.02613090591515,40.89090262221633,41.128983563751135,40.25503325650297,160657663
2022-07-22 18:49:40.380001,CVX,40.93530543651636,40.73765356892443,41.260047069707234,40.664588305653716,63646175
2022-07-25 18:49:40.380001,CVX,39.83301476232326,40.08589212784131,39.987182747642386,39.158253349006316,164849166
2022-07-26 18:49:40.380001,CVX,39.61410114260013,39.54936536820332,40.18237403806192,39.21357434915199,77858057
2022-07-27 18:49:40.380001,CVX,41.09380253662482,40.8939914547593,41.537865692086086,40.790527791045875,52816116
2022-07-28 18:49:40.380001,CVX,39.6752477024617,39.5232112565554,40.433338487787026,38.954939019256614,76564172
2022-07-29 18:49:40.380001,CVX,40.47747875957756,40.758328885917784,41.092348827531566,39.79136735415131,154341916
2022-08-01 18:49:40.380001,CVX,39.332688197382595,39.28944916784506,39.352974304833566,39.02844521412001,146185076
2022-08-02 18:49:40.380001,CVX,40.815143956105786,40.73901539918285,41.07590221753345,40.00445097849439,140935143
2022-08-03 18:49:40.380001,CVX,39.412274677370256,39.34470732910054,39.84115353556468,39.07870694856575,185276164
2022-08-04 18:49:40.380001,CVX,40.69204309121423,40.36818769447277,40.94625800628099,40.5576693093021,112710197
2022-08-05 18:49:40.380001,CVX,42.30788477963048,42.237992602789554,42.76955205481082,41.9626416689058,130642665
2022-08-08 18:49:40.380001,CVX,41.83564589752182,42.1351934585298,42.161907850613275,41.1767452422739,59903127
2022-08-09 18:49:40.380001,CVX,41.222749306781196,40.9910243873727,41.96568576490727,40.543374546944335,90565998
2022-08-10 18:49:40.380001,CVX,42.17316564217833,42.28799969713668,42.3999448710871,41.85818445763665,103804337
2022-08-11 18:49:40.380001,CVX,42.32242577098027,42.074930319884594,42.65631439841067,42.2285882722839,188364211
2022-08-12 18:49:40.380001,CVX,40.83394127439853,40.618193590668916,40.992728739216666,40.642259240721536,158657148
2022-08-15 18:49:40.380001,CVX,41.68143257416804,41.50890724279517,42.31770146263066,41.3539286639015,112876450
2022-08-16 18:49:40.380001,CVX,40.9520882896918,41.04194486055483,41.514643139368864,40.40184956403503,135939517
2022-08-17 18:49:40.380001,CVX,38.66267498914937,38.53872920043998,39.11165182273797,38.07128848346245,146431445
2022-08-18 18:49:40.380001,CVX,41.07118395513651,40.69600220898561,41.840375573131446,40.74780296287521,98290782
2022-08-19 18:49:40.380001,CVX,40.57756936665171,40.17253247664042,40.601823163325086,39.84175436268282,88507016
2022-08-22 18:49:40.380001,CVX,39.87290828949864,39.637091888309115,40.442456194072676,39.09101906602252,194295742
2022-08-23 18:49:40.380001,CVX,41.785497555011524,42.12069433971891,42.24391120120365,41.27666150601795,151284385
2022-08-24 18:49:40.380001,CVX,41.673581868765176,41.55587564806508,42.47640946821969,41.09461083668762,145230632
2022-08-25 18:49:40.380001,CVX,43.37799618501861,43.310698777021074,44.097178594296544,42.81390496153238,102205552
2022-08-26 18:49:40.380001,CVX,39.615213781403504,39.87881442668255,40.13901030678124,39.06287142980058,147343714
2022-08-29 18:49:40.380001,CVX,37.51379436219714,37.173073027272586,37.897045055620694,37.34258852674402,72238763
2022-08-30 18:49:40.380001,CVX,36.233865748000675,36.57335422437308,36.69758623929538,36.07673355931744,92280994
2022-08-31 18:49:40.380001,CVX,38.05538510790151,37.9116049750086,38.68431884711306,37.3663893804186,125888088
2022-09-01 18:49:40.380001,CVX,39.85908385807968,39.745396926399586,39.88314521671035,39.605663536818334,116623277
2022-09-02 18:49:40.380001,CVX,40.85304604745929,40.83228912128265,41.549397403183,40.82425831704069,168166058
2022-09-05 18:49:40.380001,CVX,38.596318350275034,38.47439016306046,38.68184666506733,37.95779970079696,198881417
2022-09-06 18:49:40.380001,CVX,40.461722442305565,40.233961783440684,41.081567273985655,39.9062226406402,72886018
2022-09-07 18:49:40.380001,CVX,41.396621372903056,41.69829608455817,42.22097961905274,40.87805533484165,105618291
2022-09-08 18:49:40.380001,CVX,41.20785843612868,40.8811302916322,41.67826812622314,40.876681415656925,187748089
2022-09-09 18:49:40.380001,CVX,42.35380846916493,42.20490420379682,42.998924375878694,42.2590662784816,199388716
2022-09-12 18:49:40.380001,CVX,43.758584384405864,43.95395057136003,44.016162097060494,42.91341793836616,137315471
2022-09-13 18:49:40.380001,CVX,44.16707308556101,44.029706455825774,44.8667935839708,43.755985854299595,170423079
2022-09-14 18:49:40.380001,CVX,44.78430782069627,44.65025670123041,45.64192092986997,44.41051459676969,73091279
2022-09-15 18:49:40.380001,CVX,44.03011326222003,44.13462056965802,44.314862488801396,43.45987161566145,165841483
2022-09-16 18:49:40.380001,CVX,45.06607410316086,45.06720460856637,45.248683592520635,44.44919757689276,83571102
2022-09-19 18:49:40.380001,CVX,47.54404064627898,47.85105583407611,47.66948791206866,46.70689342055677,159374255
2022-09-20 18:49:40.380001,CVX,47.49927432983376,47.04732862335805,48.24610522862498,46.66552497600536,193444456
2022-09-21 18:49:40.380001,CVX,47.01540108095977,46.6400446873708,47.81383898582707,46.911371174421,179978016
2022-09-22 18:49:40.380001,CVX,47.420308599970724,47.773052309699956,48.29471751381005,47.06815884919481,80784056
2022-09-23 18:49:40.380001,CVX,46.8275683344569,47.12135657356837,47.19339251374016,46.62862926007805,99945490
2022-09-26 18:49:40.380001,CVX,47.65976845622726,47.97612615920853,48.22918186601158,47.145979203049535,157518529
2022-09-27 18:49:40.380001,CVX,48.9825765030162,48.8019714282496,49.082275840055395,48.142584240725064,126358435
2022-09-28 18:49:40.380001,CVX,49.73046763962479,50.22111900228143,49.88763027690014,49.46428592813062,50680889
2022-09-29 18:49:40.380001,CVX,50.84976873332158,50.51644126215128,51.69378059468074,50.83445978407035,63887497
2022-09-30 18:49:40.380001,CVX,49.960747680436015,49.923320528887544,50.74617669973478,49.325800259016475,81557168
2022-10-03 18:49:40.380001,CVX,47.244593290104966,46.78924222614196,47.61272693758124,46.501996756465864,116956671
2022-10-04 18:49:40.380001,CVX,47.593158726826005,47.88573379681497,48.204496232949005,46.649660538835825,150236849
2022-10-05 18:49:40.380001,CVX,47.2398877121948,46.967414883096296,47.3648662662034,46.43922928585142,187987639
2022-10-06 18:49:40.380001,CVX,48.61972879588144,48.80301828219183,49.316536873040796,48.2498212494822,119888989
2022-10-07 18:49:40.380001,CVX,47.55943237692028,47.11174932600574,47.895160806548404,47.07676209798311,142687696
2022-10-10 18:49:40.380001,CVX,48.5162536973929,48.74859422223497,48.747425818389374,48.18663068309171,86641686
2022-10-11 18:49:40.380001,CVX,47.58889150531426,47.19330613248507,48.30921151868788,46.74536770970934,66097768
2022-10-12 18:49:40.380001,CVX,48.028183082530504,48.317195052600745,48.18286783153522,47.72527415485992,116079611
2022-10-13 18:49:40.380001,CVX,47.89420317225907,47.96017251989328,48.32899579065503,47.0070685295979,123547857
2022-10-14 18:49:40.380001,CVX,48.03103391725759,47.68124293221081,48.454795758390205,47.08783871809534,136177256
2022-10-17 18:49:40.380001,CVX,47.06220116400717,47.320270378821505,47.43150885497039,46.33122390152582,73289773
2022-10-18 18:49:40.380001,CVX,44.79030651149455,44.37894439298327,45.669004951096895,44.67208320679813,196597222
2022-10-19 18:49:40.380001,CVX,44.52916928942064,44.8219391810211,44.877018309697554,43.73761128042062,166461838
2022-10-20 18:49:40.380001,CVX,44.76184578478468,44.52471538017066,45.5818587608189,43.9352899761427,199830559
2022-10-21 18:49:40.380001,CVX,43.50925411934391,43.62368413736379,43.92306066631995,42.79922206738052,71549275
2022-10-24 18:49:40.380001,CVX,43.14169427351535,43.55082302343305,43.990720447695296,42.49216459703609,86486311
2022-10-25 18:49:40.380001,CVX,41.22634122932142,41.189242795170486,41.86827052136717,41.07390461411929,89704396
2022-10-26 18:49:40.380001,CVX,42.72545679505619,43.075341420765724,42.947435533516725,42.119931242140744,90374461
2022-10-27 18:49:40.380001,CVX,43.72790094929376,44.11599344454468,44.09380108577068,43.38002910024739,137493249
2022-10-28 18:49:40.380001,CVX,44.81420821892112,44.81633310349203,44.85146645458832,44.259520332408016,160901880
2022-10-31 18:49:40.380001,CVX,42.834335993524114,42.54930262289321,42.962255790822994,42.29911033182939,135379027
2022-11-01 18:49:40.380001,CVX,42.588616357982545,42.165068597547005,43.27862507009928,41.91869319347431,106861295
2022-11-02 18:49:40.380001,CVX,42.68679196573803,42.644542892393844,43.344244353383694,42.66247325940363,126266229
2022-11-03 18:49:40.380001,CVX,45.75177368256839,45.62193584952267,46.263749080935234,44.94616465371071,113578779
2022-11-04 18:49:40.380001,CVX,45.977649865334264,46.42506872471613,46.61955115305932,45.13068639747217,87674028
2022-11-07 18:49:40.380001,CVX,46.809992439048216,46.75722626077463,46.93155496365945,46.000010661695356,126125465
2022-11-08 18:49:40.380001,CVX,46.27945276538862,45.91915349707314,46.938872696572965,45.66622540723238,110494005
2022-11-09 18:49:40.380001,CVX,45.89244945493029,45.955949715178235,46.597848909000405,45.618080237217185,76715228
2022-11-10 18:49:40.380001,CVX,44.91477461422934,44.78542840850608,45.50106562897282,44.016850922031836,106460775
2022-11-11 18:49:40.380001,CVX,44.994464244138896,44.998389561397204,45.25327717609157,44.58391455754696,148352532
2022-11-14 18:49:40.380001,CVX,43.83620592824611,44.14633139704473,44.34511447754865,43.33840164291693,115839341
2022-11-15 18:49:40.380001,CVX,44.79260424095671,45.17876860192951,45.335514685044274,44.60798461495995,143818660
2022-11-16 18:49:40.380001,CVX,43.36592016739252,43.41981491257487,43.695248907352514,42.86532411598293,114181139
2022-11-17 18:49:40.380001,CVX,43.14119133315676,43.12955036757803,43.703729286321234,42.48214789539691,51334055
2022-11-18 18:49:40.380001,CVX,43.464206064994244,43.46317419684954,44.05441955195825,42.81468790037304,54946886
2022-11-21 18:49:40.380001,CVX,43.48293667381388,43.78891224469162,43.531468772930594,42.79783647301221,111127462
2022-11-22 18:49:40.380001,CVX,43.58920356599069,43.80391254721105,44.220468575144665,42.947039621670775,108457475
2022-11-23 18:49:40.380001,CVX,43.51374581223462,43.697505497357554,43.71411736165779,42.92816076371948,85322997
2022-11-24 18:49:40.380001,CVX,44.7605489431153,44.57951719483078,45.08026141358361,44.325676001327224,127514348
2022-11-25 18:49:40.380001,CVX,43.901735874560714,44.13899971376043,44.34144232353494,43.167006001613416,195790370
2022-11-28 18:49:40.380001,CVX,43.67110617595853,43.82282749963745,44.02241916677898,43.627564921319774,121900257
2022-11-29 18:49:40.380001,CVX,44.16170381019945,44.50798722908754,44.92201799704796,44.11675758816454,65230879
2022-11-30 18:49:40.380001,CVX,44.96916024178691,44.55415782874164,45.81993929928678,44.29144927667426,81563311
2022-12-01 18:49:40.380001,CVX,45.59429515498468,45.69653481596593,45.66252445806094,44.84902016109129,51290055
2022-12-02 18:49:40.380001,CVX,44.861998624669994,44.71427240847438,45.32408405154131,44.57045561682414,171128831
2022-12-05 18:49:40.380001,CVX,44.13833824551039,43.80575100331874,44.911111288626586,43.59449841349631,167971820
2022-12-06 18:49:40.380001,CVX,41.91743235191492,42.07746038339767,42.53632425337396,41.288573739722914,106816065
2022-12-07 18:49:40.380001,CVX,42.06859699849371,42.32513200927228,42.123388066481,41.596203701416975,168580623
2022-12-08 18:49:40.380001,CVX,45.82594680700575,45.87335993527254,45.89155141494722,44.97200947653749,78950648
2022-12-09 18:49:40.380001,CVX,43.16012001960357,43.30872891152152,43.678533795558586,43.00232594783525,61266710
2022-12-12 18:49:40.380001,CVX,41.58200014684223,41.35384846923675,41.81040369633729,40.775785448756835,142279293
2022-12-13 18:49:40.380001,CVX,44.79826590983006,44.92328864798319,45.45514788282138,44.28031496859091,67107325
2022-12-14 18:49:40.380001,CVX,45.0362005238108,45.377631687496375,45.75501854004822,45.024185959172186,104535854
2022-12-15 18:49:40.380001,CVX,43.33610427375271,43.42611999540274,43.762688316107564,42.652080557077845,79555391
2022-12-16 18:49:40.380001,CVX,44.81156661534154,44.43823557238833,45.07181372881229,44.492765503134194,136310914
2022-12-19 18:49:40.380001,CVX,43.86510897947566,43.593915678120375,44.52008220603577,43.79211858579135,88129711
2022-12-20 18:49:40.380001,CVX,42.57115975049833,42.50617667028965,42.865241800873406,41.92220820388575,95180652
2022-12-21 18:49:40.380001,CVX,40.34410150346591,40.36488465349366,41.11176152200469,39.64502083343864,160749550
2022-12-22 18:49:40.380001,CVX,38.45539353791463,38.11984087269822,38.47437646705605,37.915395280519505,137624311
2022-12-23 18:49:40.380001,CVX,41.50988539103587,41.85159415721716,42.056040135177106,41.325729040757494,55487528
2022-12-26 18:49:40.380001,CVX,42.08063691294543,42.163049102991735,42.8460570456052,41.9728572849506,105179730
2022-12-27 18:49:40.380001,CVX,39.896766107971196,40.12711568069787,40.46337804655309,39.8585009505437,135124662
2022-12-28 18:49:40.380001,CVX,38.25852859552189,38.27561387756618,38.836937146698055,37.93794027895324,120089546
2022-12-29 18:49:40.380001,CVX,36.87465085312023,36.56770076755608,37.208140491015264,36.805142274043284,132205705
2022-12-30 18:49:40.380001,CVX,36.30725429116439,36.515210030181606,36.586488756149166,36.14877845869425,139760217
2023-01-02 18:49:40.380001,CVX,34.74510074809838,34.52270569529022,35.39395523739787,34.228727502915106,142414119
2023-01-03 18:49:40.380001,CVX,36.87673426469461,36.98204861200814,37.26979443972215,36.694219506041044,179604103
2023-01-04 18:49:40.380001,CVX,33.924181860622525,33.69370946220288,34.297614735551065,33.57677008370339,110818136
2023-01-05 18:49:40.380001,CVX,32.07997948781197,32.10320184015924,32.12012066744556,32.065312329464085,139417916
2023-01-06 18:49:40.380001,CVX,30.39565001108341,30.247613972581526,30.70667598277894,30.15447672560935,189185622
2023-01-09 18:49:40.380001,CVX,30.979979238881427,31.208914815905207,31.534858594504858,30.956627946433475,108801344
2023-01-10 18:49:40.380001,CVX,33.34141606287081,33.5604676693233,33.782119901066814,33.14555460579807,191597785
2023-01-11 18:49:40.380001,CVX,32.748696479359374,32.58511465560678,32.830607961398385,32.57754202887211,68532402
2023-01-12 18:49:40.380001,CVX,35.24561576567646,35.48936421423766,35.494363018026135,35.185975458584515,160543574
2023-01-13 18:49:40.380001,CVX,35.0174352440271,34.71232804673132,35.425337796725195,34.66169029481816,185520363
2023-01-16 18:49:40.380001,CVX,31.1343126054083,31.020924666075352,31.25419646185883,30.99203238605717,156362358
2023-01-17 18:49:40.380001,CVX,30.9350015609759,30.97018889625654,30.950755787027994,30.548310172479578,124270298
2023-01-18 18:49:40.380001,CVX,30.939578254702575,31.186821206947194,31.143223837418528,30.456072075967334,167733174
2023-01-19 18:49:40.380001,CVX,30.4848776281573,30.704891312704394,30.82194485351935,29.92009382315883,54414563
2023-01-20 18:49:40.380001,CVX,30.387159796015016,30.6608432976726,30.69041961149514,29.992275652204086,57165411
2023-01-23 18:49:40.380001,CVX,30.181662602676877,30.41496728595643,30.467325408469147,29.777671241300965,116326558
2023-01-24 18:49:40.380001,CVX,30.328070473061924,30.3853663936573,30.33923654852277,30.100161622873397,166842526
2023-01-25 18:49:40.380001,CVX,28.02530240829035,28.296221404253185,28.08493316701958,27.967103032396118,90739750
2023-01-26 18:49:40.380001,CVX,29.35497414204773,29.63968943560211,29.893862147179153,28.994716423367752,100923245
2023-01-27 18:49:40.380001,CVX,28.304882268938975,28.39691964217375,28.541351282797322,27.767435628517955,181005274
2023-01-30 18:49:40.380001,CVX,27.901734213472984,27.86145855484192,28.421616920572138,27.697732072697907,110141815
2023-01-31 18:49:40.380001,CVX,28.891463385703837,28.77314072874267,29.12209059487728,28.567092778171865,60902224
2023-02-01 18:49:40.380001,CVX,28.20978499576782,27.96661248789474,28.628509305063474,27.718660878121636,96020028
2023-02-02 18:49:40.380001,CVX,28.950949635685596,28.702995416401357,29.22823191154631,28.80620757884377,87524209
2023-02-03 18:49:40.380001,CVX,28.327119903868933,28.539337280527956,28.684002993118668,27.936441048798432,197161054
2023-02-06 18:49:40.380001,CVX,28.08319338653859,27.98075908266837,28.194063722277985,27.664279134401294,192233343
2023-02-07 18:49:40.380001,CVX,31.22231690851445,31.048204691367193,31.452817681775766,30.782305796186016,50250205
2023-02-08 18:49:40.380001,CVX,31.380885314576908,31.65120188434466,31.713576541090934,31.102736198183052,117484490
2023-02-09 18:49:40.380001,CVX,34.0048769679058,33.92813298753827,34.350983633522226,33.87141116043843,87829950
2023-02-10 18:49:40.380001,CVX,33.97044440149608,33.823261163754744,34.1913457774333,33.712742819310115,58719003
2023-02-13 18:49:40.380001,CVX,36.89339700245964,36.53386505635451,36.9610722424461,36.55958780013503,143644928
2023-02-14 18:49:40.380001,CVX,36.25344301109124,36.26148202632568,36.84034944535102,35.99141639779258,120542762
2023-02-15 18:49:40.380001,CVX,33.00395853384029,32.778063824126335,33.506502452040756,32.758033345647945,94693457
2023-02-16 18:49:40.380001,CVX,32.03064795176718,31.80403962920386,32.47639852995403,31.6276695595273,123367096
2023-02-17 18:49:40.380001,CVX,29.448045117153374,29.38888122009934,29.651240614070808,29.241415551624176,160206503
2023-02-20 18:49:40.380001,CVX,28.1196823853862,27.868653538959908,28.34694532615312,27.640243059577312,126693281
2023-02-21 18:49:40.380001,CVX,30.59131835555044,30.57769695724208,31.200866217769963,30.415080812755683,53931557
2023-02-22 18:49:40.380001,CVX,27.873107780398158,27.956119517677045,28.189377533934096,27.770128184693053,60949655
2023-02-23 18:49:40.380001,CVX,28.812255574864846,28.667799262588264,29.28007461132888,28.76339808792181,132364390
2023-02-24 18:49:40.380001,CVX,25.671679986649853,25.66194047136803,25.730044282570237,25.21972302080196,197192414
2023-02-27 18:49:40.380001,CVX,22.961463152705683,22.904392451957673,23.161996666785413,22.52537635145745,72657316
2023-02-28 18:49:40.380001,CVX,23.105391011651072,23.23889695714511,23.355633400237178,23.080059863635825,156089606
2023-03-01 18:49:40.380001,CVX,20.443774321971745,20.606113540671004,20.583502211468197,20.15157988260907,154957983
2023-03-02 18:49:40.380001,CVX,22.156300422056574,22.205935257586987,22.318515714552145,21.861669258442934,50041412
2023-03-03 18:49:40.380001,CVX,22.04612011644674,22.15664263611244,22.141955026920265,21.88875275794605,134096849
2023-03-06 18:49:40.380001,CVX,22.292404836758813,22.48996843616764,22.68658062260624,21.8987466224196,155818936
2023-03-07 18:49:40.380001,CVX,17.83392386940705,17.990479522363604,18.05281563453151,17.694692956364243,172256241
2023-03-08 18:49:40.380001,CVX,18.769609022436665,18.915670409132957,19.040210925940155,18.619357235475725,188193887
2023-03-09 18:49:40.380001,CVX,18.19314019884789,18.02939947959493,18.514570458261012,17.88691519560066,152804487
2023-03-10 18:49:40.380001,CVX,17.892332290174753,18.055115991103566,18.119449059445436,17.598975919999315,129185760
2023-03-13 18:49:40.380001,CVX,19.390325699463002,19.270881154947016,19.498628904381235,19.232601613735394,172617710
2023-03-14 18:49:40.380001,CVX,20.726385406772852,20.707131736690926,21.099406941874083,20.339247310553056,59705711
2023-03-15 18:49:40.380001,CVX,23.70092905504496,23.575551490638226,23.86958959429446,23.698407585683903,116842683
2023-03-16 18:49:40.380001,CVX,26.109784946595116,25.994595641238764,26.182697292820674,25.912474580607753,166423411
2023-03-17 18:49:40.380001,CVX,26.35256580949769,26.517822825337262,26.79566333176643,25.96731853426557,161545016
2023-03-20 18:49:40.380001,CVX,28.551961589560197,28.596826358305403,28.661115983320595,28.39142677509962,182947636
2023-03-21 18:49:40.380001,CVX,25.04188929933834,24.89359877694473,25.057705193323535,25.033771290562523,139001968
2023-03-22 18:49:40.380001,CVX,27.317167253332943,27.443623027879028,27.629875821416658,27.280305011477072,94629053
2023-03-23 18:49:40.380001,CVX,29.04539925153462,28.92287612960573,29.210725302711552,29.01528240592131,64955677
2023-03-24 18:49:40.380001,CVX,28.328858119298552,28.21106912183799,28.441082046642325,27.769187760400786,115383055
2023-03-27 18:49:40.380001,CVX,26.591248349320164,26.570227569694932,26.70627612883271,26.08483421924319,163037404
2023-03-28 18:49:40.380001,CVX,26.641800983251095,26.690835103743595,26.939603187010448,26.17967911534344,193479251
2023-03-29 18:49:40.380001,CVX,28.19397080057226,28.408464337434616,28.50284104165384,27.986326097613315,73879737
2023-03-30 18:49:40.380001,CVX,30.29400739969139,30.47909168946366,30.844176819473592,29.880191539710633,53645488
2023-03-31 18:49:40.380001,CVX,29.73322407636077,29.905300342039293,29.837959781406806,29.381650892029864,180784839
2023-04-03 18:49:40.380001,CVX,28.023406116484676,28.195635991176182,28.405099564008612,27.902509605962237,145975452
2023-04-04 18:49:40.380001,CVX,32.521500460906566,32.46086073803433,33.02186036002713,32.39059681113077,124850661
2023-04-05 18:49:40.380001,CVX,29.354788213395526,29.38493406962983,29.547985040715005,29.297048562483496,160126011
2023-04-06 18:49:40.380001,CVX,27.249677814853488,27.15287182139713,27.698312930695394,26.994499513330098,173370562
2023-04-07 18:49:40.380001,CVX,26.201609868142302,26.13007183054314,26.512181339081824,26.191569792730103,186766759
2023-04-10 18:49:40.380001,CVX,26.010845554212764,25.978048509366825,26.102119567798486,25.863295775396818,60124574
2023-04-11 18:49:40.380001,CVX,25.312264929754257,25.490713048251582,25.328034460303673,25.261568182034758,56948538
2023-04-12 18:49:40.380001,CVX,23.70151614700573,23.703023845560125,24.000669503529043,23.40776962197992,119245171
2023-04-13 18:49:40.380001,CVX,25.700456398939803,25.837837757584904,25.90241095558397,25.351800826804407,159131549
2023-04-14 18:49:40.380001,CVX,27.17876277130305,26.970344914901847,27.23329814830122,26.76566543923808,97432036
2023-04-17 18:49:40.380001,CVX,25.853319511947962,26.06389486520825,25.86820604012261,25.50280518923078,119858655
2023-04-18 18:49:40.380001,CVX,21.06435900636986,21.20044941261834,21.204077003299595,21.046362861506406,160949373
2023-04-19 18:49:40.380001,CVX,18.7512389905798,18.636241799215647,18.818696723709202,18.414602568370103,198595633
2023-04-20 18:49:40.380001,CVX,18.321614592157438,18.35629466840514,18.6612724029197,18.24561190631353,115612801
2023-04-21 18:49:40.380001,CVX,17.015399707844455,17.022397307761636,17.06489295969039,16.82093267067951,184015407
2023-04-24 18:49:40.380001,CVX,15.38295747065518,15.526107890606394,15.4904017338095,15.22027342416543,77703884
2023-04-25 18:49:40.380001,CVX,14.710927933225332,14.634344369638805,14.806401213913793,14.423003092473866,182719408
2023-04-26 18:49:40.380001,CVX,15.238502506249421,15.352458335412576,15.373667847868596,15.198682369131301,163848112
2023-04-27 18:49:40.380001,CVX,15.753141946986448,15.691557930934644,15.911809579832532,15.493766224892473,109535372
2023-04-28 18:49:40.380001,CVX,13.440864341490798,13.416176431959641,13.624500456321554,13.243557719599544,100569128
2023-05-01 18:49:40.380001,CVX,13.35189257720912,13.30203221010641,13.574282077153281,13.240049063652298,159022158
2023-05-02 18:49:40.380001,CVX,13.70241016588532,13.764585005152739,13.975656243127847,13.700622531840095,158881146
2023-05-03 18:49:40.380001,CVX,15.912053593248931,15.808923901792213,16.093824021405812,15.719924439354374,137532097
2023-05-04 18:49:40.380001,CVX,16.742140489221597,16.87805571912402,17.070052172755876,16.511036080530396,132626725
2023-05-05 18:49:40.380001,CVX,17.29837359372738,17.303844606702146,17.33790198964742,17.249329371596044,61314509
2023-05-08 18:49:40.380001,CVX,18.82944521517199,18.923543528661924,19.079718725077388,18.459984056768363,76702195
2023-05-09 18:49:40.380001,CVX,18.84177599585962,18.70469380942776,19.174755325120906,18.722832262602978,191096719
2023-05-10 18:49:40.380001,CVX,18.41982804776452,18.588397559449604,18.601053160487318,18.101903029491666,155886981
2023-05-11 18:49:40.380001,CVX,18.6262626485395,18.709563312686097,18.694509800283605,18.383822304485054,107941151
2023-05-12 18:49:40.380001,CVX,18.767823046103185,18.835386386670812,19.087181964053315,18.46669505687388,131411016
2023-05-15 18:49:40.380001,CVX,17.718081520098334,17.688517241145842,18.031390258489754,17.554699964470387,64994190
2023-05-16 18:49:40.380001,CVX,19.283118995561026,19.436263478224568,19.496030293079013,19.097076625758042,125608021
2023-05-17 18:49:40.380001,CVX,19.03646011959598,19.201902591492058,19.383070318555482,18.657944760601595,131566951
2023-05-18 18:49:40.380001,CVX,17.11474247887161,17.27371759440884,17.419952750702958,16.958011828617263,85835632
2023-05-19 18:49:40.380001,CVX,18.128190727164238,18.24948137570717,18.38743549158775,17.928410706214063,95574315
2023-05-22 18:49:40.380001,CVX,17.253375422730816,17.149088486480544,17.28223923964309,17.24382900248264,116674781
2023-05-23 18:49:40.380001,CVX,19.53408662461597,19.623704310188714,19.56003800865387,19.438656188125957,106027859
2023-05-24 18:49:40.380001,CVX,18.614467814547396,18.66811977969538,18.66303795965039,18.37475280924067,105765488
2023-05-25 18:49:40.380001,CVX,19.46612568756851,19.305282571047158,19.8091811009804,19.277213599543224,129551433
2023-05-26 18:49:40.380001,CVX,19.003574685716632,18.93017732416983,19.192116895192793,18.92275654567142,127377939
2023-05-29 18:49:40.380001,CVX,19.911868859021965,20.032455675191844,20.24769776418628,19.879962435251635,143541756
2023-05-30 18:49:40.380001,CVX,22.30853381519255,22.420216899914763,22.692359222341487,21.86998784220134,88143875
2023-05-31 18:49:40.380001,CVX,23.047289943016708,23.052808711220997,23.435091742571814,22.62868809067195,98783615
2023-06-01 18:49:40.380001,CVX,24.338661041114367,24.264897503925255,24.559497847198557,24.112381010393403,162505742
2023-06-02 18:49:40.380001,CVX,23.69542379919775,23.881837389705215,23.722498094683814,23.58720084048656,145782676
2023-06-05 18:49:40.380001,CVX,21.44632845766513,21.290100514966205,21.830152909993124,21.361105044756275,117047541
2023-06-06 18:49:40.380001,CVX,20.687995759372505,20.813955006465847,20.92051702532441,20.556658087763076,68809482
2023-06-07 18:49:40.380001,CVX,20.985159871774943,21.082042691063965,21.10519371536213,20.708744978094128,103911527
2023-06-08 18:49:40.380001,CVX,21.8624684416366,21.72851830042191,22.229391513396944,21.520087055861413,101542544
2023-06-09 18:49:40.380001,CVX,23.143158816374314,22.950301773061636,23.37787137319279,22.776855317975965,163308353
2023-06-12 18:49:40.380001,CVX,21.076819972529606,21.26180509859935,21.347414293741583,20.717473367717375,152503958
2023-06-13 18:49:40.380001,CVX,19.953724616860875,19.908527315528207,20.34583527321425,19.846895834529747,149369305
2023-06-14 18:49:40.380001,CVX,20.765786675439347,20.663523473417385,20.924229564080637,20.702416898960994,63504619
2023-06-15 18:49:40.380001,CVX,20.763725670892164,20.91248585627245,20.97640756493736,20.42726391176536,189630868
2023-06-16 18:49:40.380001,CVX,20.419996416497913,20.27386690684149,20.743572201093883,20.26138465364108,165082255
2023-06-19 18:49:40.380001,CVX,20.32366245698402,20.177693006365754,20.59343958399536,20.166220267309647,152837283
2023-06-20 18:49:40.380001,CVX,19.359292738197148,19.31791308159839,19.574913506809448,19.20176874394733,199370266
2023-06-21 18:49:40.380001,CVX,19.041711623099218,19.015695312813154,19.343719305914313,18.955482852911164,137876255
2023-06-22 18:49:40.380001,CVX,18.994558140725708,19.12724220256468,19.16485906984276,18.821192751571395,136342591
2023-06-23 18:49:40.380001,CVX,18.595699708888812,18.747924548244356,18.688405516995473,18.43828525398468,199953535
2023-06-26 18:49:40.380001,CVX,18.119146447214032,18.156293149573397,18.327824175937096,17.89853234163766,103508827
2023-06-27 18:49:40.380001,CVX,18.011950767137474,18.0206345446513,18.08542575349042,17.70235852070246,121679900
2023-06-28 18:49:40.380001,CVX,16.955143496414305,16.787511722088038,17.12374790830508,16.74025237764565,138399577
2023-06-29 18:49:40.380001,CVX,18.454050678862075,18.56968689940364,18.513278357379818,18.251441445637532,127508824
2023-06-30 18:49:40.380001,CVX,19.50555736643838,19.604461988132513,19.624455664129297,19.396137558335163,186385933
2023-07-03 18:49:40.380001,CVX,18.647590007280748,18.645521059626002,18.649953270312924,18.309285647361193,165757680
2023-07-04 18:49:40.380001,CVX,20.086583969997694,20.051900919723984,20.140004552283163,20.03094964454817,78382315
2023-07-05 18:49:40.380001,CVX,20.414226448367838,20.576216731392027,20.685069613510144,20.093411060224916,172556777
2023-07-06 18:49:40.380001,CVX,20.115421961466772,20.07231316298647,20.364682673903886,19.85836980327622,187564031
2023-07-07 18:49:40.380001,CVX,20.812478453966687,20.647927551128536,21.20849254017411,20.78981951118598,70036533
2023-07-10 18:49:40.380001,CVX,19.342454520563322,19.198134677359292,19.584326722540837,19.190416055266404,101642775
2023-07-11 18:49:40.380001,CVX,17.865029477882064,17.976611967513378,17.954604612490147,17.843919674377737,168473501
2023-07-12 18:49:40.380001,CVX,17.655462215769493,17.758456700407116,17.73304748279173,17.479048612202728,132959493
2023-07-13 18:49:40.380001,CVX,18.024663071091705,18.132200978487997,18.05003138353575,17.7794735987616,95054174
2023-07-14 18:49:40.380001,CVX,18.319345252821165,18.4492543670357,18.58567470672237,18.21419927538263,50632088
2023-07-17 18:49:40.380001,CVX,17.864173006557355,18.007657282008516,17.90483511857939,17.651706675612257,80262116
2023-07-18 18:49:40.380001,CVX,18.516685692549814,18.51665122746136,18.686616551119595,18.21605998415497,78988628
2023-07-19 18:49:40.380001,CVX,18.331222132042196,18.446041994157476,18.69598606886897,18.01463125340066,179326870
2023-07-20 18:49:40.380001,CVX,19.224001185305276,19.185878809832975,19.37325371243161,18.983260385018788,152590536
2023-07-21 18:49:40.380001,CVX,18.244899073217304,18.137737270415634,18.305560519624557,17.97032154347737,103311694
2023-07-24 18:49:40.380001,CVX,18.171986578877,18.11358907213586,18.253559510087932,17.938970180338504,146316373
2023-07-25 18:49:40.380001,CVX,18.660876438709696,18.634733866226703,18.972422040249217,18.64373272656161,97871240
2023-07-26 18:49:40.380001,CVX,18.86291246809078,18.980005200584028,19.139734757897745,18.79505693088194,164847704
2023-07-27 18:49:40.380001,CVX,17.24220005912538,17.079612820104085,17.35587031400473,16.958124310457315,99052641
2023-07-28 18:49:40.380001,CVX,17.397620344910788,17.461376580003684,17.61646437845331,17.363633700964463,117208624
2023-07-31 18:49:40.380001,CVX,17.85440165772009,17.829362107625997,18.08697575684999,17.749902659215355,50175079
2023-08-01 18:49:40.380001,CVX,17.94464740175588,17.82167830891629,18.28066685651936,17.798292200828975,109892044
2023-08-02 18:49:40.380001,CVX,18.807294106793144,18.844861018710425,18.987963180683995,18.612595136640635,104578979
2023-08-03 18:49:40.380001,CVX,19.28171478345481,19.336176184841914,19.335962275384276,19.063348574813567,160258204
2023-08-04 18:49:40.380001,CVX,19.401309334818023,19.387669984793504,19.669834542483738,19.21134489437789,103520219
2023-08-07 18:49:40.380001,CVX,19.217421122576212,19.119629352755783,19.535591237023713,19.213274630488897,62488720
2023-08-08 18:49:40.380001,CVX,20.507332014341777,20.58780861879019,20.740054957910292,20.158629446040226,51811157
2023-08-09 18:49:40.380001,CVX,20.59404454224278,20.707011100235135,20.968294569605092,20.4890496961481,170743730
2023-08-10 18:49:40.380001,CVX,20.173347594286202,20.078459202831528,20.297138701897687,19.971290675418068,145814235
2023-08-11 18:49:40.380001,CVX,20.100857163040374,20.100659794102643,20.122355678560712,20.096483369890546,111424890
2023-08-14 18:49:40.380001,CVX,19.938876921806614,19.873194231994475,20.097246487161655,19.873346590202672,65440231
2023-08-15 18:49:40.380001,CVX,18.87682506949298,18.742080394837302,19.2047276196414,18.648495566790373,194799630
2023-08-16 18:49:40.380001,CVX,17.98848472543366,17.865947414212897,18.09811954874107,17.84720708625419,106183671
2023-08-17 18:49:40.380001,CVX,19.10278937985928,19.101648678312383,19.39078703210537,18.809328318075394,139703832
2023-08-18 18:49:40.380001,CVX,20.448263333136335,20.583768129856825,20.61542210401806,20.09330333587524,51420294
2023-08-21 18:49:40.380001,CVX,20.267466641264182,20.30814178352688,20.659798545097818,20.02643681000539,77915977
2023-08-22 18:49:40.380001,CVX,19.482214462109773,19.35074629219111,19.549971401740276,19.4600593125617,163943916
2023-08-23 18:49:40.380001,CVX,19.934859191340614,19.900920426419702,20.044101374672728,19.90694323300175,162321341
2023-08-24 18:49:40.380001,CVX,20.067857908373963,19.983680553777216,20.25398625211608,19.919602388340717,98225238
2023-08-25 18:49:40.380001,CVX,20.410537493806018,20.2096662301555,20.693026281940305,20.006188168051082,63938728
2023-08-28 18:49:40.380001,CVX,19.94117192348394,20.046640837967857,19.941847341467728,19.60682566020777,69850215
2023-08-29 18:49:40.380001,CVX,19.998224063468925,19.935178479715514,20.340709555189154,19.802147955254227,70927098
2023-08-30 18:49:40.380001,CVX,21.023727194968412,20.841662406767608,21.29760081040836,20.672268723693204,73573260
2023-08-31 18:49:40.380001,CVX,19.867815212437808,19.887843846368025,20.080951971148103,19.775716604912354,52662031
2023-09-01 18:49:40.380001,CVX,19.53489846822478,19.52068252791187,19.744552590153063,19.256124059100028,133719674
2023-09-04 18:49:40.380001,CVX,19.02374966019446,18.970455131020614,19.334441452806743,18.793939637324407,173685187
2023-09-05 18:49:40.380001,CVX,18.291675279943124,18.43471128384227,18.620313458636236,18.148000453440684,70771990
2023-09-06 18:49:40.380001,CVX,17.736197497300495,17.686911298556662,17.827037225366347,17.69192837740698,122914875
2023-09-07 18:49:40.380001,CVX,17.69343718886265,17.57463285672787,17.78383085675632,17.628375905487836,65092974
2023-09-08 18:49:40.380001,CVX,18.856469003666497,18.906008278937456,19.154734608013136,18.53114539962093,64475823
2023-09-11 18:49:40.380001,CVX,19.172980908418523,19.27057329990185,19.181774002483372,18.83209563938575,81693748
2023-09-12 18:49:40.380001,CVX,20.112353841587232,20.155137060270476,20.46852931225467,19.76181584383236,111834056
2023-09-13 18:49:40.380001,CVX,19.985385122248402,20.168998627580326,20.09791865383589,19.855684780497118,162452569
2023-09-14 18:49:40.380001,CVX,19.148442822244323,19.248010579452217,19.155238077725205,19.106225382863272,128893760
2023-09-15 18:49:40.380001,CVX,20.030777202568462,19.85367776487801,20.137099299690433,19.92999930474986,152639600
2023-09-18 18:49:40.380001,CVX,19.75307439680111,19.689764302616776,19.910881148039696,19.514372021755612,79167086
2023-09-19 18:49:40.380001,CVX,18.92346047025272,19.09702509144228,19.005360441067044,18.763164137150618,171716313
2023-09-20 18:49:40.380001,CVX,19.006106460815328,19.136470488007763,19.270011228482772,18.71737467707674,191477203
2023-09-21 18:49:40.380001,CVX,18.631314439030703,18.60050514410335,18.700243575249726,18.498026306073605,52645039
2023-09-22 18:49:40.380001,CVX,19.349034629779343,19.361206040377912,19.722312272082196,18.974603319359243,105337464
2023-09-25 18:49:40.380001,CVX,17.97224214918101,17.940594156933464,18.09124045565701,17.926649789635057,92016547
2023-09-26 18:49:40.380001,CVX,18.40742631188732,18.31814892981585,18.73811043358513,18.04211890995962,53052241
2023-09-27 18:49:40.380001,CVX,18.098936174881704,18.098467302940264,18.27257338213834,17.88716086687595,76634980
2023-09-28 18:49:40.380001,CVX,18.437507275576117,18.27194005322343,18.528554370957277,18.288068023358715,196906105
2023-09-29 18:49:40.380001,CVX,19.277530016484196,19.141416034757114,19.60783933382677,19.114991321266757,119956732
2023-10-02 18:49:40.380001,CVX,18.854929456625342,19.003239095477046,19.177861941283368,18.853093681091035,127002146
2023-10-03 18:49:40.380001,CVX,18.594097731112697,18.68558894957719,18.66985394421444,18.324374460773203,176693230
2023-10-04 18:49:40.380001,CVX,18.613387955303146,18.57930991962381,18.95980049484188,18.573603226265014,157145176
2023-10-05 18:49:40.380001,CVX,18.04401584389898,18.183675252295036,18.376193773480132,17.92640522327578,82985312
2023-10-06 18:49:40.380001,CVX,18.396747184396308,18.307928021295677,18.72884396837823,18.181756648480135,171361227
2023-10-09 18:49:40.380001,CVX,17.741007620172027,17.895576276357858,17.829905116617024,17.571725182755745,193652030
2023-10-10 18:49:40.380001,CVX,17.59162019950751,17.53186541305193,17.60087044022866,17.44364261863456,175063098
2023-10-11 18:49:40.380001,CVX,18.450980267252447,18.339347657682264,18.792902677636594,18.267007084015948,183513125
2023-10-12 18:49:40.380001,CVX,19.3523267601706,19.371088543007456,19.701780168130707,19.32693508177965,61915965
2023-10-13 18:49:40.380001,CVX,20.045433834410392,20.19520863033845,20.07386123760772,19.978237292552546,94108531
2023-10-16 18:49:40.380001,CVX,19.76541488967966,19.731818104151365,19.88532667739143,19.75922205629552,193436568
2023-10-17 18:49:40.380001,CVX,19.993133472829395,19.957448798061108,20.21728113058575,19.712983312270296,60468263
2023-10-18 18:49:40.380001,CVX,19.562474540790095,19.51131623905134,19.68939482703957,19.20355069773796,172042534
2023-10-19 18:49:40.380001,CVX,19.382703489418812,19.509013411696003,19.725946541184943,19.172883501050915,73773563
2023-10-20 18:49:40.380001,CVX,20.10276639789883,20.074160835985705,20.33683096918387,19.92361110082402,99642836
2023-10-23 18:49:40.380001,CVX,19.57235904807813,19.612954270444455,19.709354907372557,19.36015282753408,149060485
2023-10-24 18:49:40.380001,CVX,20.21369147502179,20.05144134138462,20.463419232813575,19.973065151581686,82602981
2023-10-25 18:49:40.380001,CVX,20.59669268525868,20.54288786976894,20.928245336359772,20.432825133205053,95573529
2023-10-26 18:49:40.380001,CVX,21.13232241402751,21.24835648188748,21.223734013593656,20.871296899323415,146419403
2023-10-27 18:49:40.380001,CVX,21.741404077932312,21.944139907476345,21.910511894251275,21.688110656266016,89836458
2023-10-30 18:49:40.380001,CVX,21.44205571152243,21.495938527398454,21.65171742132079,21.318393007450158,173593631
2023-10-31 18:49:40.380001,CVX,21.428164093305725,21.45393540528766,21.638738612985154,21.36881939876853,146445080
2023-11-01 18:49:40.380001,CVX,20.7324551428573,20.862575215848448,20.85910097748968,20.355966200259978,102496748
2023-11-02 18:49:40.380001,CVX,21.009997661476273,21.134618138257235,21.422479310173497,20.856740662797407,158467790
2023-11-03 18:49:40.380001,CVX,20.857332845199085,20.8398987869834,20.96293985554743,20.761708760188082,58634996
2023-11-06 18:49:40.380001,CVX,21.17677843283414,21.002512121528138,21.486519737089644,20.823650898680835,53527041
2023-11-07 18:49:40.380001,CVX,19.89128623108801,20.042967476109226,19.973468672729467,19.67447781939674,168445857
2023-11-08 18:49:40.380001,CVX,19.582437150938514,19.542672808639175,19.786588506362595,19.338225067066837,190881250
2023-11-09 18:49:40.380001,CVX,20.29874331492825,20.198165739099245,20.355874967249676,20.193459311795937,63462420
2023-11-10 18:49:40.380001,CVX,19.9665444881576,19.864779115770517,20.271056193716447,19.817286083166472,123932243
2023-11-13 18:49:40.380001,CVX,19.866061173613918,19.735010596611435,20.095973923113643,19.71357190022095,70663839
2023-11-14 18:49:40.380001,CVX,19.156635680602232,19.101800354484936,19.232538381348157,19.133558006360964,76850999
2023-11-15 18:49:40.380001,CVX,19.43168448184453,19.441715069868383,19.726681280116836,19.33456486224126,56821960
2023-11-16 18:49:40.380001,CVX,18.777618860245788,18.92127624182481,18.94327984867621,18.492536601250766,87165789
2023-11-17 18:49:40.380001,CVX,18.238932072640736,18.093791148265105,18.531104119083665,18.115315321646722,62409693
2023-11-20 18:49:40.380001,CVX,18.177423693258646,18.163119890221388,18.296324860539528,18.162803150478037,126223125
2023-11-21 18:49:40.380001,CVX,17.995860843495187,18.125083484761348,18.273134224855834,17.663441876897764,88661529
2023-11-22 18:49:40.380001,CVX,18.660663534089544,18.845280995744282,18.882429127743688,18.293452140811684,126972645
2023-11-23 18:49:40.380001,CVX,18.809839318213992,18.747899859819004,19.133058789393868,18.806767924068815,83747761
2023-11-24 18:49:40.380001,CVX,18.9203695534741,18.827918565040335,19.250185704029988,18.787618027802786,166099907
2023-11-27 18:49:40.380001,CVX,19.28464654428999,19.474857057703613,19.36936195859021,19.146138041674686,197533458
2023-11-28 18:49:40.380001,CVX,18.781339030715497,18.839812820670033,19.0166356764721,18.773260378251667,92799496
2023-11-29 18:49:40.380001,CVX,18.703591833555357,18.87222631900005,18.943047032721065,18.433098202402288,199154567
2023-11-30 18:49:40.380001,CVX,19.135651642184285,18.984300559221058,19.251935598615386,18.963825178368623,137480074
2023-12-01 18:49:40.380001,CVX,19.378493363175263,19.336899855400027,19.401852635182422,19.045820138091987,147446527
2023-12-04 18:49:40.380001,CVX,19.532005793045737,19.40760691465862,19.61818341967419,19.457398467743676,124698253
2023-12-05 18:49:40.380001,CVX,20.08140589631597,19.932832177140856,20.15637843339668,19.961029021314193,70219743
2023-12-06 18:49:40.380001,CVX,19.903625844422894,19.784448458039044,20.21425404644935,19.57611074167806,73097366
2023-12-07 18:49:40.380001,CVX,19.79742890527617,19.896454182697003,19.859410165995342,19.771325633052875,160508392
2023-12-08 18:49:40.380001,CVX,19.69941692156288,19.662471045059057,19.82557530099426,19.4064782471823,168141141
2023-12-11 18:49:40.380001,CVX,19.824187933104344,19.851727536789873,19.873035331515172,19.708217788477253,61123865
2023-12-12 18:49:40.380001,CVX,20.11181824710347,20.057199319158514,20.433888422139088,19.894752838610504,150169848
2023-12-13 18:49:40.380001,CVX,20.2907144482636,20.107517343456216,20.546010561900754,19.993619924093935,143133045
2023-12-14 18:49:40.380001,CVX,20.487356501981832,20.493400209671663,20.830014048190097,20.134457892135536,170892303
2023-12-15 18:49:40.380001,CVX,19.547816333593957,19.484529841004996,19.835896196864454,19.347099185070547,175151283
2023-12-18 18:49:40.380001,CVX,19.885785079101346,19.89729751322727,20.22432403332926,19.556441987932644,153561759
2023-12-19 18:49:40.380001,CVX,19.28652544954235,19.471345062660127,19.51765253467111,19.026264529346953,122128727
2023-12-20 18:49:40.380001,CVX,19.94677658766471,20.142670423741592,20.167059883932623,19.90307670702394,168023399
2023-12-21 18:49:40.380001,CVX,19.97993440505267,19.860050732508487,20.298506813869803,19.955124032378464,129226104
2023-12-22 18:49:40.380001,CVX,20.195920077962068,20.12780873729285,20.427845493457834,20.135160613853024,121808828
2023-12-25 18:49:40.380001,CVX,20.571731522978084,20.578356141050627,20.951932199022636,20.205484395412384,156944827
2023-12-26 18:49:40.380001,CVX,19.75425973534251,19.857234998871395,19.795315007703824,19.74948506971786,188191681
2023-12-27 18:49:40.380001,CVX,19.88552707380491,19.837149369615485,20.210206436316074,19.75744768198852,170930872
2023-12-28 18:49:40.380001,CVX,20.706991823442088,20.86720069626387,20.966227150172358,20.29941427954657,102057867
2023-12-29 18:49:40.380001,CVX,20.524796992442432,20.348333182777967,20.916794475069164,20.11506868826861,75290581
2024-01-01 18:49:40.380001,CVX,20.658688709738364,20.45316662168081,20.897607499992983,20.26481074986007,82320374
2024-01-02 18:49:40.380001,CVX,20.777671090170738,20.620110031468286,20.875223752698652,20.569198991870223,75270079
2024-01-03 18:49:40.380001,CVX,20.89163695296874,20.84283385203862,21.005100171557686,20.75697751993493,165927129
2024-01-04 18:49:40.380001,CVX,21.2323257438024,21.201153089167835,21.252093524825373,21.104384608424912,66591558
2024-01-05 18:49:40.380001,CVX,21.327284922687987,21.29757700715971,21.591527451534937,21.14800644878933,113019163
2024-01-08 18:49:40.380001,CVX,20.943986382545653,20.778338582879012,21.0955551957417,20.598019891462304,147116843
2024-01-09 18:49:40.380001,CVX,20.342090005973454,20.34366322407647,20.56397576596473,20.1352009955364,183400029
2024-01-10 18:49:40.380001,CVX,20.164113521436278,20.241399630476273,20.51449583104689,19.828542981526805,111529276
2024-01-11 18:49:40.380001,CVX,20.64719459903772,20.72771567029717,21.012934920802746,20.4178976883719,111284507
2024-01-12 18:49:40.380001,CVX,20.513555553863377,20.62603958868346,20.735471470848715,20.31018343234233,131642618
2024-01-15 18:49:40.380001,CVX,19.87134610817577,19.68180913791692,19.913599342041913,19.74224053368749,179539930
2024-01-16 18:49:40.380001,CVX,19.872274314828264,20.009399549028934,20.210405436775282,19.7927391735251,112243815
2024-01-17 18:49:40.380001,CVX,19.51755800725274,19.39883610024596,19.696436202913794,19.483443927728903,105908335
2024-01-18 18:49:40.380001,CVX,19.63437706969223,19.77013199680294,19.980920665909903,19.493292302240025,172672799
2024-01-19 18:49:40.380001,CVX,19.464161671971183,19.368998105282774,19.673979423733144,19.10034724183593,105577496
2024-01-22 18:49:40.380001,CVX,19.65007988281646,19.75210177806525,19.90274215694521,19.416397644159684,192433977
2024-01-23 18:49:40.380001,CVX,19.305561622657567,19.43642441197311,19.33869804179816,19.10281074650741,70830059
2024-01-24 18:49:40.380001,CVX,19.08281178291764,18.936692672930896,19.10962395107912,18.842389435039163,148265111
2024-01-25 18:49:40.380001,CVX,18.8492007400348,18.88433190659665,18.954581940307044,18.713336618962067,188067543
2024-01-26 18:49:40.380001,CVX,19.37222011165749,19.51828656845215,19.58355585386383,19.16828262105859,121159887
2024-01-29 18:49:40.380001,CVX,19.837325256520167,19.653475104953117,19.856315813238957,19.76615956525891,77294884
2024-01-30 18:49:40.380001,CVX,19.274259774373636,19.44243291102972,19.413993183842805,19.003156587037754,183741694
2024-01-31 18:49:40.380001,CVX,19.532472562918294,19.48946233285131,19.62207499802624,19.40884121864762,141963106
2024-02-01 18:49:40.380001,CVX,19.70736617609215,19.779081937789385,20.09316744170734,19.556911239781034,129739473
2024-02-02 18:49:40.380001,CVX,19.36966712714565,19.50311337121937,19.492256485022054,19.012094312858707,155663658
2024-02-05 18:49:40.380001,CVX,18.953613779188913,18.84573018533144,18.96501517770237,18.63372635655544,168730807
2024-02-06 18:49:40.380001,CVX,18.606474434082838,18.551461258036184,18.793062570264638,18.432518810573985,182485368
2024-02-07 18:49:40.380001,CVX,18.859852219706283,19.013905773701644,19.021526949322837,18.80204451855206,150249887
2024-02-08 18:49:40.380001,CVX,18.713371368602594,18.8464588234718,18.935527554284135,18.356545893689002,154674281
2024-02-09 18:49:40.380001,CVX,19.29009558632347,19.269429167510964,19.484530105019722,19.055978784184603,88416476
2024-02-12 18:49:40.380001,CVX,18.767273864237364,18.79779286883022,19.141080273703036,18.529747112180388,83521725
2024-02-13 18:49:40.380001,CVX,19.043715903516556,19.20734146478791,19.24586287090832,18.83976189232433,70506751
2024-02-14 18:49:40.380001,CVX,18.486666395260233,18.419464632801876,18.759274371043826,18.36421717662222,65314531
2024-02-15 18:49:40.380001,CVX,18.3394591924265,18.251316250023763,18.615563273753178,18.304942206146322,113599888
2024-02-16 18:49:40.380001,CVX,17.80711290066849,17.93885487792171,18.016586779654542,17.605326946863116,57097455
2024-02-19 18:49:40.380001,CVX,17.896144608912742,17.728504344228366,18.187505266319324,17.80790848240511,135023703
2024-02-20 18:49:40.380001,CVX,18.470596638774534,18.5445382547234,18.704799203591378,18.301890072074325,197174089
2024-02-21 18:49:40.380001,CVX,18.667874983466334,18.664260202223257,18.819538940129615,18.539345122137725,76318193
2024-02-22 18:49:40.380001,CVX,18.99427467872399,19.03706534446841,19.358124218184688,18.905667606001806,118723345
2024-02-23 18:49:40.380001,CVX,18.463029189109722,18.376184208285885,18.513177706862137,18.322801766536454,50251478
2024-02-26 18:49:40.380001,CVX,18.231488366281724,18.182929956207644,18.316206387318488,17.94318072196639,136306310
2024-02-27 18:49:40.380001,CVX,17.58707579601499,17.652904055045415,17.637482974533533,17.34443016885859,123929263
2024-02-28 18:49:40.380001,CVX,16.619149467815152,16.47142223535362,16.772364479514216,16.291338610981754,85856798
2024-02-29 18:49:40.380001,CVX,16.270597695096786,16.33744793304002,16.39694301708199,16.134084669921116,88507351
2024-03-01 18:49:40.380001,CVX,16.156445796559368,16.19404237302265,16.219265417256764,15.87246206329912,91766452
2024-03-04 18:49:40.380001,CVX,15.599040601152193,15.537694403351797,15.697240981831602,15.406739630507909,124536358
2024-03-05 18:49:40.380001,CVX,15.092226623011275,14.949620972314413,15.370618752590547,15.028127768657658,84281302
2024-03-06 18:49:40.380001,CVX,15.951008782534448,15.993471615623402,16.163683353541728,15.726526491139264,124641309
2024-03-07 18:49:40.380001,CVX,16.446986326885558,16.54316977228145,16.73100872297947,16.17776557133353,73954641
2024-03-08 18:49:40.380001,CVX,16.108950210315395,16.232047498750116,16.208372657934447,15.838971330890049,142038232
2024-03-11 18:49:40.380001,CVX,15.941933323669117,15.946244575765213,16.168069656964864,15.7369255651866,127358530
2024-03-12 18:49:40.380001,CVX,16.93146430073679,16.778179233508727,17.097780543009787,16.690556272700228,113723901
2024-03-13 18:49:40.380001,CVX,16.20353482422775,16.29757439671677,16.28356569931902,16.03990492305774,52598024
2024-03-14 18:49:40.380001,CVX,16.086172020300467,16.11567233502017,16.264555057933187,15.878026609045314,101153716
2024-03-15 18:49:40.380001,CVX,15.357903922046567,15.24675545654399,15.408280170066977,15.191879131771291,131538963
2024-03-18 18:49:40.380001,CVX,15.080139203251782,15.148829481723357,15.226176664577904,15.055388199107893,135377082
2024-03-19 18:49:40.380001,CVX,14.94353772913487,14.904532295648885,14.966019485548292,14.704914975344574,147687390
2024-03-20 18:49:40.380001,CVX,15.187320050519272,15.160567298856964,15.326616562200572,15.146670741628503,189530300
2024-03-21 18:49:40.380001,CVX,15.71828293397358,15.85607451226296,15.978794724345008,15.54480132061688,84784748
2024-03-22 18:49:40.380001,CVX,16.389312280576117,16.240067389379014,16.48334571802039,16.36022973342976,128581767
2024-03-25 18:49:40.380001,CVX,16.441763577487414,16.59148531162688,16.687043559193658,16.36957508835708,63002319
2024-03-26 18:49:40.380001,CVX,16.508263602132597,16.348657784236647,16.6538584087229,16.500758712515854,58876500
2024-03-27 18:49:40.380001,CVX,16.941205882380494,16.898431705072063,17.115394688951568,16.648656428150463,126363952
2024-03-28 18:49:40.380001,CVX,17.20367672040686,17.274912054083035,17.382830871008892,17.017795379783106,175744743
2024-03-29 18:49:40.380001,CVX,17.724353976028905,17.71226180894617,17.754841416213846,17.694313481359618,187017704
2024-04-01 18:49:40.380001,CVX,17.305448554191404,17.463017137017324,17.385174819233328,17.165526642266926,148822408
2024-04-02 18:49:40.380001,CVX,16.213320929458316,16.08496061566366,16.23348682736911,16.08971095088539,72834512
2024-04-03 18:49:40.380001,CVX,15.709385265559918,15.846996105464331,15.710126277273474,15.425527338626726,193630469
2024-04-04 18:49:40.380001,CVX,15.750157047334268,15.640776586858102,15.844939013170409,15.579743515730248,102057227
2024-04-05 18:49:40.380001,CVX,15.968109321001032,15.935494368745255,16.202855553129165,15.78069723036974,165018133
2024-04-08 18:49:40.380001,CVX,15.975656388815633,15.882602884084598,16.24349747012572,15.884010322874548,169108397
2024-04-09 18:49:40.380001,CVX,15.587776870211002,15.48168213312018,15.653387336874431,15.44869830925006,152429068
2024-04-10 18:49:40.380001,CVX,15.915086056658081,15.962530740246306,16.03494968187435,15.725241203771755,143251666
2024-04-11 18:49:40.380001,CVX,15.835515358911197,15.894568782459249,16.03091205439705,15.57546188465398,184332667
2024-04-12 18:49:40.380001,CVX,15.97615236630629,15.979313734936161,16.109089075370548,15.867171956718304,146072715
2024-04-15 18:49:40.380001,CVX,16.318798516602463,16.326707061255423,16.429308688326632,16.045996388989956,189314810
2024-04-16 18:49:40.380001,CVX,15.946857943500886,15.920682493535088,16.08612940282441,15.726583334336457,134623522
2024-04-17 18:49:40.380001,CVX,15.72433043968893,15.848953171924979,15.80764788673288,15.71437289219684,89492937
2024-04-18 18:49:40.380001,CVX,15.241160960074088,15.09817483964553,15.28155154266727,15.23990038062751,162856453
2024-04-19 18:49:40.380001,CVX,15.360624675832995,15.29030830760671,15.495792228998004,15.3334265421705,145461194
2024-04-22 18:49:40.380001,CVX,15.710014636343452,15.751192975195181,15.906523371908547,15.453453691188086,82511352
2024-04-23 18:49:40.380001,CVX,15.51103978289298,15.61138811884172,15.697123702025337,15.224247816481935,112646114
2024-04-24 18:49:40.380001,CVX,15.1953539661334,15.309052620460804,15.212686762717656,14.965581591372587,192196014
2024-04-25 18:49:40.380001,CVX,14.740876069825513,14.724687915232852,14.758018725683945,14.670842454629756,139112489
2024-04-26 18:49:40.380001,CVX,14.68647349227667,14.544823592777684,14.705151266196545,14.641343917965315,113622067
2024-04-29 18:49:40.380001,CVX,15.003429215936407,14.975918708374293,15.17264408560048,14.965229605036233,166082613
2024-04-30 18:49:40.380001,CVX,15.227732874508554,15.282896564624211,15.450442118488766,15.105306361060501,121380750
2024-05-01 18:49:40.380001,CVX,15.086719908948467,15.112444000846931,15.279645030599816,14.793500324482116,101954813
2024-05-02 18:49:40.380001,CVX,15.383480356353324,15.459340397439652,15.408754982793713,15.158036303104694,56282546
2024-05-03 18:49:40.380001,CVX,15.320134796354193,15.281252191746622,15.345393641109998,15.202016871719671,105672549
2024-05-06 18:49:40.380001,CVX,15.596218037601776,15.467187409733762,15.887620368858972,15.373530512505207,146089347
2024-05-07 18:49:40.380001,CVX,15.59937563202331,15.598355479211612,15.72208145267196,15.415050857407298,169804919
2024-05-08 18:49:40.380001,CVX,15.572810895879059,15.490212285836035,15.883394761186404,15.306022671663012,86007203
2024-05-09 18:49:40.380001,CVX,15.269023503349716,15.12107291081504,15.468461381217125,15.13460589844828,127554833
2024-05-10 18:49:40.380001,CVX,15.469384623940952,15.35447218568713,15.601505853762486,15.463691997977048,53688747
2024-05-13 18:49:40.380001,CVX,15.703048256729518,15.803784166714944,15.944665468134293,15.614579912813873,106322942
2024-05-14 18:49:40.380001,CVX,15.710113277625663,15.801565119081955,15.878407399475693,15.628807028054858,66729102
2024-05-15 18:49:40.380001,CVX,15.407922187399821,15.318834383656904,15.680779734580362,15.352498170940082,169678948
2024-05-16 18:49:40.380001,CVX,15.874400778966383,15.99625930377632,16.187709160003767,15.782553357553903,156454303
2024-05-17 18:49:40.380001,CVX,16.12157877184848,16.25491250132521,16.322315583119366,15.912463005147327,120103183
2024-05-20 18:49:40.380001,CVX,16.11817824973488,15.985029710409055,16.417650703108364,15.98430471723847,125491314
2024-05-21 18:49:40.380001,CVX,16.073384827394204,16.009605452010714,16.136374410928575,15.774420178895415,63557515
2024-05-22 18:49:40.380001,CVX,15.947807189808621,15.857404778573208,16.080851297456864,15.784733899867197,180069564
2024-05-23 18:49:40.380001,CVX,16.034758066550264,15.929790040206058,16.116530869491932,15.758797390089176,190317354
2024-05-24 18:49:40.380001,CVX,16.45751921135764,16.356370168128084,16.785714893852226,16.383557505016743,82552548
2024-05-27 18:49:40.380001,CVX,16.748612505896386,16.66638425492076,16.943800753018625,16.690705377233797,152076099
2024-05-28 18:49:40.380001,CVX,16.110038217234205,16.218976448764145,16.42814839651993,15.958568242115303,163598874
2024-05-29 18:49:40.380001,CVX,16.03534530185667,16.081724297873702,16.25199946391406,15.9746385456587,122279482
2024-05-30 18:49:40.380001,CVX,16.311836556934843,16.31055102764795,16.338617161517572,16.252660264599267,182030653
2024-05-31 18:49:40.380001,CVX,16.232616164157115,16.382840679221523,16.384664878359995,15.930647040760695,153743053
2024-06-03 18:49:40.380001,CVX,16.14693380224975,15.989247232004649,16.333998928230887,15.91854473593195,58488115
2024-06-04 18:49:40.380001,CVX,16.517351977497235,16.573852216194567,16.62507795504674,16.3247767900227,71848577
2024-06-05 18:49:40.380001,CVX,16.029152102538404,16.141113707431334,16.155951560279913,15.84935684709213,114446192
2024-06-06 18:49:40.380001,CVX,16.774563366290874,16.861719071432308,16.841347011750916,16.578903265095857,162617886
2024-06-07 18:49:40.380001,CVX,16.760201477500008,16.800448651182055,16.761036068070528,16.483905945442423,127439366
2024-06-10 18:49:40.380001,CVX,16.468367462336488,16.52313746580742,16.60061198801864,16.37321808184259,173286959
2024-06-11 18:49:40.380001,CVX,16.423234226565643,16.303075792763117,16.61072538014996,16.202614015496987,140763829
2024-06-12 18:49:40.380001,CVX,16.805798269983285,16.956369610666354,16.82452918190133,16.637260795411414,150854299
2024-06-13 18:49:40.380001,CVX,16.38798619896425,16.467637639323645,16.586169153116163,16.248855491510486,145052656
2024-06-14 18:49:40.380001,CVX,15.561583436568409,15.53046127667182,15.569090062807728,15.488483624747078,87761589
2024-06-17 18:49:40.380001,CVX,15.852960528838464,15.880571699235203,15.99358641394608,15.701222034440784,190524052
2024-06-18 18:49:40.380001,CVX,15.796750013676645,15.797447581786338,15.868755388348779,15.565062345060875,121908446
2024-06-19 18:49:40.380001,CVX,15.496336875990307,15.400280596116621,15.751717355539686,15.200896040282911,51141019
2024-06-20 18:49:40.380001,CVX,15.319078170486826,15.366181771328648,15.382956918499088,15.154003028752362,60579585
2024-06-21 18:49:40.380001,CVX,15.63414961156758,15.621006351015206,15.855513162139498,15.399246412890808,175217377
2024-06-24 18:49:40.380001,CVX,15.229206125117024,15.309115142684167,15.41315183661256,14.935961079686571,108733975
2024-06-25 18:49:40.380001,CVX,14.694289713716973,14.675655226211578,14.976907264319227,14.468428257602113,112962296
2024-06-26 18:49:40.380001,CVX,15.256497072432373,15.202758349547507,15.535539823649987,15.044963641708526,109497404
2024-06-27 18:49:40.380001,CVX,14.791187889816861,14.778408356050026,14.873586238370816,14.611779479825692,153612507
2024-06-28 18:49:40.380001,CVX,15.280697802594696,15.151901676119168,15.291697045956942,15.106636741827137,151594346
2024-07-01 18:49:40.380001,CVX,14.906276544679919,14.956787703729177,14.929301993644815,14.67978870053366,163543451
2024-07-02 18:49:40.380001,CVX,14.945460794415473,14.817345689604265,15.082441580802845,14.899197205160727,91195971
2024-07-03 18:49:40.380001,CVX,14.696974816267227,14.820916893622123,14.831509359788486,14.566973629615832,69873974
2024-07-04 18:49:40.380001,CVX,14.491189343236172,14.515235111256784,14.736516071034703,14.454225341841648,132907804
2024-07-05 18:49:40.380001,CVX,14.6159933074327,14.495380357573039,14.705892611310059,14.515638908737435,91356070
2024-07-08 18:49:40.380001,CVX,14.035510537427069,14.044585840623938,14.277478069600763,14.014158338309345,57327821
2024-07-09 18:49:40.380001,CVX,14.419805287542319,14.526397714960975,14.702211455824155,14.291760807173445,119699433
2024-07-10 18:49:40.380001,CVX,14.275703745882227,14.354968450862014,14.358419547396842,14.147107658629736,114048751
2024-07-11 18:49:40.380001,CVX,14.1221513540213,14.241843952594161,14.374684148183496,13.968614156951869,185371876
2024-07-12 18:49:40.380001,CVX,13.971714620114279,13.8903448776306,13.973188439691212,13.805400789718458,190202219
2024-07-15 18:49:40.380001,CVX,13.87005456803946,13.912451767674058,13.980060293591531,13.675096050105434,120379451
2024-07-16 18:49:40.380001,CVX,13.868870588935861,13.742744246371709,14.059708847929068,13.656971426925345,167227746
2024-07-17 18:49:40.380001,CVX,13.860521714125637,13.776723631064696,14.098176194899589,13.679969519499778,199078619
2024-07-18 18:49:40.380001,CVX,13.678146436831518,13.71816356231281,13.937376897161863,13.502953121062655,167337202
2024-07-19 18:49:40.380001,CVX,13.123001368897102,13.03974523216554,13.351901482652313,12.887622736958855,75408579
2024-07-22 18:49:40.380001,CVX,13.1815182819621,13.09884379508184,13.317066487161073,13.039278224918803,161307785
2024-07-23 18:49:40.380001,CVX,12.75298341668928,12.80903801690632,13.00645928717608,12.624907154061852,141254925
2024-07-24 18:49:40.380001,CVX,12.301691464369553,12.383526478194602,12.354933885248771,12.29276275345698,139009294
2024-07-25 18:49:40.380001,CVX,12.158758669221138,12.186348379942697,12.353797363391186,12.019046248641986,192932231
2024-07-26 18:49:40.380001,CVX,12.027399695263023,11.96168889190716,12.039531459868517,11.848248727908391,106373691
2024-07-29 18:49:40.380001,CVX,12.131133439489362,12.081606028922108,12.350857226241756,12.100654867960664,114107040
2024-07-30 18:49:40.380001,CVX,12.593927524911313,12.63170584839344,12.692823300737805,12.38460295208964,127097446
2024-07-31 18:49:40.380001,CVX,12.395863904981434,12.338238226064577,12.414418541197074,12.314858906457545,128195271
2024-08-01 18:49:40.380001,CVX,12.366301040702846,12.319781329120193,12.400144324972633,12.188037980557807,80873012
2024-08-02 18:49:40.380001,CVX,12.240879813482353,12.248604453074199,12.320274424091334,12.166200385151313,173887140
2024-08-05 18:49:40.380001,CVX,12.316534834664543,12.284156947411113,12.370150733765092,12.292393940721157,176433070
2024-08-06 18:49:40.380001,CVX,12.516112225064841,12.539976072165704,12.611259287861186,12.492473790052742,70607160
2024-08-07 18:49:40.380001,CVX,12.709920386398164,12.651544170908494,12.953611587765275,12.496483358329906,167801355
2024-08-08 18:49:40.380001,CVX,13.233078973187048,13.171774213409574,13.335547612310958,13.201045802960595,131263466
2024-08-09 18:49:40.380001,CVX,13.292421751344522,13.357693460410337,13.325238856475663,13.214529058963404,120337091
2024-08-12 18:49:40.380001,CVX,12.621633702139178,12.692180979187256,12.68883648202166,12.470772571767485,188480276
2024-08-13 18:49:40.380001,CVX,12.152320415095451,12.253917415884604,12.309264256943132,12.070611097589527,132596918
2024-08-14 18:49:40.380001,CVX,11.799068655748668,11.90533642136772,11.96204867517815,11.684848897519359,90359060
2024-08-15 18:49:40.380001,CVX,11.460426123319046,11.389661599668242,11.561623953202396,11.308371719734046,97218898
2024-08-16 18:49:40.380001,CVX,11.358128868851528,11.275205833590663,11.476006828957185,11.1770237368633,119163936
2024-08-19 18:49:40.380001,CVX,10.879793024874951,10.879009298743645,11.016405746710882,10.702516358712066,50793204
2024-08-20 18:49:40.380001,CVX,10.828493163335251,10.901777214537903,10.978213030126966,10.72279747724445,188867730
2024-08-21 18:49:40.380001,CVX,10.943352463402823,10.950175085898218,11.014084780613917,10.86188499925095,74734463
2024-08-22 18:49:40.380001,CVX,10.816803137784655,10.868972300658063,10.853169755806412,10.79914257352226,99032287
2024-08-23 18:49:40.380001,CVX,10.809787058369789,10.881396139318843,10.875949139816495,10.771260535200565,97711809
2024-08-26 18:49:40.380001,CVX,10.497655026923649,10.406754769313888,10.554194339399311,10.473275312552763,94325918
2024-08-27 18:49:40.380001,CVX,10.644533537090954,10.66145232810859,10.723386821615051,10.626316724046879,59803412
2024-08-28 18:49:40.380001,CVX,10.752532488560018,10.790176416338642,10.855381793637463,10.708207430477122,154767134
2024-08-29 18:49:40.380001,CVX,10.984676176871599,11.043085769847261,11.004379796013,10.879748896912172,91516293
2024-08-30 18:49:40.380001,CVX,10.876414585963433,10.947553525157547,11.063275705905498,10.73430615646472,183340578
2024-09-02 18:49:40.380001,CVX,10.84871057471393,10.909164707492817,10.932228143064199,10.833706444765216,150161878
2024-09-03 18:49:40.380001,CVX,10.986487342920244,10.91435830141738,11.037469307941464,10.826227306042764,131413921
2024-09-04 18:49:40.380001,CVX,11.073305570459075,11.077642376999123,11.181954606093141,10.861715235551266,174779178
2024-09-05 18:49:40.380001,CVX,11.068398634836955,10.973179726118781,11.276273718317853,10.895227751751243,148952592
2024-09-06 18:49:40.380001,CVX,11.065618499544332,11.16376866180595,11.212373114970275,11.037260902435321,56751234
2024-09-09 18:49:40.380001,CVX,10.597758983020189,10.574681212838072,10.678581775517811,10.529267356985212,92631936
2024-09-10 18:49:40.380001,CVX,11.349237846050109,11.247311655594832,11.519746791036825,11.25215281947518,189102920
2024-09-11 18:49:40.380001,CVX,11.455751298035349,11.553216417956722,11.507110031061035,11.253919927001533,136243233
2024-09-12 18:49:40.380001,CVX,11.20424319002489,11.104436282749573,11.411446963319351,11.10389132892929,190584872
2024-09-13 18:49:40.380001,CVX,11.094180466205081,11.04359817514791,11.109840159747385,11.038897172050735,80033013
2024-09-16 18:49:40.380001,CVX,11.145660423271863,11.180839651780113,11.268317386635468,11.035118965281836,94980465
2024-09-17 18:49:40.380001,CVX,10.989926006459664,10.895156165772159,10.99584307532961,10.949043653472462,79270021
2024-09-18 18:49:40.380001,CVX,11.302840473957204,11.410999498304713,11.502081419665997,11.168674864321746,170922286
2024-09-19 18:49:40.380001,CVX,11.466279630111092,11.416558091678885,11.61761269097446,11.45687753646653,124073311
2024-09-20 18:49:40.380001,CVX,10.880044487299113,10.964803742179843,11.005232668523668,10.802416971265755,69454569
2024-09-23 18:49:40.380001,CVX,10.762254754181606,10.7642529974719,10.76438089764468,10.676355482475957,57650149
2024-09-24 18:49:40.380001,CVX,11.043492987295878,11.006027816550377,11.07328708145294,10.846757951513627,170031887
2024-09-25 18:49:40.380001,CVX,11.139612147777806,11.236665145448047,11.26175267943709,11.107699370964175,76835671
2024-09-26 18:49:40.380001,CVX,11.179089940368232,11.101959410957726,11.324605575722359,10.980295247691203,198911048
2024-09-27 18:49:40.380001,CVX,10.822001526485334,10.780756283425537,10.912717730441774,10.653046143405668,95947150
2024-09-30 18:49:40.380001,CVX,10.60728571343814,10.699393512921265,10.697037823173666,10.482774069193455,159101492
2024-10-01 18:49:40.380001,CVX,10.092123039900958,10.02170449639018,10.240486133274505,10.038047457393567,175754280
2024-10-02 18:49:40.380001,CVX,10.174337840325359,10.22550313398822,10.263060698138801,9.972471971427924,196855092
2024-10-03 18:49:40.380001,CVX,10.338871807231547,10.256929517834557,10.471094059152092,10.338397107067129,153525113
2024-10-04 18:49:40.380001,CVX,10.248301248437494,10.24780536714285,10.346422533778048,10.1028552270707,149102573
2024-10-07 18:49:40.380001,CVX,10.59948309172377,10.68837484630576,10.76342026752198,10.511550555560417,172006812
2024-10-08 18:49:40.380001,CVX,10.264581967088079,10.171974674069434,10.354018911991172,10.239017457267618,194662213
2024-10-09 18:49:40.380001,CVX,10.053538589050595,9.971728109389334,10.165117967539128,10.024071681659207,59909807
2024-10-10 18:49:40.380001,CVX,10.423255790339319,10.361304284808542,10.544058608040855,10.4162412556663,162933049
2024-10-11 18:49:40.380001,CVX,10.63448306250819,10.55140780704765,10.802072576157016,10.53007255678942,171006947
2024-10-14 18:49:40.380001,CVX,10.585718244121557,10.617376469308192,10.706737384117405,10.498942533427105,112817917
2024-10-15 18:49:40.380001,CVX,10.948365921473956,11.025303767443214,11.085806776931388,10.76952462279735,149984696
2024-10-16 18:49:40.380001,CVX,10.995007466483107,10.924775755547445,11.140482647109598,10.846225896665427,71132408
2024-10-17 18:49:40.380001,CVX,10.89445030959884,10.795349329510675,11.027286762775475,10.7339078746379,181850835
2024-10-18 18:49:40.380001,CVX,10.901663605543453,10.958379035197654,10.961686434061738,10.809803633623522,126922169
2024-10-21 18:49:40.380001,CVX,10.67585081976103,10.664797199632078,10.856502221476147,10.604119883837845,154835414
2024-10-22 18:49:40.380001,CVX,10.28920416672246,10.221587775542154,10.454007987312364,10.230256451005543,128010655
2024-10-23 18:49:40.380001,CVX,10.424374050640093,10.467633741439865,10.53245454073889,10.415947755432006,102244635
2024-10-24 18:49:40.380001,CVX,10.5967974322492,10.54562222731146,10.617935926391104,10.462800363133521,50111134
2024-10-25 18:49:40.380001,CVX,10.692036106412267,10.689642780587592,10.771078512078569,10.652251083428068,141396312
2024-10-28 18:49:40.380001,CVX,10.532888153392877,10.576111092363709,10.644798749043032,10.373979644400302,197796586
2024-10-29 18:49:40.380001,CVX,10.670112685580404,10.670269730444835,10.679902891342815,10.562754390772886,139217695
2024-10-30 18:49:40.380001,CVX,10.897839485511902,10.899386966957534,10.921489667304568,10.7005064396664,89121770
2024-10-31 18:49:40.380001,CVX,11.34483037733509,11.321196776871954,11.507865759272764,11.249050444346762,190509352
2024-11-01 18:49:40.380001,CVX,11.680429818146042,11.63314692903483,11.911762645091782,11.472017122623788,123301354
2024-11-04 18:49:40.380001,CVX,12.047853235512521,12.009503871087155,12.266680070162279,11.827941664757953,136839846
2024-11-05 18:49:40.380001,CVX,11.643863125669522,11.54699708071647,11.680607294830164,11.467990082929026,135896680
2024-11-06 18:49:40.380001,CVX,11.575925511094997,11.536322895813527,11.70637749924863,11.527563109126344,189254702
2024-11-07 18:49:40.380001,CVX,11.639398424211446,11.584264900143175,11.824174398598759,11.519294187087223,153740347
2024-11-08 18:49:40.380001,CVX,11.444361307266755,11.4980508420671,11.617133138655083,11.426664191134599,84048010
2024-11-11 18:49:40.380001,CVX,11.478282842506102,11.522907095995897,11.676765130169327,11.340237604764827,120009910
2024-11-12 18:49:40.380001,CVX,11.403923520377047,11.379027921121173,11.449112724539317,11.262185482173658,193529889
2024-11-13 18:49:40.380001,CVX,11.199201468389074,11.26151799343667,11.251042606190744,11.198410071721751,80128855
2024-11-14 18:49:40.380001,CVX,11.46179144035114,11.481818119222416,11.661891836446989,11.439802550445181,92241007
2024-11-15 18:49:40.380001,CVX,11.072735180475323,11.066142751091608,11.270487558423246,11.029843233667007,51328365
2024-11-18 18:49:40.380001,CVX,10.398923054961763,10.298227414722476,10.432893895802321,10.269677991178506,138685469
2024-11-19 18:49:40.380001,CVX,10.228088804006047,10.161595526684787,10.299117555505227,10.083824049740732,181689988
2024-11-20 18:49:40.380001,CVX,10.142725093536512,10.165688532583165,10.171815699787789,10.081989734251714,95006088
2024-11-21 18:49:40.380001,CVX,10.461002535833524,10.462297508695583,10.6347315831922,10.340390786635988,99788251
2024-11-22 18:49:40.380001,CVX,10.641166091794677,10.62285641054115,10.651761548003638,10.623295044908296,196016236
2024-11-25 18:49:40.380001,CVX,10.42382250276115,10.449165989160443,10.479073805184838,10.225300077723393,138406969
2024-11-26 18:49:40.380001,CVX,10.307524384329234,10.286028512659472,10.313847077923374,10.275129590272904,123685362
2024-11-27 18:49:40.380001,CVX,10.511228116028267,10.512506242674021,10.653563412636688,10.446619732249422,101340510
2024-11-28 18:49:40.380001,CVX,10.654637775277696,10.586164006051197,10.686685983762652,10.636580374991198,133623309
2024-11-29 18:49:40.380001,CVX,10.992817595261338,11.097778261762548,11.126661991500978,10.819339985534137,112236627
2024-12-02 18:49:40.380001,CVX,10.756537511186934,10.76551715793516,10.952293137071813,10.591693844123997,107360040
2024-12-03 18:49:40.380001,CVX,11.309150531405285,11.403236530298383,11.4277440120166,11.181585304212057,78720348
2024-12-04 18:49:40.380001,CVX,10.995539846894724,10.981390482458501,11.1606443001951,10.961863856049215,163345251
2024-12-05 18:49:40.380001,CVX,11.488233649664881,11.59505257317145,11.716931454605707,11.362444989079364,124090024
2024-12-06 18:49:40.380001,CVX,11.538764247500346,11.434462792905867,11.573099332821139,11.342573016681143,81551430
2024-12-09 18:49:40.380001,CVX,11.485370171316191,11.545407484651388,11.571637741117579,11.458394679868208,84602618
2024-12-10 18:49:40.380001,CVX,11.75489498240812,11.739096334488234,11.948924127857028,11.56833254590506,148998336
2024-12-11 18:49:40.380001,CVX,11.90392743686513,11.997632797647528,12.14165248896878,11.886396554088734,161954644
2024-12-12 18:49:40.380001,CVX,12.081044517099878,11.983606047234728,12.230199507849457,11.875197490409883,60148550
2024-12-13 18:49:40.380001,CVX,12.472668584437693,12.573480463583085,12.68700421990554,12.252260863281778,193003885
2024-12-16 18:49:40.380001,CVX,12.96070673893378,12.889263384018356,13.127133989189408,12.930645372302635,55806541
2024-12-17 18:49:40.380001,CVX,13.570515356673175,13.656289189910424,13.714424728793489,13.478393814901116,73654712
2024-12-18 18:49:40.380001,CVX,13.612511093864368,13.58518313915624,13.642514923337181,13.459511343706106,137131336
2024-12-19 18:49:40.380001,CVX,13.638459750906028,13.64087037913115,13.890142905405376,13.634531412692315,168872801
2024-12-20 18:49:40.380001,CVX,13.687332671538346,13.636704592560577,13.91598041443312,13.682993392159283,81024828
2024-12-23 18:49:40.380001,CVX,13.865826782417123,13.890332813436949,13.923385865283244,13.645964679097212,103765276
2024-12-24 18:49:40.380001,CVX,13.51777905348481,13.437821732099472,13.635265298013035,13.290221523114779,66352133
2024-12-25 18:49:40.380001,CVX,13.345055621587802,13.4647147036397,13.368693222165279,13.294801770918554,98943559
2024-12-26 18:49:40.380001,CVX,13.994214056448612,14.026618604644057,14.065660120822834,13.718273198798403,65974844
2024-12-27 18:49:40.380001,CVX,13.179982959016897,13.158008929116338,13.238589726670124,12.962554998381776,111393585
2024-12-30 18:49:40.380001,CVX,12.82924465723353,12.907243836928998,13.023201514581805,12.795009176181866,62046527
2024-12-31 18:49:40.380001,CVX,13.22075153134702,13.23679088488484,13.25963385691487,13.07800714415343,126670583
2025-01-01 18:49:40.380001,CVX,13.423766611067505,13.492476986772651,13.554882907880925,13.397839056086099,158161215
2025-01-02 18:49:40.380001,CVX,14.09435011629471,13.963291693971046,14.363563706749437,13.853736709644378,52972369
2025-01-03 18:49:40.380001,CVX,13.592321298787628,13.65745417899126,13.777511413675024,13.444375555704884,181456663
2025-01-06 18:49:40.380001,CVX,13.530622820686343,13.454585105285277,13.652210641764807,13.368518548595201,62907175
2025-01-07 18:49:40.380001,CVX,14.07556961408741,13.937022274087084,14.286028812669576,14.062266186869461,181735213
2025-01-08 18:49:40.380001,CVX,14.32586071251128,14.430458681299626,14.539402596345084,14.192505227333779,193609758
2025-01-09 18:49:40.380001,CVX,14.293009013306468,14.375704748566259,14.52794037783918,14.196711807630269,147367643
2025-01-10 18:49:40.380001,CVX,14.56231215485138,14.540407881237797,14.720715359657845,14.544564505185706,89894550
2025-01-13 18:49:40.380001,CVX,14.710971027955226,14.827505835563151,14.871384552162032,14.705791346009526,150894070
2025-01-14 18:49:40.380001,CVX,15.181688229614899,15.21445624311423,15.384000161061993,15.052300853770731,196638442
2025-01-15 18:49:40.380001,CVX,15.085617200553987,15.192449951009216,15.301617913998122,14.973276000389712,195043198
2025-01-16 18:49:40.380001,CVX,15.095976009103785,14.947937044254,15.316123987048579,15.03018710994918,53068461
2025-01-17 18:49:40.380001,CVX,15.054203859261506,15.076307069278199,15.144217041822047,14.796869453184172,152128179
2025-01-20 18:49:40.380001,CVX,15.43490721233115,15.29501647091392,15.735244467511261,15.258635957734162,78636713
2025-01-21 18:49:40.380001,CVX,14.944920999693627,14.893016635311023,15.239252978000817,14.81341152408161,72924303
2025-01-22 18:49:40.380001,CVX,14.620263581245815,14.656612033904306,14.761650218759005,14.526798197122293,82421420
2025-01-23 18:49:40.380001,CVX,14.802397178343377,14.871811928031185,15.059884886870075,14.61541193719363,116338946
2025-01-24 18:49:40.380001,CVX,14.819282929067288,14.746420373768235,14.851018075775906,14.738950839126359,123680660
2025-01-27 18:49:40.380001,CVX,14.037395773639936,14.064899487062135,14.271114273725388,13.952638448689633,194507996
2025-01-28 18:49:40.380001,CVX,14.302773543725294,14.202517289134708,14.577396439172274,14.294099025651231,60702369
2025-01-29 18:49:40.380001,CVX,14.795467362670296,14.680202237102149,15.061752571133292,14.598635423324303,98459392
2025-01-30 18:49:40.380001,CVX,14.536513020028456,14.652269125251895,14.625853834154778,14.500515950499224,62102798
2025-01-31 18:49:40.380001,CVX,13.8560389034905,13.736953795441913,13.938054855858576,13.794218963517531,196841968
2025-02-03 18:49:40.380001,CVX,13.22430690246407,13.19804558813645,13.410910803931513,13.156206099011508,75298264
2025-02-04 18:49:40.380001,CVX,12.651754264122124,12.527313586418403,12.815036572623779,12.511787966178515,155716421
2025-02-05 18:49:40.380001,CVX,12.64493714546088,12.75928467459907,12.702819021351111,12.51222417571993,80786535
2025-02-06 18:49:40.380001,CVX,12.07334430077007,12.154771659001408,12.21127244195784,11.984976571443326,53771790
2025-02-07 18:49:40.380001,CVX,11.68532990293703,11.62089753561974,11.909319821654366,11.651981868813298,152565594
2025-02-10 18:49:40.380001,CVX,11.309166673431811,11.225505826434546,11.31375047865149,11.147384858146326,199891168
2025-02-11 18:49:40.380001,CVX,11.20419883919455,11.151953401761018,11.294486756069022,11.147820301302549,76554613
2025-02-12 18:49:40.380001,CVX,11.33224906494522,11.244793804354947,11.4928033589386,11.156631175448938,169424791
2025-02-13 18:49:40.380001,CVX,10.913382259096487,10.928154900666039,11.097872963288559,10.777690627850555,183374886
2025-02-14 18:49:40.380001,CVX,11.085713394584909,11.019810882149786,11.23999962557876,10.974553413962967,89912430
2025-02-17 18:49:40.380001,CVX,10.978441194340421,11.017858172701088,11.02141964178447,10.827271051055714,69553515
2025-02-18 18:49:40.380001,CVX,11.161395594709848,11.255542234849703,11.287518445633939,11.020362531908583,73830396
2025-02-19 18:49:40.380001,CVX,10.723880745414819,10.764768620381927,10.868025412390379,10.706264118825354,160815870
2025-02-20 18:49:40.380001,CVX,10.828614600963991,10.871041195070736,10.901778012664323,10.721002523826272,78339648
2025-02-21 18:49:40.380001,CVX,11.054361853471233,11.084096493805458,11.180216199185846,10.881003672797297,128935000
2025-02-24 18:49:40.380001,CVX,10.846755288712993,10.790196766970576,11.04147478077606,10.83104946802284,165845291
2025-02-25 18:49:40.380001,CVX,10.918033252719788,10.895162491763516,11.095765809609691,10.84597396600082,61000620
2025-02-26 18:49:40.380001,CVX,11.422902211731426,11.413814877549383,11.616458666872228,11.266557077556106,140295769
2025-02-27 18:49:40.380001,CVX,11.219714065507228,11.113576050568685,11.303815029245028,11.019689890167191,191003020
2025-02-28 18:49:40.380001,CVX,11.26866061521559,11.205557205926771,11.321336322513478,11.255637239526218,159569823
2025-03-03 18:49:40.380001,CVX,11.245070784919609,11.347096890748528,11.366025804499278,11.225739898786786,82581485
2025-03-04 18:49:40.380001,CVX,11.089906343651602,11.083993767867577,11.263178869495718,10.949778759906883,50108133
2025-03-05 18:49:40.380001,CVX,11.087067288869255,11.019981137194337,11.261745173357523,11.085526967270374,147611475
2025-03-06 18:49:40.380001,CVX,10.974222495270254,11.003013854299029,11.11801093405603,10.83548903300621,122909399
2025-03-07 18:49:40.380001,CVX,10.968354129939453,11.043830693044145,11.15880117895195,10.927537272300878,141549137
2025-03-10 18:49:40.380001,CVX,11.243598915906636,11.157800505469101,11.34306168299915,11.167691432627343,182244366
2025-03-11 18:49:40.380001,CVX,11.317807630202932,11.374563786657916,11.479689903849016,11.238334830494551,79692396
2025-03-12 18:49:40.380001,CVX,11.118135503678085,11.206164133971095,11.15413653829765,10.9321834040391,199540663
2025-03-13 18:49:40.380001,CVX,11.086394006873613,11.09312191175328,11.195395350357748,10.99254055839108,166206353
2025-03-14 18:49:40.380001,CVX,11.12096883323751,11.154127456841094,11.18250655378655,10.98967836642682,87961545
2025-03-17 18:49:40.380001,CVX,11.191934474317296,11.186776711885969,11.281899201819034,11.0988503834407,96097109
2025-03-18 18:49:40.380001,CVX,11.497121886787221,11.602055236906908,11.658265838625613,11.366489528478164,195294203
2025-03-19 18:49:40.380001,CVX,11.578074761840048,11.549328496808801,11.708077745101155,11.499444728767319,198641841
2025-03-20 18:49:40.380001,CVX,11.781918657051836,11.774883020520639,11.96765010551174,11.673661399862542,52069877
2025-03-21 18:49:40.380001,CVX,11.662611388517337,11.665709213197086,11.893700128356528,11.450266711253757,189658302
2025-03-24 18:49:40.380001,CVX,10.96491509435729,10.998623178856223,11.143774968606472,10.755373246310713,72839980
2025-03-25 18:49:40.380001,CVX,10.654205822946102,10.641727119146166,10.766686673429225,10.465849729220954,148808701
2025-03-26 18:49:40.380001,CVX,10.325933338346758,10.245441846368154,10.527961676706697,10.214123172395434,187939557
2025-03-27 18:49:40.380001,CVX,10.49902560570664,10.533234763408405,10.560176983679202,10.462772239978815,59231718
2025-03-28 18:49:40.380001,CVX,10.329605662336416,10.307760660743257,10.512698623684917,10.292633467239284,165835242
2025-03-31 18:49:40.380001,CVX,10.861950284412115,10.808691196699362,10.921916805084525,10.849928585962557,70034608
2025-04-01 18:49:40.380001,CVX,11.250260119931951,11.229197632365858,11.422825313821294,11.092093879679917,177172139
2025-04-02 18:49:40.380001,CVX,11.012456422947665,10.939515754926873,11.024366137695475,10.837480158831635,95191244
2025-04-03 18:49:40.380001,CVX,11.326215273114025,11.385839276216842,11.408534329882896,11.11927666313354,106544413
2025-04-04 18:49:40.380001,CVX,11.64948181257399,11.611931894211166,11.762926762504788,11.540600919849803,64718618
2025-04-07 18:49:40.380001,CVX,11.975465126304256,11.965647851424782,12.124668490627824,11.757304783289662,100158430
2025-04-08 18:49:40.380001,CVX,11.415626410914582,11.47725932786155,11.57799845967873,11.3790948684727,70329846
2025-04-09 18:49:40.380001,CVX,10.535446115933063,10.518142760520014,10.57860395330266,10.494682355511022,80989899
2025-04-10 18:49:40.380001,CVX,10.543389564327198,10.522413179237985,10.71835531752435,10.35672720911462,87998124
2025-04-11 18:49:40.380001,CVX,10.445726316940988,10.346612056771951,10.565051460785803,10.4207164765158,135695396
2025-04-14 18:49:40.380001,CVX,10.41218355239019,10.324164282535378,10.551433312736712,10.25999972825492,119204377
2025-04-15 18:49:40.380001,CVX,10.075542401775401,10.018124365114867,10.134884231531858,9.933801670718744,154805538
2025-04-16 18:49:40.380001,CVX,9.850972485924476,9.836452645826252,9.913913779048723,9.691049357361255,57431772
2025-04-17 18:49:40.380001,CVX,9.792585573226576,9.752855929245333,9.868197435594595,9.654969062190686,195750034
2025-04-18 18:49:40.380001,CVX,10.11368887039606,10.041693776860086,10.290696488812939,10.01203048980391,187556977
2025-04-21 18:49:40.380001,CVX,9.917674134432213,9.88289476559087,10.057587836324856,9.773322482704396,97356848
2025-04-22 18:49:40.380001,CVX,9.868231502531586,9.804561052008921,9.921554988627616,9.761377828066697,108383526
2025-04-23 18:49:40.380001,CVX,9.689838308260704,9.63763185318046,9.788910564053767,9.576656142582385,180659675
2025-04-24 18:49:40.380001,CVX,9.215309184876569,9.187998947473204,9.249833841182843,9.170561269199744,199195261
2025-04-25 18:49:40.380001,CVX,9.32786700710235,9.272072662812919,9.409306102891904,9.184030941151912,160847362
2025-04-28 18:49:40.380001,CVX,9.363774156823341,9.453505407407631,9.463907165338973,9.356491565187882,168100566
2025-04-29 18:49:40.380001,CVX,9.319247056681293,9.373358550336073,9.356704421747422,9.155474150314696,130465100
2025-04-30 18:49:40.380001,CVX,9.384592887542713,9.305067873120414,9.569236867473595,9.28854766160163,154361624
2025-05-01 18:49:40.380001,CVX,9.731990944073791,9.786228483565651,9.89943504489177,9.563020531943273,65840886
2025-05-02 18:49:40.380001,CVX,9.656063021594667,9.678371022831389,9.829497819601878,9.473309420788858,75472183
2025-05-05 18:49:40.380001,CVX,9.73034795202151,9.723435230650146,9.831404180176921,9.547884061706048,167974292
2025-05-06 18:49:40.380001,CVX,9.687166325254964,9.594760097596838,9.836888115168966,9.671325066723865,149969638
2025-05-07 18:49:40.380001,CVX,10.258381794151344,10.203868797369076,10.325012520282607,10.111413509835929,125968030
2025-05-08 18:49:40.380001,CVX,10.481551978226715,10.456480676020242,10.672755362798949,10.34248094242455,163675064
2025-05-09 18:49:40.380001,CVX,9.978467637881616,9.94166068013118,10.065861756667164,9.779842124584293,52554885
2025-05-12 18:49:40.380001,CVX,9.55538923769678,9.534373454324838,9.67482323656529,9.43824386994372,156082701
2025-05-13 18:49:40.380001,CVX,9.603160797200566,9.68788519027646,9.772067428969324,9.507642500072427,172600082
2025-05-14 18:49:40.380001,CVX,9.878777705681639,9.910767329549094,9.946505358470892,9.82765120259003,161952196
2025-05-15 18:49:40.380001,CVX,9.84369344791005,9.926166105947773,9.956862717019769,9.82748206108351,111406718
2025-05-16 18:49:40.380001,CVX,9.753227165314208,9.70307397866629,9.908823931015824,9.597015844169904,66460343
2025-05-19 18:49:40.380001,CVX,9.87931141822417,9.960934855934104,10.010596491493622,9.861099981490591,131727209
2025-05-20 18:49:40.380001,CVX,9.285018404063031,9.205728810343206,9.301087392835369,9.267775293566443,175048697
2025-05-21 18:49:40.380001,CVX,9.21704480313739,9.308914448671805,9.37323946758299,9.047221605285566,74424972
2025-05-22 18:49:40.380001,CVX,9.321547674632056,9.268149855845605,9.360111514498284,9.301545269100142,126484556
2025-05-23 18:49:40.380001,CVX,8.886758902346138,8.8004088134529,8.897764207304979,8.826797089173516,170688078
2025-05-26 18:49:40.380001,CVX,8.785197051938182,8.78365113491314,8.957333079445942,8.665927425475964,180763563
2025-05-27 18:49:40.380001,CVX,8.92408395261624,8.852579353682966,9.023885658537663,8.862630916836995,136257605
2025-05-28 18:49:40.380001,CVX,8.635637527910099,8.696090667629084,8.771157098556554,8.480904382492417,125298349
2025-05-29 18:49:40.380001,CVX,8.905599878438398,8.978932018324038,9.053844468848128,8.833855646491683,69072150
2025-05-30 18:49:40.380001,CVX,8.934636067656415,9.018295014294548,8.972998881390415,8.890029741061463,140295449
2025-06-02 18:49:40.380001,CVX,9.011853951945044,9.061283464778558,9.167586367671241,8.934093948801749,164324062
2025-06-03 18:49:40.380001,CVX,8.833664736119271,8.789840807794809,8.864473972213409,8.685005132833428,99262669
2025-06-04 18:49:40.380001,CVX,8.927673674762872,8.930848167392654,8.946980596569603,8.900203131506542,136371840
2025-06-05 18:49:40.380001,CVX,9.318345392387876,9.33200165959928,9.3763808441751,9.29221606712431,189807179
2025-06-06 18:49:40.380001,CVX,8.845412439063999,8.855701426174964,8.96700167239771,8.717993832265519,97736453
2025-06-09 18:49:40.380001,CVX,8.920985606082459,9.003132474645914,9.028933929340363,8.769838300964233,62551989
2025-06-10 18:49:40.380001,CVX,9.010728612289313,8.956057247399498,9.106802102871649,8.954588428014572,184956698
2025-06-11 18:49:40.380001,CVX,9.19023254989951,9.202325254615273,9.336069854679891,9.165666834020975,193627291
2025-06-12 18:49:40.380001,CVX,9.3117040580218,9.336827077747722,9.481439610085188,9.216125956959205,89944406
2025-06-13 18:49:40.380001,CVX,9.297505521013713,9.282112244909346,9.403992336657895,9.162716218397257,91984646
2025-06-16 18:49:40.380001,CVX,9.325258939055008,9.399840119686063,9.390534339401711,9.257110404569499,117356005
2025-06-17 18:49:40.380001,CVX,9.448936743528119,9.394489862668435,9.52980062464085,9.371689254709473,84144744
2025-06-18 18:49:40.380001,CVX,9.43164606631385,9.40813018198777,9.616682357496577,9.402745335251561,193100768
2025-06-19 18:49:40.380001,CVX,9.400678990514333,9.365045424255408,9.52813751049988,9.252880263685544,140046024
2025-06-20 18:49:40.380001,CVX,9.221539765522033,9.145813274104562,9.343821288669282,9.138476967242172,193332530
2025-06-23 18:49:40.380001,CVX,8.835446689167906,8.907562170036007,8.84285139705481,8.824130648545829,159121722
2025-06-24 18:49:40.380001,CVX,8.911404864202815,8.88506129546494,8.944267135853872,8.859912503265397,153711755
2025-06-25 18:49:40.380001,CVX,8.788967498851008,8.787501739774983,8.8664648216958,8.691615455203378,101302309
2025-06-26 18:49:40.380001,CVX,8.745753549170464,8.711330579933186,8.844259567491363,8.697110921920274,159604852
2025-06-27 18:49:40.380001,CVX,8.948517923167904,8.96380207726435,9.024989957187415,8.902920978896546,172446477
2025-06-30 18:49:40.380001,CVX,9.27085908049012,9.237958351028741,9.31537321952187,9.189422601415885,194167170
2025-07-01 18:49:40.380001,CVX,9.518172804279653,9.511894260581728,9.59832627217812,9.512693846944037,54569192
2025-07-02 18:49:40.380001,CVX,9.190255455843625,9.10701813582293,9.275850128585367,9.160347012081088,67389185
2025-07-03 18:49:40.380001,CVX,9.28986071306836,9.291610853291258,9.353831573254627,9.183522653968602,127639213
2025-07-04 18:49:40.380001,CVX,9.529363919475742,9.447813975804333,9.655139142694221,9.45165754896058,151255176
2025-07-07 18:49:40.380001,CVX,10.212354351812122,10.135183837710766,10.23871201201161,10.074684845077696,149027925
2025-07-08 18:49:40.380001,CVX,10.27642352022437,10.365363324412312,10.469392305769782,10.242539806938042,103479948
2025-07-09 18:49:40.380001,CVX,10.108396136492098,10.034643221092114,10.148307044761411,9.97227785470107,125058541
2025-07-10 18:49:40.380001,CVX,10.48524527203801,10.588059710152741,10.675031475445612,10.451515025258049,170276100
2025-07-11 18:49:40.380001,CVX,10.596526886643996,10.573776883305397,10.712533581206388,10.392683581604974,171668127
2025-07-14 18:49:40.380001,CVX,10.75716955317523,10.694415484730493,10.85780744040128,10.672137529078828,70122574
2025-07-15 18:49:40.380001,CVX,10.848985241914436,10.870384421638574,10.850416188594757,10.789793238204831,141245716
2025-07-16 18:49:40.380001,CVX,10.924099564756379,10.94828221225329,11.101635718197809,10.713621395436641,146452980
2025-07-17 18:49:40.380001,CVX,11.071260520474516,11.168068316185954,11.258489304355514,10.914565879816367,155118426
2025-07-18 18:49:40.380001,CVX,10.890251429465266,10.956229119048459,10.984179628966658,10.779838096619322,165348791
2025-07-21 18:49:40.380001,CVX,10.407012611982102,10.341311384556139,10.575246567592913,10.32522787864396,137507890
2025-07-22 18:49:40.380001,CVX,10.532439249546172,10.470649110958268,10.628982789476213,10.417599404171543,109133693
2025-07-23 18:49:40.380001,CVX,10.530706210145938,10.465232018808882,10.588951769010318,10.390919109899109,50526269
2025-07-24 18:49:40.380001,CVX,10.486580339328652,10.542663822791202,10.69411916656557,10.31301605309183,57778136
2025-07-25 18:49:40.380001,CVX,10.419743444067825,10.439744105685708,10.443645672496897,10.357884595148745,54137498
2025-07-28 18:49:40.380001,CVX,10.340632876242692,10.391269373046624,10.544070074169175,10.219499585644968,166945633
2025-07-29 18:49:40.380001,CVX,10.294026178186156,10.39408919893294,10.309535774280416,10.13985598899009,134675713
2025-07-30 18:49:40.380001,CVX,10.272102958712747,10.248075059142417,10.38058599822869,10.160536224775862,64832263
2025-07-31 18:49:40.380001,CVX,9.867527162649518,9.964327900692918,9.89058562018577,9.707799745249746,197460695
2025-08-01 18:49:40.380001,CVX,9.327755672382493,9.416568054106559,9.50805074089944,9.294750652884952,105417499
2025-08-04 18:49:40.380001,CVX,9.338040107257148,9.364999882965908,9.497394204750615,9.333930758849586,57973039
2025-08-05 18:49:40.380001,CVX,9.769483571494206,9.838720597243448,9.94882320079868,9.659832226037295,104060251
2025-08-06 18:49:40.380001,CVX,9.782518717656304,9.815152018844518,9.897645688030101,9.704155014300007,135693970
2025-08-07 18:49:40.380001,CVX,9.754964186111371,9.838532709854041,9.837367963572087,9.662968660315512,191026376
2025-08-08 18:49:40.380001,CVX,9.826220313446678,9.74902484045813,10.014641511069673,9.719116367432582,159746311
2025-08-11 18:49:40.380001,CVX,9.936981748050853,9.87664770790049,10.050464174384565,9.892147849506141,149497896
2025-08-12 18:49:40.380001,CVX,9.82701955346536,9.833488576337668,9.929831382290434,9.655842197512017,76552576
2025-08-13 18:49:40.380001,CVX,10.069658085996483,10.040825382068752,10.134756147517813,9.961133541213243,54343778
2025-08-14 18:49:40.380001,CVX,10.138059569135583,10.124335071934906,10.227940194842594,9.938626801522563,97853621
2025-08-15 18:49:40.380001,CVX,10.139231821799333,10.167511751579342,10.316233078899243,10.052968810162755,142806428
2025-08-18 18:49:40.380001,CVX,9.88232839787599,9.803225785029644,10.05959660437247,9.686851824391123,144526291
2025-08-19 18:49:40.380001,CVX,10.056926038880286,10.030573499384877,10.234137703695602,10.016378475232658,68144107
2025-08-20 18:49:40.380001,CVX,10.64949285700703,10.744315155091845,10.862124187974693,10.602833153908845,78709537
2025-08-21 18:49:40.380001,CVX,10.748831960543885,10.667659870576347,10.844744328217732,10.730133324776935,118233949
2025-08-22 18:49:40.380001,CVX,10.681534614907708,10.786467281954083,10.84332607792379,10.485742476471545,74734749
2025-08-25 18:49:40.380001,CVX,10.507542339367596,10.519477244047387,10.5538906013262,10.438430325263395,60608655
2025-08-26 18:49:40.380001,CVX,10.329197337496963,10.350487363122115,10.365059652533827,10.267043285984416,95448750
2025-08-27 18:49:40.380001,CVX,10.265386975555769,10.36286144912451,10.425948179676864,10.219504783380577,62170665
2025-08-28 18:49:40.380001,CVX,10.021910460977736,9.938670801999027,10.037846708767798,9.966829527396454,104729973
2025-08-29 18:49:40.380001,CVX,9.867267862972012,9.863852344764695,9.937777880911975,9.751515579388636,181476746
2025-09-01 18:49:40.380001,CVX,10.088731092953552,10.109703584682713,10.093304279759687,10.066496077943578,184099236
2025-09-02 18:49:40.380001,CVX,10.486658799995213,10.405692932093595,10.573406010529125,10.279128201035135,53689970
2025-09-03 18:49:40.380001,CVX,10.769540924968215,10.706009704551965,10.804454129432747,10.601756377988451,133378737
2025-09-04 18:49:40.380001,CVX,11.128824672756172,11.200811196573552,11.28081128531697,11.027468269887528,107095185
2025-09-05 18:49:40.380001,CVX,11.08695382810076,11.020914558222637,11.087741456786498,10.925466298531662,198459476
2025-09-08 18:49:40.380001,CVX,10.962170911583208,11.018572493627257,11.009921816626298,10.745695836265742,133639854
2025-09-09 18:49:40.380001,CVX,11.26894449960154,11.208431021914631,11.404261400525115,11.235705728160754,77623453
2025-09-10 18:49:40.380001,CVX,11.084845836999577,11.113113195639551,11.123242044429478,11.001322862091113,186427008
2025-09-11 18:49:40.380001,CVX,11.630291478779846,11.566726899086815,11.635820508606328,11.547081660148152,138672711
2025-09-12 18:49:40.380001,CVX,11.174314177031235,11.06414547584653,11.209491952107925,11.00336973941775,71090071
2025-09-15 18:49:40.380001,CVX,11.02875272151594,11.13819626718966,11.082968583318562,10.84311583913616,99074955
2025-09-16 18:49:40.380001,CVX,11.27314339928734,11.276585602503475,11.370538159773753,11.048405607359536,82368854
2025-09-17 18:49:40.380001,CVX,11.10802475563832,11.093816221153686,11.312033866801592,11.033093153720378,179273674
2025-09-18 18:49:40.380001,CVX,10.883812460343783,10.8674485546843,11.062721837518383,10.8808831383788,107894344
2025-09-19 18:49:40.380001,CVX,11.130738647113207,11.1521173868074,11.150604087893461,11.11691076947264,195050721
2025-09-22 18:49:40.380001,CVX,10.904049707127193,10.81138603384029,10.980548979964718,10.893273988521226,72254978
2025-09-23 18:49:40.380001,CVX,10.748629474460765,10.800972019586183,10.78905112900955,10.557545566593399,57438938
2025-09-24 18:49:40.380001,CVX,10.719323568359098,10.654410889770618,10.75840032267727,10.594784574902997,75715111
2025-09-25 18:49:40.380001,CVX,11.192513208783742,11.117529077246644,11.262805029011272,11.108944580063964,103965767
2025-09-26 18:49:40.380001,CVX,10.55503998488595,10.576574854253142,10.764402393632404,10.511699102444618,97639824
2025-09-29 18:49:40.380001,CVX,9.95183958869075,9.937023278970267,10.08151176102656,9.8617653798113,90014527
2025-09-30 18:49:40.380001,CVX,9.658453572577763,9.68259199126806,9.761822983733788,9.652950478834677,185077798
2025-10-01 18:49:40.380001,CVX,9.950338910394624,9.977808765687225,9.964763923961089,9.780873589888488,165023919
2025-10-02 18:49:40.380001,CVX,10.147046689734923,10.155346421921086,10.259945216280697,10.035814966431792,101422955
2025-10-03 18:49:40.380001,CVX,9.7491188403341,9.784878856364815,9.791027409528288,9.676236737091212,140757457
2025-10-06 18:49:40.380001,CVX,9.510250228470577,9.500945889000798,9.620482177701154,9.456742750548171,81180302
2025-10-07 18:49:40.380001,CVX,10.394028347299171,10.319706594659564,10.4191380518649,10.346703758859718,52370467
2025-10-08 18:49:40.380001,CVX,10.111442820672949,10.121980265129437,10.191661823795425,10.024831290734582,118677968
2025-10-09 18:49:40.380001,CVX,10.443112099803228,10.541526606535953,10.584359245715861,10.431735525192925,189846414
2025-10-10 18:49:40.380001,CVX,10.382201527423883,10.482641011926063,10.4460850872118,10.250025417992832,53128131
2025-10-13 18:49:40.380001,CVX,10.915075031112508,10.847866384219866,10.982864213610421,10.86243662125458,141858267
2025-10-14 18:49:40.380001,CVX,11.11210854696911,11.051796308088571,11.307904059898878,11.038100356180571,121803744
2025-10-15 18:49:40.380001,CVX,11.118991957192065,11.18075243128799,11.161207522284554,11.115250678801967,145189059
2025-10-16 18:49:40.380001,CVX,11.87151058498754,11.944720274630988,11.967474860238923,11.865779398099964,130542469
2025-10-17 18:49:40.380001,CVX,12.702941473367428,12.731762394985022,12.711156966471346,12.695526120346319,168036390
2025-10-20 18:49:40.380001,CVX,12.972915686838991,12.99466006112774,13.23189030528767,12.937624230334514,94970405
2025-10-21 18:49:40.380001,CVX,12.958536628019804,12.850084262499427,13.14055587529544,12.83553301371534,165949480
2025-10-22 18:49:40.380001,CVX,13.890756016684307,13.770280762567742,13.941814729355308,13.683025660336542,122791677
2025-10-23 18:49:40.380001,CVX,15.165588399648582,15.061454610402034,15.459239848611036,15.154033316633425,188067238
2025-10-24 18:49:40.380001,CVX,15.805961474941054,15.90864127384632,15.998388352749929,15.53235354824825,162980453
2025-10-27 18:49:40.380001,CVX,16.17779271754424,16.23034730120604,16.427218168579287,16.04967080862094,67370654
2025-10-28 18:49:40.380001,CVX,16.765939705771192,16.657089240061463,16.819206407590826,16.66816547167398,131276511
2025-10-29 18:49:40.380001,CVX,16.94559736584109,16.796564806095667,17.25968963143361,16.794081821806913,163998168
2025-10-30 18:49:40.380001,CVX,16.51641178804925,16.42190057419677,16.74098506662631,16.37924910094766,55827795
2025-10-31 18:49:40.380001,CVX,16.67372580104223,16.67648306063958,16.69328330557275,16.34845434235504,152772623
2025-11-03 18:49:40.380001,CVX,16.89983082695507,16.7720878487243,16.962698780259323,16.592226112020434,50391706
2025-11-04 18:49:40.380001,CVX,16.877924349504415,16.99573960391934,16.992639020078617,16.78155732490366,66827007
2025-11-05 18:49:40.380001,CVX,15.663356011530633,15.591012354055218,15.91243110009208,15.378283701987703,67493482
2025-11-06 18:49:40.380001,CVX,15.642184575334648,15.627165118337611,15.767220997366326,15.467398586696582,72407736
2025-11-07 18:49:40.380001,CVX,15.697755120285843,15.54415388779962,15.89078435321309,15.396229704415326,52033747
2025-11-10 18:49:40.380001,CVX,16.140548931973193,16.2633240290475,16.34774781659537,15.882959332471392,109530121
2025-11-11 18:49:40.380001,CVX,16.402887953876643,16.30963897523883,16.442777894271423,16.268607859410416,162428533
2025-11-12 18:49:40.380001,CVX,16.33445005713562,16.182264305150095,16.519556980724722,16.11731452179862,189258605
2025-11-13 18:49:40.380001,CVX,16.189010301701057,16.257234633768345,16.341634771170163,16.103254996605713,153658004
2025-11-14 18:49:40.380001,CVX,16.41927594042254,16.47459073986826,16.531164100121444,16.277165752922713,116335247
2025-11-17 18:49:40.380001,CVX,17.008673546917105,16.968799420152845,17.318063143140197,16.977626564274853,183686980
2025-11-18 18:49:40.380001,CVX,17.628557974423952,17.622185431097552,17.782717178208316,17.433274156964746,87554876
2025-11-19 18:49:40.380001,CVX,17.47717289404663,17.48229935712306,17.80963696966971,17.32917670028226,81885819
2025-11-20 18:49:40.380001,CVX,18.19003933117611,18.22531548193302,18.27562336792545,18.039392711977975,87164388
2025-11-21 18:49:40.380001,CVX,20.10222094185652,20.064110682918475,20.38589223067832,19.77535158514513,117167925
2025-11-24 18:49:40.380001,CVX,21.095083184066564,21.087916984463025,21.3271194177223,20.97658642032925,168359908
2025-11-25 18:49:40.380001,CVX,20.830196934800536,20.809484873299954,21.052594655895035,20.804433415036637,194031535
2025-11-26 18:49:40.380001,CVX,21.854682493483374,22.0259660302841,22.16377397725162,21.745665331841945,114213078
2025-11-27 18:49:40.380001,CVX,23.163539304179988,23.33809334396056,23.506246799805574,22.871791405809724,124730260
2025-11-28 18:49:40.380001,CVX,22.79988321969414,22.91591250148819,22.865668764811048,22.610823646242462,140390655
2025-12-01 18:49:40.380001,CVX,22.069600099509305,21.97475184228136,22.22881017470182,21.723188940466745,63551032
2025-12-02 18:49:40.380001,CVX,22.598270307203332,22.818754803992725,23.042488989223042,22.430311456275795,62051714
2025-12-03 18:49:40.380001,CVX,23.51598830947593,23.333500441371168,23.761261972691024,23.217215230894073,165035834
2025-12-04 18:49:40.380001,CVX,26.03728129613762,25.987926156104336,26.21894125867841,25.77691810985794,128948066
2025-12-05 18:49:40.380001,CVX,25.789352946872796,25.871354988983047,25.971215072811543,25.574446281808036,195651851
2025-12-08 18:49:40.380001,CVX,25.485455285087358,25.64302719828332,25.735173763280283,25.2798858307972,130439280
2025-12-09 18:49:40.380001,CVX,24.12205943080733,24.19515137182237,24.57195634925257,23.75185578508058,61032180
2025-12-10 18:49:40.380001,CVX,24.205744447791712,24.18043709297608,24.534387726462743,24.11083879896938,94357163
2025-12-11 18:49:40.380001,CVX,21.261810041628586,21.1143415831721,21.477808906139575,20.975353651917697,117882699
2025-12-12 18:49:40.380001,CVX,19.49615702130634,19.50881479664848,19.713307015444443,19.473395962275223,194734565
2025-12-15 18:49:40.380001,CVX,19.64943776787611,19.8454030018916,19.968675004578692,19.279380051476608,64431481
2025-12-16 18:49:40.380001,CVX,18.942731156051423,18.98011748588178,19.26632343728352,18.7020010726957,109034667
2025-12-17 18:49:40.380001,CVX,20.940379179584166,21.053617382143827,21.341946579570134,20.92757846031609,55811953
2025-12-18 18:49:40.380001,CVX,21.72775912623119,21.87241656287306,22.03802660326396,21.716125112197812,77072537
2025-12-19 18:49:40.380001,CVX,23.397474823555022,23.385742946451003,23.623104579053937,23.360948695647025,81647397
2025-12-22 18:49:40.380001,CVX,22.146432200909963,22.268531992730324,22.367711853319058,22.010624607773153,105208869
2025-12-23 18:49:40.380001,CVX,20.926360358154607,20.838001899611186,21.187637095707753,20.912693593711833,196709709
2025-12-24 18:49:40.380001,CVX,20.97818341027259,21.186152690670113,21.06471051633193,20.973963715111868,102556434
2025-12-25 18:49:40.380001,CVX,20.505570100632404,20.683360478567618,20.850706309580676,20.294570323326063,64097058
2025-12-26 18:49:40.380001,CVX,18.706031933326585,18.69062522626493,18.735540188308132,18.56969817153002,74099444
2025-12-29 18:49:40.380001,CVX,17.057483897410137,17.067923397183108,17.058435373538664,16.86304431438237,177758772
2025-12-30 18:49:40.380001,CVX,17.344319716099044,17.42009469787938,17.586505023953187,17.014410706350322,54591925
2025-12-31 18:49:40.380001,CVX,17.87541171682354,17.852647673997158,17.878224628990957,17.80918199081858,167662940
2026-01-01 18:49:40.380001,CVX,16.688724131040104,16.609874687033045,16.904477752482386,16.475297529942416,196145554
2026-01-02 18:49:40.380001,CVX,17.923268937898076,17.885560285100926,18.274724972193226,17.737630823318362,194955139
2026-01-05 18:49:40.380001,CVX,18.752401078449864,18.696660650506224,19.12048733572567,18.728307557640218,149005598
2026-01-06 18:49:40.380001,CVX,18.811770897291037,18.65891116790776,19.038219400379027,18.55527271843924,75431159
2026-01-07 18:49:40.380001,CVX,17.3227975278287,17.48942642599033,17.37184174095414,17.196962550596844,125888353
2026-01-08 18:49:40.380001,CVX,15.623122690750156,15.776337180177954,15.726727366357894,15.31709807887593,124075378
2026-01-09 18:49:40.380001,CVX,15.247688465991853,15.203956512349508,15.393223161705782,15.04171772926627,109554834
2026-01-12 18:49:40.380001,CVX,15.065256527628797,15.07217661587217,15.36511569827288,14.888247698111284,112226848
2026-01-13 18:49:40.380001,CVX,16.315302378975765,16.42146912616016,16.509268509221734,16.2174964213433,52051855
2026-01-14 18:49:40.380001,CVX,17.693566682027168,17.64262832347597,17.972344479814492,17.460767590349366,74134183
2026-01-15 18:49:40.380001,CVX,17.50814514024618,17.342198918423104,17.52803445531318,17.48383221243264,195357681
2026-01-16 18:49:40.380001,CVX,17.1761300959023,17.098691010628233,17.51704410845421,16.846186403398928,181954314
2026-01-19 18:49:40.380001,CVX,16.240074106989397,16.099259403545297,16.326040806310704,16.1374341352676,73319238
2026-01-20 18:49:40.380001,CVX,15.907377385932344,15.802271186536878,16.203074687013828,15.768397803212206,148913612
2026-01-21 18:49:40.380001,CVX,16.745298939390434,16.753836309276483,16.968293662029982,16.564355958077932,79797845
2026-01-22 18:49:40.380001,CVX,17.005509708179876,17.03188425799361,17.10234774463426,16.9848979004627,112493418
2026-01-23 18:49:40.380001,CVX,16.92469766996204,16.935255444789895,16.95050451589537,16.869762945085427,94580721
2026-01-26 18:49:40.380001,CVX,17.6929071928391,17.604307897081185,17.745214629503714,17.539710914218062,96743809
2026-01-27 18:49:40.380001,CVX,18.450900006899374,18.507244400184625,18.664628088999915,18.15316987666091,171561731
2026-01-28 18:49:40.380001,CVX,17.12645798159033,17.030649077657635,17.212382051221514,16.905605420966076,184952223
2026-01-29 18:49:40.380001,CVX,15.965689560922394,16.102122814601078,16.068565725331094,15.962381862695043,135491777
2026-01-30 18:49:40.380001,CVX,14.83035827547364,14.953807011226406,14.907016016785704,14.82738325857596,171073903
2026-02-02 18:49:40.380001,CVX,15.376604558528044,15.336538685352645,15.554790696253647,15.258485530388988,64191715
2026-02-03 18:49:40.380001,CVX,14.983238203473332,15.086560447594382,15.150597613870474,14.690923019361358,141674384
2026-02-04 18:49:40.380001,CVX,13.931689269437028,13.801314384691816,13.972754200982916,13.914714733920185,195210806
2026-02-05 18:49:40.380001,CVX,13.925752698726065,13.9963558743257,13.9683069111349,13.851623109819442,55362402
2026-02-06 18:49:40.380001,CVX,15.19924669011915,15.309191609661593,15.479348515199607,14.974610373634798,173199798
2026-02-09 18:49:40.380001,CVX,14.71727940487843,14.587889063699285,15.000945529664298,14.560647884281254,108219427
2026-02-10 18:49:40.380001,CVX,14.442947571809583,14.51377135145867,14.524597111867656,14.298842059097062,195253284
2026-02-11 18:49:40.380001,CVX,14.23439769032041,14.317928329713405,14.443929879314593,14.175406644038551,58898541
2026-02-12 18:49:40.380001,CVX,13.080581776196716,13.127777269876523,13.095542207412768,13.057526668161888,69066979
2026-02-13 18:49:40.380001,CVX,13.049996224015276,13.109025682974435,13.065705596448364,12.960178287799486,116346279
2026-02-16 18:49:40.380001,CVX,13.353734048272809,13.306815960246105,13.430977274207942,13.307273571005975,129303891
2026-02-17 18:49:40.380001,CVX,12.563177667952726,12.522858244542252,12.566463065303195,12.543595408444087,101687523
2026-02-18 18:49:40.380001,CVX,13.56776625851567,13.51686771833255,13.76185921629454,13.403435220314572,190508142
2026-02-19 18:49:40.380001,CVX,14.114921697944538,14.20167374390659,14.238835711481606,13.928185639461951,191920275
2026-02-20 18:49:40.380001,CVX,14.060252130733424,14.082560127124234,14.111114827303647,13.814057001301048,144574299
2026-02-23 18:49:40.380001,CVX,14.636187853369718,14.561738081205336,14.638628572615692,14.447078862772807,127358282
2026-02-24 18:49:40.380001,CVX,15.05490759568019,15.15692678495412,15.073495468504527,14.85329095879323,82423384
2026-02-25 18:49:40.380001,CVX,15.642811346384477,15.572847348224842,15.900997148506796,15.523822637019489,124778662
2026-02-26 18:49:40.380001,CVX,16.867906984226497,16.91921999779164,17.16317334947298,16.811141084104523,96589127
2026-02-27 18:49:40.380001,CVX,17.337469977086588,17.278186820899215,17.543201090480288,17.00875942404092,146763856
2026-03-02 18:49:40.380001,CVX,17.029865549728093,16.95803509844633,17.15117422832226,16.738349025384633,72988326
2026-03-03 18:49:40.380001,CVX,15.309808669373114,15.414832225436431,15.513801541108405,15.035964853565543,131819859
2026-03-04 18:49:40.380001,CVX,14.455800262239658,14.575058036359609,14.46934643024496,14.435749344458054,191649118
2026-03-05 18:49:40.380001,CVX,14.022558552552317,14.044863903292809,14.117326692427655,13.814077654738956,186638904
2026-03-06 18:49:40.380001,CVX,14.02769906770092,13.915082113082669,14.23434162796646,13.831341752073602,155224604
2026-03-09 18:49:40.380001,CVX,15.05586314194875,15.073208425500335,15.19351361003963,14.843470894679694,168432678
2026-03-10 18:49:40.380001,CVX,14.561831764791377,14.535284687800393,14.64303526000742,14.51008486035851,169309898
2026-03-11 18:49:40.380001,CVX,13.40930316821973,13.313041677694041,13.601345644602608,13.34580330493458,57168607
2026-03-12 18:49:40.380001,CVX,13.453278096609141,13.486299650069279,13.662361427748122,13.204625286177173,150127565
2026-03-13 18:49:40.380001,CVX,13.424622338315501,13.34298246714796,13.495668606235595,13.403099309577911,198151341
2026-03-16 18:49:40.380001,CVX,12.359029006302912,12.368850203577571,12.556749255836323,12.126282805319137,148504969
2026-03-17 18:49:40.380001,CVX,13.176652742945224,13.097919404158157,13.28600815792424,12.967391367151892,116592365
2026-03-18 18:49:40.380001,CVX,13.18442890056393,13.306289966587906,13.201451862902388,12.929176680581822,74865845
2026-03-19 18:49:40.380001,CVX,13.76418485676287,13.807637212528455,13.941177372721969,13.606035775534927,92985955
2026-03-20 18:49:40.380001,CVX,12.931003537190445,13.045794763911186,12.95208877763543,12.87018421041835,185075662
2026-03-23 18:49:40.380001,CVX,13.337835113045225,13.37514613969342,13.569069326249855,13.21779896600226,83846876
2026-03-24 18:49:40.380001,CVX,12.782714906039581,12.675074204772248,12.95586088709847,12.651956622257412,62233932
2026-03-25 18:49:40.380001,CVX,13.62159195856809,13.677277238897108,13.701746967792143,13.560835099734302,108777437
2026-03-26 18:49:40.380001,CVX,12.873545347322798,12.825174091252826,12.935260210648803,12.669221533964828,66226448
2026-03-27 18:49:40.380001,CVX,12.829133422196216,12.833874053994393,12.87654585986813,12.626152434109894,172736282
2026-03-30 18:49:40.380001,CVX,12.137488291061661,12.026702591025156,12.161075899165862,11.959310438586222,188317408
2026-03-31 18:49:40.380001,CVX,11.55371070781903,11.626886303209016,11.65529805295184,11.474724701406357,120844022
2026-04-01 18:49:40.380001,CVX,10.927666816713243,10.854209121028127,11.119054503959589,10.740960997182116,109991676
2026-04-02 18:49:40.380001,CVX,10.501729078961967,10.571730063618142,10.653600111877548,10.33852227903364,178215770
2026-04-03 18:49:40.380001,CVX,10.70070451414735,10.65855218004292,10.71760418941453,10.562090920913947,105986994
2026-04-06 18:49:40.380001,CVX,10.975124729301088,10.893807805503947,11.084717161481725,10.902205721089175,139165706
2026-04-07 18:49:40.380001,CVX,10.176573420487493,10.135723462209898,10.226836749649992,10.146377094255659,55539446
2026-04-08 18:49:40.380001,CVX,10.168776585179428,10.108342774840862,10.302511222437168,10.167378798690377,162153325
2026-04-09 18:49:40.380001,CVX,10.608529031661671,10.68966348886063,10.651485214298011,10.42852882682311,54585380
2026-04-10 18:49:40.380001,CVX,9.933195743541768,9.888684927985508,10.03623293828646,9.74940092046809,103906438
2026-04-13 18:49:40.380001,CVX,9.76441972309544,9.808797338483519,9.83463278143983,9.670020497559097,86779473
2026-04-14 18:49:40.380001,CVX,10.170839481187183,10.171524844634492,10.341048048334478,10.170774470445664,139290117
2026-04-15 18:49:40.380001,CVX,10.195297781962823,10.102150024572955,10.299940763402544,10.137888791603237,55599820
2026-04-16 18:49:40.380001,CVX,10.081733196856602,10.004676744557157,10.215874649814923,9.905057260732193,184038552
2026-04-17 18:49:40.380001,CVX,9.574641593856382,9.64709470099825,9.621167607136874,9.539816869021614,98908049
2026-04-20 18:49:40.380001,CVX,9.790907422136538,9.793540837258014,9.985300834564097,9.697840503071136,196309247
2026-04-21 18:49:40.380001,CVX,9.582846401789968,9.533739351381849,9.733914786132353,9.450410802324106,77722320
2026-04-22 18:49:40.380001,CVX,9.160555154954888,9.213934687931086,9.280653560726046,9.004861238244693,98750161
2026-04-23 18:49:40.380001,CVX,8.657820453217344,8.667523738734666,8.73911664773129,8.497663130874635,137432108
2026-04-24 18:49:40.380001,CVX,8.643779889188929,8.69806928052461,8.692813232102147,8.614353257359229,166551490
2026-04-27 18:49:40.380001,CVX,7.8902645214601534,7.891575779752816,7.989089659714204,7.781898118240427,64867062
2026-04-28 18:49:40.380001,CVX,8.114012542168105,8.15194310481539,8.172349388656926,7.981833735246659,177880151
2026-04-29 18:49:40.380001,CVX,8.464566579962241,8.472722631488299,8.552007051861334,8.331840729557301,99118852
2026-04-30 18:49:40.380001,CVX,8.24608718510714,8.241000410902833,8.298222338637762,8.172335878691138,79740211
2026-05-01 18:49:40.380001,CVX,7.952473610957334,7.984854909410371,8.101381115047706,7.860616245304695,109045992
2026-05-04 18:49:40.380001,CVX,7.76993172539114,7.787513552688861,7.925079759850296,7.629561943516619,128875846
2026-05-05 18:49:40.380001,CVX,8.132127013710754,8.087971391304556,8.278380136996878,8.042515148467391,186458351
2026-05-06 18:49:40.380001,CVX,8.00648407402318,8.030193921952232,8.158233864670512,7.9793653663950534,123185353
2026-05-07 18:49:40.380001,CVX,8.082592846377409,8.104140072841291,8.23587119600691,8.071784779591063,191140223
2026-05-08 18:49:40.380001,CVX,7.7285673227011085,7.737994310321759,7.751504821645994,7.72040668441558,83519968
2026-05-11 18:49:40.380001,CVX,7.454221002155998,7.433574814236135,7.553277226721546,7.328905980978956,76695589
2026-05-12 18:49:40.380001,CVX,7.56045835831352,7.5421501260697905,7.672024114958461,7.553961732907724,128262606
2026-05-13 18:49:40.380001,CVX,7.590590881546312,7.656191749648905,7.704160145045249,7.51417205480928,117160869
2026-05-14 18:49:40.380001,CVX,7.619090155182684,7.678571728107132,7.66127821240797,7.494858071812447,156245343
2026-05-15 18:49:40.380001,CVX,7.70927658833851,7.688205911390324,7.824561580212912,7.652583764918875,121542753
2026-05-18 18:49:40.380001,CVX,7.420686609396506,7.35358059671553,7.493055979450811,7.286409101923785,121200252
2026-05-19 18:49:40.380001,CVX,7.510336404176473,7.52040892258014,7.659740417299242,7.433018407907882,175828377
2026-05-20 18:49:40.380001,CVX,7.510838736619892,7.58516189061999,7.564255989520137,7.478914036246415,141920008
2026-05-21 18:49:40.380001,CVX,7.782260385991064,7.820275243866051,7.844374640901932,7.761122623777765,180731473
2026-05-22 18:49:40.380001,CVX,8.07690455478831,8.117197838118907,8.110911488305897,7.920893762823525,160722784
2026-05-25 18:49:40.380001,CVX,8.185649654577368,8.236937739157183,8.340500678235893,8.101480063896938,145525094
2026-05-26 18:49:40.380001,CVX,8.212695676015748,8.186916197655611,8.358768735728383,8.089735849105335,190267469
2026-05-27 18:49:40.380001,CVX,8.259354120267485,8.270126374386509,8.273563556930156,8.170631903594774,129816357
2026-05-28 18:49:40.380001,CVX,8.251214408911244,8.246522633460875,8.373604601981564,8.17498175943547,86668180
2026-05-29 18:49:40.380001,CVX,7.869519005689366,7.943129708428894,7.934418891904329,7.765377488240869,156844502
2026-06-01 18:49:40.380001,CVX,7.865007213328451,7.802992732406986,8.012415963465154,7.819929013066773,108518899
2026-06-02 18:49:40.380001,CVX,7.70747091886161,7.761120752301817,7.737070129067635,7.5781560854689385,199749077
2026-06-03 18:49:40.380001,CVX,7.8472795077732975,7.825981263596794,7.968819496129644,7.747862112358348,123132946
2026-06-04 18:49:40.380001,CVX,7.9803007530511785,8.036724622137129,7.987077752230169,7.866436837923974,118783115
2026-06-05 18:49:40.380001,CVX,7.872536087942116,7.860734495010277,7.956854209207005,7.71872491955233,136575391
2026-06-08 18:49:40.380001,CVX,7.7573805553623965,7.738550024494088,7.812093478362053,7.690529680866298,89690168
2026-06-09 18:49:40.380001,CVX,8.179673875944744,8.157146450022458,8.256366262854035,8.100127654163643,166872260
2026-06-10 18:49:40.380001,CVX,8.360803774637603,8.413313097577106,8.406467974802096,8.350949543086088,195576698
2026-06-11 18:49:40.380001,CVX,8.761110599513461,8.761374789735811,8.907414499041867,8.662564354907794,97140344
2026-06-12 18:49:40.380001,CVX,8.909176736636976,8.989754033536213,8.962113910633668,8.834185071866141,57612903
2026-06-15 18:49:40.380001,CVX,8.995704374213863,8.942304441594395,9.153842582781692,8.827590108017777,150909040
2026-06-16 18:49:40.380001,CVX,9.59245664615332,9.567248200806782,9.75288111833549,9.491292915635144,103683027
2026-06-17 18:49:40.380001,CVX,9.990007649406508,9.965185647010886,10.188655652840144,9.828996877321552,139931195
2026-06-18 18:49:40.380001,CVX,9.774121244992784,9.825464768771283,9.905458783365429,9.645821293083268,134164822
2026-06-19 18:49:40.380001,CVX,10.203637738541236,10.28592555963239,10.207792069725274,10.118097305202621,190416460
2026-06-22 18:49:40.380001,CVX,10.4169804368258,10.393721266005082,10.498344594621347,10.404077644767938,83191045
2026-06-23 18:49:40.380001,CVX,10.684256842554364,10.787875770455141,10.759420029692322,10.555021488124602,115724480
2026-06-24 18:49:40.380001,CVX,10.918127988688186,10.811413017218605,10.947699696959262,10.703344671665588,114833114
2026-06-25 18:49:40.380001,CVX,10.486397571442076,10.40552302794962,10.500076982886101,10.309302416707272,154247816
2026-06-26 18:49:40.380001,CVX,10.400392894911159,10.31214623246028,10.555261628855508,10.311888162878995,69951286
2026-06-29 18:49:40.380001,CVX,10.095863821849937,9.999776182487398,10.284144856066868,10.047531941844962,56662873
2026-06-30 18:49:40.380001,CVX,10.052301879793594,10.107410900645297,10.062643090856824,9.922442424449285,151293747
2026-07-01 18:49:40.380001,CVX,10.323669730236158,10.422044630527852,10.379382633954384,10.137375494941892,108549666
2026-07-02 18:49:40.380001,CVX,10.288195684999412,10.312330185169287,10.300483733856353,10.194955895427757,62120968
2026-07-03 18:49:40.380001,CVX,10.496294380263834,10.51188900635302,10.586776056335497,10.487019045375538,164453666
2026-07-06 18:49:40.380001,CVX,10.686753755522624,10.712075824414983,10.857693963863902,10.63327460992584,113809284
2026-07-07 18:49:40.380001,CVX,11.04371545220623,11.074014157243221,11.13390575477153,10.93456861990878,198283346
2026-07-08 18:49:40.380001,CVX,10.477701990172557,10.435150250960035,10.635629770097447,10.344930060395258,96015623
2026-07-09 18:49:40.380001,CVX,11.03913235943765,11.024552259834607,11.072636411263968,10.947021798893065,113665238
2026-07-10 18:49:40.380001,CVX,11.13993876499169,11.22223516428004,11.288917985244742,11.11410194988592,50054219
2026-07-13 18:49:40.380001,CVX,11.73224707515824,11.677533335325212,11.83611735815722,11.516090536128058,179440009
2026-07-14 18:49:40.380001,CVX,11.819193513549589,11.75413730827994,12.054944869353035,11.685439487479234,114728965
2026-07-15 18:49:40.380001,CVX,10.471883210834578,10.400126046489497,10.661723900439135,10.467548184287635,60565564
2026-07-16 18:49:40.380001,CVX,10.826469695981302,10.921318026038788,10.830312391407135,10.708908995212726,171981156
2026-07-17 18:49:40.380001,CVX,10.514015229893282,10.60550859828075,10.72176846862504,10.350074948880644,54335619
2026-07-20 18:49:40.380001,CVX,10.549585380792568,10.57203840662734,10.619525666333145,10.384026862013583,93529683
2026-07-21 18:49:40.380001,CVX,10.2841430034405,10.313350890418981,10.407788773618478,10.274038645742337,147196319
2026-07-22 18:49:40.380001,CVX,10.403782469344383,10.462259613670934,10.412285111347991,10.276105089379906,120030063
2026-07-23 18:49:40.380001,CVX,10.97930632873334,10.982731411969441,10.994933829256098,10.782341602103472,144739193
2026-07-24 18:49:40.380001,CVX,11.283478132684392,11.349359727816056,11.364347862066461,11.08233489924931,106054530
2026-07-27 18:49:40.380001,CVX,12.146206073937783,12.112245091661626,12.351706578511054,12.11583267236648,181127616
2026-07-28 18:49:40.380001,CVX,13.239407714887724,13.352780345134894,13.383272922830981,13.099618593915533,170560693
2026-07-29 18:49:40.380001,CVX,13.10081150530388,13.00590318690968,13.247980240915124,12.936303206764007,93148165
2026-07-30 18:49:40.380001,CVX,13.788313832014113,13.696798433273386,13.934700194291317,13.548171721344604,104361867
2026-07-31 18:49:40.380001,CVX,13.773592673592896,13.683457896849763,14.010072999860078,13.745867850618811,161423886
2026-08-03 18:49:40.380001,CVX,14.012064755875599,13.882182773055414,14.097898453079248,13.8692345803194,82286579
2026-08-04 18:49:40.380001,CVX,14.323609810802859,14.41342356506977,14.501614559469983,14.265242627845781,97468991
2026-08-05 18:49:40.380001,CVX,13.160566502188088,13.058172003864458,13.201905310506769,12.964944104321313,56586035
2021-08-06 18:49:40.380001,COP,110.0,109.59107215195449,111.89868023233485,109.84967991030832,83572086
2021-08-09 18:49:40.380001,COP,103.71534535829265,103.7410373989994,105.74107331632378,103.27050751635426,126070746
2021-08-10 18:49:40.380001,COP,102.3321792737441,102.37232798039445,102.88154821255762,100.64558677275164,78968333
2021-08-11 18:49:40.380001,COP,103.22106650560751,102.69803991557765,104.87523616208374,102.58737043258171,145092017
2021-08-12 18:49:40.380001,COP,101.93856792406099,102.21760824291108,103.73031582748408,101.65056736239227,54081845
2021-08-13 18:49:40.380001,COP,92.91173239808452,92.67630661953034,93.1239470005663,91.65182844747702,162160687
2021-08-16 18:49:40.380001,COP,93.1656164348991,93.06958010034252,94.01610629156625,93.13663400651421,63460203
2021-08-17 18:49:40.380001,COP,96.18512853507548,96.52609655158672,96.75042792096414,96.16891382945919,160583150
2021-08-18 18:49:40.380001,COP,103.41097396771725,103.95491067738624,104.27933004940391,102.56707997455875,102286275
2021-08-19 18:49:40.380001,COP,100.80223089649925,99.92405087377837,101.93656617882426,100.35308980122917,84894934
2021-08-20 18:49:40.380001,COP,103.36359119753945,103.5475981472229,103.71518457328584,101.41258686974251,136123755
2021-08-23 18:49:40.380001,COP,94.66456038160624,95.01675861870606,94.96717174238478,93.06811276371704,102273767
2021-08-24 18:49:40.380001,COP,92.25664778604822,91.85361278245085,93.34200495396033,92.18930648970432,101336788
2021-08-25 18:49:40.380001,COP,94.47430707868162,95.05612551941086,94.82956670499391,94.19102522891674,197486223
2021-08-26 18:49:40.380001,COP,91.70190971397552,91.56654487672611,92.4905936138015,91.47417199671715,54365144
2021-08-27 18:49:40.380001,COP,87.0833136403182,87.24414980292129,88.53684043137847,85.69272457952415,117515155
2021-08-30 18:49:40.380001,COP,90.47386818256189,90.94085166557134,91.28435729741021,89.4132099652269,70264275
2021-08-31 18:49:40.380001,COP,93.10309687636826,94.0237569016499,94.94330869748879,91.6458102945552,157920594
2021-09-01 18:49:40.380001,COP,91.45437712421081,91.62880232634298,93.09217530161695,90.6463203564072,106574635
2021-09-02 18:49:40.380001,COP,94.16406148149514,94.37460045781444,94.59097313276376,93.10448703551579,101485006
2021-09-03 18:49:40.380001,COP,94.02445465505515,94.62449024508167,95.00659928952358,92.5423137889695,80457716
2021-09-06 18:49:40.380001,COP,94.97072195908983,95.52105028601693,95.24906825663783,93.81454224676928,149177211
2021-09-07 18:49:40.380001,COP,103.44700697753487,102.5996098959138,105.37469514820924,101.88077948839857,61814521
2021-09-08 18:49:40.380001,COP,117.25391732281199,118.0683443795242,118.81325557808724,117.07389127747608,58387577
2021-09-09 18:49:40.380001,COP,121.20656832418612,121.88111358693706,122.03401107026895,119.73044116941021,82844805
2021-09-10 18:49:40.380001,COP,130.46174089269743,129.4062437455261,131.66139349498303,128.41226420692254,98475698
2021-09-13 18:49:40.380001,COP,130.84640056182604,130.4211654196698,131.13873930014526,129.07236965706733,108466836
2021-09-14 18:49:40.380001,COP,143.99388907456833,142.88970534328058,146.0976773786936,141.30368442698864,176713782
2021-09-15 18:49:40.380001,COP,137.22518491412313,136.41554237997343,139.1499479127394,134.6042806951305,117363292
2021-09-16 18:49:40.380001,COP,143.62954181414017,143.9702959890821,144.23952794648554,141.8183020492894,54088940
2021-09-17 18:49:40.380001,COP,137.3185262397271,136.28719296705142,139.7260972445925,136.06133651579066,169355100
2021-09-20 18:49:40.380001,COP,135.57450050822888,134.45352205569972,137.76111519706308,134.63599211467385,91077151
2021-09-21 18:49:40.380001,COP,132.45309454233455,132.0834484277714,134.65854526537993,131.07428938891297,135327705
2021-09-22 18:49:40.380001,COP,135.71770343777138,136.28774770431917,136.39159117602082,133.23540903615591,158948946
2021-09-23 18:49:40.380001,COP,144.5416766691687,145.68055962348603,146.25720232973333,143.40728952727292,75003489
2021-09-24 18:49:40.380001,COP,151.487820002449,151.1181066398119,153.6223058840748,148.89684764395324,78137191
2021-09-27 18:49:40.380001,COP,154.7046765121902,153.6572490817364,154.8920272119512,153.47364781428004,115897493
2021-09-28 18:49:40.380001,COP,151.45067504705423,152.8927367732063,152.79371903350074,150.3492434128818,84627470
2021-09-29 18:49:40.380001,COP,147.24862899033783,147.08379849873668,149.11515718129706,145.31045028693,67347998
2021-09-30 18:49:40.380001,COP,146.0391705817008,146.61588746979555,147.74099654675257,144.8009825967263,65485352
2021-10-01 18:49:40.380001,COP,167.73961203723522,166.87084884401955,168.3723113801737,167.6089108896193,149177237
2021-10-04 18:49:40.380001,COP,159.0951641717269,159.92377447605844,159.47437963165078,157.0881129267316,85692221
2021-10-05 18:49:40.380001,COP,169.38547813756728,171.06598957819762,170.14739714767663,169.25706233688356,102296984
2021-10-06 18:49:40.380001,COP,163.0502670568611,163.4724623572111,166.1219271548126,160.76367376030666,157626524
2021-10-07 18:49:40.380001,COP,161.56674579608733,162.87852715718296,163.1028124555263,159.26799762820625,87226137
2021-10-08 18:49:40.380001,COP,162.8995358776836,164.118434304105,163.8162964162059,162.1903992707929,161332240
2021-10-11 18:49:40.380001,COP,140.60787483196253,139.30658513115907,140.8873257100049,138.62615391456913,77894928
2021-10-12 18:49:40.380001,COP,160.9783652704525,160.37753955635253,163.59932998317382,159.14105708522354,103590669
2021-10-13 18:49:40.380001,COP,153.06219769678168,153.24698010842818,153.2533523547428,150.4866057498197,134897140
2021-10-14 18:49:40.380001,COP,150.73968431741952,150.67265100448319,152.7112572422332,147.99049929209053,105224475
2021-10-15 18:49:40.380001,COP,149.5166403964702,148.9207901883126,150.74174927603093,147.75164635225312,174838001
2021-10-18 18:49:40.380001,COP,154.33148348809112,154.66855330998686,155.90398014685502,152.80245822779955,107344247
2021-10-19 18:49:40.380001,COP,164.40606456526285,162.77621898173544,166.72231155744726,162.95607653617915,135874566
2021-10-20 18:49:40.380001,COP,164.82476708873503,166.0264312502572,167.12371064201557,163.60429736162948,59413253
2021-10-21 18:49:40.380001,COP,148.58590052346807,147.5128180724926,149.67794952654754,148.1185615278346,170949802
2021-10-22 18:49:40.380001,COP,156.57971093619753,155.6057447302849,158.13270391658938,154.88275123073632,169580445
2021-10-25 18:49:40.380001,COP,162.56333487443618,161.55813617757724,164.96920792891453,159.7355061665943,130482955
2021-10-26 18:49:40.380001,COP,156.31662456926927,157.7976389230906,158.85560173989506,153.30952394333164,138149600
2021-10-27 18:49:40.380001,COP,169.78024906991408,170.09760218991028,171.35331532325046,168.5181349509361,80984892
2021-10-28 18:49:40.380001,COP,159.52295603144978,158.45491717710135,161.6981891984062,156.4833305037906,111485833
2021-10-29 18:49:40.380001,COP,158.20991649521554,159.53596684147746,160.53836021098496,157.20552732896394,159741675
2021-11-01 18:49:40.380001,COP,167.93914902681223,168.4302158027386,170.72920352514805,165.038975688671,84963433
2021-11-02 18:49:40.380001,COP,172.70726970721813,171.5977129605043,175.17963876093177,172.27490719956714,146731836
2021-11-03 18:49:40.380001,COP,175.82967428950704,177.57118653574753,177.55160154621112,172.67986053474996,92639702
2021-11-04 18:49:40.380001,COP,186.10645090812892,184.3001795544529,188.00650953036373,184.0552760785923,119413124
2021-11-05 18:49:40.380001,COP,198.8017494809511,197.0186331733211,198.90106351891842,197.66878743747728,97208670
2021-11-08 18:49:40.380001,COP,183.9839168410151,184.33200242169312,186.02161717698905,183.0597292585791,147137509
2021-11-09 18:49:40.380001,COP,190.523480737779,191.06437634074106,193.80449133301153,189.80475744970153,69282738
2021-11-10 18:49:40.380001,COP,157.5385906135567,158.755136502479,159.7201851059691,155.38009785873433,159452004
2021-11-11 18:49:40.380001,COP,144.53432550240922,145.9704823924148,146.8831110869518,143.96868697234663,170022668
2021-11-12 18:49:40.380001,COP,145.6790713138635,146.45313359634872,147.81267719970836,142.97567632638422,84704287
2021-11-15 18:49:40.380001,COP,135.89825316638337,135.9202091996446,137.5934986439753,135.4937180002796,90967152
2021-11-16 18:49:40.380001,COP,136.28877185868666,137.5910676199394,137.62871819071052,134.14840804100146,139681304
2021-11-17 18:49:40.380001,COP,142.94889234528532,141.92691305149742,143.6123092950083,140.741021002328,199289329
2021-11-18 18:49:40.380001,COP,138.11921748365276,137.13927066683294,140.5431689769595,137.29636462209933,73634250
2021-11-19 18:49:40.380001,COP,135.60393341610225,134.73190968965298,136.956187128781,134.1580483477391,191895592
2021-11-22 18:49:40.380001,COP,143.57212137725367,143.97076595299794,144.9531901591341,143.12593654426036,194345718
2021-11-23 18:49:40.380001,COP,159.48237510397504,160.94800923360987,160.7633754756411,157.57047543882877,99014583
2021-11-24 18:49:40.380001,COP,158.3056450999012,158.48307197088687,158.43128774356822,157.91034845359928,91920300
2021-11-25 18:49:40.380001,COP,146.7733860692388,146.23495644499195,148.9698825030124,144.67322333195753,95934325
2021-11-26 18:49:40.380001,COP,153.61731022505865,152.63805047297018,154.48216136914837,152.4055602064075,81533708
2021-11-29 18:49:40.380001,COP,144.6920648527834,144.8439010407169,146.0036488990227,141.98377980513422,134471946
2021-11-30 18:49:40.380001,COP,140.16727873210752,139.7037383345889,141.93576724956588,139.156609736268,89611946
2021-12-01 18:49:40.380001,COP,137.11943912280245,136.43966515436352,138.6080677334423,134.4859991196636,117004764
2021-12-02 18:49:40.380001,COP,147.4274603612536,146.46556705385515,150.11508403601917,146.31227656844658,166166497
2021-12-03 18:49:40.380001,COP,153.0503420056914,151.62780547000506,154.5716429861789,151.98144318252156,114203202
2021-12-06 18:49:40.380001,COP,150.8685187943726,149.49150756809803,153.37731053381347,148.36969678528044,139135053
2021-12-07 18:49:40.380001,COP,161.5725874594881,161.65238121996688,161.96336962942286,160.0577686616378,55932934
2021-12-08 18:49:40.380001,COP,160.88203526236487,161.8546857217052,162.04992548972683,158.82137230847775,100793120
2021-12-09 18:49:40.380001,COP,168.93944416251162,169.34235066614625,172.046623053261,167.67002268953863,109794748
2021-12-10 18:49:40.380001,COP,166.32199720865037,167.98284417162887,169.61173093948776,166.04066306071138,57754135
2021-12-13 18:49:40.380001,COP,180.09881747022288,178.78641411819788,182.92556032503396,176.62834996968823,67102140
2021-12-14 18:49:40.380001,COP,189.76059902844602,189.27935694210512,193.38700132021665,186.99914858864048,82820582
2021-12-15 18:49:40.380001,COP,195.3258364713691,196.07264766977508,195.94328028263953,191.6613150986594,178336268
2021-12-16 18:49:40.380001,COP,194.38467377548128,193.4862566058185,195.9429142492436,192.9235644464468,143168119
2021-12-17 18:49:40.380001,COP,182.7994398705432,181.4881731918833,183.92791858303875,180.04637292802283,165879881
2021-12-20 18:49:40.380001,COP,189.64230481184862,189.07837057559388,191.80894637258834,188.17249991895957,64102953
2021-12-21 18:49:40.380001,COP,195.42717384587561,195.7436617499524,197.11033096853427,195.1263537313296,120124887
2021-12-22 18:49:40.380001,COP,205.3449035075088,205.4030275290312,207.1300471843598,201.28514535634417,194715111
2021-12-23 18:49:40.380001,COP,214.02426469967574,214.85660689682794,214.70634611835925,210.5389936172881,194960795
2021-12-24 18:49:40.380001,COP,216.96557702396686,218.39680375476624,221.2531607172744,214.783949867387,115454338
2021-12-27 18:49:40.380001,COP,224.40408906502608,225.4193647517938,225.4433742976323,221.45852172068996,109827044
2021-12-28 18:49:40.380001,COP,240.55778868501872,241.92098251062188,241.89508071230978,237.35970016815446,143464756
2021-12-29 18:49:40.380001,COP,258.0968290037162,258.89749195928005,258.5430922996485,255.64187604423128,128176406
2021-12-30 18:49:40.380001,COP,250.73217761756186,250.34792527205119,254.4950059265533,250.5764032409713,98452938
2021-12-31 18:49:40.380001,COP,244.71777674153103,244.39271550431613,247.05695231910954,240.71399138033377,156545756
2022-01-03 18:49:40.380001,COP,246.3259652879931,248.21341981247264,251.0205100791136,243.55515446217422,189932905
2022-01-04 18:49:40.380001,COP,224.48172542489044,222.24589436361308,225.54018250486524,220.4695190268742,92435817
2022-01-05 18:49:40.380001,COP,218.94110732215694,217.68156632350215,222.83055871788315,216.2005586194334,72045780
2022-01-06 18:49:40.380001,COP,197.67854287045387,197.82995282765077,201.36774032084028,197.6285113325528,84213393
2022-01-07 18:49:40.380001,COP,188.04218001285557,186.5117071897319,191.64703993875105,186.30876270146422,50743773
2022-01-10 18:49:40.380001,COP,172.06456462392708,171.38198924033057,174.00936504055005,170.096066322198,98399615
2022-01-11 18:49:40.380001,COP,170.42973471771225,169.10406061196358,171.36160440185765,170.06705731148247,122213553
2022-01-12 18:49:40.380001,COP,155.01097909778673,155.08232706165518,155.3487665109237,153.87591914036386,154692561
2022-01-13 18:49:40.380001,COP,146.8132302384678,148.20570272067445,148.17750471794963,145.01010823985854,95428989
2022-01-14 18:49:40.380001,COP,140.50942917154754,140.4119068554041,142.8153210897306,139.8631188679766,142800030
2022-01-17 18:49:40.380001,COP,135.0073837911778,135.06903036926445,136.380696704201,133.51130284003239,151109034
2022-01-18 18:49:40.380001,COP,132.2162377371806,131.64057227522594,133.01836056457535,131.4218069560525,147245277
2022-01-19 18:49:40.380001,COP,135.50676815739772,135.43947318017413,136.02440924697785,132.9153506507364,95157513
2022-01-20 18:49:40.380001,COP,136.15961900725102,137.49505690339123,136.20214730000265,134.242593371683,122682988
2022-01-21 18:49:40.380001,COP,133.68725658419174,134.86563381367966,135.9027903222635,132.06265394829464,56764842
2022-01-24 18:49:40.380001,COP,130.67555535760306,129.56966341098718,131.71607116817108,128.78205848147553,192003953
2022-01-25 18:49:40.380001,COP,131.2788673821079,130.0791999307847,131.460434535365,130.49345764413437,183298051
2022-01-26 18:49:40.380001,COP,122.60189647462569,122.05842348176674,124.54678081320604,122.58282873442757,187185055
2022-01-27 18:49:40.380001,COP,116.37072117561176,116.9304546485114,118.29552910257343,114.49945146072992,52106544
2022-01-28 18:49:40.380001,COP,122.77778005924138,122.40578574317051,123.52136506272225,121.51439248099942,110331923
2022-01-31 18:49:40.380001,COP,111.24566707491722,110.95454711348742,113.15799958740133,109.29789717403054,59259726
2022-02-01 18:49:40.380001,COP,109.95031973460149,109.5915124262309,111.94660571938583,108.2377020530625,118821982
2022-02-02 18:49:40.380001,COP,107.70014513496821,106.7530912595701,109.27865559288777,106.41371313022435,185101896
2022-02-03 18:49:40.380001,COP,110.70314913394834,109.63519857889457,112.56604897180233,110.33277324419001,114799248
2022-02-04 18:49:40.380001,COP,117.10504157076464,117.55625395953096,118.45859987495501,115.48934703308053,72206996
2022-02-07 18:49:40.380001,COP,122.69802893565273,122.5000089196188,124.06498330282413,121.61072351789738,149183040
2022-02-08 18:49:40.380001,COP,136.44014236511867,137.1966989749038,137.16872473994064,134.94987135376607,190319145
2022-02-09 18:49:40.380001,COP,147.05398599209374,146.1443333459826,148.3350555148391,144.20389717232206,75455434
2022-02-10 18:49:40.380001,COP,169.38425405591693,167.70880549965037,171.48560872208253,169.31895650593276,126751203
2022-02-11 18:49:40.380001,COP,179.6747880914907,178.174353998853,179.99872954104904,177.38941577275168,71545341
2022-02-14 18:49:40.380001,COP,188.43864637218923,189.8505705011017,190.46646557725327,185.9887115088561,65823725
2022-02-15 18:49:40.380001,COP,193.2840201323669,194.81629477017958,195.19461664273013,192.78073864819444,159063102
2022-02-16 18:49:40.380001,COP,184.03011354335777,182.58781452731418,186.57769373098012,182.25164911439097,149520406
2022-02-17 18:49:40.380001,COP,188.042565631758,189.76244449183204,188.74125448852263,184.53836644857836,83744779
2022-02-18 18:49:40.380001,COP,205.88808699628453,207.65264035757482,208.13144076179861,202.8613879388346,81963301
2022-02-21 18:49:40.380001,COP,206.04111320023802,207.96901628814078,209.71308313108503,204.581706605719,100575051
2022-02-22 18:49:40.380001,COP,192.1403598255619,194.0164684425982,192.80227500111175,189.5769406112968,97342658
2022-02-23 18:49:40.380001,COP,202.4253241108492,201.59310332131793,203.9437484850524,201.95050563204046,127809933
2022-02-24 18:49:40.380001,COP,203.5157015603029,204.56563347161702,205.22942063960843,200.55564040497214,135600026
2022-02-25 18:49:40.380001,COP,180.28661544419165,181.14457250122925,182.46790257151582,180.06444258449716,188405701
2022-02-28 18:49:40.380001,COP,182.7482948448094,182.3679656909373,183.13296751682412,180.78764755740573,151542836
2022-03-01 18:49:40.380001,COP,182.3989541816695,182.41463800724873,184.2731308962013,179.85102675501656,121222583
2022-03-02 18:49:40.380001,COP,182.80850882787095,184.48875847016467,183.9307899760164,180.43954942444518,104734786
2022-03-03 18:49:40.380001,COP,174.8607390552129,176.3885939161577,176.6377881923411,172.72971614996536,195482076
2022-03-04 18:49:40.380001,COP,166.20572104383322,166.19972253441907,167.3756747600125,165.83050254159727,109395833
2022-03-07 18:49:40.380001,COP,171.40850554208058,172.27463818067537,174.79823398717406,170.16171600993098,150878192
2022-03-08 18:49:40.380001,COP,167.217447057118,167.55206448315903,168.3711091266016,166.8858708696386,104619670
2022-03-09 18:49:40.380001,COP,178.40684170732987,177.59410897428415,181.53292121139316,176.2601497174871,192727863
2022-03-10 18:49:40.380001,COP,196.82041210555616,198.75432993551772,197.90801749245583,195.3530888441596,70393149
2022-03-11 18:49:40.380001,COP,211.641105242162,211.22198996929126,213.7126982942253,211.01081974460075,55788441
2022-03-14 18:49:40.380001,COP,207.29422045165938,208.31587560959818,210.96140520933915,205.67440831172712,145118751
2022-03-15 18:49:40.380001,COP,197.4293370335179,199.1679885730525,200.3721960118683,197.33974792061443,175991002
2022-03-16 18:49:40.380001,COP,207.59086594205803,208.84758576033897,209.04287607292932,205.6352865242456,134542926
2022-03-17 18:49:40.380001,COP,203.1242964708447,202.69897496388342,204.43104294470893,200.05166587217215,139762082
2022-03-18 18:49:40.380001,COP,202.7167112048508,200.70818764211455,203.44401002959424,200.844410530655,167770389
2022-03-21 18:49:40.380001,COP,195.31471961420175,196.01327470719704,196.20196048538966,191.58507506499524,58643608
2022-03-22 18:49:40.380001,COP,202.30387941690554,202.9390500723899,203.9403088180793,201.8837673547271,115210495
2022-03-23 18:49:40.380001,COP,175.60819890112424,174.0315328886093,178.28139316986838,173.1861603295783,155357860
2022-03-24 18:49:40.380001,COP,174.87414754150225,174.73916901766341,176.38268004913078,172.27712530219728,72798587
2022-03-25 18:49:40.380001,COP,168.95463115281547,168.60384231855605,171.89194075021777,168.20050847206946,114764495
2022-03-28 18:49:40.380001,COP,167.37661113672934,168.2986997645539,167.70556163066266,164.79410050140694,170657832
2022-03-29 18:49:40.380001,COP,174.30344019041988,174.2279464559188,176.81308745344649,171.41891044852252,186802205
2022-03-30 18:49:40.380001,COP,170.15218755879914,171.461844766903,172.15413269661843,169.4558342072556,174306668
2022-03-31 18:49:40.380001,COP,149.94821706185533,151.17294900730298,150.42241862007992,147.03710830483013,182529566
2022-04-01 18:49:40.380001,COP,144.4113025881412,144.95655021109607,144.6774757776187,143.1609687285051,54336746
2022-04-04 18:49:40.380001,COP,147.2776343858809,146.52947323557103,147.34371403168063,145.23015049449185,130460035
2022-04-05 18:49:40.380001,COP,141.73025120151297,140.87232123811114,142.353809486953,140.50055188859156,74065211
2022-04-06 18:49:40.380001,COP,149.9997147407896,150.95235377597683,152.06293757333316,149.42969779535855,75877773
2022-04-07 18:49:40.380001,COP,153.76241144335557,152.62534363527143,153.945170489517,151.375256925237,161443049
2022-04-08 18:49:40.380001,COP,148.68555029940592,149.00725157319232,149.57387088083115,148.54072200854804,55307285
2022-04-11 18:49:40.380001,COP,152.008353720195,151.70585338866394,154.694876459332,151.2882521715178,170745321
2022-04-12 18:49:40.380001,COP,157.9825602546324,156.88117948271173,158.82517440152114,155.99564049619698,98796099
2022-04-13 18:49:40.380001,COP,150.96662608466082,149.48009924166158,151.0930438073326,147.99174321178015,173780282
2022-04-14 18:49:40.380001,COP,138.6300453405264,138.25358367904775,139.81234645190736,137.5667377460847,107875781
2022-04-15 18:49:40.380001,COP,134.20011090616146,132.92550474559133,135.98318036399084,133.25784547313606,160794531
2022-04-18 18:49:40.380001,COP,131.08640592541406,129.98615402294624,133.43284537621238,129.19602274348225,171233297
2022-04-19 18:49:40.380001,COP,133.64748165484443,133.39960962219257,135.7091594118308,132.5242192277668,180312269
2022-04-20 18:49:40.380001,COP,142.59805176027783,143.76658542069958,143.34137148602903,140.10834832165585,61844680
2022-04-21 18:49:40.380001,COP,138.01189898293188,138.9674064936363,138.44681132145766,137.38870116839354,109550089
2022-04-22 18:49:40.380001,COP,137.44832093384517,136.18072282433107,138.65075889169705,135.70560284999888,60776797
2022-04-25 18:49:40.380001,COP,137.12305956735875,136.1417296736491,139.60903194780897,134.5164230979067,117373687
2022-04-26 18:49:40.380001,COP,139.51497592718343,138.7644091000342,140.97779281638034,137.4022333478493,168560341
2022-04-27 18:49:40.380001,COP,145.70991153762975,145.75629118836835,146.91619376782245,143.5779683858916,87072779
2022-04-28 18:49:40.380001,COP,148.88611888003862,149.52237078446979,151.71232382593357,148.86138328173016,108381490
2022-04-29 18:49:40.380001,COP,151.3162476628433,152.47419896436,152.83235781330353,150.8190997521147,157529985
2022-05-02 18:49:40.380001,COP,139.08706231604646,139.1313840886914,139.49280462239958,137.07536022715354,139732455
2022-05-03 18:49:40.380001,COP,135.23064652295213,134.50986943192527,137.28244461104921,133.83424949774323,113307484
2022-05-04 18:49:40.380001,COP,136.61569418071736,136.557494776389,137.34305561282545,134.4172956530807,155945755
2022-05-05 18:49:40.380001,COP,134.1944492459045,133.33859419902151,134.44122891846803,133.97736298005307,174765122
2022-05-06 18:49:40.380001,COP,145.5939522231363,145.87535589012057,147.19543959584092,145.3460704559265,89706829
2022-05-09 18:49:40.380001,COP,147.99593246879505,147.26075378025166,148.2721945622818,146.6642319485811,197044286
2022-05-10 18:49:40.380001,COP,150.10244121904964,150.65959718949043,151.28017543357868,148.20781091259897,148462941
2022-05-11 18:49:40.380001,COP,147.3113778697049,147.72615232314016,148.64140247443348,144.8349903007099,141032180
2022-05-12 18:49:40.380001,COP,146.38513329004365,147.42958032461385,148.30542434242543,146.1714462953699,106356471
2022-05-13 18:49:40.380001,COP,152.12736861459965,152.30692824372412,154.75115983254503,150.48974027783083,88228042
2022-05-16 18:49:40.380001,COP,154.23413914629666,155.1155305553584,155.54896363200595,152.41745044621968,122084396
2022-05-17 18:49:40.380001,COP,147.95516897905588,148.37089040613452,150.8449494115284,147.81721443262734,67650668
2022-05-18 18:49:40.380001,COP,141.37213540040784,141.1313419812957,143.14774998922692,138.6307362921131,98076923
2022-05-19 18:49:40.380001,COP,144.32145141094787,142.9031816925534,145.62258529858207,142.13333003028168,56283758
2022-05-20 18:49:40.380001,COP,156.88678787902117,158.40882919332915,158.8008084741814,156.40810411030316,79154519
2022-05-23 18:49:40.380001,COP,164.04588820046632,165.49818619949653,165.13126543622894,161.48196733847223,64616265
2022-05-24 18:49:40.380001,COP,156.14796260742426,155.65617670903302,157.47486076555177,153.33350616703473,94206762
2022-05-25 18:49:40.380001,COP,158.18585508980115,158.01663565319802,160.3391519029171,155.64427082611448,65807319
2022-05-26 18:49:40.380001,COP,152.76880853799855,153.89816436861696,153.56584446312908,151.78753353343237,166801506
2022-05-27 18:49:40.380001,COP,157.08497566512668,157.36099080712748,158.4752894848689,155.7067413666883,184377546
2022-05-30 18:49:40.380001,COP,160.77546514228823,159.91092731571567,161.0721877645952,159.93207831043708,95057206
2022-05-31 18:49:40.380001,COP,152.61088491711487,153.61889718768163,155.57172005778378,150.67279082123912,79393399
2022-06-01 18:49:40.380001,COP,155.74718196813123,156.05817096558903,156.5068618381753,153.20113240724007,50230890
2022-06-02 18:49:40.380001,COP,164.0016062986595,163.08469703729617,165.31279791099786,163.55316178722657,117873153
2022-06-03 18:49:40.380001,COP,156.22857267454327,154.84323878563538,157.51610719863393,154.31554687220768,165512108
2022-06-06 18:49:40.380001,COP,160.7179257296317,161.15057651075006,163.04801634695897,158.38910488989225,198605785
2022-06-07 18:49:40.380001,COP,150.52361283803586,150.1992623957261,152.9014389666864,149.1885768017899,164778722
2022-06-08 18:49:40.380001,COP,155.18982666767047,156.64473187481644,156.41898701092234,154.2538263018523,149290488
2022-06-09 18:49:40.380001,COP,153.05044040479055,153.61805258511754,153.9830076871814,152.7758446649224,147060338
2022-06-10 18:49:40.380001,COP,139.91794875058622,139.57428662278988,141.88141232646723,139.51884564369703,92067918
2022-06-13 18:49:40.380001,COP,144.31260597815006,144.02667959598634,145.8328045662591,143.53163990077343,140974492
2022-06-14 18:49:40.380001,COP,151.77468136701262,151.34608958835915,152.04299290980498,149.90930772985578,189895493
2022-06-15 18:49:40.380001,COP,163.9995848117084,162.43702017730863,166.94467006035407,162.29225827806275,129396312
2022-06-16 18:49:40.380001,COP,159.90151011976477,158.3983795489217,162.66450421212667,159.18402627307105,129103272
2022-06-17 18:49:40.380001,COP,164.2873813729777,165.75653399346407,164.68510115460248,164.1011903369505,105462779
2022-06-20 18:49:40.380001,COP,158.892020368978,158.9805799962567,161.1738468707208,156.26268960712045,139590036
2022-06-21 18:49:40.380001,COP,149.71685470836138,148.67878193757653,151.8118503970487,147.75510323355502,94513262
2022-06-22 18:49:40.380001,COP,146.5086716305639,146.13041652195466,146.69325464992937,145.87410235026942,163538122
2022-06-23 18:49:40.380001,COP,136.67146559342032,135.59091357173682,138.66037734352386,135.37590232294193,126058649
2022-06-24 18:49:40.380001,COP,146.82875552404462,147.92648209811583,147.1256105292085,145.80491348029236,154361507
2022-06-27 18:49:40.380001,COP,146.09795077227716,144.9777961678548,147.02278932763807,144.4552398526598,136402889
2022-06-28 18:49:40.380001,COP,143.0738747380617,143.87973447764102,143.1622604169538,140.8121125340964,169136431
2022-06-29 18:49:40.380001,COP,143.2115673712005,143.21760459771176,143.6933069863013,142.62355745544053,157582378
2022-06-30 18:49:40.380001,COP,151.42761907062072,150.23854175657806,153.27634720561284,149.57206708812163,136953812
2022-07-01 18:49:40.380001,COP,151.9685287686539,150.65721702963558,153.82690967135767,149.11329779593757,157360336
2022-07-04 18:49:40.380001,COP,155.2440192762202,154.7978817578675,156.74276664411232,152.41414774977335,121324831
2022-07-05 18:49:40.380001,COP,148.05287396248048,147.29971784720513,149.57073307573646,145.68772919786102,60446386
2022-07-06 18:49:40.380001,COP,155.9404746689259,156.10817009117886,157.58161173226486,155.4908697719968,152311045
2022-07-07 18:49:40.380001,COP,151.22780489629304,152.51412606504945,151.39067387220328,150.44788081717834,114413726
2022-07-08 18:49:40.380001,COP,142.7896944789069,142.37145158402606,145.41379839465665,142.25269535820902,156820040
2022-07-11 18:49:40.380001,COP,142.64591474179846,142.27696876847682,143.94658719602376,141.32369866313692,193658663
2022-07-12 18:49:40.380001,COP,149.40425391267087,148.37084206462347,151.52576478281097,147.61715166546577,84081399
2022-07-13 18:49:40.380001,COP,144.93255034673987,146.0649307603897,146.5066237828771,142.69922565810896,175752574
2022-07-14 18:49:40.380001,COP,143.8511060384558,144.41700153308759,146.37790036390135,142.87104009696384,185549383
2022-07-15 18:49:40.380001,COP,136.99168335447038,136.0003814266041,138.8996550376121,135.30450287110153,108692064
2022-07-18 18:49:40.380001,COP,138.92577238454075,137.64736736974723,141.66833428368565,137.40521982052874,61821778
2022-07-19 18:49:40.380001,COP,132.86971649801484,132.34990074991472,133.44715480217786,130.84554999837096,106459275
2022-07-20 18:49:40.380001,COP,131.4250287317278,131.97845525312349,131.92209608445677,129.23448559737415,100321860
2022-07-21 18:49:40.380001,COP,135.42254897201948,135.58084576135684,136.69314729170387,134.07176445898412,151787947
2022-07-22 18:49:40.380001,COP,138.76164136521058,139.6674813561327,139.88127132112882,138.45465395051883,134804805
2022-07-25 18:49:40.380001,COP,139.63310799541821,139.28594871387094,140.7446089581396,138.65607950681343,197756778
2022-07-26 18:49:40.380001,COP,143.37046757849802,143.53162980667216,143.53159809968338,141.994791241323,127602677
2022-07-27 18:49:40.380001,COP,143.50076228739408,143.91404961777815,145.92703341284027,141.4491266213419,154550729
2022-07-28 18:49:40.380001,COP,139.3647380741194,138.96668783553605,140.00835599478344,139.24675067310437,176006730
2022-07-29 18:49:40.380001,COP,139.2494758784744,137.88038611362177,140.39379762351618,137.7537923758721,83561993
2022-08-01 18:49:40.380001,COP,136.9565260993454,136.09789408337608,137.09105620871807,136.82641989064848,184030459
2022-08-02 18:49:40.380001,COP,137.16162961813802,137.0822289677005,139.76419243088603,135.46773663193392,121698503
2022-08-03 18:49:40.380001,COP,131.08907297247893,129.78880098511488,132.99330381323065,131.0553783235215,123707763
2022-08-04 18:49:40.380001,COP,128.77293060620596,129.17808606451794,129.47760956597392,127.85995387356921,54720670
2022-08-05 18:49:40.380001,COP,133.53535316742588,133.27866382129696,134.58975038313224,132.08450194245574,80805062
2022-08-08 18:49:40.380001,COP,130.52200931448846,131.28118594330027,132.42590864839195,128.99846510437132,79540065
2022-08-09 18:49:40.380001,COP,130.97737716279912,130.30519102823555,131.64693592386828,128.8056140680498,106429993
2022-08-10 18:49:40.380001,COP,124.31154276272456,124.41152255393503,124.7661465801419,122.01907564731431,186153403
2022-08-11 18:49:40.380001,COP,129.23480977454972,128.8850436098233,129.7239755958391,127.40610165361275,141693462
2022-08-12 18:49:40.380001,COP,126.77718200349777,125.89356017131283,128.36307217277877,124.91175886409872,98911937
2022-08-15 18:49:40.380001,COP,123.1639025252482,123.50981135632506,123.7491324526991,122.78720458418297,158383790
2022-08-16 18:49:40.380001,COP,118.80069206113741,119.48521995333637,120.62731361020607,118.75317602269601,197152964
2022-08-17 18:49:40.380001,COP,112.92001447128553,113.74447089703023,113.63839837561918,110.89016093060562,67991501
2022-08-18 18:49:40.380001,COP,118.13508022352481,117.72564298203577,118.28078956749323,117.07073842563214,195380503
2022-08-19 18:49:40.380001,COP,118.62276295962437,117.69545602247088,119.50322672562693,116.82409809598167,193386476
2022-08-22 18:49:40.380001,COP,114.36351194435632,115.33113509525147,114.395465337008,113.81590056862096,82143808
2022-08-23 18:49:40.380001,COP,115.57583305077459,114.5314402956812,117.39331608331575,115.34338398617804,59162332
2022-08-24 18:49:40.380001,COP,116.42699176963734,116.89696506980067,116.54793858259383,114.810939294311,84590263
2022-08-25 18:49:40.380001,COP,116.12728634574903,116.40881102103953,116.27282941704784,115.93307837583478,182218128
2022-08-26 18:49:40.380001,COP,113.02208143187804,113.12170356091049,113.4534096360713,112.071302665516,150881593
2022-08-29 18:49:40.380001,COP,112.7014418232183,113.35451091112722,113.21696186527801,111.33293951168301,82880508
2022-08-30 18:49:40.380001,COP,108.89681253726468,109.54587286703517,109.91304098803275,107.57207084700812,182061379
2022-08-31 18:49:40.380001,COP,110.93063786652054,110.82156410080273,112.1039538810374,110.70793600887185,63350995
2022-09-01 18:49:40.380001,COP,115.22781610153397,114.54836394308623,116.79813841074827,113.598718580632,148115768
2022-09-02 18:49:40.380001,COP,115.37830282857156,114.59181124218735,116.59529490395454,115.15169766202952,195621362
2022-09-05 18:49:40.380001,COP,114.0692893537824,113.3018955247953,114.6013207724604,113.62078546311135,100556692
2022-09-06 18:49:40.380001,COP,110.50256846352205,110.7400232818997,111.40744969602827,109.68945805852113,78097443
2022-09-07 18:49:40.380001,COP,112.19109713490643,111.24205663637655,113.68292977922759,111.21036671778636,152504534
2022-09-08 18:49:40.380001,COP,109.66384198511547,109.5624478929133,110.04662781284036,107.67569185288146,61170014
2022-09-09 18:49:40.380001,COP,108.02532345875048,107.19667413283481,109.93783993371156,107.47472400115261,55439324
2022-09-12 18:49:40.380001,COP,108.67180718914418,108.80211233529296,109.22476146774471,106.87410908163159,130714465
2022-09-13 18:49:40.380001,COP,110.07131837803844,110.89220583655926,110.48531724679543,109.3809174667603,137248473
2022-09-14 18:49:40.380001,COP,108.44100933197635,108.04089184651814,110.01940725776143,107.23187305926942,120423447
2022-09-15 18:49:40.380001,COP,108.58034008140672,107.78626556380077,110.2084546876893,107.55889236299372,113532392
2022-09-16 18:49:40.380001,COP,107.95474497804392,108.48269598046335,109.00793328613624,107.7521476515297,56991099
2022-09-19 18:49:40.380001,COP,110.68112357898066,111.32712250894267,112.47131443395237,110.15990464871622,95967947
2022-09-20 18:49:40.380001,COP,112.452816573505,111.92023197090836,112.84242706688903,112.37049615640902,58182995
2022-09-21 18:49:40.380001,COP,112.63789566909419,113.42240570972446,113.1514551725378,111.32738963428224,168317281
2022-09-22 18:49:40.380001,COP,114.89160769372036,113.91501318885499,115.83016060239258,114.87612716616329,63597681
2022-09-23 18:49:40.380001,COP,117.03179347005181,115.88479673251722,117.94523310104698,115.32561456617778,129247591
2022-09-26 18:49:40.380001,COP,118.70576930028807,117.85337895552901,119.96775984757322,117.41758079012668,56276111
2022-09-27 18:49:40.380001,COP,118.33772556472815,118.30051466571584,119.71903982537987,117.86398528082371,169906005
2022-09-28 18:49:40.380001,COP,118.78852282096587,119.87527444522222,119.70464449521978,117.72678020487209,149581610
2022-09-29 18:49:40.380001,COP,120.13133977348525,120.24672527378566,120.28575373907184,119.65625987500745,84107960
2022-09-30 18:49:40.380001,COP,120.97316368504517,120.0161158347976,121.69301407453887,120.17504127392505,178598300
2022-10-03 18:49:40.380001,COP,119.02807302200816,119.14748761361267,119.06836153113981,117.07604664254896,95881821
2022-10-04 18:49:40.380001,COP,120.05527283721442,119.74175237326307,120.72377001810202,118.63079955955557,106022694
2022-10-05 18:49:40.380001,COP,116.44964480649399,116.5586133239195,116.76973082487125,115.23278584299013,156373336
2022-10-06 18:49:40.380001,COP,112.91345961922508,114.02203374074566,113.06683120279169,110.88272778399715,105587728
2022-10-07 18:49:40.380001,COP,112.54668866946245,113.55761808976749,114.1510659054432,111.71232746390075,191739687
2022-10-10 18:49:40.380001,COP,110.68206957144547,111.66508779359914,110.73354638030555,109.03391624529142,104313030
2022-10-11 18:49:40.380001,COP,111.31393584638921,112.2884839820531,112.70261273409383,110.85811870183926,101235436
2022-10-12 18:49:40.380001,COP,108.20689978404363,108.77409712767503,108.54557852919119,106.9509588568333,143687614
2022-10-13 18:49:40.380001,COP,107.65882250447201,106.78988900127183,108.43889814732697,106.0376423150531,79403334
2022-10-14 18:49:40.380001,COP,109.95806327009498,110.15013705522048,110.82751730488256,109.22014374697359,142642738
2022-10-17 18:49:40.380001,COP,111.74451051970739,110.87344980299139,111.81279746912465,110.7289857027071,112922162
2022-10-18 18:49:40.380001,COP,113.49908579420118,112.36526860427878,115.73748419509238,111.69368953606528,52931677
2022-10-19 18:49:40.380001,COP,111.51770582686356,111.21709078074875,113.74221511916929,109.86134896725517,88345868
2022-10-20 18:49:40.380001,COP,113.46922874426494,114.20911132801264,114.74108567349467,111.7405784124667,178611109
2022-10-21 18:49:40.380001,COP,109.1572298866537,110.11330110631393,110.54420566216461,107.34898629922895,188943398
2022-10-24 18:49:40.380001,COP,105.82771199530669,105.74958517380871,106.97910752890814,104.82662409928545,74109241
2022-10-25 18:49:40.380001,COP,109.34214412977836,109.95058084882722,111.01299419808224,109.02941933549228,58291733
2022-10-26 18:49:40.380001,COP,109.51130804600878,108.44620066690712,110.25278863116375,108.19247715664532,108961994
2022-10-27 18:49:40.380001,COP,110.35418209834738,111.43535398469027,110.7026312584076,109.58393204909653,95834903
2022-10-28 18:49:40.380001,COP,111.77815384862217,111.03168185129033,113.67406883538578,111.68995177496502,124649813
2022-10-31 18:49:40.380001,COP,111.29238870291081,111.58737921679004,111.81732376919975,109.85665820269367,61012690
2022-11-01 18:49:40.380001,COP,116.14011430856479,115.56069319555583,116.28929091563498,114.64168108270039,134997241
2022-11-02 18:49:40.380001,COP,116.7461102366691,116.38736721420092,118.0128979145651,115.20662052608274,99692845
2022-11-03 18:49:40.380001,COP,115.39997946520234,114.61304999987199,117.55394783981679,115.2840466644953,130768001
2022-11-04 18:49:40.380001,COP,117.02955249598608,117.02343595762707,117.68750879734536,116.9292602947169,109099922
2022-11-07 18:49:40.380001,COP,118.28403225390666,117.89115356085408,119.01485186822495,117.98901517178872,70685649
2022-11-08 18:49:40.380001,COP,120.50993166961756,120.28034893848391,121.30758784848355,118.19787005168067,128261494
2022-11-09 18:49:40.380001,COP,122.7390501133353,122.93524046283946,123.66068718295197,122.55884948545821,130767995
2022-11-10 18:49:40.380001,COP,122.8531606275189,123.33292760136449,123.99907346302383,121.84268681390286,54077474
2022-11-11 18:49:40.380001,COP,125.4444122534652,125.70891598631455,127.88768751642918,124.00850063130191,199065504
2022-11-14 18:49:40.380001,COP,122.16264581897168,123.34461039210179,124.49708220317964,119.98790810900923,162235264
2022-11-15 18:49:40.380001,COP,120.82865225638037,121.07600437360757,121.23384103119892,118.84372124065003,88433647
2022-11-16 18:49:40.380001,COP,119.620206333951,118.53918564847889,120.96495077197174,118.21028369142252,85130033
2022-11-17 18:49:40.380001,COP,118.85513431509274,119.46069917617464,119.26057915071628,117.75968342728483,51068179
2022-11-18 18:49:40.380001,COP,117.53307856936024,118.14393022946682,119.37337845814463,115.81674050628935,158806913
2022-11-21 18:49:40.380001,COP,116.88777858580166,117.03373123446327,118.69263847443386,114.90623244462897,190166432
2022-11-22 18:49:40.380001,COP,119.77620153955932,120.11221518436585,121.1271520288887,119.66102754716445,102745808
2022-11-23 18:49:40.380001,COP,117.77550086268656,117.94580257084891,118.6419917730727,117.389092081267,186473047
2022-11-24 18:49:40.380001,COP,117.33323374826638,117.06374794019278,118.51657316522305,115.4987584070299,55470326
2022-11-25 18:49:40.380001,COP,114.59134965054005,115.63896417183199,116.3836154382619,112.975364209058,92669514
2022-11-28 18:49:40.380001,COP,114.59012758071272,113.87859745678486,116.64812632357368,113.93652572843041,195343112
2022-11-29 18:49:40.380001,COP,115.12682846515789,114.88334557645445,117.26830459595585,114.84112124191503,96249248
2022-11-30 18:49:40.380001,COP,113.57356511289596,113.8598627308478,113.62146993658426,112.34372070082534,104473232
2022-12-01 18:49:40.380001,COP,115.86669046343751,115.80410720591682,117.9324526930421,114.76852440237732,65520229
2022-12-02 18:49:40.380001,COP,113.95182107125426,113.0374999923711,115.39651724909164,111.79964283026378,105082727
2022-12-05 18:49:40.380001,COP,112.32395103252117,113.38187510307085,113.17920437863376,112.04560031709947,64214224
2022-12-06 18:49:40.380001,COP,112.56365958148031,113.10825464836907,114.39907344258188,111.7043793858544,172599325
2022-12-07 18:49:40.380001,COP,109.65135254353282,108.70983214560745,110.34059763915307,108.89390568755053,178176097
2022-12-08 18:49:40.380001,COP,112.7490520662147,112.53186950207005,114.14047052119156,111.0522820761548,179031844
2022-12-09 18:49:40.380001,COP,114.30883365537986,113.69779048167726,115.04716224396451,112.8440465452206,139505987
2022-12-12 18:49:40.380001,COP,110.52784918737892,110.75307972724194,112.30085595432773,109.05247582895541,92762566
2022-12-13 18:49:40.380001,COP,114.10011922683192,114.03145364989018,116.22884391863475,112.17170710693708,92545120
2022-12-14 18:49:40.380001,COP,115.12751055568798,114.47828061781495,116.01588076153175,114.79974204022614,140913227
2022-12-15 18:49:40.380001,COP,114.25760423770461,115.03089458694816,115.33951222672417,114.22196300909734,84108389
2022-12-16 18:49:40.380001,COP,112.86274804051139,111.86386109898405,114.27287735666407,110.92039975850751,106830957
2022-12-19 18:49:40.380001,COP,114.4211927521591,114.57813619335919,115.64459526455543,112.51052600088468,130853084
2022-12-20 18:49:40.380001,COP,112.79890935713108,112.79764720500603,114.10354338768951,111.1375738973183,57129034
2022-12-21 18:49:40.380001,COP,113.1688773502923,113.26321409497379,114.45222643273861,112.61081031834513,65716537
2022-12-22 18:49:40.380001,COP,109.17760000043413,109.72639754327984,109.38995630680392,109.04826431036973,78629809
2022-12-23 18:49:40.380001,COP,110.47838849000158,111.24233548447464,110.51208175309195,109.46192799955,80212169
2022-12-26 18:49:40.380001,COP,112.77630444415958,113.87256673432046,114.78664557578806,111.83744720730317,136102343
2022-12-27 18:49:40.380001,COP,109.16363144414817,109.73003817567205,110.79452826923688,107.54595825708489,125080705
2022-12-28 18:49:40.380001,COP,106.10343243472785,106.83959259390444,106.24482791090998,105.2064722347414,183766388
2022-12-29 18:49:40.380001,COP,106.55933119626783,106.22161475228584,106.81708862003535,104.82675891115242,181972080
2022-12-30 18:49:40.380001,COP,106.25591435136721,106.50085766563488,107.12146129077024,104.97551934124814,123119230
2023-01-02 18:49:40.380001,COP,101.8628067515814,102.67622317619218,102.06191718042314,100.19644192441363,147956506
2023-01-03 18:49:40.380001,COP,101.7152432225332,100.82973717665742,103.32792730019837,100.33868111313029,56039737
2023-01-04 18:49:40.380001,COP,101.76488353460616,101.14675711776069,103.73441959374148,99.78251326339783,128720163
2023-01-05 18:49:40.380001,COP,101.75360204998417,102.58134686519857,101.78947324346294,100.45948372918947,189125259
2023-01-06 18:49:40.380001,COP,98.1712650549832,97.71719951289143,99.16613434029847,96.49237486616012,190619865
2023-01-09 18:49:40.380001,COP,96.78557855868164,97.59125280532592,97.27644008317347,94.93506305492988,132725646
2023-01-10 18:49:40.380001,COP,98.76322955318682,97.83211550037123,99.44501143175701,97.4107344849094,112556787
2023-01-11 18:49:40.380001,COP,98.2723262567783,99.08884088919565,99.12496119598215,97.22469360540272,193042382
2023-01-12 18:49:40.380001,COP,98.42913732774103,97.98382559871287,99.98712583095644,97.4474594677829,122774297
2023-01-13 18:49:40.380001,COP,97.75867994401722,97.34510443024517,97.76895209608573,96.18177406653967,192188409
2023-01-16 18:49:40.380001,COP,96.86845173139037,97.69539822278892,98.65186766433575,95.92094953188976,149367132
2023-01-17 18:49:40.380001,COP,97.56141570572787,97.77943662204996,97.9388892231626,97.16736338519172,116914356
2023-01-18 18:49:40.380001,COP,98.39846638394607,99.24896004658395,99.34043596464481,97.27962400443302,71482305
2023-01-19 18:49:40.380001,COP,99.66383826970238,99.07384445697329,101.18085712627557,98.29770644609157,135072022
2023-01-20 18:49:40.380001,COP,99.76779344964717,100.20242422257725,100.59633453522028,99.20230777420284,66139760
2023-01-23 18:49:40.380001,COP,98.57938441915272,99.37679378172957,100.11608244199536,97.06696966896219,171774592
2023-01-24 18:49:40.380001,COP,101.13898727759117,102.07369372015138,101.17929841400797,99.63298564696028,176872557
2023-01-25 18:49:40.380001,COP,97.96913010420467,98.51435248619309,98.92588342429414,97.72579212046442,199601445
2023-01-26 18:49:40.380001,COP,98.82264138976609,98.86346845352206,99.91671480262237,97.32947365177606,111657897
2023-01-27 18:49:40.380001,COP,99.99103181686951,99.99300944347505,101.9637048308392,98.77593568560388,105229285
2023-01-30 18:49:40.380001,COP,98.6209052969415,98.42368354664409,98.73097398176384,96.98901722142153,67413665
2023-01-31 18:49:40.380001,COP,99.16948220315217,99.2060255529394,100.66356404292296,97.38865840780649,101289447
2023-02-01 18:49:40.380001,COP,98.34921117372782,98.33613773578152,99.36014825601909,96.532898744667,138836208
2023-02-02 18:49:40.380001,COP,98.50281298696534,98.75487818238201,99.66827085650294,97.6435002629414,120551495
2023-02-03 18:49:40.380001,COP,100.33396536330987,99.41806872432956,100.58835959849806,98.40602826527197,83316025
2023-02-06 18:49:40.380001,COP,102.83572419558541,103.33566865955059,103.67780587090196,101.77742677313867,165445429
2023-02-07 18:49:40.380001,COP,103.35309977456058,103.89487394931622,104.2617660022135,103.1300560960338,163290543
2023-02-08 18:49:40.380001,COP,101.06443975902458,101.06826188920655,101.12186661365816,100.34515868819034,182371540
2023-02-09 18:49:40.380001,COP,103.45987842803343,104.34249715713605,103.6647351821931,102.67356943773764,99503847
2023-02-10 18:49:40.380001,COP,104.32070407902609,105.2432396628297,105.84691693735233,102.9995976835854,184106604
2023-02-13 18:49:40.380001,COP,107.4945569726758,108.1839536806016,108.79665873754386,106.71201737791925,191593684
2023-02-14 18:49:40.380001,COP,108.74134196441807,107.88495897555701,110.86980597116231,107.02526460780393,97446325
2023-02-15 18:49:40.380001,COP,104.68386531269392,105.70200376940429,104.95904870994124,104.57248498443836,159408198
2023-02-16 18:49:40.380001,COP,101.63330558284486,101.18671624501116,102.09374881511845,101.05983315232277,159904492
2023-02-17 18:49:40.380001,COP,96.98855103679202,96.82660840616563,98.05173369096445,96.67976289689517,89662483
2023-02-20 18:49:40.380001,COP,96.04856302510271,96.36330678404417,97.55580722853225,94.3128166702553,102462927
2023-02-21 18:49:40.380001,COP,102.43901069196225,102.77176847278498,103.40065872997116,100.94330696071786,106054831
2023-02-22 18:49:40.380001,COP,101.611824448399,101.92617723641943,102.21008760973548,100.23736878205862,53071875
2023-02-23 18:49:40.380001,COP,102.20679659351093,102.34839847838275,102.74774698055107,101.71373235100104,56260697
2023-02-24 18:49:40.380001,COP,100.05159042998832,100.65327867314305,100.67504659629147,98.51696868196728,74927026
2023-02-27 18:49:40.380001,COP,96.25628273263199,95.31446705102225,97.9126100978659,95.62248376249124,61906707
2023-02-28 18:49:40.380001,COP,96.16336395100076,96.01851486757688,97.0603028352142,95.88738384334448,123547584
2023-03-01 18:49:40.380001,COP,93.75291156370217,94.54885442381318,95.39535400251339,92.07811230738504,150115832
2023-03-02 18:49:40.380001,COP,96.20375650781182,95.79413257092862,96.36566723243338,96.00504820316176,102167018
2023-03-03 18:49:40.380001,COP,97.23043061291683,97.2646198337044,98.4600416232708,96.27986269562258,176241858
2023-03-06 18:49:40.380001,COP,103.38195610023415,102.51210588977271,103.7159346603343,102.13463076702794,89022577
2023-03-07 18:49:40.380001,COP,100.28683088294616,100.09794788312165,101.05708510321706,98.97625771295897,189789791
2023-03-08 18:49:40.380001,COP,101.46270082582406,100.55883109900572,103.23359362687492,100.6191103332169,169716105
2023-03-09 18:49:40.380001,COP,99.22826967714693,99.41349709387327,100.91725427190804,98.64708447211943,151336560
2023-03-10 18:49:40.380001,COP,94.82292019465766,94.50334496638051,95.01086956175254,94.26806035602515,195050996
2023-03-13 18:49:40.380001,COP,99.5781596252064,99.9535280944391,100.40850640334976,97.92412609033006,77436409
2023-03-14 18:49:40.380001,COP,106.27254752074516,107.2451451688153,107.97734591775347,104.33132216117383,142945804
2023-03-15 18:49:40.380001,COP,104.71840609385225,105.53312852334261,106.0217140747183,104.50926065981594,117810853
2023-03-16 18:49:40.380001,COP,106.54086662541134,106.29261718841691,108.04189853916685,104.9021225114859,92656329
2023-03-17 18:49:40.380001,COP,106.00744460008873,105.23596738335321,107.1115412250837,105.18151695444973,54503684
2023-03-20 18:49:40.380001,COP,110.48630716141724,109.77368568860214,111.36092752768882,109.26372101468769,85444214
2023-03-21 18:49:40.380001,COP,103.86088165967004,103.31570919906356,104.08689899083062,102.67065057204553,169904437
2023-03-22 18:49:40.380001,COP,103.8277608601604,104.27685650684764,103.91374491366679,102.95713369101776,115658556
2023-03-23 18:49:40.380001,COP,108.04925230411415,107.27054680305403,109.99823326100238,106.75799031647985,142773256
2023-03-24 18:49:40.380001,COP,103.85655423694136,103.21731935002865,105.9092996040225,101.79649431858526,68336866
2023-03-27 18:49:40.380001,COP,106.14615614894242,106.30198117906264,107.34289439912469,104.40405470212569,74428884
2023-03-28 18:49:40.380001,COP,109.18184947679333,109.96614543779111,109.87282332478884,109.13336258862167,59759641
2023-03-29 18:49:40.380001,COP,116.47758515378044,116.94641800789684,118.06481505636933,115.07093949073806,151379493
2023-03-30 18:49:40.380001,COP,118.93339049115374,119.27679743075561,120.4027564950814,117.80929200473115,97482890
2023-03-31 18:49:40.380001,COP,112.54035869327642,113.00847788124639,113.02098206255803,110.71284813664997,166262456
2023-04-03 18:49:40.380001,COP,114.31556368350233,114.19153900851163,115.9847643040174,113.25861672000032,63293031
2023-04-04 18:49:40.380001,COP,114.80608062157111,114.55466161298322,115.01451083283337,112.64066196967983,106069853
2023-04-05 18:49:40.380001,COP,107.85673069207417,106.98119912838952,108.13893556061669,107.84296520190263,70436049
2023-04-06 18:49:40.380001,COP,103.21119875002876,102.60131905534261,103.40741479914371,101.34889215064378,181991693
2023-04-07 18:49:40.380001,COP,102.24161709687152,102.11032564324411,104.16435530668805,100.34510766207565,143296882
2023-04-10 18:49:40.380001,COP,100.78032850575939,100.82295530195394,102.3347737864577,100.24824170947306,186124069
2023-04-11 18:49:40.380001,COP,97.30764925298314,96.60145362918654,98.59204876190869,97.18645931224573,103783511
2023-04-12 18:49:40.380001,COP,101.1257600956478,101.60097360574493,101.56047417254103,99.79262290329287,140627581
2023-04-13 18:49:40.380001,COP,98.89748010350411,99.87782886607951,100.49535539126735,98.57106233589401,111561087
2023-04-14 18:49:40.380001,COP,98.9931673839627,99.35340648894083,99.14507582121539,98.4598597145922,109759678
2023-04-17 18:49:40.380001,COP,97.67513732058524,97.32817474328846,98.805180166181,96.54421579054038,185229094
2023-04-18 18:49:40.380001,COP,96.5794080427136,96.94118455886809,97.52582411226933,96.42329175925748,163394788
2023-04-19 18:49:40.380001,COP,95.58705116566932,95.1633571444001,96.48788312784599,94.72585804238952,63861299
2023-04-20 18:49:40.380001,COP,90.09620574013856,89.23826085919478,91.52307292044128,88.42364797699088,172558311
2023-04-21 18:49:40.380001,COP,84.60144335365179,84.03236623834407,85.49380873731222,84.22288006446172,113294826
2023-04-24 18:49:40.380001,COP,86.95524765468585,86.96963593882387,88.37429800490824,86.25458296747534,99383265
2023-04-25 18:49:40.380001,COP,87.15411352078591,86.35242919325806,87.596095200522,85.81249565657373,189778318
2023-04-26 18:49:40.380001,COP,90.60185521122149,90.04842632470125,91.82747467499286,90.58859112407897,80905894
2023-04-27 18:49:40.380001,COP,88.96693949997795,89.62804091301119,89.33458178372807,87.80814727357387,138683108
2023-04-28 18:49:40.380001,COP,82.42065853495984,82.48378670095201,82.61764172416756,81.01710824008795,196723918
2023-05-01 18:49:40.380001,COP,84.79546075267287,84.72662669693075,84.91282534665984,83.9860244202916,150604593
2023-05-02 18:49:40.380001,COP,85.05210902882853,85.59099675615168,86.53589300755866,83.91967635888402,130151444
2023-05-03 18:49:40.380001,COP,94.22102852645115,94.49777792672987,94.34533372560439,93.44324784107332,107722113
2023-05-04 18:49:40.380001,COP,96.34903153123788,96.92420634100239,97.58160611233842,94.74634572963406,91273271
2023-05-05 18:49:40.380001,COP,101.08992110325609,101.2826470207534,102.02888462970189,99.71333187247424,154605440
2023-05-08 18:49:40.380001,COP,102.67443674405122,103.61200450439945,103.3411785228325,102.51905958993089,159108902
2023-05-09 18:49:40.380001,COP,97.5052035326007,98.20959464098095,97.61105903408254,96.98129179984532,124383475
2023-05-10 18:49:40.380001,COP,101.1003291810361,101.3465719237329,102.85145869045715,99.29167209499136,162924906
2023-05-11 18:49:40.380001,COP,100.1162031651139,99.12922491783046,101.11992334248609,99.63115858393556,131029755
2023-05-12 18:49:40.380001,COP,100.44292685846915,101.13631380325265,100.83224236041745,99.82711003532417,162816511
2023-05-15 18:49:40.380001,COP,102.8435312639626,102.35693166429833,104.2393603123912,100.9925711092056,161576223
2023-05-16 18:49:40.380001,COP,106.83077072380833,107.70659554294954,108.03156137799917,106.45976447879677,189282156
2023-05-17 18:49:40.380001,COP,107.1970790304237,107.23320331211448,109.30820167681743,105.4917281907966,142006165
2023-05-18 18:49:40.380001,COP,106.03111733196113,106.22563087047389,106.13130951075766,104.29800946155466,182451970
2023-05-19 18:49:40.380001,COP,108.15162520532552,107.7613517302853,108.90834164947448,106.05274286405151,155908932
2023-05-22 18:49:40.380001,COP,102.76912706433085,102.43493966004837,104.79758348970844,101.72212292031388,65703421
2023-05-23 18:49:40.380001,COP,99.39708342561296,98.69397184547867,99.49997816180746,98.09225507370968,55071753
2023-05-24 18:49:40.380001,COP,92.70883903341463,92.81704413395133,93.16404157923247,92.24787967217667,193345373
2023-05-25 18:49:40.380001,COP,93.41185844647941,92.71371925270975,94.47782791151108,92.59029377775109,96358017
2023-05-26 18:49:40.380001,COP,94.75810076957768,95.52422525619586,96.05204076602494,94.12239641083069,157475802
2023-05-29 18:49:40.380001,COP,94.72050210669649,93.81021025775607,95.1669178762165,93.92745182437089,115569403
2023-05-30 18:49:40.380001,COP,97.1133505371876,96.41796792655512,98.3297921842168,96.21111543237609,53211785
2023-05-31 18:49:40.380001,COP,97.62043370051653,97.07191761760775,98.50564197434997,96.20367455335114,83494051
2023-06-01 18:49:40.380001,COP,100.55740998840484,100.03000566924113,100.88898592746352,98.87031381811043,52099314
2023-06-02 18:49:40.380001,COP,101.19993122479599,101.0838701425389,101.34036249285943,100.13619926856526,128368581
2023-06-05 18:49:40.380001,COP,100.84095445455175,100.36535721061064,102.77092077743042,100.4650767993737,59817456
2023-06-06 18:49:40.380001,COP,100.87866870120173,101.45963918978505,102.01545030291689,100.67680534641698,108524015
2023-06-07 18:49:40.380001,COP,106.16939464027546,105.39751721717269,107.10384647594587,104.43376687644921,87133143
2023-06-08 18:49:40.380001,COP,103.95162174855595,103.89232853879295,104.21828199680414,102.02243645225214,86766577
2023-06-09 18:49:40.380001,COP,101.07567826915502,100.45660573624819,103.01818840172803,100.3968026272932,77417713
2023-06-12 18:49:40.380001,COP,100.46888320618534,100.80461026004467,100.66755455490873,99.06919075386266,70615054
2023-06-13 18:49:40.380001,COP,97.60503237231941,97.16987925373492,98.58014631882392,95.80868667409196,194629415
2023-06-14 18:49:40.380001,COP,96.34402505349765,95.53583871273372,97.66479698306604,94.74670334643066,185935687
2023-06-15 18:49:40.380001,COP,91.57729417130436,91.21021923671832,92.8396544920659,90.55309277887756,118629490
2023-06-16 18:49:40.380001,COP,93.63930481369069,94.03759858624677,94.008018790843,93.1961678772625,178522228
2023-06-19 18:49:40.380001,COP,91.2711980207037,91.02767136137987,92.2770202847725,90.54051061226286,147952113
2023-06-20 18:49:40.380001,COP,91.58599882173786,90.8899308761613,93.36643322688158,90.91860221166918,122055079
2023-06-21 18:49:40.380001,COP,92.54375939804335,92.49832835086268,94.00891497838208,91.85166105229374,191077932
2023-06-22 18:49:40.380001,COP,92.4327299718163,93.25538922776833,93.36782012054955,92.12385330267274,70940614
2023-06-23 18:49:40.380001,COP,87.16370638640711,87.23288853707716,87.90573534022417,87.12513195055209,70390395
2023-06-26 18:49:40.380001,COP,88.24691758286185,87.80404202933723,89.5207207422308,87.35686615910988,172850600
2023-06-27 18:49:40.380001,COP,86.35875280700559,86.04685438474212,86.97361702437782,85.5378261040262,134030202
2023-06-28 18:49:40.380001,COP,83.87267518481794,84.58403049886704,84.9522744343271,82.8148611040299,195728201
2023-06-29 18:49:40.380001,COP,83.97068706272947,84.44035258251878,84.99743405232621,83.36416684725266,53566859
2023-06-30 18:49:40.380001,COP,84.31716226775949,83.61614565264614,85.14151227875432,83.21277737235945,177809526
2023-07-03 18:49:40.380001,COP,81.58214534925307,82.10531336741337,82.03638600312385,81.18267359744218,84279541
2023-07-04 18:49:40.380001,COP,81.26959830712815,81.49079081409566,82.29335375099878,81.06580247729295,192145746
2023-07-05 18:49:40.380001,COP,84.24523638084543,83.61463742083168,84.68504950401028,83.63971759156126,90103731
2023-07-06 18:49:40.380001,COP,81.93145335971461,81.932687767647,82.56856726771836,81.63989670899095,66560773
2023-07-07 18:49:40.380001,COP,83.73555065010265,83.65374952404187,83.93810586544721,83.39547700272138,57523473
2023-07-10 18:49:40.380001,COP,81.85732039935361,82.52874480528311,82.24751753786974,81.66640358057091,65899127
2023-07-11 18:49:40.380001,COP,80.09953932909009,80.50798240164063,81.30825980033809,78.77109621698807,154867087
2023-07-12 18:49:40.380001,COP,80.59626958490827,81.31356254582181,81.74157334448336,79.79811784501935,95822237
2023-07-13 18:49:40.380001,COP,77.62584885306633,76.9550694832257,77.93748730260765,76.31497480238328,129691283
2023-07-14 18:49:40.380001,COP,74.76041670751931,74.09455492014015,75.37431619207264,74.68534788188917,185961035
2023-07-17 18:49:40.380001,COP,72.42501848442632,71.85863329461317,73.44949868239352,71.38389194973846,193222653
2023-07-18 18:49:40.380001,COP,70.60492526452614,70.35741162906398,71.17809550535868,69.836077451024,151815564
2023-07-19 18:49:40.380001,COP,72.09119575876511,71.54871857756154,72.63146834977334,70.74215088917632,125141261
2023-07-20 18:49:40.380001,COP,75.8924136637848,76.39320270916554,76.1665066200924,75.8584832685633,62443977
2023-07-21 18:49:40.380001,COP,74.03387400134795,74.52152527266499,75.21666967865762,72.571630359527,126457285
2023-07-24 18:49:40.380001,COP,77.09350819168532,77.15191939114342,78.44343299936328,76.84515600866764,138328402
2023-07-25 18:49:40.380001,COP,81.03554860419362,81.11204011359742,81.36012368503314,80.30524189265513,74610515
2023-07-26 18:49:40.380001,COP,82.86846461381838,83.45582493232482,83.90347031588773,81.39092626585571,185510523
2023-07-27 18:49:40.380001,COP,81.44718187227973,81.11127430100917,81.94903871922584,80.02929873599037,153502966
2023-07-28 18:49:40.380001,COP,81.14059459928203,80.49842920263642,81.56451294338943,80.87704210937906,171792399
2023-07-31 18:49:40.380001,COP,81.68670823092751,81.97243675432881,82.47390492533158,81.42874343826678,59063105
2023-08-01 18:49:40.380001,COP,84.43383803936732,84.92991474474604,85.10649683474017,83.81121923277594,105054337
2023-08-02 18:49:40.380001,COP,88.98665253076878,89.15377160882528,89.10595809250984,88.52721491890239,177097977
2023-08-03 18:49:40.380001,COP,90.70281176123922,91.43274126103483,91.059319157925,89.1875434689682,133962839
2023-08-04 18:49:40.380001,COP,94.60890915745722,94.26871331238483,94.77801922846632,92.93885588977271,60164344
2023-08-07 18:49:40.380001,COP,90.8779020864399,90.89198754456581,91.22784812446794,89.47380931489393,50233697
2023-08-08 18:49:40.380001,COP,91.47064669090521,91.84500086415925,92.84305184451861,91.33981071853977,105177240
2023-08-09 18:49:40.380001,COP,92.9851525622188,92.41484802822696,93.04577922663177,91.34225694318305,134314678
2023-08-10 18:49:40.380001,COP,88.7257452599917,88.78796844797307,88.8028013078057,87.24217996426908,101640273
2023-08-11 18:49:40.380001,COP,84.88827124186287,85.49498458561493,85.66968192574308,84.1205934461638,78551893
2023-08-14 18:49:40.380001,COP,87.80935369839156,87.60764456694254,88.43723530820616,87.01739934956548,176419407
2023-08-15 18:49:40.380001,COP,88.19185615153951,87.32496920927123,89.40411527983161,86.8745565498291,146670796
2023-08-16 18:49:40.380001,COP,95.47287796120429,95.89228171327267,96.5623865567702,94.92330887300288,96660694
2023-08-17 18:49:40.380001,COP,94.18373959940055,94.21631414263162,95.91105238811238,93.45134264657143,61941069
2023-08-18 18:49:40.380001,COP,97.22577229425093,98.1830451731777,98.95129335967434,96.28042416204559,191752728
2023-08-21 18:49:40.380001,COP,97.81865733971048,97.87891425136492,98.91625621928114,97.214006470807,71028555
2023-08-22 18:49:40.380001,COP,98.95412425186494,99.68831512474586,100.41942762979878,97.0494446065574,169460774
2023-08-23 18:49:40.380001,COP,98.77292348501555,98.12778599504037,98.92768294730713,98.1238086345942,176082462
2023-08-24 18:49:40.380001,COP,98.16034455733595,97.93342455450022,98.16585047617805,97.88515785949212,82722009
2023-08-25 18:49:40.380001,COP,100.78373194797494,100.35151996025404,102.09287885813261,99.8914902332052,176138891
2023-08-28 18:49:40.380001,COP,100.44885529107158,99.6632955086362,101.63223039834645,99.41825967350148,199595524
2023-08-29 18:49:40.380001,COP,102.71730687402207,102.11060678612074,103.89382917714816,101.30235263234452,112135038
2023-08-30 18:49:40.380001,COP,103.44595055991503,104.18526917512969,104.18761927129765,103.26177301962738,143735439
2023-08-31 18:49:40.380001,COP,99.12793925712164,99.56130013278269,100.80877299776714,98.14580656949647,63975809
2023-09-01 18:49:40.380001,COP,97.40115946490731,98.24883742739901,99.34127714442472,96.7077409368039,116806937
2023-09-04 18:49:40.380001,COP,93.91585339394871,94.34834459622289,95.75765012484625,92.19680233364323,106319624
2023-09-05 18:49:40.380001,COP,97.3090905458957,98.14915429270178,98.06760916290516,97.28819977676946,108168992
2023-09-06 18:49:40.380001,COP,100.98326361245165,100.29098055358695,102.77041047650381,99.3655333960601,130348640
2023-09-07 18:49:40.380001,COP,102.96512844449151,102.73944580711424,104.51675254800479,101.58673369285569,92342547
2023-09-08 18:49:40.380001,COP,101.08394585895061,101.68983721406502,101.40428274955396,99.66729727233518,189763778
2023-09-11 18:49:40.380001,COP,101.32805903718281,101.68101918563426,102.24950527534578,101.16426188472053,103390954
2023-09-12 18:49:40.380001,COP,103.50173417462554,103.3928784911737,105.11457313446809,101.56930314290621,160291359
2023-09-13 18:49:40.380001,COP,102.72909694557043,101.87121248663864,103.0689101829749,101.97012951455906,50882955
2023-09-14 18:49:40.380001,COP,101.11630050314706,100.64154917892422,102.29401059625555,101.00877792748676,163675190
2023-09-15 18:49:40.380001,COP,99.81095100726495,100.31862034069594,99.99228398850195,99.7827362824383,135946995
2023-09-18 18:49:40.380001,COP,99.93426994238278,100.69740795340651,101.51785202862561,98.7817541787904,196940642
2023-09-19 18:49:40.380001,COP,104.87600654818979,104.3302849902623,105.09910774500935,103.71667291597282,71424947
2023-09-20 18:49:40.380001,COP,106.91581001124715,107.59224945003257,108.58891007121719,106.72659270646196,164917632
2023-09-21 18:49:40.380001,COP,104.54294977320069,104.12363743509242,104.58876595821242,104.31942483392659,83609553
2023-09-22 18:49:40.380001,COP,108.88022088084689,107.90989527282358,109.02318272754077,107.65473131931219,171165743
2023-09-25 18:49:40.380001,COP,107.82206744122401,107.03628307588018,109.70937647005513,106.43295785728867,65194208
2023-09-26 18:49:40.380001,COP,103.55389492922289,102.54654482968539,105.05228131099597,101.6159114029874,63112715
2023-09-27 18:49:40.380001,COP,105.1599786533736,106.14106695480254,105.40343688870408,103.72948185566194,98173646
2023-09-28 18:49:40.380001,COP,105.9188800220287,106.38321489858532,107.93552356007778,104.56842593106339,167301238
2023-09-29 18:49:40.380001,COP,109.62869340931636,110.2162915044377,110.88714165264764,108.8166496957765,187223781
2023-10-02 18:49:40.380001,COP,107.86586748383534,108.82175306404392,109.5442231868935,105.80475342130883,109377206
2023-10-03 18:49:40.380001,COP,106.62168610503358,106.98712046408323,108.14305310538603,105.16622025746894,109659621
2023-10-04 18:49:40.380001,COP,110.78442221674533,111.84104373055067,111.98324128582694,109.26322635437992,112711362
2023-10-05 18:49:40.380001,COP,106.53166501408612,105.69564359279372,107.92467738750251,105.67965161322859,83379067
2023-10-06 18:49:40.380001,COP,104.56888484595298,104.66513000157623,104.98769999621558,103.44359858582466,191681268
2023-10-09 18:49:40.380001,COP,105.95304887887154,106.0023105438188,107.299409248653,104.54019441857372,110394298
2023-10-10 18:49:40.380001,COP,104.45872875288856,104.93942150494054,105.26502623866081,102.91093058139978,173909733
2023-10-11 18:49:40.380001,COP,105.90759435198088,106.6299037867679,107.49100237224829,104.1589431019508,179347390
2023-10-12 18:49:40.380001,COP,105.6367270952289,106.18514315096229,106.94343172617855,103.76406440296635,173952463
2023-10-13 18:49:40.380001,COP,104.62793205418635,104.429043390016,106.22125011619279,103.13338889461426,132872909
2023-10-16 18:49:40.380001,COP,103.46305788402887,104.28284117652659,104.96723545701009,102.73341551029846,148177656
2023-10-17 18:49:40.380001,COP,102.26674086275516,101.86459298918814,102.5089749381371,100.5112078850129,128924227
2023-10-18 18:49:40.380001,COP,103.16837374545644,103.76338198453944,104.74390582473886,101.12001178832769,102154037
2023-10-19 18:49:40.380001,COP,100.54341483035641,100.24983826808676,100.592137489631,100.14652955437221,137881471
2023-10-20 18:49:40.380001,COP,101.39908987240759,101.24093490031261,101.96742647199093,100.74351309389502,61143108
2023-10-23 18:49:40.380001,COP,98.98609177628397,99.67130867066219,99.83068202455507,97.36064683335994,173924329
2023-10-24 18:49:40.380001,COP,98.53330127065682,98.82308913147952,99.4518858256262,97.35752291384064,139520830
2023-10-25 18:49:40.380001,COP,100.94927886593092,100.39827689131569,101.4902782738319,99.25524199169826,51059176
2023-10-26 18:49:40.380001,COP,102.45766160450044,103.34614539888194,103.88363138141261,100.99712814455354,143527144
2023-10-27 18:49:40.380001,COP,104.2634212993007,103.94293005811156,104.56583486410258,102.95358192756962,163272448
2023-10-30 18:49:40.380001,COP,100.08072689776508,100.03788674751013,101.96109076068981,98.55431502981436,168493122
2023-10-31 18:49:40.380001,COP,99.66011914867869,99.36656439921572,100.14918996610054,97.78672920736089,66890087
2023-11-01 18:49:40.380001,COP,98.05182359268753,97.1287784185873,99.6623492889031,96.88876676852624,161557454
2023-11-02 18:49:40.380001,COP,94.56125437169875,94.24205223770761,96.35982558863203,93.61351526380282,87823341
2023-11-03 18:49:40.380001,COP,92.39952327159598,92.96511230033306,94.12265213990774,91.65829877857146,125069018
2023-11-06 18:49:40.380001,COP,90.29024847063899,89.89233711478388,90.67235427417022,88.85111612612698,140799461
2023-11-07 18:49:40.380001,COP,87.60404399286392,87.57043430343683,88.01023265196726,86.8040382741685,141249480
2023-11-08 18:49:40.380001,COP,86.32664230672265,85.9874250944882,87.26968133161203,85.85066055338471,165119529
2023-11-09 18:49:40.380001,COP,88.00390671793419,88.27813014411852,88.37243687668618,87.11111697430663,148740256
2023-11-10 18:49:40.380001,COP,89.88034995533506,89.26702398283078,91.38907226376054,88.11234271062146,101524262
2023-11-13 18:49:40.380001,COP,91.26280473408629,90.62823933090274,92.52247335363664,90.82201952768526,158844034
2023-11-14 18:49:40.380001,COP,90.46813686809706,90.30041893510281,91.65478297977768,89.40266312313467,131051519
2023-11-15 18:49:40.380001,COP,93.5750538829453,94.38657460420906,95.18325806949458,92.21970796994462,166102758
2023-11-16 18:49:40.380001,COP,91.83948842990476,92.0328656427368,93.1714302987637,91.13661346956714,144427267
2023-11-17 18:49:40.380001,COP,91.41334317761097,91.79257826222835,93.04631033166098,91.353824708714,97198553
2023-11-20 18:49:40.380001,COP,86.92443641132955,87.36110654134976,88.32692213428889,86.23868786500933,192569737
2023-11-21 18:49:40.380001,COP,86.96493043942455,86.87311222984795,87.258540251216,86.31019534231683,125158741
2023-11-22 18:49:40.380001,COP,82.07118318710705,82.05425411679293,83.26846795433296,80.48760614800065,176726434
2023-11-23 18:49:40.380001,COP,82.39424175194051,82.82181888960687,82.50974576754597,81.1876812557237,110675547
2023-11-24 18:49:40.380001,COP,83.12450770641948,82.8735588368477,83.27889673657135,81.57068920469877,186026210
2023-11-27 18:49:40.380001,COP,85.21594182646231,84.99688503079604,85.8981620000557,83.96732219581709,154553712
2023-11-28 18:49:40.380001,COP,82.88033443946259,83.06108333321009,83.65804737891209,81.57574660996131,129069473
2023-11-29 18:49:40.380001,COP,84.75056421360088,85.10286838770242,85.1081523688435,83.74174431477542,150930668
2023-11-30 18:49:40.380001,COP,85.99241734486432,86.06110874481827,86.49950617838057,85.11221832819595,80848678
2023-12-01 18:49:40.380001,COP,86.50517717090904,85.69156483387728,87.303344145814,85.98248339001772,62747239
2023-12-04 18:49:40.380001,COP,87.29162392747858,86.77832565687042,88.80070332896787,86.82462675791291,62068438
2023-12-05 18:49:40.380001,COP,89.77498669137123,90.16944050866621,90.67292470153242,89.74281338546588,83423579
2023-12-06 18:49:40.380001,COP,90.15712642657013,89.68755134620372,91.25312184979232,89.5958189165989,61497898
2023-12-07 18:49:40.380001,COP,89.91172601740578,90.68609171158117,91.54133623497115,88.25408975364934,92147170
2023-12-08 18:49:40.380001,COP,92.34541646835176,92.65212443495244,92.8929167645978,91.06184840251709,71115192
2023-12-11 18:49:40.380001,COP,92.96606467055716,92.197682440781,93.87353538110513,92.9185821890521,65652016
2023-12-12 18:49:40.380001,COP,94.69057984426318,94.1698645738254,96.06293863331109,94.68688608177574,75781201
2023-12-13 18:49:40.380001,COP,96.16269841014949,96.87465712303866,97.96137174601911,95.37779707121764,153322244
2023-12-14 18:49:40.380001,COP,97.61521241976192,98.44695706737744,97.93103216613557,97.49258068976684,175430253
2023-12-15 18:49:40.380001,COP,93.39897173121781,93.5685785597021,94.48056517569326,92.66523502069204,131164182
2023-12-18 18:49:40.380001,COP,93.56938034623644,93.07158412480752,93.93067115769296,91.77713122638323,124112035
2023-12-19 18:49:40.380001,COP,89.92741330387506,90.47614950973501,91.51624939224553,89.00899361818612,103931144
2023-12-20 18:49:40.380001,COP,88.66173685258582,89.43548237781702,89.94077072275238,88.0894789939088,127712391
2023-12-21 18:49:40.380001,COP,92.6098626658605,92.41044620380174,92.96505787081558,91.09746432998799,110383016
2023-12-22 18:49:40.380001,COP,94.28211961533704,94.55326520685539,94.84499768958308,93.73813172833181,52182679
2023-12-25 18:49:40.380001,COP,96.10024406361596,95.39778513219875,97.136866644481,94.39451071168564,97220150
2023-12-26 18:49:40.380001,COP,91.89217664803164,91.7789746575537,92.53824057994122,90.49215659257028,146501724
2023-12-27 18:49:40.380001,COP,95.46353527311317,94.77221697661527,96.31462074953251,95.19901865111565,95278798
2023-12-28 18:49:40.380001,COP,96.31764236176379,95.90998345588936,97.73369864401778,94.65399811924185,158188925
2023-12-29 18:49:40.380001,COP,97.7879496394272,97.41748832194946,99.50471128990645,96.43734838647883,99496303
2024-01-01 18:49:40.380001,COP,96.41137777000553,95.53108889357766,96.73838195592614,94.78031760624587,81782835
2024-01-02 18:49:40.380001,COP,98.37520162874897,98.22092246761477,98.73566447441807,97.22216119685162,77357665
2024-01-03 18:49:40.380001,COP,98.70851369609845,98.59554229165659,100.27653595968576,97.53999631746338,131932042
2024-01-04 18:49:40.380001,COP,98.5840347014673,98.64723528639688,100.28204429130723,97.48220703805676,50253284
2024-01-05 18:49:40.380001,COP,98.79834832954785,99.49723688242831,100.70388023910239,97.9695857546382,174704688
2024-01-08 18:49:40.380001,COP,99.19594399178875,98.76310670715738,101.13076744323223,97.66481161588165,105176442
2024-01-09 18:49:40.380001,COP,100.51341254592603,101.33900155395695,101.84066275919896,99.28360390240385,63648478
2024-01-10 18:49:40.380001,COP,97.45744469478026,97.94254671510718,98.35263049128002,97.23407843362719,159475369
2024-01-11 18:49:40.380001,COP,99.12878144909818,98.41518519610769,100.10049958102167,97.4787812502379,197892110
2024-01-12 18:49:40.380001,COP,101.39383658373342,101.67381314523246,102.444015637551,100.32697934606513,107340237
2024-01-15 18:49:40.380001,COP,98.28086804259011,97.45541601186237,98.55961755190381,97.69738653864391,151090005
2024-01-16 18:49:40.380001,COP,96.41858302543078,96.43064098894983,96.82096140747363,94.6727171162421,132688315
2024-01-17 18:49:40.380001,COP,101.97106661671506,102.18307155479418,102.02894279624053,101.9164835768392,66641666
2024-01-18 18:49:40.380001,COP,97.6644152358773,97.78223541807776,99.44790812068283,96.26748048630604,68389334
2024-01-19 18:49:40.380001,COP,99.54380411034195,98.75554246538681,101.23486148425224,98.77283206439759,198910645
2024-01-22 18:49:40.380001,COP,102.13461095127285,101.26814756701728,102.793247601604,101.55623490240743,112803916
2024-01-23 18:49:40.380001,COP,101.82351524280867,101.24722914175719,102.57442134221087,100.50803125464414,191267345
2024-01-24 18:49:40.380001,COP,100.26750488465183,99.78231760033972,101.50811690418426,99.80493968965462,73330130
2024-01-25 18:49:40.380001,COP,99.3630454015788,99.25584936826812,100.14126960984913,97.6618380977924,123518862
2024-01-26 18:49:40.380001,COP,99.583245715783,100.45491203051431,100.36395811166739,98.54176901061432,150155917
2024-01-29 18:49:40.380001,COP,101.83202590853308,102.31461995990489,102.28607382466205,101.5703590646798,173581842
2024-01-30 18:49:40.380001,COP,101.38399287707676,102.28764624601259,101.79781183639284,101.23328272551242,161354334
2024-01-31 18:49:40.380001,COP,101.02679729785928,101.48541506603202,102.21388694893716,100.60340113338663,95035483
2024-02-01 18:49:40.380001,COP,102.19324557304583,102.09383360198316,102.77322126774642,101.94668611402783,168158913
2024-02-02 18:49:40.380001,COP,103.62811470414542,103.35716738144575,104.78939270752986,101.66278436120369,193179960
2024-02-05 18:49:40.380001,COP,106.59363644890053,105.97790987055649,106.79805557972146,106.30401337375687,162624774
2024-02-06 18:49:40.380001,COP,103.61814731716761,104.60171560579106,103.91457105070491,101.72080338603148,95396432
2024-02-07 18:49:40.380001,COP,106.03705569985956,105.95259400404441,106.50001292956547,105.34930382956466,77676962
2024-02-08 18:49:40.380001,COP,103.25220998513183,103.46992541584203,104.7381127937334,102.70779080302586,113707222
2024-02-09 18:49:40.380001,COP,105.61044534101198,106.34841210071495,105.63015209028451,104.43045602078251,192928678
2024-02-12 18:49:40.380001,COP,106.03357471821502,105.68717978502957,106.70694368720842,105.83172103154969,78392004
2024-02-13 18:49:40.380001,COP,107.60907291693904,106.80053358015897,108.91354001352416,105.63474254983589,161130408
2024-02-14 18:49:40.380001,COP,106.06916656011639,107.02057881589838,107.00256192383947,104.40701198770164,176962489
2024-02-15 18:49:40.380001,COP,103.2317341557598,102.3323651948522,104.09815117014416,103.1036185866446,63358461
2024-02-16 18:49:40.380001,COP,104.61778163392769,104.206545110368,106.45077117788871,104.18617230495806,164782487
2024-02-19 18:49:40.380001,COP,104.4465156778855,104.5019610709208,105.74138021814309,104.062428152899,64471437
2024-02-20 18:49:40.380001,COP,104.848813552949,104.30716722413393,106.85562279392164,104.3624988922203,77301178
2024-02-21 18:49:40.380001,COP,106.33128088222314,106.1637759759266,108.13255350150067,104.67707140799479,176753964
2024-02-22 18:49:40.380001,COP,106.53210888484003,106.96362764419213,108.32871213628762,105.49292387666536,172153580
2024-02-23 18:49:40.380001,COP,103.40848265638601,103.01782175061285,104.29758781404124,103.17183661461779,146884510
2024-02-26 18:49:40.380001,COP,103.46505526879876,102.74331907022093,104.23757729629838,101.75740824730667,51248199
2024-02-27 18:49:40.380001,COP,102.73377741464797,102.99257872125828,103.86577858987515,102.18213251702015,185479777
2024-02-28 18:49:40.380001,COP,100.26910161500818,100.98069350904751,100.85840428200072,99.05411996444474,81211583
2024-02-29 18:49:40.380001,COP,101.16734615923295,101.89658704205284,102.82928013562622,99.69486182474294,94654693
2024-03-01 18:49:40.380001,COP,100.91806680247679,101.10892272222823,101.22933535595898,100.38747457953791,58884760
2024-03-04 18:49:40.380001,COP,102.78628971107868,103.32079680448832,103.37934032738586,101.55250992385024,95589397
2024-03-05 18:49:40.380001,COP,102.75244084718561,102.6637709423375,104.66769206540748,101.12376134694833,56821606
2024-03-06 18:49:40.380001,COP,102.87456418177047,103.5939374172549,103.8805595075683,102.59939834304545,163105946
2024-03-07 18:49:40.380001,COP,102.72892856125054,103.16130005794406,104.25030733917713,102.327106375006,199261179
2024-03-08 18:49:40.380001,COP,100.24232140516213,100.21875435458982,101.31588565819324,99.54346564699098,69571277
2024-03-11 18:49:40.380001,COP,101.81490882496828,102.20452478710081,101.9807918317071,100.4971923349535,89136597
2024-03-12 18:49:40.380001,COP,103.71226347117602,103.7765630934763,105.29960881656909,103.12576811309904,82178248
2024-03-13 18:49:40.380001,COP,102.69889067045779,102.21137953686805,103.1714307856094,102.33441783003137,81121860
2024-03-14 18:49:40.380001,COP,102.56019691309231,103.44423789129021,102.68947511533871,102.50542299252885,146540990
2024-03-15 18:49:40.380001,COP,105.2453129074134,104.69489034145319,106.65461140621113,104.09097346967225,162294396
2024-03-18 18:49:40.380001,COP,104.7529280162495,103.71912793307546,106.65297771615535,103.87383603738871,51657740
2024-03-19 18:49:40.380001,COP,105.15391078771492,105.54348823191401,106.48365651427311,104.59079762443983,121099162
2024-03-20 18:49:40.380001,COP,104.39565093288275,103.96727980802348,104.83530833018081,103.89604816924363,96346435
2024-03-21 18:49:40.380001,COP,103.47491129092244,104.1016974087564,104.16464847984706,102.98669215264859,69544235
2024-03-22 18:49:40.380001,COP,104.4450910810123,104.30617804094494,104.9165909576675,103.64774373909208,192216737
2024-03-25 18:49:40.380001,COP,103.66215200858905,102.91394228510836,104.23419869601226,102.63733088940813,82336583
2024-03-26 18:49:40.380001,COP,104.4175627805221,103.51285241436392,105.53285281025494,103.22271717687653,152193032
2024-03-27 18:49:40.380001,COP,107.15474123009268,107.44551341066803,108.41169286547012,106.58344267918399,185242147
2024-03-28 18:49:40.380001,COP,103.50153282457016,103.12906821193198,104.00768648692502,102.70966101390275,160762794
2024-03-29 18:49:40.380001,COP,105.41628530917502,105.0056329934975,106.95609398394566,105.19097236094758,141636693
2024-04-01 18:49:40.380001,COP,108.76833818752034,109.81605175304533,109.76640408110303,107.354038476655,158695216
2024-04-02 18:49:40.380001,COP,106.42091465298232,106.53354605772977,107.49471537024664,105.60180449076259,68801901
2024-04-03 18:49:40.380001,COP,108.44047652733425,108.4280953245865,109.90909156981373,107.3556716101164,148247507
2024-04-04 18:49:40.380001,COP,107.02823976294572,107.33531843445745,107.37514548362691,105.28304290509786,95779685
2024-04-05 18:49:40.380001,COP,107.19240166717209,108.25291500232458,109.25972005380315,106.40366147733374,148555298
2024-04-08 18:49:40.380001,COP,107.77648385195006,107.19980404296895,108.64197634416855,105.63650556100525,90077284
2024-04-09 18:49:40.380001,COP,104.55992184840282,105.58056820173933,106.48184915255119,102.77080036927514,180091443
2024-04-10 18:49:40.380001,COP,105.40278528667625,105.58559442791753,107.14582337557081,103.5864992491351,128534632
2024-04-11 18:49:40.380001,COP,104.28828103733555,103.61750699673865,105.94005583653923,103.99521514248023,105899328
2024-04-12 18:49:40.380001,COP,105.71512610471612,105.09168926065838,107.81554725726957,104.11524145100374,72681866
2024-04-15 18:49:40.380001,COP,107.4691319878186,106.73814119436413,109.39276159549871,105.72981315387275,120967572
2024-04-16 18:49:40.380001,COP,109.7181487825532,110.52130501643569,110.48362384775612,108.14279245557607,98070792
2024-04-17 18:49:40.380001,COP,111.19624126306383,110.18435198290686,112.53953067371647,110.03204481463395,105761974
2024-04-18 18:49:40.380001,COP,111.02884152726106,110.66423199328472,111.82222349229895,110.6439531511535,192313219
2024-04-19 18:49:40.380001,COP,111.98672440981984,112.77707120007257,113.8173241855484,111.334272278377,108634675
2024-04-22 18:49:40.380001,COP,113.85084124451623,113.4130583944438,114.9128457899788,113.72026021717608,74905529
2024-04-23 18:49:40.380001,COP,112.38107776542743,113.0916161698936,114.43539874790604,112.27869595389437,50077662
2024-04-24 18:49:40.380001,COP,109.10294977733928,109.13887629946942,109.34788532878216,107.21960392081859,135290085
2024-04-25 18:49:40.380001,COP,108.37547894625384,108.02714415996084,110.40240380448797,106.79466962142841,151555493
2024-04-26 18:49:40.380001,COP,107.65946395762613,108.6120905027402,109.53852856608029,107.28484717276248,78733687
2024-04-29 18:49:40.380001,COP,106.94425107800956,106.99910218541231,107.72899753301277,106.90335610523263,78542094
2024-04-30 18:49:40.380001,COP,106.11790969618461,105.91108330084937,107.8752999645687,105.20600584762394,175699897
2024-05-01 18:49:40.380001,COP,107.74743391001573,108.47313775980145,109.10798457931406,107.5337931703003,178750495
2024-05-02 18:49:40.380001,COP,107.77903436291685,108.02420247373608,108.34100601162251,106.42096343241138,106674571
2024-05-03 18:49:40.380001,COP,109.32954826174596,109.90757028617216,109.572970536395,107.99112180163034,103241892
2024-05-06 18:49:40.380001,COP,110.62091572290177,111.13020061936317,111.48727144111115,109.05330744080239,57478849
2024-05-07 18:49:40.380001,COP,112.5007909447902,112.52211156819767,113.95922203990283,111.10482392332909,114878482
2024-05-08 18:49:40.380001,COP,110.21026451773862,111.22963412232131,110.40416662843496,110.19725767244184,106474672
2024-05-09 18:49:40.380001,COP,111.30899431112036,110.62577424899052,111.47484712277941,110.2593966267768,87378932
2024-05-10 18:49:40.380001,COP,110.69895634532904,110.71364122060761,111.99459548704459,110.64865324637803,62139748
2024-05-13 18:49:40.380001,COP,112.48700715438201,112.9314129269869,113.98703323775243,110.88704572913927,68662053
2024-05-14 18:49:40.380001,COP,112.95677046963644,111.88400475728172,114.99465713303765,112.71496546738155,136819709
2024-05-15 18:49:40.380001,COP,112.4992137300209,111.51745562256538,112.94721499514661,110.63701807061933,69936129
2024-05-16 18:49:40.380001,COP,114.76318872698903,115.82080668566151,115.65770131760306,113.83804059035273,121763187
2024-05-17 18:49:40.380001,COP,113.5590851603032,114.50009313876961,115.76155139371737,111.68094083665498,160252026
2024-05-20 18:49:40.380001,COP,112.31500016317233,112.85018704179484,112.58402367292776,110.4481649350969,181217333
2024-05-21 18:49:40.380001,COP,110.6292129740747,110.46555304025166,111.78531652951344,109.56238988731893,79196717
2024-05-22 18:49:40.380001,COP,107.86316763476536,108.81919524615066,109.708481074666,105.93067953508634,162717794
2024-05-23 18:49:40.380001,COP,104.30367376866839,104.1791698431362,105.02926329396519,103.88638799014991,109808051
2024-05-24 18:49:40.380001,COP,105.70894077070356,104.82361495464967,106.37940593184548,103.92805139406178,169173313
2024-05-27 18:49:40.380001,COP,103.9437270483949,104.96293579923072,104.13260775487744,102.05808723863588,160828542
2024-05-28 18:49:40.380001,COP,101.94427367120696,102.74156581336025,103.07590612258998,100.28769726976286,147682207
2024-05-29 18:49:40.380001,COP,102.35209299319678,102.91008283982177,103.22457045488802,101.633144403503,132211827
2024-05-30 18:49:40.380001,COP,106.03490299750379,106.44072635224705,107.02092685971427,104.68287571694891,166482908
2024-05-31 18:49:40.380001,COP,103.69846074790046,103.58342879465576,105.54192665695899,103.15091454853511,60990101
2024-06-03 18:49:40.380001,COP,100.14247429602956,100.03218123188242,101.70583018423162,98.96940578709803,189194584
2024-06-04 18:49:40.380001,COP,104.88401122940734,104.56632369937715,106.73480039287985,103.19906541744524,73877756
2024-06-05 18:49:40.380001,COP,108.09038965819299,108.80315039364956,108.45563921204375,107.55102221284882,119703816
2024-06-06 18:49:40.380001,COP,113.10897775774067,112.45029396422694,113.24231546109132,112.45776420688203,189585342
2024-06-07 18:49:40.380001,COP,116.74592750075956,115.89770527290236,118.2147642842087,116.65108166948654,87843667
2024-06-10 18:49:40.380001,COP,118.728380475654,117.95376826597462,119.17709833097294,118.35922854886053,189558389
2024-06-11 18:49:40.380001,COP,118.11675031858752,117.83432551062235,119.13258920924424,116.35485898666738,150552725
2024-06-12 18:49:40.380001,COP,117.48759621096931,118.38816714426017,117.49134203623001,115.750317153658,196766075
2024-06-13 18:49:40.380001,COP,117.4722669334574,116.61547588816254,118.06519804901315,115.64552047450984,140635272
2024-06-14 18:49:40.380001,COP,119.12186802517188,118.49159993891378,120.51140714014358,117.21877633778297,183360241
2024-06-17 18:49:40.380001,COP,123.00867529516185,123.42924893787196,125.25626104838418,121.9865193429655,104819759
2024-06-18 18:49:40.380001,COP,126.3468601370668,127.03178214072176,126.4378580530096,124.72085618994277,53791607
2024-06-19 18:49:40.380001,COP,130.03196615039295,129.53976670410776,131.7164179820748,129.25932403533943,128349633
2024-06-20 18:49:40.380001,COP,131.6951489391328,130.66857599076948,133.31577744166867,131.64250910960047,128611368
2024-06-21 18:49:40.380001,COP,136.26232368216816,134.978272022185,136.2684884982075,136.25989468679396,52760308
2024-06-24 18:49:40.380001,COP,135.40231943973322,136.39560742313054,135.6755694825501,133.15370197847972,92156416
2024-06-25 18:49:40.380001,COP,128.09608607718073,127.629569599621,129.40478817859812,127.36350456658387,77770673
2024-06-26 18:49:40.380001,COP,129.6773765308978,129.6721275464655,130.13025150275197,128.88370373606904,53922706
2024-06-27 18:49:40.380001,COP,130.81092774378698,131.21469613785834,132.4378996799798,129.58698051285586,194733205
2024-06-28 18:49:40.380001,COP,132.35746405748824,131.43338623892564,133.89774475303656,132.21599292078093,198643354
2024-07-01 18:49:40.380001,COP,130.70932069282017,131.73498880765905,130.86470472484868,128.46131364117312,149372759
2024-07-02 18:49:40.380001,COP,133.61416379093225,134.26571424847674,135.40758595666497,133.4284530796316,64104882
2024-07-03 18:49:40.380001,COP,136.8997382423415,135.70707991176386,136.9809442127292,136.86210599930368,69783315
2024-07-04 18:49:40.380001,COP,137.35274839461843,138.14084772324935,139.5445679786027,134.64445583877827,99070689
2024-07-05 18:49:40.380001,COP,138.73706282573994,138.81248778417853,140.20880710170988,136.6671781747918,125005854
2024-07-08 18:49:40.380001,COP,132.95169206959622,133.26829324836916,135.0183808925987,132.31788078793016,132448921
2024-07-09 18:49:40.380001,COP,134.1387514686253,134.39942308000667,135.32095776602068,131.706458415213,157509937
2024-07-10 18:49:40.380001,COP,137.23981341700446,138.21838823359167,139.76225357289246,135.21547238306707,183602178
2024-07-11 18:49:40.380001,COP,131.0229464374331,132.016244692989,132.35404823137557,130.32498338542922,83811133
2024-07-12 18:49:40.380001,COP,128.54121728385786,128.19374280095954,129.73321267981137,126.31687383251982,185491954
2024-07-15 18:49:40.380001,COP,132.66097689970692,133.82164206432068,134.44699675092548,132.15339532463656,63733226
2024-07-16 18:49:40.380001,COP,132.33132536117,132.5149496553041,134.11133193802863,130.1193696017783,100131937
2024-07-17 18:49:40.380001,COP,134.5851752950775,135.3169983188067,135.8414626471131,134.44482160724684,186945487
2024-07-18 18:49:40.380001,COP,135.13839043941906,136.4885792036209,136.18439187290068,134.51984552579637,53774485
2024-07-19 18:49:40.380001,COP,133.73990839330088,134.97911549160617,134.75264209512997,131.97323431477375,144385482
2024-07-22 18:49:40.380001,COP,130.1862344223601,130.24686021401197,131.44879316729188,130.0465020268068,83802855
2024-07-23 18:49:40.380001,COP,130.0668672105264,130.6354620457451,132.27311676049413,129.87980657782788,168305216
2024-07-24 18:49:40.380001,COP,124.50712818678451,124.2969662293499,124.61425537382756,122.27256419444518,57095054
2024-07-25 18:49:40.380001,COP,123.94963090409162,123.39789565958823,125.21950738573031,123.54540753094578,88787547
2024-07-26 18:49:40.380001,COP,126.39699596947509,127.1270979146008,126.64320671719274,124.8791183387645,147245532
2024-07-29 18:49:40.380001,COP,122.54033658638221,121.43912217408031,123.07685144142194,121.4557630489223,184028868
2024-07-30 18:49:40.380001,COP,124.83010234474229,125.51401266348596,126.09001781982224,124.5990887655701,167739613
2024-07-31 18:49:40.380001,COP,123.42909023538836,124.62736465014359,125.22951466762834,121.51223334276688,58815583
2024-08-01 18:49:40.380001,COP,123.29584031598574,122.22682226575621,123.53821100024756,122.96566170655932,131094406
2024-08-02 18:49:40.380001,COP,123.89512675809861,124.32074266115262,124.53405702832772,122.24996554627278,166855255
2024-08-05 18:49:40.380001,COP,122.62697499440299,123.16710759844555,124.22544054206529,121.94048146675273,140156551
2024-08-06 18:49:40.380001,COP,126.32391654388762,126.37360182732107,128.29946369044177,124.80969505639551,73944323
2024-08-07 18:49:40.380001,COP,127.16746625562105,126.22836480261208,129.5032831788912,124.65673662799223,68168860
2024-08-08 18:49:40.380001,COP,127.00045160948629,127.74644365614895,129.30335006234318,126.57051710289198,68133557
2024-08-09 18:49:40.380001,COP,131.21054498035696,130.5466776276581,132.7239808682608,130.5453339076209,99479943
2024-08-12 18:49:40.380001,COP,130.14411632345957,130.44284947907929,130.34674325470723,127.651474126422,176868881
2024-08-13 18:49:40.380001,COP,129.79675472790106,129.79025525253869,131.3668102208302,129.18627392910733,140062264
2024-08-14 18:49:40.380001,COP,133.7779542987774,133.0622099094866,136.3668368939692,133.17790269349092,115533826
2024-08-15 18:49:40.380001,COP,133.8386190711642,134.86417744768733,136.45264504414394,133.48975132684663,124382018
2024-08-16 18:49:40.380001,COP,133.69107204853046,133.12472471476258,134.98887516734035,131.50475946417464,146941010
2024-08-19 18:49:40.380001,COP,128.66368653026143,129.09030566677566,128.68741283776507,127.15074887477469,59045096
2024-08-20 18:49:40.380001,COP,128.15583745739468,127.25172606463084,130.59162958459865,125.69836662623436,59855535
2024-08-21 18:49:40.380001,COP,132.0610375202479,133.32489448238445,134.27478523571844,130.16211780708173,52855288
2024-08-22 18:49:40.380001,COP,129.66000370746792,130.03684577595658,131.2330487673944,128.38614522153222,75946018
2024-08-23 18:49:40.380001,COP,126.4879523301446,127.55329167023393,126.92407047113936,124.26003077775391,159678169
2024-08-26 18:49:40.380001,COP,120.70878718816333,120.3743369521026,121.36031146431566,119.06321100703936,107566991
2024-08-27 18:49:40.380001,COP,126.00525183918022,125.73695632954369,127.92579514294155,125.04765281847149,77504562
2024-08-28 18:49:40.380001,COP,128.2465047003694,129.46556631391368,129.97934662264484,126.94689223308204,61518364
2024-08-29 18:49:40.380001,COP,130.84780211024585,131.33092489634345,133.2219052623228,129.185783134071,129186863
2024-08-30 18:49:40.380001,COP,132.24681683544588,132.6235516571095,132.73894315450562,131.49269651364025,160501891
2024-09-02 18:49:40.380001,COP,128.17200719793487,127.81614154481365,130.46397061685568,128.09155939922638,159285186
2024-09-03 18:49:40.380001,COP,126.44254485711869,127.05929893309991,128.4972285546347,124.0518425718044,172428041
2024-09-04 18:49:40.380001,COP,124.9046688477285,125.31128093522476,125.47749297878055,122.9099283800892,193182277
2024-09-05 18:49:40.380001,COP,126.09669968773429,126.03615506084154,128.20714901362092,124.08459832176635,156405543
2024-09-06 18:49:40.380001,COP,126.39400315441767,127.30664356979007,128.29358317905005,124.07437775849621,64258313
2024-09-09 18:49:40.380001,COP,123.4404791279787,124.10946807765708,124.27318403777149,122.49736078035484,117180618
2024-09-10 18:49:40.380001,COP,124.57877863700897,124.8017061649822,125.54800234777885,122.58878505969118,198435415
2024-09-11 18:49:40.380001,COP,118.5366945485087,117.74580883792851,118.58837247279673,116.24667060323374,179225626
2024-09-12 18:49:40.380001,COP,120.4827991685949,119.80471052308889,121.44972106649827,120.35267521661031,92396698
2024-09-13 18:49:40.380001,COP,118.92928577649825,119.03547021856768,120.56656015085441,117.35438993542515,62164380
2024-09-16 18:49:40.380001,COP,123.28671763863355,123.9314050403913,124.01491156376271,122.96250483329933,154550073
2024-09-17 18:49:40.380001,COP,123.78023112108103,122.94635860815545,123.80634693962561,121.77264060645638,183120918
2024-09-18 18:49:40.380001,COP,124.17837216039689,123.60758997332002,125.27591734459385,123.62053886336126,149638773
2024-09-19 18:49:40.380001,COP,123.47619910322669,123.40081862379243,125.79627203996232,122.02840262779647,176458620
2024-09-20 18:49:40.380001,COP,117.17051325070052,116.349721153545,117.8920996880827,116.3491063219794,191929484
2024-09-23 18:49:40.380001,COP,113.70503948815835,112.95588606468317,115.27282872754634,111.77359412690058,130587135
2024-09-24 18:49:40.380001,COP,116.75422330283703,117.75491132651598,117.97019962053756,116.3727816239685,137942855
2024-09-25 18:49:40.380001,COP,117.27819179486697,118.23916786887828,119.31356571888531,115.81379265931538,91407552
2024-09-26 18:49:40.380001,COP,125.72600859364198,124.68206078354743,127.91577895466547,124.53786697306778,64037536
2024-09-27 18:49:40.380001,COP,126.17130231168464,127.09830528144151,127.18946743811075,123.85998966545031,173853975
2024-09-30 18:49:40.380001,COP,122.35984378834715,122.03091721732326,122.67200486160871,120.26044510148095,124703829
2024-10-01 18:49:40.380001,COP,115.16927782508944,114.2383749130493,116.49873418019993,113.95581077327365,61513963
2024-10-02 18:49:40.380001,COP,116.20158764110809,115.5896181012892,118.23774710232861,114.02648090029659,50379079
2024-10-03 18:49:40.380001,COP,114.59803018134652,115.15008613795881,114.66290712677511,114.1920216193405,54794820
2024-10-04 18:49:40.380001,COP,115.39106219914733,114.69298306001006,115.7834008621823,114.87259311462425,98918355
2024-10-07 18:49:40.380001,COP,124.53482738441174,123.72527379097129,125.20552164953531,123.3691816288447,165711373
2024-10-08 18:49:40.380001,COP,122.02434658629073,123.01227614404789,124.19876177749472,121.58430780344816,89743510
2024-10-09 18:49:40.380001,COP,124.23646660830302,123.59302665009551,125.57092128694123,123.67753023632963,196533302
2024-10-10 18:49:40.380001,COP,125.19618040937137,126.44222043241344,126.02777970471146,122.91014784195286,138458730
2024-10-11 18:49:40.380001,COP,130.47660343491356,130.56832195564138,131.99398675116356,128.3511305750346,160680600
2024-10-14 18:49:40.380001,COP,132.32845199788846,131.1017339251613,134.57754799576537,130.68188979461726,141099567
2024-10-15 18:49:40.380001,COP,137.83608051445066,138.13826661297037,139.05063196774412,135.99909625061008,125164560
2024-10-16 18:49:40.380001,COP,139.72520179639463,141.1062939027172,140.88054475455394,137.22851665340545,181200837
2024-10-17 18:49:40.380001,COP,142.30769380119875,142.26037494138757,143.55753835743295,142.11496846936075,86901966
2024-10-18 18:49:40.380001,COP,138.92098861393072,139.26124949251368,139.60066745657113,136.72308994569886,198163300
2024-10-21 18:49:40.380001,COP,135.4980648874892,136.66555972190017,135.66089272740632,133.87753250652062,168573113
2024-10-22 18:49:40.380001,COP,132.7828812569634,132.50439492999124,133.1105850346655,131.08877936264676,81606073
2024-10-23 18:49:40.380001,COP,128.5700259357115,129.7539791520162,130.34248597442132,126.49782918909057,199787431
2024-10-24 18:49:40.380001,COP,131.82253545937914,130.67194667922536,133.64471342415024,129.94808403084167,62314094
2024-10-25 18:49:40.380001,COP,135.234412896434,134.33303766845478,137.3079330531407,133.54369707741444,70389560
2024-10-28 18:49:40.380001,COP,138.59347908990424,137.40439352408865,140.33660049425535,136.4333973611453,151081142
2024-10-29 18:49:40.380001,COP,134.24941643764885,133.64555456889326,136.04672335828064,133.41757529801282,152147739
2024-10-30 18:49:40.380001,COP,134.8272256753484,134.31963147313866,137.02305175228423,134.48481028523636,98438102
2024-10-31 18:49:40.380001,COP,140.03804065897853,139.19640676752488,141.20803984786312,137.23956345525164,158391477
2024-11-01 18:49:40.380001,COP,134.5485532666838,134.8150623734645,136.5191854253411,133.22672024977325,160332165
2024-11-04 18:49:40.380001,COP,140.6357162194103,141.37113106283368,142.00992617050503,140.1222496977017,159076899
2024-11-05 18:49:40.380001,COP,139.2444887423318,138.04760168233443,139.68124617964602,138.40972599165096,82297822
2024-11-06 18:49:40.380001,COP,137.65878384353593,137.54116027569083,138.24001711561948,136.28406862377142,99634356
2024-11-07 18:49:40.380001,COP,141.93945768536634,143.31954975609287,143.55375698872714,141.3811187554422,186296440
2024-11-08 18:49:40.380001,COP,142.27181678510982,141.33659106880515,143.40181348410078,139.9746082519842,133035466
2024-11-11 18:49:40.380001,COP,142.42879602150094,141.72509592042417,144.11076456394426,142.22220954380933,131464175
2024-11-12 18:49:40.380001,COP,141.3853691645054,142.35941951621587,141.69223929522377,139.8340871649086,85333564
2024-11-13 18:49:40.380001,COP,142.9924787453119,141.87468730141265,145.62771738588958,140.301226338699,95188025
2024-11-14 18:49:40.380001,COP,143.04766941705952,144.36237343798393,144.80530211226989,142.97560295980998,56716108
2024-11-15 18:49:40.380001,COP,137.7503906572534,138.6413703906238,138.79138031073046,135.77407750718876,188388192
2024-11-18 18:49:40.380001,COP,135.2655690444446,136.40166268965007,137.97006481440312,134.26195300237228,181422587
2024-11-19 18:49:40.380001,COP,128.74201262510104,129.01695047864288,128.75177506415895,126.56337334872161,152549387
2024-11-20 18:49:40.380001,COP,127.68587296467196,126.68574077209682,129.17371968288114,127.05393645958682,80236798
2024-11-21 18:49:40.380001,COP,124.99149780552679,125.04460128926873,126.49542650320626,124.88942587608568,81187345
2024-11-22 18:49:40.380001,COP,127.48633867680469,127.19587865370173,129.36402367291586,125.91712617751749,101446340
2024-11-25 18:49:40.380001,COP,132.5247851711818,133.6650515131644,132.96443342494155,129.9581058823763,170340567
2024-11-26 18:49:40.380001,COP,134.57241615049548,135.11962645485215,136.55888617879498,134.20182157456998,126554930
2024-11-27 18:49:40.380001,COP,139.68668865932875,139.42661110227994,140.18291121094674,139.48952172719336,181562026
2024-11-28 18:49:40.380001,COP,138.02233281246765,137.19902102599647,140.1870169991513,136.27984406950074,121532579
2024-11-29 18:49:40.380001,COP,133.61589583756304,133.7817273715827,134.79507613275172,131.84250592082265,143237079
2024-12-02 18:49:40.380001,COP,131.32562233647786,132.04619433683143,133.43591700933104,129.8458637853399,74817105
2024-12-03 18:49:40.380001,COP,132.63044353746136,132.6143408120983,132.68912349859875,131.13322700408142,56176172
2024-12-04 18:49:40.380001,COP,135.23767579103384,133.9910312837575,136.09778288921567,133.7265283924108,62352201
2024-12-05 18:49:40.380001,COP,139.95735834372059,139.94371698413386,140.62417831539298,137.93444095960945,193260387
2024-12-06 18:49:40.380001,COP,142.37019888114312,141.26360999780715,143.9491573542712,139.57876207297747,198297004
2024-12-09 18:49:40.380001,COP,145.76210535924787,145.27858513569078,148.16539052874182,143.9443967141739,51867494
2024-12-10 18:49:40.380001,COP,149.91288363528435,151.13924938826793,150.07250810819087,149.3648526128636,123701019
2024-12-11 18:49:40.380001,COP,147.73585446583047,148.73216859825777,150.55206614306218,145.8844813452832,74956780
2024-12-12 18:49:40.380001,COP,146.4565354011553,145.2122258643341,146.82896636209173,145.3479926459579,77495720
2024-12-13 18:49:40.380001,COP,144.6466441442909,145.94741925708095,146.05000616611312,144.16681477896216,187062195
2024-12-16 18:49:40.380001,COP,150.30397149936118,151.1205735449502,152.87023405269562,148.16860861707607,182525161
2024-12-17 18:49:40.380001,COP,150.4813152314991,151.39049535517836,151.14328554323984,147.91630700012388,69010050
2024-12-18 18:49:40.380001,COP,150.39600538414948,150.85496777398677,153.02113696884405,147.4791947775949,154923877
2024-12-19 18:49:40.380001,COP,150.9930112351183,152.11984638642858,152.02563320907242,150.73031378281456,106690079
2024-12-20 18:49:40.380001,COP,149.81458627668943,150.2860854368048,151.05348171972952,148.09644661787817,64940652
2024-12-23 18:49:40.380001,COP,155.87733444452016,156.33547514173986,156.7822924236247,154.66296586886995,168426633
2024-12-24 18:49:40.380001,COP,152.0934424752291,153.40915957745176,154.75797243570173,151.62539313298032,77783399
2024-12-25 18:49:40.380001,COP,151.49656090676362,152.3496550291627,152.63382880288748,150.1547066033168,98956335
2024-12-26 18:49:40.380001,COP,157.57592317814664,156.65679143881138,159.1650063316634,154.92047660240047,81790285
2024-12-27 18:49:40.380001,COP,148.45910132291962,147.1409538131032,150.54585329134184,147.2378285134872,109126709
2024-12-30 18:49:40.380001,COP,151.7071335104948,152.36711804193806,152.89472055385266,149.58290756063062,100780570
2024-12-31 18:49:40.380001,COP,158.57132655821096,160.1550788360583,159.8305697620551,158.17440665082628,193873747
2025-01-01 18:49:40.380001,COP,155.20730872672246,155.8098704131384,155.91048234909417,152.4715162454023,59416931
2025-01-02 18:49:40.380001,COP,159.0744114926592,159.39879599783987,159.46102323677937,158.29747476053527,89895616
2025-01-03 18:49:40.380001,COP,160.4343554212147,158.8376169032468,162.36108592800417,160.41749178419326,93490882
2025-01-06 18:49:40.380001,COP,165.16396545770206,166.03947195943505,166.84107048213914,161.95879982022305,88526884
2025-01-07 18:49:40.380001,COP,167.642355843514,166.46851522172793,169.11519052539325,167.41990132530933,116421534
2025-01-08 18:49:40.380001,COP,166.42183108061909,166.258229816651,166.72607821142793,163.20645146838237,61649149
2025-01-09 18:49:40.380001,COP,157.09333581718533,155.55935528562662,158.35804556213608,153.98991285256633,84558186
2025-01-10 18:49:40.380001,COP,162.3106066838181,162.07461030372386,165.4473246498617,160.79386516813997,63627697
2025-01-13 18:49:40.380001,COP,170.82954715779863,171.14815281971863,171.98086686958354,168.0700470726702,137862977
2025-01-14 18:49:40.380001,COP,163.7114673183676,163.78194999559182,166.010067384613,162.5740898697394,99066124
2025-01-15 18:49:40.380001,COP,160.07728097056346,159.1383664336909,160.36566718396227,159.8250623218255,160257694
2025-01-16 18:49:40.380001,COP,150.1979913908224,150.92177642396803,151.78772356004717,149.60071914864557,141692424
2025-01-17 18:49:40.380001,COP,155.19895671969587,153.9183247647325,156.80904143218532,152.81810055886447,198816251
2025-01-20 18:49:40.380001,COP,148.72119557364536,147.7079605000377,150.55236178233608,148.38084451418734,90097536
2025-01-21 18:49:40.380001,COP,140.19807743448916,140.3333337286064,140.8683874102542,139.62317863536524,84298904
2025-01-22 18:49:40.380001,COP,133.73030211312619,134.09522515023193,135.4915533876872,132.13926876440507,147502343
2025-01-23 18:49:40.380001,COP,131.0228197736423,132.2617482356305,131.0987961142026,129.47297991953798,124034695
2025-01-24 18:49:40.380001,COP,131.3430187228206,131.3910377822466,132.7013637138607,130.773556078044,112993603
2025-01-27 18:49:40.380001,COP,132.81683784729958,131.52923479913193,135.01689276578531,131.11690102828211,169052626
2025-01-28 18:49:40.380001,COP,134.49567222429286,135.5100470180341,135.13236900865832,134.08885548722677,182007440
2025-01-29 18:49:40.380001,COP,134.57997510182145,135.5510822201335,135.74850601845782,133.57485356813635,80247203
2025-01-30 18:49:40.380001,COP,137.63571185526058,136.56502468916662,138.05473950793157,135.363423826068,77883753
2025-01-31 18:49:40.380001,COP,139.45347620722538,140.14642617527454,142.01386125406407,138.07323799727294,52754430
2025-02-03 18:49:40.380001,COP,141.06288122355429,142.09534534474102,142.55268318119076,140.51453893359596,65158260
2025-02-04 18:49:40.380001,COP,136.62535775219675,136.82066886450013,138.12368341938011,136.25840756367216,165775689
2025-02-05 18:49:40.380001,COP,137.3836338796864,138.13298598815652,138.52033858768334,136.5713281677327,51874177
2025-02-06 18:49:40.380001,COP,132.79197434750665,134.0479981973686,134.1366205796086,132.0304324789154,146980718
2025-02-07 18:49:40.380001,COP,126.76393676579157,125.58404483215432,127.96478449055648,126.72705247907936,147161453
2025-02-10 18:49:40.380001,COP,130.50103340913276,130.73526673068577,130.67075929987803,129.4360180758034,98707950
2025-02-11 18:49:40.380001,COP,130.31128828797233,129.58894533890495,130.49682622822243,129.33300735306221,140269004
2025-02-12 18:49:40.380001,COP,127.1414798641963,127.48543276744104,128.87316580391015,125.44333086458778,103232598
2025-02-13 18:49:40.380001,COP,124.11794833472766,123.99976783218938,125.48007378291032,122.93040722008249,171689521
2025-02-14 18:49:40.380001,COP,124.30692001145376,124.12464606872597,126.68796152665762,124.1390491969412,198463524
2025-02-17 18:49:40.380001,COP,127.81123824014185,128.34501230207027,128.26952415905436,125.74840915337361,56434610
2025-02-18 18:49:40.380001,COP,129.66957406924587,128.65948252102106,130.77138325227205,129.34072678365746,163021039
2025-02-19 18:49:40.380001,COP,128.47344004627283,127.80820571778851,129.78026142666758,128.10871690349657,134268554
2025-02-20 18:49:40.380001,COP,124.41756936919441,124.10004192272282,126.13742276228318,123.63959323828774,116549875
2025-02-21 18:49:40.380001,COP,126.49657234985858,125.26154999311265,128.8880435853921,126.25013108823445,99364111
2025-02-24 18:49:40.380001,COP,129.37809448941977,128.5766905627582,129.55169493356294,128.27434288245462,68541576
2025-02-25 18:49:40.380001,COP,127.43317580654987,127.6157493703451,128.19987348274037,124.95031364611607,172912338
2025-02-26 18:49:40.380001,COP,131.6990099145094,132.15153708703377,133.8155873231885,131.0600656152639,86881216
2025-02-27 18:49:40.380001,COP,126.90245533650054,126.99947172217941,128.50466286818707,124.52076232331318,196616454
2025-02-28 18:49:40.380001,COP,124.63278077288473,125.13612758729603,125.71072783668147,123.85139820035565,140879494
2025-03-03 18:49:40.380001,COP,127.66607399366407,128.8687301628698,128.59913546124892,125.66054316013178,104676897
2025-03-04 18:49:40.380001,COP,125.66802477642328,125.17441084548351,126.7428945193033,123.431405754613,54374970
2025-03-05 18:49:40.380001,COP,122.75041784973331,123.07523636648482,124.4461893538887,121.08748769678171,179074020
2025-03-06 18:49:40.380001,COP,118.61508672774079,118.63785758438758,119.8208605976849,116.63349759979741,62258356
2025-03-07 18:49:40.380001,COP,121.96107677638396,122.6996899778966,123.78694762282893,121.75342726228851,63980174
2025-03-10 18:49:40.380001,COP,120.86548968398893,120.0450647465674,122.61037297150864,119.72422500915718,186517144
2025-03-11 18:49:40.380001,COP,122.00027054654862,120.81456123847933,122.83821576239627,121.98871758098562,117418976
2025-03-12 18:49:40.380001,COP,120.73814233447041,121.8978091458073,121.29364852869523,119.32052774496091,78998227
2025-03-13 18:49:40.380001,COP,118.8139060157214,119.4608733443448,119.99976884185259,116.90274644081586,116464262
2025-03-14 18:49:40.380001,COP,118.03347473918572,118.9456706458676,119.50575202060483,117.91802458158676,54648378
2025-03-17 18:49:40.380001,COP,117.9311226618346,117.34120423778019,119.13989937920857,116.87905457681026,196060492
2025-03-18 18:49:40.380001,COP,112.19753066523201,112.58447890816859,113.73273214483982,110.16081242872937,144138102
2025-03-19 18:49:40.380001,COP,114.60335226617092,114.47208389083373,116.19714932606301,114.10037316212946,127865849
2025-03-20 18:49:40.380001,COP,110.96563217871255,109.8997992185362,112.00295377080539,109.75292826000226,103704252
2025-03-21 18:49:40.380001,COP,110.9231976802357,110.76600319628395,112.66589501724798,109.76118620006847,167178642
2025-03-24 18:49:40.380001,COP,105.32506621538008,105.30061046537956,106.5922002000747,104.37414164424871,87335191
2025-03-25 18:49:40.380001,COP,101.57692161992537,100.83717649410062,101.73108682715154,101.13031887194045,167708449
2025-03-26 18:49:40.380001,COP,97.3223329282383,97.6370457214929,97.80293665350968,96.89596606341738,182421675
2025-03-27 18:49:40.380001,COP,97.67273324007365,97.95101712850402,98.62458844260121,95.82228878213994,197761001
2025-03-28 18:49:40.380001,COP,95.32057811967871,95.76093522642346,95.93251091170849,94.78418038593708,196406527
2025-03-31 18:49:40.380001,COP,95.82266270689766,96.2766331795346,96.20006902881525,95.13034463133661,131041553
2025-04-01 18:49:40.380001,COP,96.44000218234703,97.10314112998988,96.6130560609052,94.86142051132109,181618678
2025-04-02 18:49:40.380001,COP,92.57058363433876,93.05352297671986,93.13948413468977,90.73241717290713,155009374
2025-04-03 18:49:40.380001,COP,96.30037419577783,96.18644680833775,97.44262518022622,94.81115455621506,168861936
2025-04-04 18:49:40.380001,COP,100.77077100417372,100.46186019691143,101.0858796940105,99.95129200944903,195108994
2025-04-07 18:49:40.380001,COP,97.99924197128324,98.54937720711146,99.16288978028406,97.9223546071238,52492388
2025-04-08 18:49:40.380001,COP,96.64586681127525,97.09477717397878,97.33205103094656,95.82738977277783,162416849
2025-04-09 18:49:40.380001,COP,97.58586631038766,96.9454001147092,97.8166160002426,97.27130563481315,129050802
2025-04-10 18:49:40.380001,COP,97.35492173895099,96.57961496540496,98.44332778900329,97.33012487678357,197369511
2025-04-11 18:49:40.380001,COP,101.16069398472126,101.05079521256413,102.93140016321675,100.03016054310994,96887993
2025-04-14 18:49:40.380001,COP,102.54905412654563,102.26149021754584,103.01062707562916,102.2311432887783,100728056
2025-04-15 18:49:40.380001,COP,100.33812567556518,99.69954761478364,100.84915442263252,99.03894206192378,171989034
2025-04-16 18:49:40.380001,COP,100.74413292109043,101.46290840858673,102.43928750687297,99.16509708881665,83972497
2025-04-17 18:49:40.380001,COP,103.91476327718073,104.00647654908508,103.91716069069642,102.70111803598691,129093920
2025-04-18 18:49:40.380001,COP,101.48420529781468,102.31443506274789,103.2506549069803,100.34329620546418,64137129
2025-04-21 18:49:40.380001,COP,99.38970062972477,98.58624740912884,101.34478226483704,97.46669058889341,173573033
2025-04-22 18:49:40.380001,COP,97.09017705088436,96.42085704815057,97.52567747453314,96.4150990526516,155295211
2025-04-23 18:49:40.380001,COP,98.95170073789907,98.78425071671093,99.76995478891185,98.15045332861179,164616097
2025-04-24 18:49:40.380001,COP,96.88425609358325,96.93043379750901,98.18014509339308,95.14973028502536,100177031
2025-04-25 18:49:40.380001,COP,95.36968590031681,95.06792180493979,96.52769832910808,95.13746778908865,135632735
2025-04-28 18:49:40.380001,COP,96.79394095391008,97.0788905981941,97.41704965869623,96.07412183597818,139157309
2025-04-29 18:49:40.380001,COP,95.58494615103291,96.01767909100471,96.68690062352911,93.8578007499417,168457955
2025-04-30 18:49:40.380001,COP,96.23761604851715,95.89072726914397,97.22531444173914,94.97535710796066,143896982
2025-05-01 18:49:40.380001,COP,94.53152371914192,94.53955347795403,96.35328067107481,93.93427044376303,165219317
2025-05-02 18:49:40.380001,COP,95.3132836720088,94.75715040918745,95.4869296768842,95.07144164586346,163300710
2025-05-05 18:49:40.380001,COP,95.89180428650455,95.33699892170515,95.94194815052477,94.29980423882084,106106486
2025-05-06 18:49:40.380001,COP,95.40716196062237,95.58224475588061,97.23512515125526,95.03873723343642,176298233
2025-05-07 18:49:40.380001,COP,96.45279877566502,96.9800456264732,96.65310487711892,94.97286798789773,141910070
2025-05-08 18:49:40.380001,COP,97.75370850059649,97.18664644653634,98.4293243575078,97.17714833553184,127275874
2025-05-09 18:49:40.380001,COP,95.65819182257734,94.78136806194483,96.08701666336562,95.53060564679174,198876107
2025-05-12 18:49:40.380001,COP,95.28966400235225,94.57755241560224,97.04516940078764,94.61906210572546,72319402
2025-05-13 18:49:40.380001,COP,96.53910402452524,96.88968685811336,97.51201608912517,94.96827818132074,105631739
2025-05-14 18:49:40.380001,COP,96.25036004368192,96.985978304487,97.06568942122196,95.28822179740166,190963284
2025-05-15 18:49:40.380001,COP,97.35697645531651,96.51727725962951,98.94494786061209,95.7810468397841,147768624
2025-05-16 18:49:40.380001,COP,98.42600198231146,98.71142679213042,99.55989242061771,96.70190817225979,90792306
2025-05-19 18:49:40.380001,COP,99.10652624600603,99.45145165356872,100.98997995123156,99.10495194192457,116350330
2025-05-20 18:49:40.380001,COP,99.20420436623897,99.29682349768693,101.13111942895385,99.00951411687969,53666113
2025-05-21 18:49:40.380001,COP,97.22956784358801,98.08782927827954,97.9960099809702,96.83206719315028,69375299
2025-05-22 18:49:40.380001,COP,97.02193443523478,97.91768725744848,97.6135948589419,96.87032263596001,191717922
2025-05-23 18:49:40.380001,COP,96.1125784518772,95.22143892439844,96.56363638993135,94.60316589342563,134413606
2025-05-26 18:49:40.380001,COP,97.30913231417301,97.1911257005332,98.57264358237,96.44948682923757,191993005
2025-05-27 18:49:40.380001,COP,96.9476745945716,97.34210954154565,97.62801347696521,95.5001451550423,146464575
2025-05-28 18:49:40.380001,COP,97.5595145425949,98.37263467491354,98.52077525779042,97.45641092731884,138778035
2025-05-29 18:49:40.380001,COP,97.8930444157466,97.80424799061659,99.73343775510027,97.42542436511907,175872682
2025-05-30 18:49:40.380001,COP,96.51364287430003,95.72402030774326,98.30589983148093,96.10643791257911,163928329
2025-06-02 18:49:40.380001,COP,100.23904153868567,101.04127213649053,100.84364902429559,100.06193612608902,187962314
2025-06-03 18:49:40.380001,COP,98.2963429589103,97.45517258215749,99.77866195825798,97.05401499116977,103185561
2025-06-04 18:49:40.380001,COP,94.27179508000819,94.50570190309774,96.13421843496346,92.49149820767721,135924033
2025-06-05 18:49:40.380001,COP,97.13545313409382,97.14460054013806,97.54837675450477,95.56436578698703,54081417
2025-06-06 18:49:40.380001,COP,95.06417461559371,95.7265381579144,95.87521530516887,94.57042782286122,188176602
2025-06-09 18:49:40.380001,COP,93.0903522265506,93.3850997083792,93.45442635095459,91.8942466397928,133894671
2025-06-10 18:49:40.380001,COP,93.49736779977519,94.26740118953974,94.84471291365057,91.64788196646302,130451137
2025-06-11 18:49:40.380001,COP,92.18641075807976,92.41743107612876,93.84158360483877,91.3666248036836,138430144
2025-06-12 18:49:40.380001,COP,90.02165581598841,90.76909969816217,91.67101845264654,89.12260200193683,182128684
2025-06-13 18:49:40.380001,COP,89.90454708753637,90.11853361430232,90.7770330160345,89.59345378958419,112849110
2025-06-16 18:49:40.380001,COP,90.49522863473992,90.16793936752981,90.99218686465817,90.13899148621766,146856914
2025-06-17 18:49:40.380001,COP,90.34468962282328,90.83907565457105,91.32735548053022,89.27645237873881,126983950
2025-06-18 18:49:40.380001,COP,90.41174502773275,90.16989505321409,91.82872693933224,88.90885775097034,151844977
2025-06-19 18:49:40.380001,COP,89.42204187800678,90.19949326624825,90.72121443715764,89.29375525349278,67376230
2025-06-20 18:49:40.380001,COP,88.74921784243143,88.98890702947611,89.52350490241537,88.10225357866733,157342639
2025-06-23 18:49:40.380001,COP,87.82452947600613,88.08740350311008,88.05561085077532,87.52969447064571,137739709
2025-06-24 18:49:40.380001,COP,88.7234683399534,89.22515367486182,89.278638208402,88.0469605612938,171670347
2025-06-25 18:49:40.380001,COP,89.66512666319902,90.55256232681938,91.44430678881399,88.39779314668063,97549628
2025-06-26 18:49:40.380001,COP,87.46746508238532,87.74230925631377,88.74248393327879,87.28204812947195,67683528
2025-06-27 18:49:40.380001,COP,90.12326531243644,89.2825654120456,91.77689689175521,89.89781810912514,130874564
2025-06-30 18:49:40.380001,COP,92.82596908836034,92.75427237687751,93.53869966910675,92.24881051546289,68780619
2025-07-01 18:49:40.380001,COP,93.5008253225485,93.5055336443914,94.59702409813191,91.99481426076011,141551328
2025-07-02 18:49:40.380001,COP,93.1391558501787,92.63660342055333,94.11130956467184,92.32057624582622,89348252
2025-07-03 18:49:40.380001,COP,92.57047127541605,92.22350858357078,92.97361048171246,91.8486408929998,144045628
2025-07-04 18:49:40.380001,COP,93.72915966141358,94.30325715053947,94.95528056597567,93.19969390005411,160454471
2025-07-07 18:49:40.380001,COP,93.92791004591162,93.44362587976133,94.62292341459978,93.31446896859951,188088479
2025-07-08 18:49:40.380001,COP,92.03961914227745,92.22607287841598,92.54789743767817,90.92717714368713,84949800
2025-07-09 18:49:40.380001,COP,91.40383118170055,90.55792804190982,91.95374756565651,91.08410393923755,106498783
2025-07-10 18:49:40.380001,COP,94.01892705003864,93.6538944931901,94.85509368668399,92.38632159887969,181514887
2025-07-11 18:49:40.380001,COP,95.1854721857164,94.50688859669141,95.53147557776798,93.968992981729,184151280
2025-07-14 18:49:40.380001,COP,96.26880209646235,95.71897613115722,97.96019180244423,95.31687754273294,129271568
2025-07-15 18:49:40.380001,COP,98.12417963193488,97.32965079740816,98.3480049502925,97.7948592907186,73278988
2025-07-16 18:49:40.380001,COP,97.6930912524651,98.32981462493862,98.448455276921,96.47064228980913,76947376
2025-07-17 18:49:40.380001,COP,97.67674915944615,97.1963882142621,98.4541876742989,96.8702022659182,130343383
2025-07-18 18:49:40.380001,COP,99.01278422339232,99.45840409010128,100.83452909507693,98.81641982433558,198927173
2025-07-21 18:49:40.380001,COP,96.9785834647461,97.29290212078224,98.36684955987639,96.75244432661056,179708822
2025-07-22 18:49:40.380001,COP,97.7441135615001,98.1997241602707,99.15845801319196,96.89093638645507,177614858
2025-07-23 18:49:40.380001,COP,95.22492088431167,95.74826166441036,96.51912475068303,93.70961787674787,173637744
2025-07-24 18:49:40.380001,COP,95.95858059908542,95.21410484699169,96.14853896993613,94.94871066381803,150961977
2025-07-25 18:49:40.380001,COP,94.11978217132229,94.10025171791706,95.11580388179163,93.89564771610345,151567797
2025-07-28 18:49:40.380001,COP,93.79861163093894,93.58113439338833,95.00689190572774,92.381519449074,167842428
2025-07-29 18:49:40.380001,COP,92.07499897143943,91.61683220300004,92.33223588216218,91.11337586742314,133180509
2025-07-30 18:49:40.380001,COP,93.09447572660166,92.25421835417191,93.9494362390227,92.0472458153121,78632808
2025-07-31 18:49:40.380001,COP,91.35376591315492,91.23245980779944,91.75682395174128,89.94442085591207,51796050
2025-08-01 18:49:40.380001,COP,87.6336163011686,87.02661400332784,88.06875284150631,87.41188936846065,109002174
2025-08-04 18:49:40.380001,COP,89.20219116437953,89.08804815450368,89.93332362385956,87.52883735421443,154662689
2025-08-05 18:49:40.380001,COP,93.39797835596764,94.20309799648031,94.35973220049304,92.42884094472245,152564295
2025-08-06 18:49:40.380001,COP,93.79085648022442,92.88947958010417,94.76364311080962,92.31843175998468,90584791
2025-08-07 18:49:40.380001,COP,95.15428420075135,95.79685078781105,95.83001512366198,94.01508804458099,170920934
2025-08-08 18:49:40.380001,COP,91.79168096206638,91.98333028990668,93.52939192762362,91.60808873523622,64000675
2025-08-11 18:49:40.380001,COP,93.54845461292605,93.38962000047847,94.45217774159715,92.02256913856365,95624254
2025-08-12 18:49:40.380001,COP,92.38753117294256,92.26799915161907,92.61350284033759,90.70711702028767,135645689
2025-08-13 18:49:40.380001,COP,94.01662148838774,93.33500237270444,94.30523508551448,92.61468912575249,88928576
2025-08-14 18:49:40.380001,COP,93.52903089323023,92.62440392648516,94.4065988202576,92.97477066496998,141179717
2025-08-15 18:49:40.380001,COP,96.24668141703839,96.44916812388807,97.24820218180547,95.72527923319494,113787469
2025-08-18 18:49:40.380001,COP,99.41877155979549,99.28197312011298,101.11324718090768,98.5920151153628,140419419
2025-08-19 18:49:40.380001,COP,102.29537837849098,101.90956347335327,102.43786565835008,101.96245373486818,67123623
2025-08-20 18:49:40.380001,COP,104.25717107383562,104.93579418928277,104.6940580652877,103.94677003973483,189881561
2025-08-21 18:49:40.380001,COP,100.91368043728593,101.22403060740724,101.35706539573096,100.16959551393558,98841773
2025-08-22 18:49:40.380001,COP,100.85690280512071,100.8837924623093,102.42162085902419,100.49653101544367,99594157
2025-08-25 18:49:40.380001,COP,99.13888539768271,99.3669260457268,99.3856258412976,98.3705740745197,70563615
2025-08-26 18:49:40.380001,COP,100.49079510175963,101.18530010721263,101.24678590395692,98.84536778860321,151389342
2025-08-27 18:49:40.380001,COP,102.977817574593,103.76836433478233,103.83965654301633,102.40659969317919,163822572
2025-08-28 18:49:40.380001,COP,99.72486979110447,99.55245767879536,100.81050701465072,99.55299607921165,108493069
2025-08-29 18:49:40.380001,COP,99.82468911804067,100.28490387339642,101.0113734749803,99.21058610113685,181286182
2025-09-01 18:49:40.380001,COP,102.15422212145315,102.35099524139832,103.96948616753896,101.48058632377769,150178926
2025-09-02 18:49:40.380001,COP,105.14718089777314,104.81310763456062,105.8280525334714,103.66186443172074,125508987
2025-09-03 18:49:40.380001,COP,111.42373831746121,111.94404675709352,113.12203626137332,109.5961428259891,182091373
2025-09-04 18:49:40.380001,COP,112.2835659070391,112.60580090973414,112.55217314111724,111.51605492607132,80887327
2025-09-05 18:49:40.380001,COP,107.24381603665577,106.7705835564175,109.3819258491968,106.35537596790535,99121801
2025-09-08 18:49:40.380001,COP,106.28244034459074,107.33126374651042,107.1973762402754,105.36061507705226,81892602
2025-09-09 18:49:40.380001,COP,110.12107933250122,110.06662226391568,111.24425810435294,108.26905432593927,59604537
2025-09-10 18:49:40.380001,COP,108.84772358707339,109.0697080674671,109.39906552372037,108.1077526431151,158897823
2025-09-11 18:49:40.380001,COP,109.12312461849028,108.59661093737907,110.663321948709,107.98169728362201,119414194
2025-09-12 18:49:40.380001,COP,106.11337684773939,106.02899406505584,106.39399411066775,104.35848993450577,102406530
2025-09-15 18:49:40.380001,COP,102.89568174706541,102.90220062657082,104.47388073756548,102.00848597074337,105631832
2025-09-16 18:49:40.380001,COP,106.79919416261185,106.76301537648138,107.21537090379414,104.91112848125995,162570959
2025-09-17 18:49:40.380001,COP,107.18810262599992,108.16142024718543,109.19418503023377,107.12847787429499,101337823
2025-09-18 18:49:40.380001,COP,102.40583850431666,101.55961339524934,104.25524772014053,101.46171871396726,93387693
2025-09-19 18:49:40.380001,COP,105.46527868936583,104.69947425759526,106.86855181144567,103.52515037349329,60578743
2025-09-22 18:49:40.380001,COP,101.84346086690256,101.27892435224308,103.64670157572067,101.47396168990436,144020663
2025-09-23 18:49:40.380001,COP,100.24281429102439,101.11495184778255,101.75323004610715,98.493676719734,106566490
2025-09-24 18:49:40.380001,COP,98.85186900830983,99.55014007784567,99.69820244771245,97.6206226841775,170312359
2025-09-25 18:49:40.380001,COP,102.8723382248416,103.15632971433881,103.07380375703958,102.17805746415345,79084229
2025-09-26 18:49:40.380001,COP,98.46983735293615,99.11360722124792,99.93574855669875,97.904078985586,76838763
2025-09-29 18:49:40.380001,COP,94.5963442498749,95.35172507023671,95.66664074434513,93.8200653585071,92822564
2025-09-30 18:49:40.380001,COP,96.05634309502769,96.92927276418726,96.23397259756705,95.13449634175153,147324175
2025-10-01 18:49:40.380001,COP,98.93778284054896,98.74764331740089,99.76309838138377,97.8363370853246,156606279
2025-10-02 18:49:40.380001,COP,102.44195559221846,101.76517482734764,103.68341668074987,101.49892089936414,126931373
2025-10-03 18:49:40.380001,COP,98.73604980674916,99.34171133952029,98.80293264607914,97.92724675721071,56975932
2025-10-06 18:49:40.380001,COP,95.44154386961702,95.08293030829846,95.9237076549604,94.86869845696245,132578630
2025-10-07 18:49:40.380001,COP,102.60654862005495,102.14176610210626,103.82484056423041,102.46962844998163,120035868
2025-10-08 18:49:40.380001,COP,106.22534656974973,105.29579276173331,107.60273593139519,104.93555915164971,107767991
2025-10-09 18:49:40.380001,COP,111.99167836619657,111.96257693153206,113.84752613737024,111.8782484926757,150664992
2025-10-10 18:49:40.380001,COP,114.75567235039965,114.30871019152525,116.17225371251479,112.53372038986278,101280417
2025-10-13 18:49:40.380001,COP,122.38051992200437,122.24908221878489,124.32811835040444,122.18347644323615,179740498
2025-10-14 18:49:40.380001,COP,125.31875980998177,124.81780180312283,126.15053807585511,124.2866452179674,53485138
2025-10-15 18:49:40.380001,COP,125.36215486357798,125.89973928364093,126.98144088653387,123.16585545622353,175535284
2025-10-16 18:49:40.380001,COP,135.37830121969276,135.443638463325,137.02323193675417,133.43590945484465,154333108
2025-10-17 18:49:40.380001,COP,140.5401324053976,139.58747517766903,142.05631137990423,138.85045197926172,59690323
2025-10-20 18:49:40.380001,COP,151.09654386030755,150.52142372551464,151.34009278242496,150.57049657895712,184995113
2025-10-21 18:49:40.380001,COP,147.3067198474253,146.2709380915188,148.6963219177088,145.47497086159453,148921824
2025-10-22 18:49:40.380001,COP,147.63056051223688,147.4455500272166,148.93391290514813,146.93328293488634,118201657
2025-10-23 18:49:40.380001,COP,149.9496322371868,148.62234287317017,150.82594021342854,148.9658546676945,184287089
2025-10-24 18:49:40.380001,COP,158.16083591926946,156.73777414756228,160.96846226237543,156.98229676008268,62885027
2025-10-27 18:49:40.380001,COP,161.43200311205575,160.49372803864813,164.4795943882477,159.92849609841338,55848767
2025-10-28 18:49:40.380001,COP,168.72290973514416,169.36596866435178,170.83071304756726,166.71035835464937,67206859
2025-10-29 18:49:40.380001,COP,164.7535068716391,166.13826008423845,165.13838897833372,162.637798456819,78229524
2025-10-30 18:49:40.380001,COP,157.95496986176556,159.3738431791075,158.3138341900389,157.0271008214662,61675330
2025-10-31 18:49:40.380001,COP,152.15590203713396,153.6107935715704,152.23903282481993,149.28937706004194,165859642
2025-11-03 18:49:40.380001,COP,162.2837714518019,161.0346492699402,165.248957669628,160.39914723149377,85425298
2025-11-04 18:49:40.380001,COP,156.4891847454738,155.23008112074086,158.26268829027816,154.2272234276335,187546859
2025-11-05 18:49:40.380001,COP,152.91071586921817,151.76547887085053,153.77463014036002,150.40250145342833,129366216
2025-11-06 18:49:40.380001,COP,152.91427176383095,153.82543106074826,155.82689095241295,151.81967371366514,162749501
2025-11-07 18:49:40.380001,COP,151.25152263873338,150.0233165281624,152.74907927304423,151.0025441154457,59279850
2025-11-10 18:49:40.380001,COP,154.3452752288299,153.4410378328701,156.59812591064718,151.92941442556304,80930578
2025-11-11 18:49:40.380001,COP,149.7877537589175,148.85439383698832,151.73478303377388,147.62110777870402,173018003
2025-11-12 18:49:40.380001,COP,154.96845757459212,155.352682156709,156.3188889701879,154.10448441742912,165150511
2025-11-13 18:49:40.380001,COP,153.10580815054755,154.08332057459032,154.05181134793241,152.31363133663925,74811295
2025-11-14 18:49:40.380001,COP,146.4200763174989,147.5050777955594,148.67525595304508,144.8516506270634,178786970
2025-11-17 18:49:40.380001,COP,149.1513009368608,149.55382143916847,149.5588162518007,148.56129247433665,54468092
2025-11-18 18:49:40.380001,COP,152.65552849059077,152.46727556283344,154.23479004761933,150.67179056117644,64082731
2025-11-19 18:49:40.380001,COP,154.01533351836014,154.03835076327354,156.40706149340446,153.9401713496893,175549037
2025-11-20 18:49:40.380001,COP,156.25402059126404,156.37135654215936,156.68731347666179,155.20832827042554,117041015
2025-11-21 18:49:40.380001,COP,164.61241928706445,165.13184100516315,166.56423468246362,164.10173251681084,117872168
2025-11-24 18:49:40.380001,COP,164.07172205481118,162.68474478471538,167.3220103711304,161.92867382806975,161954391
2025-11-25 18:49:40.380001,COP,153.673251020398,155.0323595345123,156.31488946006505,152.37805434505995,86909024
2025-11-26 18:49:40.380001,COP,157.83771981390535,159.32773543385179,160.23460291476238,155.41748796453368,95985635
2025-11-27 18:49:40.380001,COP,156.41372369706338,157.72214362139508,156.79693888861883,155.88789480948265,138199537
2025-11-28 18:49:40.380001,COP,159.49042890789383,159.13450657981707,162.0189365558305,156.7793225325521,117955978
2025-12-01 18:49:40.380001,COP,164.31911354756807,164.35624485581127,166.35447618371788,162.93453180297507,102701986
2025-12-02 18:49:40.380001,COP,161.96919484239206,162.6454592091384,162.95341151822143,161.21114384576987,142552823
2025-12-03 18:49:40.380001,COP,167.37423031494578,166.24089088688063,167.57109665214537,166.93424332539806,159175469
2025-12-04 18:49:40.380001,COP,172.65835374935602,173.2461883994735,175.3622088572625,171.0734715540979,177460978
2025-12-05 18:49:40.380001,COP,170.8847249119421,170.1739152815115,172.18686686510873,170.21149572279728,170571805
2025-12-08 18:49:40.380001,COP,163.9870325326186,163.18591442363916,164.50059547091777,163.2424661808998,71442506
2025-12-09 18:49:40.380001,COP,164.11328172036465,164.56736113049726,166.68855236883266,161.8003969387374,108597355
2025-12-10 18:49:40.380001,COP,174.30834144769966,175.02228176777,174.45594908564195,170.87554617062727,175732509
2025-12-11 18:49:40.380001,COP,164.18176655600783,163.4800227179761,166.67990157061195,163.89644908492605,134371384
2025-12-12 18:49:40.380001,COP,157.4406527394519,157.52580300888746,157.81634767246786,154.54982564027753,137540947
2025-12-15 18:49:40.380001,COP,158.6296266665525,157.1855323872256,161.3115953336781,157.38133148885382,113476488
2025-12-16 18:49:40.380001,COP,162.01359021599328,161.33822455386644,164.72825876191277,159.99521321752226,166252867
2025-12-17 18:49:40.380001,COP,171.71343209743938,171.42124545857388,173.32391911628665,168.809665647357,58920494
2025-12-18 18:49:40.380001,COP,176.24848251427684,176.8613006694374,178.21500629539779,173.2417522844528,116452955
2025-12-19 18:49:40.380001,COP,186.28204747252974,186.6374463377996,188.17990028420027,182.86971305973296,151248089
2025-12-22 18:49:40.380001,COP,200.29016779745493,201.28483654090084,203.9027227389902,197.65792026685807,186059189
2025-12-23 18:49:40.380001,COP,203.66016612961164,203.72940539925682,203.91081183064554,199.6786824975406,163804038
2025-12-24 18:49:40.380001,COP,200.1107364507465,200.8728175915223,203.13812361083177,196.3106829148821,191513890
2025-12-25 18:49:40.380001,COP,198.85063827233895,197.16595902998762,201.89385057421745,198.48478872346095,58857098
2025-12-26 18:49:40.380001,COP,193.506654903386,193.09403802552941,194.4670144000279,192.35341900432348,148133816
2025-12-29 18:49:40.380001,COP,195.199688362796,196.29906571781422,198.25530122116777,192.02542934022836,152348449
2025-12-30 18:49:40.380001,COP,196.79986741000292,196.75886724123163,197.57218510962647,193.02150424951793,70004820
2025-12-31 18:49:40.380001,COP,203.1153814210145,202.16383738649972,205.24926320020626,202.12242643123486,189011078
2026-01-01 18:49:40.380001,COP,195.20537659838848,195.54714864271793,196.65976876430213,192.80110433036324,135190229
2026-01-02 18:49:40.380001,COP,199.50164984837394,200.8983173509302,202.78191148938453,196.18164554193862,92338315
2026-01-05 18:49:40.380001,COP,212.62457579254212,210.83810187366313,216.64077839607853,209.97899735950054,52854001
2026-01-06 18:49:40.380001,COP,206.7692771225165,207.69791237967198,210.7639825656298,205.3070223545115,118151909
2026-01-07 18:49:40.380001,COP,204.7950713774189,205.34728096223031,207.25092306573598,202.3017593487201,125375077
2026-01-08 18:49:40.380001,COP,193.34778025375033,194.2700260736922,195.59418075828347,193.18350942642505,130827669
2026-01-09 18:49:40.380001,COP,178.40905452579585,177.30861275036852,180.6390584827025,177.4200350993211,79908275
2026-01-12 18:49:40.380001,COP,165.3879433980576,164.431156323159,168.3762223304284,164.97331168489768,115737401
2026-01-13 18:49:40.380001,COP,176.80159245852994,177.27060469536693,178.04449241654706,174.99655608338026,147739259
2026-01-14 18:49:40.380001,COP,180.50158737889421,181.36835033117933,183.22160786153867,178.7956804692423,59725949
2026-01-15 18:49:40.380001,COP,173.4254812116414,174.66735654524948,176.32516868217948,171.34048375323616,126390352
2026-01-16 18:49:40.380001,COP,186.28141190855783,185.12859875349386,189.09336601254392,183.6164850896077,105094754
2026-01-19 18:49:40.380001,COP,184.72309762568844,185.38407374106208,188.23923108585413,183.24198120107687,102990517
2026-01-20 18:49:40.380001,COP,180.84920324376094,181.12255960393492,182.06752882622823,178.72719269096694,161533360
2026-01-21 18:49:40.380001,COP,186.3522707227239,185.99804066538118,186.55851033555754,184.64418634316527,161494142
2026-01-22 18:49:40.380001,COP,199.35777394166115,197.4560495043654,201.02935514549742,195.97630036648084,127486832
2026-01-23 18:49:40.380001,COP,231.0938341831682,231.41657112025052,231.3562698264029,228.5114299618082,90594010
2026-01-26 18:49:40.380001,COP,240.95982294812356,241.55662703221049,243.45425315009552,238.26654371501894,86525401
2026-01-27 18:49:40.380001,COP,266.53896795737955,268.07965758843113,271.00603320429883,262.435185953572,169074439
2026-01-28 18:49:40.380001,COP,231.4977636655452,230.44830237927343,235.51138865913123,230.09774032321366,94985956
2026-01-29 18:49:40.380001,COP,204.41017604996483,205.28221595505906,205.12307691218794,200.4974633046939,110371983
2026-01-30 18:49:40.380001,COP,193.25915399175543,192.5501094053204,195.90810184345355,191.45056233411344,81624745
2026-02-02 18:49:40.380001,COP,203.45800937615064,205.49092390333698,203.66850604661175,201.8882500183587,154472461
2026-02-03 18:49:40.380001,COP,189.90895747954565,188.31600667460015,190.5864485440572,186.2411428469797,151466721
2026-02-04 18:49:40.380001,COP,185.12033096795784,186.70886923595438,187.20025846038118,181.65865354509683,68171727
2026-02-05 18:49:40.380001,COP,177.8154497818678,176.7126445922029,178.79512173016025,175.5585175073513,122517759
2026-02-06 18:49:40.380001,COP,186.56104305981808,184.75385791638269,189.80876599223913,184.76726492290226,113082234
2026-02-09 18:49:40.380001,COP,181.13942772932913,182.34311472382032,183.57161485924732,178.09845790236383,57068418
2026-02-10 18:49:40.380001,COP,160.65528528939976,159.19283436187538,162.9621725948232,160.23337857102337,89978650
2026-02-11 18:49:40.380001,COP,161.0347434894991,160.60185395815967,161.118096629597,160.53957605489458,55335782
2026-02-12 18:49:40.380001,COP,154.17941298640136,153.54850769543984,155.64137035127254,153.75154030278077,59696917
2026-02-13 18:49:40.380001,COP,147.12013031270897,146.612130646724,149.35223753378557,146.66064707003767,172021876
2026-02-16 18:49:40.380001,COP,160.0227676787869,159.18186268403267,162.6392399648052,157.98739563174473,162829541
2026-02-17 18:49:40.380001,COP,168.7756319174102,169.02508357425222,169.8976114644088,168.28596904354714,91017053
2026-02-18 18:49:40.380001,COP,169.5394974147801,170.35699617023613,172.74325117093932,166.75919847096966,173501925
2026-02-19 18:49:40.380001,COP,182.16760620648932,180.7457806169581,183.14661371609353,182.15641223257435,164341316
2026-02-20 18:49:40.380001,COP,173.3310008583101,172.58024077047654,176.44208994314198,171.7939440219816,52524832
2026-02-23 18:49:40.380001,COP,183.44035904388465,183.61483403227467,184.92280802997348,180.2153957976011,124425127
2026-02-24 18:49:40.380001,COP,175.50644932426783,174.32853816698432,178.3481333850346,173.95972702760528,133863065
2026-02-25 18:49:40.380001,COP,182.9182725490021,181.1161979324668,183.85690858044697,182.80799849708797,178315537
2026-02-26 18:49:40.380001,COP,176.99011536991102,177.5380097331168,178.91813656366122,173.85540847139518,55815903
2026-02-27 18:49:40.380001,COP,169.2215143399602,168.23565239582396,172.10301922578176,168.3618619956123,66874538
2026-03-02 18:49:40.380001,COP,168.64179245051292,168.43232524903135,169.4033970182975,167.73047327424368,153099814
2026-03-03 18:49:40.380001,COP,159.32985605709283,160.07967538596017,160.2821516656931,158.59205103182924,129033573
2026-03-04 18:49:40.380001,COP,154.93240540260888,154.1803786689498,156.96638533803116,153.62534901112627,145075634
2026-03-05 18:49:40.380001,COP,167.0208724027153,167.05944546137206,170.04379156350012,165.9824611539108,72368672
2026-03-06 18:49:40.380001,COP,165.76998313677208,165.12950302586623,167.01044246041263,164.89827399513018,63955916
2026-03-09 18:49:40.380001,COP,170.60283252660082,170.28965237514902,172.34041681701274,167.9560246422034,177718261
2026-03-10 18:49:40.380001,COP,171.63890682862612,171.75197882764328,174.94326439088707,168.34724815113137,91867052
2026-03-11 18:49:40.380001,COP,175.02544409466807,174.68087110671254,175.08693888118808,172.26639825228455,127766411
2026-03-12 18:49:40.380001,COP,173.47027122057406,172.76597315097882,174.25366529139623,171.78009212787455,73035771
2026-03-13 18:49:40.380001,COP,165.4756305897853,164.46485217705006,166.15521024846166,164.72760052308323,193601427
2026-03-16 18:49:40.380001,COP,159.73981642513945,159.83428306831146,161.19506437222523,159.7077340116948,90490557
2026-03-17 18:49:40.380001,COP,147.57581904056124,148.23851080294907,149.1726938411142,147.55648979404216,110980256
2026-03-18 18:49:40.380001,COP,150.79950788376482,151.09976420729956,152.52604064598458,147.81695989632536,157276090
2026-03-19 18:49:40.380001,COP,145.96201186647383,146.81769280384898,146.58249513410905,143.63068733093664,168627132
2026-03-20 18:49:40.380001,COP,136.38969065335573,136.0744298693709,138.70678422687658,136.38435631045374,67134569
2026-03-23 18:49:40.380001,COP,140.74499565702592,140.53333244334627,142.5819405903739,138.29377170307563,147904231
2026-03-24 18:49:40.380001,COP,136.75386012154092,137.3279241846175,138.54992771910892,136.15455069808934,147040459
2026-03-25 18:49:40.380001,COP,130.06712912621055,129.49862460124154,132.38770186527347,127.87340393122133,76304001
2026-03-26 18:49:40.380001,COP,132.66379476196735,132.69144386998948,133.74539649322773,130.0468538138423,168739153
2026-03-27 18:49:40.380001,COP,139.43383893907435,138.32247505643568,139.59232113282806,137.27027694014438,102278195
2026-03-30 18:49:40.380001,COP,139.68888665663724,140.26331759563985,141.1525979193523,137.21635259777332,105657341
2026-03-31 18:49:40.380001,COP,136.81536229105654,137.45559481170304,136.95101538370858,135.44830067673757,62868261
2026-04-01 18:49:40.380001,COP,136.58099884202727,137.47292299704796,137.60369736762428,135.56072069794251,96900553
2026-04-02 18:49:40.380001,COP,132.3196706409925,133.21013585293375,133.9718086458457,131.82767482208442,179003532
2026-04-03 18:49:40.380001,COP,137.79823872500364,136.97220091071588,138.1695189380707,137.65952453123046,81101386
2026-04-06 18:49:40.380001,COP,139.45043130247163,139.25153097655877,141.31418966248492,137.92994546290637,126703407
2026-04-07 18:49:40.380001,COP,136.96432803276448,137.4152133458306,139.28730566946874,136.09452801726218,182575969
2026-04-08 18:49:40.380001,COP,127.48541135121792,127.29939391177685,129.02829977887308,127.38015216627313,134210290
2026-04-09 18:49:40.380001,COP,126.51753493623848,127.21342370836176,126.87176509166558,126.30438831524482,144330066
2026-04-10 18:49:40.380001,COP,127.44688427295611,127.27206006781456,129.77998010491993,126.55723424921739,128702826
2026-04-13 18:49:40.380001,COP,128.20074018273417,127.8868936368301,128.30662783282762,125.7705552838044,138285582
2026-04-14 18:49:40.380001,COP,130.8444784284825,131.49455645036474,131.9017360032101,128.61757793295706,103171744
2026-04-15 18:49:40.380001,COP,128.67761961346775,128.06754980899524,130.53961882957145,126.49240396102292,89612495
2026-04-16 18:49:40.380001,COP,126.19795317528481,126.32087516228476,128.6417604720757,126.15025324724215,172032632
2026-04-17 18:49:40.380001,COP,125.91945231673449,126.76719054203213,126.51597696972826,124.5802994910616,54823369
2026-04-20 18:49:40.380001,COP,129.81327821481162,130.85979515855192,130.38306447092594,128.37339103803598,96033303
2026-04-21 18:49:40.380001,COP,122.80939549725599,123.89535405123543,124.10890622594079,120.37790526199119,155816157
2026-04-22 18:49:40.380001,COP,122.1586290527074,122.01677770786925,123.93846350833711,120.69894536540698,152936596
2026-04-23 18:49:40.380001,COP,124.93566249028125,123.80319000060867,125.01438098805872,124.12197107759724,150976617
2026-04-24 18:49:40.380001,COP,127.9009983576915,126.96217698324749,130.0504070470292,127.76939146821196,177087387
2026-04-27 18:49:40.380001,COP,120.27988340281927,121.23548297266154,121.09731859545168,118.44411221091988,114387822
2026-04-28 18:49:40.380001,COP,120.73084003391631,119.7691778641692,121.78358681626531,119.26350828437657,109905731
2026-04-29 18:49:40.380001,COP,119.7564718220518,119.90586413910725,122.04648744757101,119.46713770359504,190569675
2026-04-30 18:49:40.380001,COP,119.52008442885145,119.16749085006673,121.17181007580527,118.72807867206228,161423508
2026-05-01 18:49:40.380001,COP,116.42596189702522,115.32729335310762,116.56351684932612,115.37776112303725,154320308
2026-05-04 18:49:40.380001,COP,114.09022359381697,114.29295519554228,116.22540763070677,112.5682322343725,78310740
2026-05-05 18:49:40.380001,COP,111.76487793307322,112.11873271019799,113.68066922632964,110.69326013154276,184316729
2026-05-06 18:49:40.380001,COP,111.59558375616442,112.47642954379427,112.72311284360566,110.5268292099354,116389515
2026-05-07 18:49:40.380001,COP,114.04747476965453,113.17255271465261,114.44068864185718,113.54151959851568,91594965
2026-05-08 18:49:40.380001,COP,115.41857780015162,114.64683799893172,116.95297699218253,115.21431355720236,106472766
2026-05-11 18:49:40.380001,COP,110.79719852239455,111.6622804121604,112.27143822722785,108.66945171058059,100870153
2026-05-12 18:49:40.380001,COP,110.30993881761762,110.11386763413249,111.61485639985509,109.41423658651063,172683099
2026-05-13 18:49:40.380001,COP,110.36632056017302,111.21280056387211,110.709676520216,110.34785358998624,66653221
2026-05-14 18:49:40.380001,COP,111.4022864600021,112.34395142760468,113.32761799343368,110.45451096952911,57407017
2026-05-15 18:49:40.380001,COP,113.43221535926389,113.9927678634237,113.45562297052471,113.196078689857,108663825
2026-05-18 18:49:40.380001,COP,115.35580171929976,115.803712474456,116.05099420355013,115.34158234096142,193782977
2026-05-19 18:49:40.380001,COP,116.0929080211113,116.3711274631721,117.36326806240235,114.09042903084416,63010098
2026-05-20 18:49:40.380001,COP,118.98249344516985,118.54711987660131,120.60848877633728,118.85620392497204,71951221
2026-05-21 18:49:40.380001,COP,122.76416352290086,122.89020395234095,124.2638475821243,120.62893518845104,111140719
2026-05-22 18:49:40.380001,COP,125.9149349233913,126.40824322415537,126.9944715187703,123.82186881511569,118093204
2026-05-25 18:49:40.380001,COP,127.5358167541883,126.74668494877155,128.27791403167282,126.42355677011174,170590834
2026-05-26 18:49:40.380001,COP,129.9400188592941,131.11071084080874,132.48777619969002,127.61796023741849,180381136
2026-05-27 18:49:40.380001,COP,124.37447563524553,123.72105572257294,126.37716989242274,122.49714953667821,177585735
2026-05-28 18:49:40.380001,COP,126.31915029130707,125.10725752296482,127.81194968476896,125.20731226955326,119565327
2026-05-29 18:49:40.380001,COP,123.38288714002248,124.0654223027167,124.92554715164803,122.49974865353613,86567690
2026-06-01 18:49:40.380001,COP,121.91775778071724,123.05485513774151,122.18661208002847,121.78548271750824,127675159
2026-06-02 18:49:40.380001,COP,118.69644060445002,118.00197564171837,119.50014517414337,117.92313265224013,111150358
2026-06-03 18:49:40.380001,COP,118.62841140344301,117.97130108323918,119.51647329366246,116.43164735190756,101872586
2026-06-04 18:49:40.380001,COP,119.74646423927403,119.68827122625825,122.12598112983248,117.91816908091307,140140093
2026-06-05 18:49:40.380001,COP,118.25379131053548,118.56576733858977,118.37484935005418,117.99086456750571,55384143
2026-06-08 18:49:40.380001,COP,122.77243500403108,122.66826016927247,124.52233312761295,120.8142358703192,124852321
2026-06-09 18:49:40.380001,COP,127.06059785822232,127.93932410563738,127.55697899368744,125.25724783669482,169110351
2026-06-10 18:49:40.380001,COP,127.03955823262957,126.0033364704376,128.81670699185995,126.6443560940888,178689061
2026-06-11 18:49:40.380001,COP,130.14171236398585,131.0301810615795,132.13358895320792,127.62635156704074,196521316
2026-06-12 18:49:40.380001,COP,132.89740402214338,132.35464883501746,134.79921140822051,130.42267974286852,116139753
2026-06-15 18:49:40.380001,COP,135.3518581134549,135.86565850492784,135.46118621745916,135.29616625108466,63971995
2026-06-16 18:49:40.380001,COP,143.43191132334326,143.26528893502194,144.81720322788797,140.60547189836444,193242719
2026-06-17 18:49:40.380001,COP,148.25755947291537,148.4844412594921,150.67559801543533,146.19540401998242,79977304
2026-06-18 18:49:40.380001,COP,149.25320355620659,148.04806892112128,151.73713969937506,148.7918383230974,182644400
2026-06-19 18:49:40.380001,COP,151.934543661897,151.9373138504205,153.31188054847306,151.66287823595604,122812803
2026-06-22 18:49:40.380001,COP,152.33726425966805,151.52019820011486,153.28281547595594,150.46820891767987,173071124
2026-06-23 18:49:40.380001,COP,159.73094448832484,158.14715296428832,160.55253873783136,158.20474325498512,67805718
2026-06-24 18:49:40.380001,COP,160.8509346896897,161.53796090253996,162.36786107179398,159.20263175071045,89617671
2026-06-25 18:49:40.380001,COP,157.47528410904533,156.01501333878304,159.46098228404273,157.44444453321663,125494032
2026-06-26 18:49:40.380001,COP,162.70690417238262,161.48960289628297,165.62421083431738,161.05265154753286,185494653
2026-06-29 18:49:40.380001,COP,164.3743741877616,163.6161396225811,166.42145475981965,161.0987067712454,70855557
2026-06-30 18:49:40.380001,COP,156.86447014820797,157.7925892381474,158.73665575837197,155.3073664149193,131501909
2026-07-01 18:49:40.380001,COP,158.386393999997,157.54942283081468,158.57287022735864,157.22840452604095,75806745
2026-07-02 18:49:40.380001,COP,159.0257839436925,158.04757404765002,159.32997847657293,156.65122048301876,135580882
2026-07-03 18:49:40.380001,COP,162.43993627582162,163.93127279826558,165.1522110344357,161.72953860973584,186031653
2026-07-06 18:49:40.380001,COP,159.70762997212958,158.12497226153891,162.12594693574928,159.61768405653743,176579302
2026-07-07 18:49:40.380001,COP,167.02014766508628,166.45393428703088,167.89007083638884,166.9916725956228,110127330
2026-07-08 18:49:40.380001,COP,174.4580353970713,174.2323054501585,176.6738786325138,173.27788917869054,159298400
2026-07-09 18:49:40.380001,COP,170.06801636463192,170.67470066190631,171.28136538009568,169.33088165930727,93354677
2026-07-10 18:49:40.380001,COP,171.973748616248,171.26565705825064,173.53299371774736,170.89286431810015,84717152
2026-07-13 18:49:40.380001,COP,173.96608981042186,173.2004410099148,177.08577101376795,171.66447262292925,115257213
2026-07-14 18:49:40.380001,COP,170.84834207860365,169.6591208711288,172.95605349311802,170.78405404714283,185961081
2026-07-15 18:49:40.380001,COP,161.47107424178225,162.18693451717309,162.55745612044038,160.09570460891194,69870625
2026-07-16 18:49:40.380001,COP,164.55802097845736,164.56880551977886,166.43544785976107,162.3308133997719,95930837
2026-07-17 18:49:40.380001,COP,162.81299647801976,163.1509095329165,165.0246493446283,161.84899282299813,141630065
2026-07-20 18:49:40.380001,COP,161.3512696163672,162.9174035889131,164.02455145804518,158.73048683480164,161821967
2026-07-21 18:49:40.380001,COP,163.00536345518012,164.1908608488521,163.53830892300172,160.8928530145374,187862753
2026-07-22 18:49:40.380001,COP,162.71191356628796,163.39319683027378,163.25455628343292,161.91397467030478,73448376
2026-07-23 18:49:40.380001,COP,162.42873929970222,161.37361468054593,164.64189406027194,161.54824873324648,50673606
2026-07-24 18:49:40.380001,COP,162.01689027798156,160.46143027432387,162.09147033113177,158.78809889004447,121944621
2026-07-27 18:49:40.380001,COP,169.34228576723652,170.44731455630196,169.94692949563043,169.24441572144036,159088908
2026-07-28 18:49:40.380001,COP,170.73824939334762,169.36309534861067,171.3405243790849,168.50322471755356,72193723
2026-07-29 18:49:40.380001,COP,163.67556838705016,164.81285728591703,166.6703372637251,162.19149802229026,198810698
2026-07-30 18:49:40.380001,COP,170.6473547622213,170.42968037618516,172.32849083313795,169.34765908715605,97606480
2026-07-31 18:49:40.380001,COP,174.23646412349737,172.9162409602939,175.63573099970552,172.57558252327922,96851095
2026-08-03 18:49:40.380001,COP,167.19361449436622,166.41084657709058,167.89877179571457,164.35287042340957,76919701
2026-08-04 18:49:40.380001,COP,176.73153329903124,178.02923016418967,177.95721624618218,176.24093033291916,82457492
2026-08-05 18:49:40.380001,COP,176.27744878021252,177.30681197831208,178.3886498748477,175.88051708640515,100129883
2021-08-06 18:49:40.380001,XLE,85.0,85.50548488475496,86.2481796407429,83.81698988551865,152162847
2021-08-09 18:49:40.380001,XLE,82.06344900569339,81.43499611473041,83.18956246268436,81.54987244585001,159253788
2021-08-10 18:49:40.380001,XLE,78.05185315966361,78.2140539605973,79.29261359495527,77.03196512570355,61624288
2021-08-11 18:49:40.380001,XLE,78.17626374679789,78.13199704528473,78.69087441494769,77.35098141796168,163420724
2021-08-12 18:49:40.380001,XLE,77.69001247321701,77.91336552156932,79.11744923938268,76.61619445999969,92072749
2021-08-13 18:49:40.380001,XLE,74.62597046188976,74.7211845113736,75.45956399274827,74.55539817321676,81874329
2021-08-16 18:49:40.380001,XLE,75.30678257054461,74.92379508275147,75.62794875828952,73.97356554899058,160382893
2021-08-17 18:49:40.380001,XLE,75.94887538739047,75.28206975447387,76.78540312579096,75.81143419036546,199914888
2021-08-18 18:49:40.380001,XLE,78.99249084874444,79.0294685287654,79.44216520401991,77.94790540016139,170260633
2021-08-19 18:49:40.380001,XLE,81.50857968726612,80.79551686837412,82.34407278603322,80.36569983749608,84258681
2021-08-20 18:49:40.380001,XLE,84.01397694917483,84.46295138942313,85.6371787014968,83.79242886801117,186280057
2021-08-23 18:49:40.380001,XLE,80.80973203818988,81.47840463173007,81.7922101775965,79.21451716785671,81562776
2021-08-24 18:49:40.380001,XLE,80.02794725525045,80.27576960062534,80.59498052804263,79.43924666247935,131091433
2021-08-25 18:49:40.380001,XLE,83.00481849174083,83.10676800300196,84.21723451309207,82.83791382884603,146804232
2021-08-26 18:49:40.380001,XLE,84.7847684362895,85.57682729588825,84.89209582626945,83.81961014315823,78654827
2021-08-27 18:49:40.380001,XLE,86.60845569022409,86.13263230501076,86.6187135400574,85.71799253107966,135755141
2021-08-30 18:49:40.380001,XLE,88.85660905564015,89.11491259630697,88.88670376468058,87.74646558362035,72689558
2021-08-31 18:49:40.380001,XLE,88.55492770626398,89.2677506089371,88.65332232637557,88.52807076601736,99495696
2021-09-01 18:49:40.380001,XLE,87.67946077943415,87.07902947952749,88.74406028079504,87.10297921950013,63417492
2021-09-02 18:49:40.380001,XLE,88.28579559151011,88.3788990426493,89.00708005853768,86.93108111992977,90234764
2021-09-03 18:49:40.380001,XLE,89.01114944944364,89.36711662777488,90.13113379265033,88.10045139785807,118414749
2021-09-06 18:49:40.380001,XLE,94.65728896298685,95.45107422561986,95.52847827169369,94.28589036526249,76154643
2021-09-07 18:49:40.380001,XLE,95.62801204411004,94.93177897907144,96.33903434033083,94.77366967075517,74632405
2021-09-08 18:49:40.380001,XLE,104.09545437470449,104.83060259338936,105.89755280162736,104.05532737675225,148359103
2021-09-09 18:49:40.380001,XLE,100.92885497136544,100.25173004465096,102.16401018475679,100.51707014467975,103905168
2021-09-10 18:49:40.380001,XLE,105.08474558840435,104.47979697137193,106.01443964599675,103.40014596353737,125995437
2021-09-13 18:49:40.380001,XLE,102.44762713974029,101.54349877663148,103.92890385229398,101.49669166189878,113258484
2021-09-14 18:49:40.380001,XLE,104.05989954293788,104.98457536363617,104.78047018220319,103.01271586324157,97614004
2021-09-15 18:49:40.380001,XLE,99.46789033713816,98.64673698894262,101.25800295322738,97.84568779539168,175727434
2021-09-16 18:49:40.380001,XLE,103.2733808285392,102.63324574543395,103.58066008367788,102.7901449575685,62799127
2021-09-17 18:49:40.380001,XLE,97.20137888230263,97.32632754246016,97.58477956660134,96.46063246500259,66573741
2021-09-20 18:49:40.380001,XLE,89.7736620216783,89.55321404910372,90.81236809302118,88.8198393309097,82124482
2021-09-21 18:49:40.380001,XLE,83.50195964362341,84.3056415345387,84.47039805339942,83.18239906501198,88938605
2021-09-22 18:49:40.380001,XLE,80.75099458932237,79.9620572303405,81.8946496039587,79.65970497400701,70881846
2021-09-23 18:49:40.380001,XLE,81.99662835694598,81.18220794928983,82.70626432299613,81.30769322629456,141797068
2021-09-24 18:49:40.380001,XLE,81.41194847763431,80.9080522597058,81.78092071504283,80.74322301838508,137602518
2021-09-27 18:49:40.380001,XLE,84.63818933743674,84.35257794975509,84.99778228141413,84.43194171118765,199008952
2021-09-28 18:49:40.380001,XLE,87.68253619793573,88.53067223101476,88.32508805428206,86.3021260307772,106726890
2021-09-29 18:49:40.380001,XLE,86.12803120677115,86.87257708896414,87.31513756684875,84.81332397981218,111912794
2021-09-30 18:49:40.380001,XLE,84.14493700693106,84.08744602630452,84.41459690731566,83.77627650916183,126382236
2021-10-01 18:49:40.380001,XLE,86.55920434223232,87.12240277434579,88.13602612680438,85.6631300436717,119812226
2021-10-04 18:49:40.380001,XLE,84.47600772008262,84.03959427643773,85.16328453332811,82.97624509639272,65086251
2021-10-05 18:49:40.380001,XLE,87.16239000162642,87.23070616958232,88.65922988079772,85.99578974230407,52814852
2021-10-06 18:49:40.380001,XLE,85.41007950413554,84.72826541167825,86.14445585707165,85.01828250578085,168644583
2021-10-07 18:49:40.380001,XLE,83.45315267553488,82.70142332720167,84.88515963923851,82.29949771948392,197741450
2021-10-08 18:49:40.380001,XLE,82.89432047416,82.77315481302455,83.99847619110281,82.27404104181925,50559623
2021-10-11 18:49:40.380001,XLE,76.54823320820422,76.48113483770437,77.85607372518879,75.18667359944999,62381009
2021-10-12 18:49:40.380001,XLE,82.84234006775804,82.40479846168034,83.35871870879163,81.2893677630788,198571683
2021-10-13 18:49:40.380001,XLE,81.63939233902444,80.82544271624268,83.01125327367716,80.38371689513357,77420358
2021-10-14 18:49:40.380001,XLE,85.04272404472286,85.84103401552794,85.16898900108478,84.65667274800882,158395199
2021-10-15 18:49:40.380001,XLE,86.45408149716305,86.78258547551692,87.31485173309895,85.24598229626946,184383619
2021-10-18 18:49:40.380001,XLE,83.83514717573503,83.05878019446821,84.90329747054297,83.07557421896674,187291780
2021-10-19 18:49:40.380001,XLE,83.98069210925968,83.65806922022956,84.3767920243898,83.81885274766977,92895021
2021-10-20 18:49:40.380001,XLE,84.08300045807478,84.76171317581702,84.09410474522073,83.88714935737968,91829585
2021-10-21 18:49:40.380001,XLE,81.6432898708865,81.49674128866198,83.0319503658816,81.09068473250288,116411327
2021-10-22 18:49:40.380001,XLE,82.91822330979065,82.2311501282574,82.97756031703925,82.57637987605352,75033860
2021-10-25 18:49:40.380001,XLE,88.90326040404682,89.34121297302936,89.88081869983193,87.99855510399341,151384632
2021-10-26 18:49:40.380001,XLE,81.47510596487611,81.54602409379933,82.61156947066314,80.97695195706095,172879399
2021-10-27 18:49:40.380001,XLE,88.49732658929302,87.74555295298579,90.23816925357953,88.19638673919121,76525279
2021-10-28 18:49:40.380001,XLE,86.80105429943437,87.52773368109983,87.20277763021006,86.14999855567478,135280238
2021-10-29 18:49:40.380001,XLE,83.35332914388931,83.1150904878981,84.13860504827181,82.31333926351591,142009207
2021-11-01 18:49:40.380001,XLE,93.00558678539613,92.21776998865022,94.43547173896212,92.12535719865836,156453394
2021-11-02 18:49:40.380001,XLE,88.94922148349575,88.88179779009266,90.02842168229623,87.75397104494776,150926367
2021-11-03 18:49:40.380001,XLE,93.83334328140575,93.90866372626452,95.63496642420317,93.51952283160017,112545833
2021-11-04 18:49:40.380001,XLE,92.65932527397266,92.91450458047922,92.6738038139081,91.45583727627645,112276263
2021-11-05 18:49:40.380001,XLE,93.11433126883666,93.03214109381545,93.6221159980301,92.88937667982543,56931061
2021-11-08 18:49:40.380001,XLE,88.83324224830952,89.69870114840991,90.08552644781639,87.95016239109235,143393410
2021-11-09 18:49:40.380001,XLE,84.6891662089368,83.9185667880908,86.22307475053512,84.00381938687711,64286707
2021-11-10 18:49:40.380001,XLE,84.1634438503824,83.92521075487046,85.76676916936044,84.01021808644147,62394840
2021-11-11 18:49:40.380001,XLE,80.58798086253579,80.80450599165638,80.90706557287392,79.45739256750919,191467524
2021-11-12 18:49:40.380001,XLE,79.35825895843979,79.68712273602,80.56777949898431,78.61595084232225,68325734
2021-11-15 18:49:40.380001,XLE,79.74218209064959,79.55471445821405,80.37261179925434,79.67633610650162,125461527
2021-11-16 18:49:40.380001,XLE,82.04345672390772,81.51332428651845,82.25611726507792,81.31859137404138,86217775
2021-11-17 18:49:40.380001,XLE,79.388845411716,79.47904704203181,80.76036329586131,79.24048109581958,176631178
2021-11-18 18:49:40.380001,XLE,78.39248826102225,78.93722426789536,78.46808622024382,78.39039764146256,102179443
2021-11-19 18:49:40.380001,XLE,72.63508274153882,71.99668688960361,73.38728619390525,72.23942314988753,146755267
2021-11-22 18:49:40.380001,XLE,77.80397352750927,78.38077644627462,78.02013237903633,76.29269965235194,157938311
2021-11-23 18:49:40.380001,XLE,76.53524946483297,77.18707139697857,77.15414818660133,75.09540444546258,169881225
2021-11-24 18:49:40.380001,XLE,72.25015155406906,72.57471489490592,73.41171143751255,70.99072638240632,125775393
2021-11-25 18:49:40.380001,XLE,75.23619920903256,75.04040144875835,75.66736057891585,74.68126316517869,196288619
2021-11-26 18:49:40.380001,XLE,73.01350322485946,72.95151267664077,73.67117415816689,71.95282372085433,187401263
2021-11-29 18:49:40.380001,XLE,71.58097473406897,72.18509183497443,71.73895852181221,71.28148267125653,163101483
2021-11-30 18:49:40.380001,XLE,69.52668781219553,70.06848159618963,69.67967390111609,68.3310589399945,116013638
2021-12-01 18:49:40.380001,XLE,67.85796118071549,67.22946101104006,68.78159490648181,67.00094182261962,177888625
2021-12-02 18:49:40.380001,XLE,65.77808001557976,65.61622296844074,66.20617958590184,64.54866046229778,189734820
2021-12-03 18:49:40.380001,XLE,63.15926624269453,62.76734104914214,64.03814477897846,62.41162250629478,74352003
2021-12-06 18:49:40.380001,XLE,65.98161639924352,65.7634859047282,66.56300411236087,65.57754583912649,74132496
2021-12-07 18:49:40.380001,XLE,62.88084369477141,63.01209523511063,63.92577735997027,62.09922726461333,147356208
2021-12-08 18:49:40.380001,XLE,62.12083981716669,61.58352770614099,62.61796964648764,60.97654219973319,84882074
2021-12-09 18:49:40.380001,XLE,59.720407139589476,59.69045002900195,60.84845898777938,58.908832570426256,180416342
2021-12-10 18:49:40.380001,XLE,58.91527682077543,59.221539918972574,59.3841352889361,57.83366442489211,185837811
2021-12-13 18:49:40.380001,XLE,60.80988160791601,60.80331718639628,61.57001639646474,60.636860337456824,88553595
2021-12-14 18:49:40.380001,XLE,64.4015443453808,64.80617726692867,65.20332613897386,63.41998978965241,52826789
2021-12-15 18:49:40.380001,XLE,64.1140845408989,63.72279139224776,65.17540758980779,63.316297969514295,183346010
2021-12-16 18:49:40.380001,XLE,60.46361391840338,60.11922140959612,61.57048024850372,59.76288433171404,116646902
2021-12-17 18:49:40.380001,XLE,60.95911232191293,60.71737613615959,61.81050581821209,60.69359910813431,167012195
2021-12-20 18:49:40.380001,XLE,61.145764353200924,61.47282235799021,62.31727628800931,60.824921370191774,141405276
2021-12-21 18:49:40.380001,XLE,61.07108526718035,60.958348040019786,61.84939957900106,60.42130425582058,154932082
2021-12-22 18:49:40.380001,XLE,62.323829512826656,62.80892770179181,62.38646926784584,62.06627232902338,91255890
2021-12-23 18:49:40.380001,XLE,61.71109043849867,61.157545390281946,62.828340730639134,60.88341243866795,73994243
2021-12-24 18:49:40.380001,XLE,59.187732925047584,58.74832226173198,59.29443540071045,58.505168798246416,147505055
2021-12-27 18:49:40.380001,XLE,61.42933308155998,60.87298596097322,62.00133231756575,60.78331026015137,59410745
2021-12-28 18:49:40.380001,XLE,64.33122651318399,64.84952831753546,64.88070365103256,63.33848099958451,199244790
2021-12-29 18:49:40.380001,XLE,65.75067610675342,65.91148822358899,66.98734016550706,65.52727204847915,128274940
2021-12-30 18:49:40.380001,XLE,67.38300098168956,67.49417073237763,67.95239572730685,66.13403318967127,142533832
2021-12-31 18:49:40.380001,XLE,67.97179473289096,67.85975590654932,68.34236550883959,66.89443575380423,121191548
2022-01-03 18:49:40.380001,XLE,65.30598420285418,65.5658265306756,66.10718235051714,64.26070666130593,164762363
2022-01-04 18:49:40.380001,XLE,60.659589787756275,61.024717269578545,61.713213341119854,59.7191376938199,171355370
2022-01-05 18:49:40.380001,XLE,56.726649938968755,56.83465721183191,56.94068989482461,56.70636009164809,61665868
2022-01-06 18:49:40.380001,XLE,53.1416769602671,53.57428175979161,53.61726202324123,52.94760084899987,179578586
2022-01-07 18:49:40.380001,XLE,50.92046532212264,50.60915375385187,51.28177875117223,50.325760832287166,187678500
2022-01-10 18:49:40.380001,XLE,49.38420743325433,49.43868633163736,50.296031083586726,48.67969609969886,151526104
2022-01-11 18:49:40.380001,XLE,53.49119353094451,53.58100299348353,53.97753985613347,53.27341362893466,68237598
2022-01-12 18:49:40.380001,XLE,50.857164667776836,50.4432268623518,51.397745041880256,50.787456686902196,185807880
2022-01-13 18:49:40.380001,XLE,48.62623357190236,48.57706266168063,49.07183079318678,48.497179017566545,71811136
2022-01-14 18:49:40.380001,XLE,48.154034365325764,48.58401981220768,48.579006045863,47.51855278502489,74008777
2022-01-17 18:49:40.380001,XLE,46.431600760007996,46.046781565046345,46.91346410369046,46.17009254041392,171749565
2022-01-18 18:49:40.380001,XLE,44.06882839436728,44.423528261342625,44.81543201273537,43.69636217099385,159360130
2022-01-19 18:49:40.380001,XLE,45.249843306403626,45.51972497956987,45.56824503281949,44.85097068315631,155968868
2022-01-20 18:49:40.380001,XLE,45.079387385110856,45.304411964746606,45.40008913694344,44.814113593768056,114751833
2022-01-21 18:49:40.380001,XLE,42.8478179172175,42.827224980086356,43.349495042511386,42.18162112020557,94824042
2022-01-24 18:49:40.380001,XLE,42.83229688541997,42.703596248386305,43.15615301525901,42.12260466116216,99362278
2022-01-25 18:49:40.380001,XLE,43.88736650871188,44.15963146946048,44.243488239968244,43.767870938806524,118134705
2022-01-26 18:49:40.380001,XLE,42.71597222814267,42.35297882778835,43.2538471365075,42.52481418600146,167470471
2022-01-27 18:49:40.380001,XLE,37.96657032497879,37.945182984146236,38.13158045998345,37.271434765174305,173261448
2022-01-28 18:49:40.380001,XLE,40.16889252004586,40.2648550266101,40.28714216961167,39.506211399304334,151153184
2022-01-31 18:49:40.380001,XLE,40.471028279206564,40.70007858769106,40.9397718350259,40.292813884315166,76003300
2022-02-01 18:49:40.380001,XLE,38.93676063686304,39.13964359390019,39.58672134341298,38.62818969805595,86328081
2022-02-02 18:49:40.380001,XLE,38.9966972058467,38.6341962404241,39.368402119439764,38.81643988685788,121024906
2022-02-03 18:49:40.380001,XLE,41.04286561896669,41.02405588711555,41.80185774581367,40.463025829979415,97475789
2022-02-04 18:49:40.380001,XLE,43.62348658544048,43.82941593588356,43.62516404893566,43.560715064019156,112573976
2022-02-07 18:49:40.380001,XLE,44.63418148587007,44.58731312949066,44.79233894307726,44.433347237836095,87360824
2022-02-08 18:49:40.380001,XLE,45.74788910286246,45.57110611994122,45.89925072619161,45.25645553228936,167569195
2022-02-09 18:49:40.380001,XLE,49.10136865825581,48.92515161130486,49.60279600002439,48.454219042370966,178621794
2022-02-10 18:49:40.380001,XLE,53.70904992926751,54.017722015116554,54.722527115719615,53.56635088065427,158079681
2022-02-11 18:49:40.380001,XLE,54.20479430981843,53.680721384842364,54.389895931887025,53.510722437551514,164183880
2022-02-14 18:49:40.380001,XLE,57.610373580208105,57.700725891437976,58.67848013408052,56.53544790322497,125966159
2022-02-15 18:49:40.380001,XLE,57.19171193038387,57.62443993363238,57.48480302151073,56.4790918438106,110084497
2022-02-16 18:49:40.380001,XLE,59.95135692586338,60.243127508009195,60.59675141643996,58.77981208713655,135363683
2022-02-17 18:49:40.380001,XLE,61.548678121963675,62.06812984975062,62.69619776254678,60.37994462112395,181720737
2022-02-18 18:49:40.380001,XLE,65.53600166677828,65.7986076154096,66.60904891931128,64.24348975000277,99710410
2022-02-21 18:49:40.380001,XLE,65.72339502554843,65.88211426296259,66.65172286435372,65.50751816583345,66323470
2022-02-22 18:49:40.380001,XLE,58.575545308639654,58.68952463583693,58.58872350359158,58.04174637707193,55121698
2022-02-23 18:49:40.380001,XLE,62.31462983985018,62.92078239271313,63.264431708098456,61.18055569575423,197299817
2022-02-24 18:49:40.380001,XLE,59.46177245288593,58.935296826786235,59.75575779075229,58.76597900805425,105367316
2022-02-25 18:49:40.380001,XLE,58.049968904026734,58.45223310385929,58.668254893654236,58.02133918786324,163963658
2022-02-28 18:49:40.380001,XLE,56.61503544945323,56.04925055085126,57.596098836338435,56.21692020640111,87673099
2022-03-01 18:49:40.380001,XLE,58.97439121973866,58.511773635044705,59.72485871723674,58.46291380517367,71119770
2022-03-02 18:49:40.380001,XLE,60.07856200535526,59.89490998822684,60.91628595217408,59.09161502964927,50523569
2022-03-03 18:49:40.380001,XLE,57.76449383489852,57.476926748963095,58.00579796154474,57.06924387083574,129644651
2022-03-04 18:49:40.380001,XLE,56.567028810854794,56.40517606892665,56.69288036150313,55.48458352457497,117329980
2022-03-07 18:49:40.380001,XLE,54.150227750580235,53.67411152853732,54.24381235918136,53.64372104127878,199618441
2022-03-08 18:49:40.380001,XLE,52.91905640461573,53.2032466679791,53.767582823660376,52.054524602970005,83024725
2022-03-09 18:49:40.380001,XLE,54.758821879306275,54.242949166477494,55.583427877227074,54.08421911589004,125874353
2022-03-10 18:49:40.380001,XLE,57.3614265898897,56.86934796957162,57.690894561052794,57.17837281748794,197212233
2022-03-11 18:49:40.380001,XLE,55.60182542478443,55.35310862173544,56.33512295284019,55.55791595516722,52067000
2022-03-14 18:49:40.380001,XLE,57.92208227117246,57.76092138722759,58.45341621795156,56.91218941843316,157570223
2022-03-15 18:49:40.380001,XLE,54.407079970245846,53.8755116772547,55.34799090217696,53.8029027602052,121400857
2022-03-16 18:49:40.380001,XLE,54.59956879289099,54.981474608935024,55.46955124416103,54.138900669464654,153834503
2022-03-17 18:49:40.380001,XLE,56.93649805631155,57.20296609661685,57.62992434208661,56.453948378043286,171587488
2022-03-18 18:49:40.380001,XLE,56.41555496137239,56.54774777825179,56.656467419721544,56.073860055339324,116271246
2022-03-21 18:49:40.380001,XLE,56.213628804407634,56.15527999835482,56.62357103573276,55.28243186753074,131646629
2022-03-22 18:49:40.380001,XLE,53.73210419809008,53.84384040786165,54.67216298099974,52.93664584381104,189549069
2022-03-23 18:49:40.380001,XLE,51.77398357166871,51.865181510602625,52.36086402245514,51.412542321236636,82935850
2022-03-24 18:49:40.380001,XLE,54.50349718107699,54.03538218323433,54.86983124513897,53.47059609810717,105646205
2022-03-25 18:49:40.380001,XLE,52.30668945544962,52.54230030741265,52.891027867037565,51.433679338856706,119101059
2022-03-28 18:49:40.380001,XLE,52.95788498461587,52.97413899809277,53.90397494248933,52.75708939217571,97077761
2022-03-29 18:49:40.380001,XLE,54.61411357722787,55.13964660723673,54.85508176565327,54.42299122943179,137556731
2022-03-30 18:49:40.380001,XLE,53.40142028055404,53.675714079854174,54.21486432195588,52.67995893248884,188082856
2022-03-31 18:49:40.380001,XLE,49.93127754294111,50.31698459292758,50.617757489436435,49.25214812211734,92022815
2022-04-01 18:49:40.380001,XLE,47.98427133821556,47.74335278957582,48.22567904901883,47.66930931844809,148933437
2022-04-04 18:49:40.380001,XLE,47.25885913729531,47.72399529320925,47.26828343246235,47.255103368149015,133004699
2022-04-05 18:49:40.380001,XLE,50.42711904035207,50.24689655570652,50.4520845256602,49.78135304470944,137913168
2022-04-06 18:49:40.380001,XLE,50.49873939378427,50.85553001003404,51.17558946830364,49.490331043328496,190498708
2022-04-07 18:49:40.380001,XLE,51.39109325185203,51.49363860403746,51.90598757233777,51.132139411948934,176705935
2022-04-08 18:49:40.380001,XLE,51.94469333604435,51.774286823298546,52.09014895579984,51.21841307520823,173894718
2022-04-11 18:49:40.380001,XLE,55.38402463714587,54.918177649085365,56.35978235216482,55.20942735968396,101101377
2022-04-12 18:49:40.380001,XLE,52.99793387059233,53.49178029034256,53.384250520718616,52.9238317024213,54064334
2022-04-13 18:49:40.380001,XLE,49.632710900482316,49.964453545733626,50.11425332244457,49.13167661977983,64259358
2022-04-14 18:49:40.380001,XLE,48.4173955936354,48.19724374712458,49.098503131468036,47.95526580923998,154329515
2022-04-15 18:49:40.380001,XLE,49.81646430036952,50.29571388659638,49.81754633944135,49.133221508355355,127299797
2022-04-18 18:49:40.380001,XLE,53.57116571627012,54.08122248951994,54.600696763854614,53.3784810030307,61379414
2022-04-19 18:49:40.380001,XLE,55.62933214280083,56.1120055342201,55.73564633688299,55.29933293875847,52170072
2022-04-20 18:49:40.380001,XLE,57.52761175342987,58.001300654318534,57.53998996386695,56.97213496232616,120932459
2022-04-21 18:49:40.380001,XLE,55.294147084562795,55.41362693030903,56.01789760031999,55.032631880960814,109648351
2022-04-22 18:49:40.380001,XLE,52.75536453285591,53.255585669751625,53.035897710882836,52.27344712852171,61602007
2022-04-25 18:49:40.380001,XLE,53.188077999267044,52.95524315255304,53.923353634078595,52.79011561400787,77895295
2022-04-26 18:49:40.380001,XLE,52.52343071069589,52.54471810971078,52.8403430766338,51.60326786266777,176743046
2022-04-27 18:49:40.380001,XLE,53.45977623032904,53.94243993192309,53.632945962394466,52.76574041260182,173287225
2022-04-28 18:49:40.380001,XLE,53.346581607024845,53.25365614180418,53.66535447893026,52.562476586014824,82643185
2022-04-29 18:49:40.380001,XLE,54.0914825992611,54.433316702500456,54.66296006262073,53.01543763631169,83232623
2022-05-02 18:49:40.380001,XLE,52.845314907924596,53.06071946621126,53.4711928422474,52.442690462943546,195671226
2022-05-03 18:49:40.380001,XLE,52.42351831873371,52.60864201664956,52.46015998285688,51.78022107094652,79674299
2022-05-04 18:49:40.380001,XLE,50.62206577341345,51.00791114454006,50.780775991890636,49.61587968701048,190654074
2022-05-05 18:49:40.380001,XLE,47.42176600451994,47.1446093841354,47.974142837135425,46.629989075077596,93159183
2022-05-06 18:49:40.380001,XLE,49.29722051653431,49.203202582566725,49.627303418669484,48.56318250064473,158577297
2022-05-09 18:49:40.380001,XLE,47.967127255002254,47.67412079776318,48.74450362066531,47.840126670645965,192999691
2022-05-10 18:49:40.380001,XLE,45.9279844555356,45.727352390231296,46.62629799876433,45.63862372420874,66722397
2022-05-11 18:49:40.380001,XLE,45.48636231121816,45.72951810000588,46.02524398852967,44.72305415429912,113933125
2022-05-12 18:49:40.380001,XLE,46.81192319668547,46.64229875347974,47.286935185206495,46.65205445909671,92770339
2022-05-13 18:49:40.380001,XLE,47.91023981036629,47.89352390728798,47.97180063960879,47.69923506003891,65288231
2022-05-16 18:49:40.380001,XLE,50.25612970783693,50.550755846681454,50.78933376339422,49.5117450852033,89293036
2022-05-17 18:49:40.380001,XLE,49.8036953742586,49.68208922339528,50.5792007830847,49.054749069702545,119923944
2022-05-18 18:49:40.380001,XLE,47.588780895592336,47.44403652594669,47.72625321331073,47.087978463575034,193035224
2022-05-19 18:49:40.380001,XLE,48.538668891645216,48.70008384798234,48.56100947902925,48.42029594528198,187183075
2022-05-20 18:49:40.380001,XLE,50.24863215172911,49.759514314517176,50.809179739055025,49.26330240075097,107523937
2022-05-23 18:49:40.380001,XLE,51.53008670411882,51.36953592779356,52.283396473653816,50.56658814612538,123251500
2022-05-24 18:49:40.380001,XLE,53.5253117701221,53.740146935105734,54.08509692936045,52.777744762631684,95002534
2022-05-25 18:49:40.380001,XLE,56.29553601228807,56.84595638522854,57.39422971946886,55.980862361270574,175822910
2022-05-26 18:49:40.380001,XLE,55.62769470687465,55.505123511872156,56.499991234182836,54.66835722780466,99049888
2022-05-27 18:49:40.380001,XLE,58.35910743348875,58.45772256294349,59.14465078044062,58.27810203500765,70403731
2022-05-30 18:49:40.380001,XLE,61.914436629964335,61.58550315909917,62.8428193190741,61.72830234059777,129784521
2022-05-31 18:49:40.380001,XLE,64.30907046953503,64.49095979682302,65.36016841263624,63.12826285417534,124441895
2022-06-01 18:49:40.380001,XLE,63.97694190427685,63.631538684136686,64.58452683057975,62.852791410718744,142082605
2022-06-02 18:49:40.380001,XLE,65.40090030469491,65.81424896735923,65.69153107003163,64.6314055613779,79493264
2022-06-03 18:49:40.380001,XLE,62.859472131943186,62.31075913076174,63.36907714383721,62.33121118966166,159192988
2022-06-06 18:49:40.380001,XLE,65.29839426580257,65.44568419049695,65.76371323742033,64.4391488156522,176503961
2022-06-07 18:49:40.380001,XLE,60.321857778692994,60.50700739546554,60.98191265842569,59.11836950037022,173344668
2022-06-08 18:49:40.380001,XLE,60.38362809403359,60.660861379619675,60.43422708663765,60.3739185231523,61004347
2022-06-09 18:49:40.380001,XLE,61.09955109479047,61.118870275798095,61.45804597614483,60.99048658867475,155385178
2022-06-10 18:49:40.380001,XLE,62.19810393798629,61.89560483532406,62.5747452300585,62.18284735734663,158961212
2022-06-13 18:49:40.380001,XLE,65.65623568337742,65.5367443090555,66.67139885284558,65.12211864943852,57523370
2022-06-14 18:49:40.380001,XLE,66.96612201132946,67.01526056289973,67.14099656456897,66.36511765485595,120731774
2022-06-15 18:49:40.380001,XLE,68.78757600834665,68.55916460738464,69.69152073921303,68.52209303601252,182284327
2022-06-16 18:49:40.380001,XLE,67.87813384674098,67.6148112669068,68.37090155987534,67.50435105529964,152231982
2022-06-17 18:49:40.380001,XLE,68.78389137996814,68.403697945106,69.6909114448257,68.58518743386568,102695561
2022-06-20 18:49:40.380001,XLE,69.0467607144587,68.53946917661179,70.42124829296044,68.18246534754402,82663734
2022-06-21 18:49:40.380001,XLE,68.85465800239982,68.93536319135099,69.84433911475196,68.75552860356952,57945645
2022-06-22 18:49:40.380001,XLE,70.34483350570225,69.77727928666079,70.54076582628169,69.55856411762063,80077320
2022-06-23 18:49:40.380001,XLE,70.66662138631868,70.30077657702054,71.87158501404586,69.65561354149095,146530156
2022-06-24 18:49:40.380001,XLE,70.64214812215087,70.85976998928304,71.39705557708596,69.62277515630193,127201700
2022-06-27 18:49:40.380001,XLE,69.41667524021874,69.64763493761617,70.53761106098463,69.3670175690309,144675876
2022-06-28 18:49:40.380001,XLE,66.74548210131726,66.53344331024908,67.53697584662676,66.3035221630292,66863188
2022-06-29 18:49:40.380001,XLE,67.20022269747804,67.71795577606579,68.20915609414668,66.30011307020386,135875526
2022-06-30 18:49:40.380001,XLE,65.13745901060257,65.09116532097158,65.7906119103072,64.21980339283016,94636345
2022-07-01 18:49:40.380001,XLE,65.80755677226885,65.240187318998,66.09928316863895,65.76607261080936,72274995
2022-07-04 18:49:40.380001,XLE,65.33650951981126,65.32708236464497,66.0984174482128,64.03078293252764,51190359
2022-07-05 18:49:40.380001,XLE,64.74800528521858,64.42625575538673,65.17598015304807,63.65063771593054,187340281
2022-07-06 18:49:40.380001,XLE,64.8076262955408,64.80280493575037,65.44137823580763,63.679939212303495,65485025
2022-07-07 18:49:40.380001,XLE,61.5079172736459,60.90556551333219,62.274772765279295,60.76521946751846,180832466
2022-07-08 18:49:40.380001,XLE,61.77188488594776,61.4331114315691,62.631861416925965,61.17107683007231,68952751
2022-07-11 18:49:40.380001,XLE,63.21028523792198,63.24077256121125,64.07389986012475,62.60250281051988,62715512
2022-07-12 18:49:40.380001,XLE,60.31935170645589,60.57560044777075,61.10991013992292,60.10215127276211,125301495
2022-07-13 18:49:40.380001,XLE,56.61922211683954,56.113241213768,56.87878518567287,55.87912812240656,105319836
2022-07-14 18:49:40.380001,XLE,56.46221492387599,56.67736488459441,56.79760301614605,56.218572202862745,138051732
2022-07-15 18:49:40.380001,XLE,53.240339450541036,53.00443936189947,53.72882368477729,52.90036327241636,163876443
2022-07-18 18:49:40.380001,XLE,51.49824057856347,51.725148509629975,52.52013907640875,51.003251880368595,185412811
2022-07-19 18:49:40.380001,XLE,48.452007039153884,48.62094507306908,49.210665716524815,47.485180528298855,73595393
2022-07-20 18:49:40.380001,XLE,48.4798348451326,48.751899429860615,48.49562282997701,47.78666266241472,116227150
2022-07-21 18:49:40.380001,XLE,44.60047294958745,44.34326341249078,44.72658407030533,44.07002483087649,194015036
2022-07-22 18:49:40.380001,XLE,44.9748393186204,44.670961726737715,45.10060022919426,44.34025744847681,76031256
2022-07-25 18:49:40.380001,XLE,45.37653831731805,45.00517897780793,45.882801747993184,44.57138316419633,77990927
2022-07-26 18:49:40.380001,XLE,47.516652805073804,47.19336314851849,48.29531882153349,47.28733125582163,95654189
2022-07-27 18:49:40.380001,XLE,46.48327112613361,46.04650321478943,46.82966078498654,45.840138047192696,186821759
2022-07-28 18:49:40.380001,XLE,45.80962547073876,46.02158608503335,45.969303106020725,45.46437138117003,72613670
2022-07-29 18:49:40.380001,XLE,46.215993823327835,46.64676204735129,46.57466797260755,45.84126241855598,149130522
2022-08-01 18:49:40.380001,XLE,45.46926164711561,45.122370402642325,45.73679767918838,44.76337311258223,61899576
2022-08-02 18:49:40.380001,XLE,47.32695059565114,47.24441718608984,47.82098027662087,46.67296109419482,117843805
2022-08-03 18:49:40.380001,XLE,48.78794231917572,48.50312082740292,49.015401824480044,48.10785254275623,129418891
2022-08-04 18:49:40.380001,XLE,51.32154228851607,51.772316057926766,52.25950321618954,50.76788995934262,56520789
2022-08-05 18:49:40.380001,XLE,54.59781483777223,54.96478390101909,55.66488552128731,54.116100801196566,184654400
2022-08-08 18:49:40.380001,XLE,53.657743667584576,53.822068444349895,54.30515260329025,52.83235620297767,53663621
2022-08-09 18:49:40.380001,XLE,53.969014079890684,53.50543442485244,54.629173133838094,53.11789315085601,73560201
2022-08-10 18:49:40.380001,XLE,50.586685938778345,50.81756373260388,51.2079393776321,49.688612097561496,156494848
2022-08-11 18:49:40.380001,XLE,52.62731413869832,52.949028565036926,53.338707891849005,51.847216216067665,145441565
2022-08-12 18:49:40.380001,XLE,51.914487622500154,51.46766812719104,52.349231021592836,51.21913069128602,156899266
2022-08-15 18:49:40.380001,XLE,52.55170998000262,52.308360283824186,52.599469838464756,51.58273791539851,60166888
2022-08-16 18:49:40.380001,XLE,50.80906711517575,50.53730666902674,51.06354126009508,49.87858844694933,181995010
2022-08-17 18:49:40.380001,XLE,52.95814816247371,52.53426966161014,53.189811746707676,52.04698426188683,133950229
2022-08-18 18:49:40.380001,XLE,56.054783435415125,55.99488552564118,56.66661466534572,54.996537967237366,128299362
2022-08-19 18:49:40.380001,XLE,55.67853039902493,55.690943267500465,55.99499912837754,55.39090445952,198842935
2022-08-22 18:49:40.380001,XLE,54.29021362910908,54.71010806455542,54.48319225370863,53.37048555707648,194691638
2022-08-23 18:49:40.380001,XLE,57.12039246696281,57.66350049411657,57.12967318483674,56.96007791904166,114560358
2022-08-24 18:49:40.380001,XLE,59.957163063431594,60.4768336268993,59.97678296447484,59.587364830891964,58562380
2022-08-25 18:49:40.380001,XLE,60.969352564238854,60.70754849970669,61.75260522186691,60.79526935764618,186028889
2022-08-26 18:49:40.380001,XLE,59.524137907348944,60.105621011267296,60.368646374203315,58.997202792974434,85800806
2022-08-29 18:49:40.380001,XLE,62.30247833530698,62.58864022312463,63.05031412253611,61.24719453128317,144531255
2022-08-30 18:49:40.380001,XLE,63.16841549462107,62.788249624048554,63.294666862385434,62.0930757600845,98726446
2022-08-31 18:49:40.380001,XLE,68.4503012626199,68.84086809265658,68.88365200760181,67.67783779758611,155500640
2022-09-01 18:49:40.380001,XLE,67.8494755161659,67.96307464227147,68.63245758192085,67.67709748773792,118367416
2022-09-02 18:49:40.380001,XLE,70.05705658093574,69.62455559232086,70.9634213684866,69.00796351199718,181711929
2022-09-05 18:49:40.380001,XLE,68.08033817152779,68.75174277355367,69.09324310797209,66.81942941208564,132987529
2022-09-06 18:49:40.380001,XLE,66.69312180833518,66.51107389947958,67.11234272248713,66.46920807405891,103397081
2022-09-07 18:49:40.380001,XLE,61.57162676660056,61.82646815977219,61.62766629094697,60.49965665039072,98542492
2022-09-08 18:49:40.380001,XLE,61.4353225583532,61.73415362629624,61.89788144541309,60.80937556905383,167984816
2022-09-09 18:49:40.380001,XLE,59.88011341476354,59.56292144228666,60.046716700610496,59.30181192912926,132280626
2022-09-12 18:49:40.380001,XLE,63.271675644125246,63.209937709674286,63.602486851772426,62.683254106200565,96804178
2022-09-13 18:49:40.380001,XLE,65.49658950009557,65.356716705888,65.93340325746682,64.54920800678018,65673072
2022-09-14 18:49:40.380001,XLE,64.14829484795108,64.51387398177539,65.30642072133192,63.14699390428957,113987293
2022-09-15 18:49:40.380001,XLE,62.97863725002717,63.00215627914519,63.191819857161924,62.63227453389019,153718083
2022-09-16 18:49:40.380001,XLE,66.55094885604218,66.25303803541223,67.86929075123696,66.39490267433224,83607547
2022-09-19 18:49:40.380001,XLE,70.85939008167787,70.82735339395975,71.67064913395882,70.56010874490077,120723949
2022-09-20 18:49:40.380001,XLE,66.3301610568589,66.61813006210639,67.29780463809067,65.57806050803887,61633908
2022-09-21 18:49:40.380001,XLE,64.55384096855103,64.57125526567492,65.61906623660018,63.63468096391789,50922825
2022-09-22 18:49:40.380001,XLE,59.99744977778042,60.27093384193102,60.3075782712847,58.91496074047879,63982272
2022-09-23 18:49:40.380001,XLE,57.68625499504039,57.43791367357933,57.776183400674334,57.016630360526214,146984654
2022-09-26 18:49:40.380001,XLE,54.64660192488555,54.252046967002876,55.072079965167546,54.49265097563202,86329091
2022-09-27 18:49:40.380001,XLE,53.31459086809743,52.978722542635545,53.69130078266099,52.949251078556614,167610537
2022-09-28 18:49:40.380001,XLE,51.544252048805404,51.86044849251468,52.028000978456916,51.03647607674747,130347189
2022-09-29 18:49:40.380001,XLE,49.99617526471035,50.40315408387057,50.70440736084293,49.94709848002013,123601833
2022-09-30 18:49:40.380001,XLE,50.15927158020203,49.69772920540213,50.875036409626674,49.38397238636387,74124961
2022-10-03 18:49:40.380001,XLE,50.09012290796824,50.36442795116004,50.45466553245003,49.19282847324021,159857496
2022-10-04 18:49:40.380001,XLE,49.6014078842863,49.26266267759873,49.93499207088541,49.17209730508067,109359813
2022-10-05 18:49:40.380001,XLE,49.93214850303734,49.63484333564271,50.63482578119544,49.77771627509005,87884265
2022-10-06 18:49:40.380001,XLE,51.35336652015629,51.584259444084516,51.40746754788188,50.77371767490666,111524978
2022-10-07 18:49:40.380001,XLE,51.32524011266057,51.800278186172044,51.61347943306775,50.69297220450522,95507781
2022-10-10 18:49:40.380001,XLE,50.52019377794081,50.91714668345849,51.3169259908746,49.96699571900145,50655596
2022-10-11 18:49:40.380001,XLE,49.98773177568099,50.45032925921809,50.004798300344056,49.74257010923004,79177936
2022-10-12 18:49:40.380001,XLE,50.49161560453005,50.848742435550164,51.41485158077412,49.76388516402473,128801808
2022-10-13 18:49:40.380001,XLE,50.48099632603532,50.30225657931425,50.96389080355452,49.74515037394515,197268803
2022-10-14 18:49:40.380001,XLE,50.724151740444356,51.04720709110667,51.54886709036089,50.3007997876725,160934718
2022-10-17 18:49:40.380001,XLE,53.30170557254405,52.95869196338943,53.78468580213012,52.23674038640502,85384295
2022-10-18 18:49:40.380001,XLE,52.26360237757517,52.621432973430004,52.68079099989551,51.40739382217987,79539815
2022-10-19 18:49:40.380001,XLE,53.05714759182687,52.92444078850711,53.11845390076866,52.00092458536869,115536044
2022-10-20 18:49:40.380001,XLE,52.696420276033784,52.869753564443016,53.25148763985199,52.347609339891186,64431880
2022-10-21 18:49:40.380001,XLE,51.89326832913722,51.83790561208594,52.83119364274461,51.149391553269965,169911596
2022-10-24 18:49:40.380001,XLE,49.76576971078537,50.01371970737201,49.97884942631558,49.08752847793066,107178898
2022-10-25 18:49:40.380001,XLE,51.799263027171946,51.58481286776762,52.36622792695927,51.10305303024379,173195553
2022-10-26 18:49:40.380001,XLE,53.53908349182311,53.73407141387048,53.87133851883115,53.41841848157199,51408276
2022-10-27 18:49:40.380001,XLE,55.5728589297976,55.80322927758197,55.73854762113788,54.58208606396434,59622354
2022-10-28 18:49:40.380001,XLE,56.326502084691136,56.836456280392895,57.169205005188964,55.7311692758026,113474075
2022-10-31 18:49:40.380001,XLE,58.01927465843579,58.277746860352664,59.12135582272873,57.036530536858706,174038691
2022-11-01 18:49:40.380001,XLE,57.35698969292473,57.58566097021079,58.37955714027693,56.61304562625486,78255442
2022-11-02 18:49:40.380001,XLE,56.67027489578831,56.83190155183508,56.75110982664605,55.68256860814416,115656532
2022-11-03 18:49:40.380001,XLE,56.765727759335675,57.208653392684546,57.65565426822913,56.73152960831164,53427985
2022-11-04 18:49:40.380001,XLE,55.81961819579,55.78774001847657,56.72842953703607,55.44288371062622,96791365
2022-11-07 18:49:40.380001,XLE,55.931405890218834,55.42941244705557,56.298581502852365,55.468775451134405,67356989
2022-11-08 18:49:40.380001,XLE,56.57791059606399,56.21348373251536,57.22148511906746,56.449841832168474,93370196
2022-11-09 18:49:40.380001,XLE,54.84846714763475,55.239897685232734,55.82433446735357,54.70157890719019,96799539
2022-11-10 18:49:40.380001,XLE,54.61445607165242,54.807871106219785,55.272260925989166,53.84443820707533,74683332
2022-11-11 18:49:40.380001,XLE,57.589495923087014,58.12952447581101,57.735787529428144,56.91038659767429,67436762
2022-11-14 18:49:40.380001,XLE,56.503823476971746,56.23322835233875,56.521592516542476,56.43064743370986,141475088
2022-11-15 18:49:40.380001,XLE,55.243720836992715,55.35635364347891,55.28520126887628,55.16045133191981,139856788
2022-11-16 18:49:40.380001,XLE,54.5978030741366,54.300046324626045,55.033906399283914,54.03517923619895,55895054
2022-11-17 18:49:40.380001,XLE,55.047236114166736,55.3354484432055,55.17482201708462,54.143778600658,168683925
2022-11-18 18:49:40.380001,XLE,53.68733911152886,53.202835077303924,53.728589982946765,52.99196299083342,177574729
2022-11-21 18:49:40.380001,XLE,52.767152145466596,52.80329877332453,53.79749065981463,52.42004081212118,113972958
2022-11-22 18:49:40.380001,XLE,52.16347812001657,52.15367966839903,52.55535256134914,51.124314927481706,124857165
2022-11-23 18:49:40.380001,XLE,53.20618860191326,53.145730242708716,53.210055709855645,52.383814174875546,95876487
2022-11-24 18:49:40.380001,XLE,55.133886649891735,55.23875368504932,56.08481996231585,55.12188075467729,111417622
2022-11-25 18:49:40.380001,XLE,54.37639108894636,54.47667170444362,54.62547929500715,54.359683029289066,75175789
2022-11-28 18:49:40.380001,XLE,54.161201788604465,54.504524826742426,54.600014844823946,53.84330377859968,96449198
2022-11-29 18:49:40.380001,XLE,53.987237067437896,54.2226928925027,54.51713017752374,53.8696222065787,82932872
2022-11-30 18:49:40.380001,XLE,53.09482803278536,53.03106403787204,53.88921091090154,53.08206021163444,159393257
2022-12-01 18:49:40.380001,XLE,54.892662653847815,54.96651600395434,55.598084015558584,54.68624123765235,52644101
2022-12-02 18:49:40.380001,XLE,53.88518438000164,53.58913155815303,54.007106412688984,53.37266517828466,83887487
2022-12-05 18:49:40.380001,XLE,52.07844274820187,52.34631242457161,52.11848527157452,51.956132406566965,82846348
2022-12-06 18:49:40.380001,XLE,50.43307683599513,50.438592486489526,50.75401393444167,49.81132234597332,71552257
2022-12-07 18:49:40.380001,XLE,48.33583525067671,48.03899779667634,49.083185952558,48.33099698943615,133951976
2022-12-08 18:49:40.380001,XLE,52.35892880842226,52.45280931221074,52.681906524310214,51.647569594277506,148921731
2022-12-09 18:49:40.380001,XLE,52.7294155870087,52.91127634664541,53.103363603320396,52.58463867853828,98328918
2022-12-12 18:49:40.380001,XLE,49.8840620372701,50.18003866969687,50.08568073435783,49.39634803334961,103412797
2022-12-13 18:49:40.380001,XLE,52.26740047097176,52.311023968813295,52.889664566152405,51.458221388754126,198651310
2022-12-14 18:49:40.380001,XLE,50.06817877256028,49.56981014260371,50.42976128077782,49.50842722002398,145512235
2022-12-15 18:49:40.380001,XLE,49.957005652620964,49.71283456891721,50.82075246023164,49.89681790389634,55830283
2022-12-16 18:49:40.380001,XLE,47.515546233177716,47.59251831139245,47.77185754909053,47.07196457642478,143614814
2022-12-19 18:49:40.380001,XLE,46.8683025628289,47.31581130082951,47.33815825292932,46.63514197815734,70649295
2022-12-20 18:49:40.380001,XLE,46.36180683199974,46.57376820446552,46.68559627199202,45.79266067669568,149597497
2022-12-21 18:49:40.380001,XLE,47.722281731549046,47.67890117546852,48.54493136377318,47.427036724318086,90246875
2022-12-22 18:49:40.380001,XLE,44.99948482034697,45.147641388030735,45.15976210606554,44.6387376570411,82258182
2022-12-23 18:49:40.380001,XLE,47.463452227771256,47.702375551927354,47.67729108748274,46.84335607680218,144923526
2022-12-26 18:49:40.380001,XLE,50.69429626067068,50.21373541499002,51.70571515351427,49.80294016495223,164060077
2022-12-27 18:49:40.380001,XLE,48.28537584687231,48.311098060637526,49.09296308290901,48.15516119306885,154366625
2022-12-28 18:49:40.380001,XLE,46.701511965125114,47.03097515386378,46.974483391380105,45.83275535449478,59935609
2022-12-29 18:49:40.380001,XLE,47.83086702325665,47.87841217669893,48.389692594242746,47.705575726770114,148050163
2022-12-30 18:49:40.380001,XLE,48.54462007937533,48.9348986140995,49.24299086977071,47.57484013514912,80159451
2023-01-02 18:49:40.380001,XLE,47.71163270564942,47.983841819369744,47.991161228505256,47.61684271247987,178079921
2023-01-03 18:49:40.380001,XLE,48.04109433722744,48.09389535551039,48.91558384342939,47.30416373954764,183110682
2023-01-04 18:49:40.380001,XLE,46.29098442444154,45.97386666629659,46.93042589838929,45.604075599622426,189958635
2023-01-05 18:49:40.380001,XLE,46.922558243689544,46.551653454103345,47.37358283600658,46.349177423412236,125324350
2023-01-06 18:49:40.380001,XLE,45.17823549633701,45.62683359066563,45.63453657368966,44.503321876007135,61285808
2023-01-09 18:49:40.380001,XLE,43.11972845746374,43.47853307064844,43.67529573948304,42.82724945362047,135379294
2023-01-10 18:49:40.380001,XLE,45.81375714915834,45.592622719554306,46.684485098990024,45.61651538797749,174753767
2023-01-11 18:49:40.380001,XLE,45.20178881780161,45.594973465069366,45.93775078057815,45.02019128641826,81757190
2023-01-12 18:49:40.380001,XLE,47.506862578329965,47.10247210573293,47.73879411731138,47.079719569046986,155762500
2023-01-13 18:49:40.380001,XLE,48.10283785984876,47.77964402938732,48.73594033631669,48.08540331707965,199883181
2023-01-16 18:49:40.380001,XLE,47.630514867535325,47.565609738660164,48.354545420940845,47.3312842062564,128257335
2023-01-17 18:49:40.380001,XLE,50.119415238596,49.84523893987467,50.9518252431598,49.9821225993568,73301334
2023-01-18 18:49:40.380001,XLE,50.77853697087954,51.0868277133554,51.14502672143544,50.56442675021419,50383603
2023-01-19 18:49:40.380001,XLE,52.64399578437348,52.98787828893038,52.662215960641056,51.93201812976158,72270677
2023-01-20 18:49:40.380001,XLE,52.48653304364277,52.94168100703496,52.8029646141946,51.95409028069162,91625002
2023-01-23 18:49:40.380001,XLE,49.749967221775506,49.870331499112304,50.31933472869675,49.649070348291204,75590035
2023-01-24 18:49:40.380001,XLE,49.45388688966234,49.50201243900335,49.948107441199866,49.142980213741474,90671571
2023-01-25 18:49:40.380001,XLE,50.46578888920583,50.60491345466492,51.11617385329038,49.93571770573657,198236598
2023-01-26 18:49:40.380001,XLE,52.18166067147247,52.26873205650071,52.95989433049594,51.47350771600194,147459450
2023-01-27 18:49:40.380001,XLE,50.66575409202112,50.839413682248505,50.82111227841701,49.69984685961851,64477185
2023-01-30 18:49:40.380001,XLE,51.41193616096886,51.838739316224526,52.14806690270647,50.57108814703595,152868124
2023-01-31 18:49:40.380001,XLE,51.31434784797536,51.04524226770808,51.47486621323751,50.492041747118854,110162126
2023-02-01 18:49:40.380001,XLE,53.32531207268365,53.61212017886212,53.80516147046113,52.374700353569494,178349753
2023-02-02 18:49:40.380001,XLE,55.288941153812644,55.532563974900214,56.08481313347159,54.929636053442195,176244746
2023-02-03 18:49:40.380001,XLE,56.14833723805708,55.87958855650503,56.69654080724852,55.75970903881235,72094939
2023-02-06 18:49:40.380001,XLE,56.85912522295199,57.19332938630812,57.09971659138015,55.75148665538413,74127293
2023-02-07 18:49:40.380001,XLE,60.41170893821743,60.9103897747794,61.14808740369219,60.351786126853874,189559184
2023-02-08 18:49:40.380001,XLE,57.50372133559845,57.8657198770937,58.561246217677265,56.490060067968976,138731133
2023-02-09 18:49:40.380001,XLE,59.04009289772043,59.59386758375445,59.165841078843144,58.50667729930582,114589262
2023-02-10 18:49:40.380001,XLE,58.590403560653996,58.90798448674715,59.6275400109071,57.5346316378634,143773963
2023-02-13 18:49:40.380001,XLE,59.78688551010191,60.24909236114272,60.34958070628299,59.14580155352898,174712235
2023-02-14 18:49:40.380001,XLE,57.70453263325568,57.222939407203725,58.13125855969238,57.283730240875414,188411929
2023-02-15 18:49:40.380001,XLE,55.21461706428011,55.07158122559582,56.19135946901742,54.617526999784964,96130480
2023-02-16 18:49:40.380001,XLE,54.67023894195941,54.56331148146424,55.50875547370999,53.912790008676524,196101916
2023-02-17 18:49:40.380001,XLE,51.78548012320818,52.191995079409956,52.01559372397966,50.88129917498051,143987349
2023-02-20 18:49:40.380001,XLE,49.927229755220345,49.74899800717533,49.961029411533055,48.9823081066111,56925820
2023-02-21 18:49:40.380001,XLE,54.53761499524023,54.12056659513611,55.539825037740016,54.04721356430715,150522898
2023-02-22 18:49:40.380001,XLE,54.08150296664276,53.81854616182495,54.95615163202895,54.01808451946131,52119690
2023-02-23 18:49:40.380001,XLE,54.04239076726707,54.22791144235759,54.1790187779651,53.20660318264851,70974854
2023-02-24 18:49:40.380001,XLE,51.92903238648586,52.1581032793671,52.148821985354985,51.288636908371906,129748957
2023-02-27 18:49:40.380001,XLE,49.433436016969345,49.21810368288349,49.79753933723895,49.24755809448284,168043451
2023-02-28 18:49:40.380001,XLE,46.80563381533918,46.954123474863046,47.0931816011951,46.531871388035746,109664029
2023-03-01 18:49:40.380001,XLE,47.22517613539747,47.29599479142114,47.37041789031786,47.08200888261355,141138054
2023-03-02 18:49:40.380001,XLE,49.75612113569279,49.8394915094801,50.581966832424136,49.28095483002086,152092557
2023-03-03 18:49:40.380001,XLE,49.20295811905347,49.42580861439654,49.456710544228635,48.50699265409101,67465868
2023-03-06 18:49:40.380001,XLE,52.76937786478778,52.392163194010514,52.87429519944724,52.213796424040694,160210248
2023-03-07 18:49:40.380001,XLE,51.394189110186,51.55086810182626,51.88404661586207,50.55338514168896,185607704
2023-03-08 18:49:40.380001,XLE,54.245678088689964,53.719539240982726,55.16237685452915,53.278842830126194,111046451
2023-03-09 18:49:40.380001,XLE,53.208867357612945,52.69922101317065,53.584126277998436,53.068764302948225,184775065
2023-03-10 18:49:40.380001,XLE,50.308962186024615,50.244545077193685,50.974321872605266,49.90501063803808,178016995
2023-03-13 18:49:40.380001,XLE,54.57481290742344,54.367321690099274,55.24443776478356,53.84348819310785,89551524
2023-03-14 18:49:40.380001,XLE,56.106959682523254,55.57346517849535,56.446893872627115,55.140978886633455,195398143
2023-03-15 18:49:40.380001,XLE,57.3153952834078,56.78807112877486,58.425648894817364,56.951398277185184,66292237
2023-03-16 18:49:40.380001,XLE,54.884419532476976,55.000526665791796,55.950560731609954,54.25155214619644,179244736
2023-03-17 18:49:40.380001,XLE,53.02708431965734,52.783102664331,53.16796835249935,51.98187897164782,94418383
2023-03-20 18:49:40.380001,XLE,54.97610426008374,55.07934784215115,55.26090419453954,54.55654943845731,127536972
2023-03-21 18:49:40.380001,XLE,50.46426399304975,50.41127466992039,50.977731700491816,49.790895240928855,163490511
2023-03-22 18:49:40.380001,XLE,48.9813321139775,49.299157297576116,49.812384453990155,48.75396687441262,198503064
2023-03-23 18:49:40.380001,XLE,46.79795956267097,47.21364477940107,47.522050561958324,46.414678709708866,76812469
2023-03-24 18:49:40.380001,XLE,46.928557457985804,46.619754595997236,46.99539532257769,46.336868603191675,60150777
2023-03-27 18:49:40.380001,XLE,45.33824454425255,45.26972309226272,45.516024862090156,44.64132003186542,146543405
2023-03-28 18:49:40.380001,XLE,43.42925347862238,43.70387340711512,43.677695907246594,42.89546686416763,109572546
2023-03-29 18:49:40.380001,XLE,45.775431508615036,45.96210156641636,46.2984279484497,44.87821356423281,118632894
2023-03-30 18:49:40.380001,XLE,46.36012889981305,46.3841882176757,46.426949197692316,45.586870726508714,153818068
2023-03-31 18:49:40.380001,XLE,47.16325593185168,46.80409123109633,47.7021156537688,46.579358503554744,102678276
2023-04-03 18:49:40.380001,XLE,43.30600107218891,43.386794201660486,43.96502280463123,42.72079129329615,103211013
2023-04-04 18:49:40.380001,XLE,46.33600989989539,46.081448774171164,47.1272492063075,45.50043072851919,158798197
2023-04-05 18:49:40.380001,XLE,42.93897922997987,42.59071792854475,42.959299911612725,42.22580194172389,89175822
2023-04-06 18:49:40.380001,XLE,40.49918899582438,40.689550018672904,41.15342099633856,40.487823195322875,167084458
2023-04-07 18:49:40.380001,XLE,43.140821333517074,43.52671915023856,43.39101358034137,42.52678052106535,177380392
2023-04-10 18:49:40.380001,XLE,45.31448503402096,45.725173672141615,45.94685034063761,45.200539561088384,184881969
2023-04-11 18:49:40.380001,XLE,42.42939125790167,42.13135907424979,43.217554104217925,42.3351691592003,162427212
2023-04-12 18:49:40.380001,XLE,42.65064989894323,42.51977426117422,43.17696319423586,42.30594297297737,193792428
2023-04-13 18:49:40.380001,XLE,42.867711005149914,42.869682271305074,43.56811159524103,42.82861868997191,133642457
2023-04-14 18:49:40.380001,XLE,40.1403125236229,39.986391790467515,40.6092720010989,39.69684157506034,120278577
2023-04-17 18:49:40.380001,XLE,37.090018035206995,37.34883230210164,37.65135066479352,36.500141714394516,166224946
2023-04-18 18:49:40.380001,XLE,35.70226201522647,35.72123457120721,35.71273986199284,35.524404410973546,77721354
2023-04-19 18:49:40.380001,XLE,33.8655115789369,33.85885820379179,34.31011308241864,33.80526225016205,112857264
2023-04-20 18:49:40.380001,XLE,30.553546490798276,30.362812049234797,30.782160117697256,29.9941836804567,138243279
2023-04-21 18:49:40.380001,XLE,28.923729602120762,29.199019562745963,29.23781485474987,28.75926644649465,152757682
2023-04-24 18:49:40.380001,XLE,29.820596784056487,30.05861441173795,30.042122954585096,29.548424138781247,157798552
2023-04-25 18:49:40.380001,XLE,26.458370337246663,26.539260665527266,26.67487799905406,26.088623204836683,81391377
2023-04-26 18:49:40.380001,XLE,26.78042024421301,26.727506127832832,26.818692528493802,26.50044672407918,90468121
2023-04-27 18:49:40.380001,XLE,27.036120847816733,27.079273275571847,27.25375591649623,26.644222402932233,113305259
2023-04-28 18:49:40.380001,XLE,22.664568837547648,22.597057250917853,22.683733857141082,22.267699205522177,149926494
2023-05-01 18:49:40.380001,XLE,24.270740105577236,24.424537053635454,24.65272219869188,24.025671610266382,182996902
2023-05-02 18:49:40.380001,XLE,24.089376927718057,24.126303193063077,24.49962088611655,24.077780799032226,130620021
2023-05-03 18:49:40.380001,XLE,25.68027755598239,25.86387837203772,26.101681127965847,25.261872891516898,116499954
2023-05-04 18:49:40.380001,XLE,28.35330227390527,28.300003802781678,28.636310653736963,27.818119996478853,98169102
2023-05-05 18:49:40.380001,XLE,29.756053061618747,29.66969046537427,30.286034379689482,29.336527277341954,161896990
2023-05-08 18:49:40.380001,XLE,34.40848739719681,34.68685245018714,34.60056693185961,34.400342005936174,149853602
2023-05-09 18:49:40.380001,XLE,34.10168627929177,33.77909523050343,34.2983119930749,33.60125139632745,150642920
2023-05-10 18:49:40.380001,XLE,36.17600612030535,36.12227488821858,36.58946316262813,35.834155832475574,74819714
2023-05-11 18:49:40.380001,XLE,34.570522719855425,34.26588046574449,34.97525300086104,34.37101210222906,96706698
2023-05-12 18:49:40.380001,XLE,32.243927687619,32.326585817786814,32.53630434008262,32.16159225927667,146175450
2023-05-15 18:49:40.380001,XLE,32.24730078917721,32.06659194309857,32.829492537743924,31.720589985668934,78197059
2023-05-16 18:49:40.380001,XLE,32.617499460087096,32.299083099688886,32.71803800559846,32.39382667818908,158600988
2023-05-17 18:49:40.380001,XLE,34.032567790673625,34.05955722730456,34.61235707833226,33.522749360645385,125008676
2023-05-18 18:49:40.380001,XLE,33.42493627961171,33.12070348312747,34.07981136676109,33.10701774004528,136130926
2023-05-19 18:49:40.380001,XLE,35.748292795928656,36.01727662235112,36.24258435942282,35.35566977755892,134469298
2023-05-22 18:49:40.380001,XLE,34.606391138983206,34.50869482601275,35.20719868636374,34.33551271700604,73742257
2023-05-23 18:49:40.380001,XLE,31.96036623219944,31.66363729651426,32.0589538957386,31.590641029927774,95940167
2023-05-24 18:49:40.380001,XLE,31.1889572991035,31.100830157294418,31.538244507130248,30.94317271614061,106051379
2023-05-25 18:49:40.380001,XLE,32.91802444848219,32.92810877127095,33.266344658740756,32.395324510502476,127706406
2023-05-26 18:49:40.380001,XLE,30.426760554482897,30.673401209009963,30.68447872246658,30.38832909653991,129339141
2023-05-29 18:49:40.380001,XLE,31.808038652728044,32.02156622133852,32.216344289970735,31.310816010941792,199914070
2023-05-30 18:49:40.380001,XLE,32.091164611934886,31.91616270489848,32.33721893654531,31.767782614952466,113669083
2023-05-31 18:49:40.380001,XLE,33.20538742846871,33.12880838443161,33.6730753968971,32.754154873866234,126207072
2023-06-01 18:49:40.380001,XLE,33.19819372344263,33.27383628001294,33.32796077761783,32.98952408140188,70121002
2023-06-02 18:49:40.380001,XLE,32.54548721081947,32.75958203980986,32.57550025382272,31.93455014547648,186284208
2023-06-05 18:49:40.380001,XLE,31.663945220821418,31.892291341701878,31.964154991730503,31.230404309532446,162554004
2023-06-06 18:49:40.380001,XLE,28.864849444606335,28.854091208534488,29.334421433499806,28.301516003287237,159282375
2023-06-07 18:49:40.380001,XLE,29.515687922347553,29.631148083914795,29.687595237096538,29.152085571250698,139072428
2023-06-08 18:49:40.380001,XLE,29.075952490418057,29.29211004646045,29.56907809305042,28.67474053957002,91175494
2023-06-09 18:49:40.380001,XLE,29.36113553250025,29.129047224865992,29.547705914997724,29.131477724444974,141325248
2023-06-12 18:49:40.380001,XLE,30.764362035421588,30.90581065594485,31.35501527037334,30.634090158769293,179146829
2023-06-13 18:49:40.380001,XLE,30.555291063999103,30.335493061540276,31.115070015441585,30.08676418650306,117467202
2023-06-14 18:49:40.380001,XLE,32.073566220796884,31.78335530105041,32.2355767324916,31.65867271761498,115226154
2023-06-15 18:49:40.380001,XLE,30.56637211059948,30.69500037526424,30.916441926513357,30.430995906412015,87989629
2023-06-16 18:49:40.380001,XLE,31.320554012035366,31.28941517514785,31.93234391227389,31.080849596768253,114923806
2023-06-19 18:49:40.380001,XLE,29.479613435003444,29.329194599959898,30.052468949188377,29.44078470378085,181624197
2023-06-20 18:49:40.380001,XLE,30.07471915059519,30.360895081769343,30.396825944661995,29.485309297050268,54917356
2023-06-21 18:49:40.380001,XLE,30.59779146307711,30.73898352872523,30.608210409512644,30.5340648779799,123001091
2023-06-22 18:49:40.380001,XLE,29.76804931334696,29.997678429615,29.776390162236165,29.384191479757444,159651860
2023-06-23 18:49:40.380001,XLE,28.044882822836055,28.13168961843702,28.338835387870034,27.967007909442263,160009331
2023-06-26 18:49:40.380001,XLE,28.449612876002924,28.218099998457966,28.721606278041875,28.233804523672582,194664948
2023-06-27 18:49:40.380001,XLE,29.268582673255587,29.48734000804314,29.57028436558864,29.182700423467196,143574452
2023-06-28 18:49:40.380001,XLE,29.152793847648198,29.204746461692874,29.584816922852156,29.088420558449457,103925772
2023-06-29 18:49:40.380001,XLE,30.335563939049397,30.623702062867316,30.90183325250812,29.74025597531455,59885211
2023-06-30 18:49:40.380001,XLE,30.052476014853042,30.246957760888773,30.31262787343909,29.791415419248683,177109909
2023-07-03 18:49:40.380001,XLE,27.25228718131,27.37493510783685,27.43188131240341,27.048600305127295,138612237
2023-07-04 18:49:40.380001,XLE,27.70795716116214,27.44431612287872,28.048792033566023,27.345197441083037,65389371
2023-07-05 18:49:40.380001,XLE,28.07602500445349,28.190690251581884,28.602588010258913,27.91164075901655,198524823
2023-07-06 18:49:40.380001,XLE,26.965734079046477,26.77542275327482,27.27540421376313,26.681523381576017,96401818
2023-07-07 18:49:40.380001,XLE,27.82270716940539,27.960127911263168,28.128701468782563,27.744339590399093,186381156
2023-07-10 18:49:40.380001,XLE,25.958220249542684,25.959567017836935,26.341046562228364,25.875703130333246,121862369
2023-07-11 18:49:40.380001,XLE,27.46608104252995,27.28244694592126,27.75218432485092,27.25802600288681,120366698
2023-07-12 18:49:40.380001,XLE,25.871770633912696,25.815995575116663,26.290806820942528,25.67086968586103,125965293
2023-07-13 18:49:40.380001,XLE,27.084642910377088,26.855788528305883,27.606536776100423,26.703973852130247,121086520
2023-07-14 18:49:40.380001,XLE,25.904122115919808,26.1195971752574,25.9191071044546,25.828202008998513,108854264
2023-07-17 18:49:40.380001,XLE,25.515297784349944,25.365769446261254,25.84078225453226,25.3973984249913,74565131
2023-07-18 18:49:40.380001,XLE,25.01633046882356,25.225843258176724,25.13986032683159,24.86135509369629,111307598
2023-07-19 18:49:40.380001,XLE,25.020632432865415,25.241832332268217,25.379957723762793,24.53331526213581,162629409
2023-07-20 18:49:40.380001,XLE,25.53296078326348,25.683353960312566,26.0110842793988,25.328184812260016,189843455
2023-07-21 18:49:40.380001,XLE,25.609959454121547,25.83980538752438,25.68289458535826,25.270008978239797,165263484
2023-07-24 18:49:40.380001,XLE,26.304803185698404,26.389575921195178,26.388255310764826,25.858903947481032,192506611
2023-07-25 18:49:40.380001,XLE,26.188853657087645,26.38634000535771,26.455424322163495,26.10384811141331,178355144
2023-07-26 18:49:40.380001,XLE,25.61513576709514,25.701881317019666,25.773133236173113,25.486750471570073,128129888
2023-07-27 18:49:40.380001,XLE,24.610181070599694,24.459714890836217,24.85954381205683,24.531969100844265,172546817
2023-07-28 18:49:40.380001,XLE,23.686690781810853,23.733350186001122,23.861656332714848,23.32577941186986,54270443
2023-07-31 18:49:40.380001,XLE,23.602873140120828,23.681725308731522,23.745348064333708,23.167827242307926,114314029
2023-08-01 18:49:40.380001,XLE,24.498263425379065,24.38924944313707,24.660417406900766,24.188766085536724,63503579
2023-08-02 18:49:40.380001,XLE,24.290461310508206,24.37686128072724,24.463088469657414,23.86252187523207,153356781
2023-08-03 18:49:40.380001,XLE,24.538594867628582,24.71584986190042,24.55025471705278,24.484203280119214,195490675
2023-08-04 18:49:40.380001,XLE,24.64313542576991,24.55981199535736,25.09208998236415,24.47116527642933,134870886
2023-08-07 18:49:40.380001,XLE,24.700667764123565,24.80189726696634,24.94147229674243,24.244597397991313,146418001
2023-08-08 18:49:40.380001,XLE,24.247281464563844,24.274383356205494,24.405961921905345,23.859099810921006,193458946
2023-08-09 18:49:40.380001,XLE,24.549339182137242,24.646688955332817,24.930149649471876,24.406527142770756,78646183
2023-08-10 18:49:40.380001,XLE,22.911987889505664,23.070504966362147,23.313710032829732,22.586512407994384,134720419
2023-08-11 18:49:40.380001,XLE,22.48420438210185,22.54612309419502,22.767654923935932,22.384472643895684,167328359
2023-08-14 18:49:40.380001,XLE,22.461085778311794,22.389257415011066,22.51036161798476,22.285477035526156,91134885
2023-08-15 18:49:40.380001,XLE,22.895042232343556,22.88336428890529,23.067764617378767,22.64422578108618,113253259
2023-08-16 18:49:40.380001,XLE,23.772411475160872,23.68019579604629,24.154533894135525,23.59256067668932,154380646
2023-08-17 18:49:40.380001,XLE,23.218005775649992,23.313872433692307,23.26420362234382,23.012096524672245,168171171
2023-08-18 18:49:40.380001,XLE,22.371863301586913,22.38255695190043,22.434358372517135,22.20717400847472,71625363
2023-08-21 18:49:40.380001,XLE,21.82962877244159,21.69742395376767,22.196632411567833,21.749760669075787,122343833
2023-08-22 18:49:40.380001,XLE,20.623283430209522,20.583498475386865,20.68988422118216,20.369104501836894,175001106
2023-08-23 18:49:40.380001,XLE,20.756861019722493,20.816173936352122,20.845404240146504,20.590496948738167,76847930
2023-08-24 18:49:40.380001,XLE,20.3915583795393,20.591405317571375,20.495991534181723,20.136299150608206,84062435
2023-08-25 18:49:40.380001,XLE,20.354174909941207,20.390385972250794,20.452936907778938,20.2657412899493,162030554
2023-08-28 18:49:40.380001,XLE,20.629027540482458,20.51654178385833,21.016436905802813,20.344393380190375,165018693
2023-08-29 18:49:40.380001,XLE,20.790657825911666,20.617278190069918,20.986858141529734,20.526340747289165,169328803
2023-08-30 18:49:40.380001,XLE,20.73277106889319,20.881124298979728,21.06672522854931,20.416283730858254,175129043
2023-08-31 18:49:40.380001,XLE,20.028739832791423,20.177757945440053,20.243920183572357,19.964314946255893,196279294
2023-09-01 18:49:40.380001,XLE,20.2289591991651,20.108547654461592,20.234495778171517,20.01871303559204,153629725
2023-09-04 18:49:40.380001,XLE,19.846586077541595,19.885510703350047,19.92902653674423,19.742665408887486,148714572
2023-09-05 18:49:40.380001,XLE,19.331095421944728,19.269669198110755,19.695451482841857,19.28261094968447,97743572
2023-09-06 18:49:40.380001,XLE,19.616661007433596,19.675014731583094,19.725835816906972,19.32669843995991,96949225
2023-09-07 18:49:40.380001,XLE,20.162333079560625,20.029306105971695,20.347623122995696,19.87802864919148,97812688
2023-09-08 18:49:40.380001,XLE,20.215364618906747,20.250239940421903,20.543424328460475,20.04943420883078,109468245
2023-09-11 18:49:40.380001,XLE,20.3901602716701,20.37800632682379,20.592771735767947,20.04132762437675,114622675
2023-09-12 18:49:40.380001,XLE,20.64043928959432,20.63925951745222,20.69686419126769,20.582393231910885,86091908
2023-09-13 18:49:40.380001,XLE,20.937778492428198,21.042045393157636,21.093265363527014,20.526613892679194,180398031
2023-09-14 18:49:40.380001,XLE,21.529276271434583,21.40663524123427,21.583197475728408,21.26284056166297,149962326
2023-09-15 18:49:40.380001,XLE,22.040621679306348,21.899708263885458,22.21555067971152,21.837719583424395,164060839
2023-09-18 18:49:40.380001,XLE,21.016688176860885,21.002916006291823,21.281229077307678,20.62080937506576,182243369
2023-09-19 18:49:40.380001,XLE,20.627148791222645,20.631051874376887,20.861868136887054,20.294269399771377,96367735
2023-09-20 18:49:40.380001,XLE,21.08916373132967,21.257644098479084,21.47619989132283,21.02862971250898,166462097
2023-09-21 18:49:40.380001,XLE,21.163983270926874,21.357266257853276,21.471090932808718,21.022216224463055,124011096
2023-09-22 18:49:40.380001,XLE,20.823321047854463,20.922568755424933,20.93343116395363,20.805565625505718,193194471
2023-09-25 18:49:40.380001,XLE,21.542390441575648,21.656415334991756,21.80477354517421,21.172780881352796,107239783
2023-09-26 18:49:40.380001,XLE,20.76766764517787,20.947255090113895,21.109334938705196,20.408847066079954,129652648
2023-09-27 18:49:40.380001,XLE,20.53948233690717,20.570258394781888,20.61540430360313,20.28165663386926,136363012
2023-09-28 18:49:40.380001,XLE,21.136928508916096,20.99722990953829,21.2229891489051,20.889551503282533,64533663
2023-09-29 18:49:40.380001,XLE,21.99167576001327,21.785011573863738,22.264278478852507,21.97609100760441,116062331
2023-10-02 18:49:40.380001,XLE,22.38224307393471,22.4404876595181,22.821457153713443,22.366973717205436,100944510
2023-10-03 18:49:40.380001,XLE,22.68407287794088,22.723042725926536,22.900564527386123,22.271891819846623,141902510
2023-10-04 18:49:40.380001,XLE,23.909707966036034,23.923861637319447,24.13817914546641,23.726975175118362,68581963
2023-10-05 18:49:40.380001,XLE,23.420637685999946,23.20440181898773,23.739770733174456,23.30265853041925,189036498
2023-10-06 18:49:40.380001,XLE,23.261372986766492,23.136607223569435,23.568374951927396,23.142368403245,154634642
2023-10-09 18:49:40.380001,XLE,23.243355134223297,23.11857626304053,23.466371101970296,22.953963629208637,127920321
2023-10-10 18:49:40.380001,XLE,23.959861480034448,23.805239209061178,24.19718449558882,23.745859842111518,91187457
2023-10-11 18:49:40.380001,XLE,24.045831125024876,23.82979466813463,24.462772880288334,23.689193108646176,75273115
2023-10-12 18:49:40.380001,XLE,23.60698219844288,23.655290553254417,23.918423764070074,23.446054273365753,195156881
2023-10-13 18:49:40.380001,XLE,24.663345720130692,24.72459287411437,24.894619037216284,24.364591614340515,156895169
2023-10-16 18:49:40.380001,XLE,24.118807194949717,24.049802088733067,24.326471863876105,23.898105185241,118534686
2023-10-17 18:49:40.380001,XLE,24.30500056338837,24.19199680965173,24.766519887692475,24.056790313551556,105711212
2023-10-18 18:49:40.380001,XLE,24.237878280777704,24.31006906309202,24.66913219531565,23.984807087809962,114355257
2023-10-19 18:49:40.380001,XLE,23.40064433710793,23.357340186086272,23.5735866091956,23.127249627064973,199180327
2023-10-20 18:49:40.380001,XLE,23.337247882429033,23.32086092505077,23.352041822177615,23.02741822172752,195769618
2023-10-23 18:49:40.380001,XLE,22.86452178028497,22.810950534884615,23.197499682445965,22.786739175254066,123068912
2023-10-24 18:49:40.380001,XLE,22.233037735843904,22.113196122384327,22.66563945660251,22.196993584633354,55625130
2023-10-25 18:49:40.380001,XLE,22.690645010621463,22.549757346586198,22.909775871937796,22.65656521868783,138713914
2023-10-26 18:49:40.380001,XLE,22.643716279908784,22.782460458574942,22.727777664802694,22.488217534951257,165977054
2023-10-27 18:49:40.380001,XLE,22.579508529834435,22.40502715720041,22.803831286563415,22.161582967946213,71657124
2023-10-30 18:49:40.380001,XLE,22.217175339485614,22.123161917854198,22.61647326346806,21.833394929152053,121849803
2023-10-31 18:49:40.380001,XLE,22.77709923065502,22.655938514673586,23.12412308048791,22.523156016843338,179903398
2023-11-01 18:49:40.380001,XLE,22.59923694789992,22.683301709823304,22.969003494441566,22.272235361416907,56349363
2023-11-02 18:49:40.380001,XLE,22.61812601969775,22.404911848532045,23.006002204690184,22.190938838503378,164897523
2023-11-03 18:49:40.380001,XLE,21.212712296447616,21.253231353031783,21.30552640513319,20.994562189952923,78962944
2023-11-06 18:49:40.380001,XLE,21.17763429406059,21.170659085783864,21.423464117163892,21.074264742049056,130680975
2023-11-07 18:49:40.380001,XLE,20.267084626572945,20.389123226576526,20.52193545062387,20.118629277715964,162193441
2023-11-08 18:49:40.380001,XLE,20.121660863423543,19.97442842811153,20.52341223996488,19.82686849362978,192557512
2023-11-09 18:49:40.380001,XLE,20.58555144505241,20.50711608875424,20.83188928881141,20.34650096127355,90317620
2023-11-10 18:49:40.380001,XLE,20.105317379641384,19.91855035953969,20.28662993614725,19.77010343437726,115537487
2023-11-13 18:49:40.380001,XLE,21.082828305358582,21.10246956146711,21.36655705307154,20.737172023553125,90536097
2023-11-14 18:49:40.380001,XLE,21.155594274425344,21.109322970701434,21.462952969643283,21.025089808308156,78710779
2023-11-15 18:49:40.380001,XLE,21.086542760956338,21.2301337366615,21.2259596055542,21.078453831448225,167425104
2023-11-16 18:49:40.380001,XLE,21.337373263934168,21.207481337197084,21.351375341633624,21.14169966130369,60069246
2023-11-17 18:49:40.380001,XLE,20.95884764552539,21.081065880720676,21.294610592106025,20.792067946260445,196466915
2023-11-20 18:49:40.380001,XLE,21.362915199133344,21.497527834173887,21.44836222940472,21.345140838490973,78714848
2023-11-21 18:49:40.380001,XLE,21.119556232147943,21.099746476834397,21.375492906424174,20.97793231114871,145591537
2023-11-22 18:49:40.380001,XLE,21.286309589349106,21.351624934679883,21.542357195503296,21.25974993299327,149292598
2023-11-23 18:49:40.380001,XLE,21.47089549195587,21.544122791626723,21.688656927001702,21.184295394523147,125681051
2023-11-24 18:49:40.380001,XLE,21.724212401944182,21.891583347582312,21.748741369697832,21.403938047615902,127542163
2023-11-27 18:49:40.380001,XLE,21.673502986794425,21.469753287719524,21.831916192052024,21.395136823518584,142880563
2023-11-28 18:49:40.380001,XLE,21.73103164224431,21.865301908290366,21.935608921473104,21.654809703917763,176679047
2023-11-29 18:49:40.380001,XLE,21.580081198674417,21.7639798848711,21.892850523181796,21.43378714881059,119350238
2023-11-30 18:49:40.380001,XLE,21.567491550433196,21.444045054578105,21.809514820545587,21.223047489639526,122451287
2023-12-01 18:49:40.380001,XLE,21.239538085541458,21.39928494188623,21.26722060533372,20.969571947877572,126936261
2023-12-04 18:49:40.380001,XLE,22.195263247014367,22.40032531819658,22.327653530336374,22.164980464587565,112697382
2023-12-05 18:49:40.380001,XLE,23.59336069618879,23.434297469467957,23.740695208863706,23.508716430476795,135733515
2023-12-06 18:49:40.380001,XLE,23.40810577026036,23.39704634735272,23.74292033162097,23.13540968704533,156315906
2023-12-07 18:49:40.380001,XLE,22.826966718072747,22.74103874242798,23.030561236029897,22.380048590035088,146857672
2023-12-08 18:49:40.380001,XLE,23.0068193690314,22.922851609625464,23.108841017389405,22.724433495814424,135699955
2023-12-11 18:49:40.380001,XLE,23.557398382204212,23.705707439130155,23.81081937406719,23.26532529036875,98129786
2023-12-12 18:49:40.380001,XLE,23.69886384758256,23.8900551233137,23.870723468822824,23.602822616417352,152249603
2023-12-13 18:49:40.380001,XLE,24.05003033800411,23.879328825751106,24.366916679197946,23.965680878453544,98946441
2023-12-14 18:49:40.380001,XLE,24.920003258405156,24.727476601836745,25.11649853390457,24.748305218027728,109556100
2023-12-15 18:49:40.380001,XLE,23.86230521954904,24.05547971363395,24.257017091914555,23.850309210523697,129861962
2023-12-18 18:49:40.380001,XLE,23.85116808444291,23.67412863643036,24.24225304086997,23.392139178251604,127466629
2023-12-19 18:49:40.380001,XLE,23.12800306108393,23.293532798142788,23.38222635876632,22.67698582102569,67043231
2023-12-20 18:49:40.380001,XLE,22.063810931780484,21.901300294287687,22.07103889002845,21.716597736800477,174926598
2023-12-21 18:49:40.380001,XLE,21.977035315648017,22.186882202235235,22.410459113147812,21.893091904888834,161836243
2023-12-22 18:49:40.380001,XLE,22.30596110919559,22.13406500730398,22.464195484737644,21.878223321061718,53991518
2023-12-25 18:49:40.380001,XLE,23.024751858897005,23.030028507477425,23.17978751270708,22.60860141247462,154101518
2023-12-26 18:49:40.380001,XLE,22.315101047344623,22.354621831024126,22.495282572936347,22.262709002090737,139017302
2023-12-27 18:49:40.380001,XLE,23.004703462062466,22.864556515244995,23.423254394011575,22.73654368118237,193053625
2023-12-28 18:49:40.380001,XLE,23.406639712522406,23.617831458039586,23.702913992037825,23.13167617241117,149819232
2023-12-29 18:49:40.380001,XLE,24.068374794340222,23.967745600348255,24.380770963533926,23.706405540396755,137157784
2024-01-01 18:49:40.380001,XLE,24.535182220937703,24.366473777908006,24.784749988047935,24.168724807240125,50018158
2024-01-02 18:49:40.380001,XLE,24.71644192396104,24.942566568775614,25.035082905802675,24.327064784015214,63969134
2024-01-03 18:49:40.380001,XLE,24.522041105019184,24.4920787964334,24.98901189321801,24.12397572223345,136172236
2024-01-04 18:49:40.380001,XLE,24.026630656781045,24.010949232799657,24.45140934154896,23.912529870001418,109755784
2024-01-05 18:49:40.380001,XLE,24.022250786817764,24.238327156663004,24.44903467400795,23.900354619708565,189373317
2024-01-08 18:49:40.380001,XLE,24.11677771968925,24.00568159006051,24.306578328062777,24.096629069442244,166861889
2024-01-09 18:49:40.380001,XLE,24.39843765220007,24.3655263365399,24.569017677860707,24.13597366672157,172636347
2024-01-10 18:49:40.380001,XLE,24.663432520652016,24.801081432521524,24.903049802653726,24.22573869624666,90402521
2024-01-11 18:49:40.380001,XLE,25.859612581640487,25.67975642414485,26.223598267756543,25.75267107705263,81648986
2024-01-12 18:49:40.380001,XLE,25.557751998973163,25.729725527250658,25.770965933767926,25.44616134143886,184206966
2024-01-15 18:49:40.380001,XLE,24.697135789583438,24.613093415888716,25.168663157098152,24.650630779958682,139378373
2024-01-16 18:49:40.380001,XLE,24.50080460017248,24.69666945709356,24.88954853097658,24.15104101713002,71291256
2024-01-17 18:49:40.380001,XLE,25.180984636504768,25.05014710835264,25.538993994961906,24.99331945520923,95876598
2024-01-18 18:49:40.380001,XLE,24.46866643340348,24.339500821457225,24.842563337153667,24.02563931990041,108271514
2024-01-19 18:49:40.380001,XLE,24.37076798609051,24.243132562078898,24.825044055470382,24.09089636712513,106279007
2024-01-22 18:49:40.380001,XLE,24.592420788332134,24.554821988204363,24.661395242416365,24.355821118810045,130280803
2024-01-23 18:49:40.380001,XLE,24.95149207826267,25.031870723965135,25.3500630680532,24.464047523683895,135084309
2024-01-24 18:49:40.380001,XLE,24.827150840459257,24.71468483603269,24.859473463210044,24.354861755920304,160233595
2024-01-25 18:49:40.380001,XLE,24.904634650972753,24.76040280097871,25.222019178809212,24.566596249643922,176888817
2024-01-26 18:49:40.380001,XLE,25.77414964991485,25.8063780786432,26.210215501989385,25.50502107936951,85762063
2024-01-29 18:49:40.380001,XLE,26.93901087558001,26.8205141696296,27.32539861638771,26.42071486041814,186104990
2024-01-30 18:49:40.380001,XLE,27.16962698823218,27.408398190828944,27.466653336045564,27.107861848949,121055710
2024-01-31 18:49:40.380001,XLE,27.03065532446733,27.01384082259446,27.109829735745436,26.792164836473916,105294319
2024-02-01 18:49:40.380001,XLE,27.15020691123047,27.070577042334403,27.38905072828004,27.059024234590368,67156077
2024-02-02 18:49:40.380001,XLE,26.4993575384233,26.59957274795909,26.842893582989692,26.45440446766925,82505594
2024-02-05 18:49:40.380001,XLE,27.001975739022367,26.826873180290868,27.381140193348934,26.972003546864784,102132791
2024-02-06 18:49:40.380001,XLE,26.319154120453998,26.095322375017535,26.754544916233534,26.011075722286577,113052933
2024-02-07 18:49:40.380001,XLE,27.17189963907175,27.076850087750568,27.554544655534293,26.910520250468497,167753150
2024-02-08 18:49:40.380001,XLE,27.361229888551392,27.46341701537121,27.429268060002965,26.869941593905526,101564334
2024-02-09 18:49:40.380001,XLE,26.84509097712847,26.85153160982239,27.255770096389053,26.49557288667428,82237498
2024-02-12 18:49:40.380001,XLE,26.997964956477098,27.2468636265979,27.184917120578863,26.72300594474608,130921559
2024-02-13 18:49:40.380001,XLE,26.064623975515907,26.205544038018004,26.113927318951976,25.546693045910253,176270713
2024-02-14 18:49:40.380001,XLE,25.606737068207714,25.66536659675584,25.90493433511092,25.291449796129747,141444581
2024-02-15 18:49:40.380001,XLE,24.29001139062759,24.0778695409938,24.32583523771608,24.288314672553252,157561672
2024-02-16 18:49:40.380001,XLE,24.596986921676223,24.712096431070062,25.032822364129004,24.579447289439198,88613502
2024-02-19 18:49:40.380001,XLE,23.780505785791156,23.629366241628276,24.19315270164797,23.38246227323353,76308370
2024-02-20 18:49:40.380001,XLE,23.515857824281866,23.416884093982475,23.934878092745517,23.185006476935193,85422773
2024-02-21 18:49:40.380001,XLE,24.37502499110601,24.20783800624306,24.582364459526516,24.23249171305645,144671347
2024-02-22 18:49:40.380001,XLE,24.845557585231806,24.86403251689534,25.331995959801358,24.519029224772165,191640289
2024-02-23 18:49:40.380001,XLE,23.532438077310196,23.41914397147721,23.8648410866788,23.138237481548405,158771022
2024-02-26 18:49:40.380001,XLE,22.999802946075796,23.16724916070621,23.367678053625436,22.998436698041935,119734071
2024-02-27 18:49:40.380001,XLE,22.049954625294667,21.98177768644861,22.388519308028425,21.630674034213158,67926012
2024-02-28 18:49:40.380001,XLE,20.729739201931135,20.914955122754115,21.006770394864787,20.628221024583876,64253064
2024-02-29 18:49:40.380001,XLE,20.104587702202593,19.918364821858475,20.217400497225366,20.09749036692211,165682457
2024-03-01 18:49:40.380001,XLE,19.19286519069559,19.283359873374945,19.454082194489125,19.13904876078261,53997395
2024-03-04 18:49:40.380001,XLE,19.071087448602245,19.158601661229074,19.443505422475766,18.75842645692305,57810001
2024-03-05 18:49:40.380001,XLE,18.205007068768985,18.377902659418567,18.493865037377493,18.195412616459652,65432638
2024-03-06 18:49:40.380001,XLE,17.9848161826362,17.81342308547436,18.291742499897797,17.705848658038168,98787075
2024-03-07 18:49:40.380001,XLE,18.144570201355286,18.160013076971538,18.492814746273776,17.846323300693328,61285153
2024-03-08 18:49:40.380001,XLE,18.6443569257023,18.703700294166605,18.95579255666626,18.46948427440995,173515570
2024-03-11 18:49:40.380001,XLE,18.934301486209968,18.802489267616203,19.084047845478494,18.613166151298145,54405790
2024-03-12 18:49:40.380001,XLE,19.34960361850293,19.38755534645101,19.720022282156208,19.074635894955826,125948919
2024-03-13 18:49:40.380001,XLE,18.617052530192833,18.717118462401395,18.664545107629774,18.35798922317507,90599618
2024-03-14 18:49:40.380001,XLE,17.628781774617956,17.676959213708635,17.89337212623755,17.358163059521416,142658550
2024-03-15 18:49:40.380001,XLE,17.39290383590151,17.260191531405123,17.702292888026957,17.219348253437488,117914044
2024-03-18 18:49:40.380001,XLE,17.526133784323182,17.528783764968388,17.80478828156489,17.489909036624116,184465533
2024-03-19 18:49:40.380001,XLE,17.012536034628695,16.996188985931962,17.22158198063977,16.776659191900286,61745673
2024-03-20 18:49:40.380001,XLE,17.009954814504688,17.012147779938346,17.128488164723745,16.733487816787505,90223275
2024-03-21 18:49:40.380001,XLE,16.438427360906516,16.58258046333755,16.74679709097945,16.21786285799163,194690381
2024-03-22 18:49:40.380001,XLE,16.981646999220594,16.817162677865582,17.234646204166737,16.791316012477875,168506603
2024-03-25 18:49:40.380001,XLE,16.51299273717323,16.517033475529512,16.775317872850497,16.204503460078442,180065177
2024-03-26 18:49:40.380001,XLE,16.57952360070455,16.538669617323244,16.905926617498285,16.281911042083454,78558632
2024-03-27 18:49:40.380001,XLE,16.616729461215314,16.45193384146032,16.86339652250863,16.58932313589146,138599893
2024-03-28 18:49:40.380001,XLE,16.810381137536822,16.650204161953134,16.946519391979542,16.736483756610248,176683887
2024-03-29 18:49:40.380001,XLE,16.385390169342283,16.231377566586037,16.562257562724444,16.296965594095568,158784563
2024-04-01 18:49:40.380001,XLE,16.343276871150593,16.492349581977077,16.575101399761802,16.116539875377065,94403247
2024-04-02 18:49:40.380001,XLE,16.079662292955682,16.074766379547327,16.18267002135041,15.80550553182568,52223903
2024-04-03 18:49:40.380001,XLE,16.181002711657737,16.2011109558036,16.22421596267909,15.984176214344021,176129398
2024-04-04 18:49:40.380001,XLE,16.689758967807087,16.646283526891043,16.82462599554486,16.377824509036742,84443145
2024-04-05 18:49:40.380001,XLE,17.28291782924411,17.402076479716367,17.339640174358742,17.112419010108205,68731362
2024-04-08 18:49:40.380001,XLE,17.126089362676197,17.290292121572932,17.385279447565612,17.052723143182828,94326981
2024-04-09 18:49:40.380001,XLE,16.694472038463125,16.575299445172135,16.968579370220457,16.36155150093352,105138342
2024-04-10 18:49:40.380001,XLE,16.80931902832025,16.927336630964717,16.881888773633786,16.596277427086843,189761156
2024-04-11 18:49:40.380001,XLE,16.897388404606474,17.001100097755458,17.003340588215643,16.745200283102385,129050888
2024-04-12 18:49:40.380001,XLE,16.840013893090664,16.946691330059753,16.977223594311553,16.59069559835773,167875007
2024-04-15 18:49:40.380001,XLE,16.556779524844796,16.462484101306,16.688424790686597,16.244941057474378,80056596
2024-04-16 18:49:40.380001,XLE,17.19758105488192,17.318322990008994,17.46681333904305,16.94362693223072,118210520
2024-04-17 18:49:40.380001,XLE,16.953983255110682,16.84888401235429,17.25072675596749,16.824210995030967,139579718
2024-04-18 18:49:40.380001,XLE,17.18415164777238,17.136094934054928,17.51654843380185,17.03890104343806,191225538
2024-04-19 18:49:40.380001,XLE,16.801745552204437,16.827373042776113,16.954841944824853,16.598388313212464,173519762
2024-04-22 18:49:40.380001,XLE,17.245030552011162,17.38660813020388,17.343309538638398,17.157771006611345,83504395
2024-04-23 18:49:40.380001,XLE,16.729054499933245,16.771345283656522,16.803336074273933,16.586475945901267,139476089
2024-04-24 18:49:40.380001,XLE,16.646572102676146,16.71848023477255,16.92239014611542,16.36303969917893,82050723
2024-04-25 18:49:40.380001,XLE,16.28320340316654,16.38064564606523,16.298836600323973,16.2468073954709,125149498
2024-04-26 18:49:40.380001,XLE,16.658816880440813,16.703946778415606,16.764517075829936,16.36763837867185,73452466
2024-04-29 18:49:40.380001,XLE,16.603674778754357,16.44334188822257,16.649178197681245,16.570820483706157,126637272
2024-04-30 18:49:40.380001,XLE,16.659620592717886,16.68546586484826,16.719259981832202,16.48298288746273,176315503
2024-05-01 18:49:40.380001,XLE,16.533481123655843,16.49422148283608,16.84277975915513,16.28212319526644,55219093
2024-05-02 18:49:40.380001,XLE,16.352921184543742,16.47608745662663,16.422287066434773,16.142592127712067,190530298
2024-05-03 18:49:40.380001,XLE,16.555228775215244,16.700793770325426,16.792894092696503,16.471777459721572,129509433
2024-05-06 18:49:40.380001,XLE,16.191983682589356,16.339797177235294,16.463498226491257,16.115433827536275,190701366
2024-05-07 18:49:40.380001,XLE,15.978747991382575,16.021132913308083,16.216887878440208,15.819912907116233,128276440
2024-05-08 18:49:40.380001,XLE,16.418093313056453,16.42022462319225,16.736999121425814,16.39405893390158,98953075
2024-05-09 18:49:40.380001,XLE,16.752805601132902,16.63626554208312,16.930645851341076,16.53045916697949,158882788
2024-05-10 18:49:40.380001,XLE,16.996535537767645,17.07747908003188,17.101852624034276,16.870975923586947,96420791
2024-05-13 18:49:40.380001,XLE,17.3823765348199,17.44064167304817,17.46360803115392,17.164256807915887,121643731
2024-05-14 18:49:40.380001,XLE,17.526752932249163,17.61142890507853,17.672921430543973,17.394942488365132,175958878
2024-05-15 18:49:40.380001,XLE,17.784337771867403,17.644543820258534,17.87600187757956,17.74431151457524,68781209
2024-05-16 18:49:40.380001,XLE,17.840361519536224,17.84116029423466,18.09856589094447,17.668995375613736,152473811
2024-05-17 18:49:40.380001,XLE,17.29242696574197,17.14220982059057,17.511074931597474,17.003605980173838,77755926
2024-05-20 18:49:40.380001,XLE,17.741518580246108,17.869707602377073,17.936221190745616,17.427871513861692,100988378
2024-05-21 18:49:40.380001,XLE,17.125437937425538,17.273467612114302,17.17664878412336,17.090024370288177,52239084
2024-05-22 18:49:40.380001,XLE,16.813121454610414,16.669489199726502,16.977897627570368,16.61352273558474,151766405
2024-05-23 18:49:40.380001,XLE,16.223680865453993,16.295389257137796,16.427147029587836,16.162628481963132,137228961
2024-05-24 18:49:40.380001,XLE,16.554418829868997,16.4117529291395,16.857265389347653,16.28821998142477,131393288
2024-05-27 18:49:40.380001,XLE,16.55435165965239,16.50444109764148,16.555243774997518,16.357185766155254,148096942
2024-05-28 18:49:40.380001,XLE,16.15796225702292,16.15020953016076,16.35927432288116,16.097615389330194,194702296
2024-05-29 18:49:40.380001,XLE,16.38238377426463,16.530370525967616,16.558035427310244,16.33037264598809,142492675
2024-05-30 18:49:40.380001,XLE,16.87782802840309,16.9487599831676,16.88306019674685,16.738457861008175,54139700
2024-05-31 18:49:40.380001,XLE,16.053337388210764,15.941041306917498,16.161229383717963,15.929353330575589,122236752
2024-06-03 18:49:40.380001,XLE,15.878247707405158,15.77505763806361,15.940855143323597,15.765466715475892,180960631
2024-06-04 18:49:40.380001,XLE,15.863677025986458,15.729282719843468,16.10657311416829,15.836796037233283,153741738
2024-06-05 18:49:40.380001,XLE,15.503329863062525,15.373093079850635,15.542106521699962,15.494935895916779,171006247
2024-06-06 18:49:40.380001,XLE,15.923046723003317,15.967234800074682,16.215824629498595,15.887218072734962,186259404
2024-06-07 18:49:40.380001,XLE,16.18323447770742,16.170813255663113,16.428236329390426,16.09204580785838,198020798
2024-06-10 18:49:40.380001,XLE,16.024257122624597,16.03611561148557,16.301849978395445,15.7475370198969,169920303
2024-06-11 18:49:40.380001,XLE,15.705217089724172,15.684269067405655,15.976140982084363,15.42441132215527,149351958
2024-06-12 18:49:40.380001,XLE,15.87443692810711,15.883201725914578,16.148384630379784,15.572144600141236,121483638
2024-06-13 18:49:40.380001,XLE,15.828325707527128,15.77375646484013,16.09009272022178,15.513409856716285,107949232
2024-06-14 18:49:40.380001,XLE,15.6443878882792,15.511861869289824,15.949343623923225,15.535653824762857,76556106
2024-06-17 18:49:40.380001,XLE,16.338059157189395,16.36658961468892,16.55264932653304,16.100474575622954,109005477
2024-06-18 18:49:40.380001,XLE,16.44178143963727,16.473432543875294,16.47261081622748,16.369834608182234,146299096
2024-06-19 18:49:40.380001,XLE,16.400364854433064,16.46419845051275,16.685959321981315,16.242416457672658,150042276
2024-06-20 18:49:40.380001,XLE,16.33652343079327,16.27110687156021,16.40514553524934,16.320717834714298,70764975
2024-06-21 18:49:40.380001,XLE,16.41670910327111,16.51800453588086,16.55122195148819,16.208929259510303,110924678
2024-06-24 18:49:40.380001,XLE,16.16533994540142,16.053859567602743,16.181399254018483,16.10611319383667,74869354
2024-06-25 18:49:40.380001,XLE,15.742204086507464,15.848529540026123,16.023054358333162,15.586267617396475,137808463
2024-06-26 18:49:40.380001,XLE,15.733222295222909,15.65055411491494,15.948183313090208,15.483819345471924,184057489
2024-06-27 18:49:40.380001,XLE,15.730868887138064,15.653719904329497,15.970943567664627,15.505637533181456,126278672
2024-06-28 18:49:40.380001,XLE,15.791572867374429,15.720191311680505,15.902623486990763,15.552509971750302,158246959
2024-07-01 18:49:40.380001,XLE,15.775414431915829,15.703648916416057,16.07344019371261,15.62664443861974,177321304
2024-07-02 18:49:40.380001,XLE,16.35490214046976,16.365257103630352,16.481189218411533,16.223326636249954,144326238
2024-07-03 18:49:40.380001,XLE,16.37812456985201,16.33954928994081,16.570448750764275,16.085495225467863,97352687
2024-07-04 18:49:40.380001,XLE,16.345324276610263,16.199676732427505,16.550943939357932,16.112355343839113,52243027
2024-07-05 18:49:40.380001,XLE,16.34063693818447,16.38352937648232,16.423147465072002,16.024311418904425,143107731
2024-07-08 18:49:40.380001,XLE,16.18743703575976,16.24683878689344,16.48515120203328,16.134638348732867,162097359
2024-07-09 18:49:40.380001,XLE,16.21031740189273,16.2281767085624,16.44893318493584,16.148470853290245,146304212
2024-07-10 18:49:40.380001,XLE,16.683062460390612,16.780335207001983,16.864869380330266,16.407919004888406,189970561
2024-07-11 18:49:40.380001,XLE,16.76779449962143,16.93403238977562,17.08416330307906,16.604744921849882,153478678
2024-07-12 18:49:40.380001,XLE,16.626386489337918,16.555089623189843,16.67941759625394,16.510614601236327,172777830
2024-07-15 18:49:40.380001,XLE,16.283493601078025,16.412339713720975,16.313362672487308,16.143418542940132,123931230
2024-07-16 18:49:40.380001,XLE,15.88340822011691,15.959629144339377,15.89638992799974,15.700145155146034,198204293
2024-07-17 18:49:40.380001,XLE,15.992016513393228,15.932715936776836,16.145999078633775,15.754937941416083,185751302
2024-07-18 18:49:40.380001,XLE,16.382948336672733,16.35966126427325,16.401941342376567,16.15327372843515,64697945
2024-07-19 18:49:40.380001,XLE,16.23197258259701,16.223361442068256,16.32786531630253,16.043809418035433,134002018
2024-07-22 18:49:40.380001,XLE,16.2879379479908,16.35552876171569,16.427611478430254,16.14213109072567,76144316
2024-07-23 18:49:40.380001,XLE,15.998929296513792,16.115206645621438,16.056411174406414,15.962285618178054,141130313
2024-07-24 18:49:40.380001,XLE,16.028901532720052,16.070885309150185,16.290060155674524,16.022674109345086,83087865
2024-07-25 18:49:40.380001,XLE,16.133906289305138,16.166653882771378,16.328249468231796,16.094536158219128,179883670
2024-07-26 18:49:40.380001,XLE,16.168809592171232,16.048091499270633,16.219509529486885,15.871314577914237,163755998
2024-07-29 18:49:40.380001,XLE,16.028876538785827,15.970008167301557,16.10526015163255,15.962515311531428,197621528
2024-07-30 18:49:40.380001,XLE,15.746530555222249,15.865270724838501,15.999586949504785,15.4526903001936,50594471
2024-07-31 18:49:40.380001,XLE,15.918991053275667,15.787028567858666,16.03682575378817,15.707721105243595,193635904
2024-08-01 18:49:40.380001,XLE,16.510600505978736,16.644559276134583,16.780807089888008,16.28466850892137,87391917
2024-08-02 18:49:40.380001,XLE,16.50817317321104,16.482937393787196,16.687947719211127,16.294673055866458,58933483
2024-08-05 18:49:40.380001,XLE,16.50532941746922,16.608601313510285,16.654902302230738,16.370498508518388,165300670
2024-08-06 18:49:40.380001,XLE,16.89571275319377,16.871458000864227,16.9743604718978,16.718008869288475,107051709
2024-08-07 18:49:40.380001,XLE,17.193513766808355,17.31283381019662,17.370701639619565,17.18371126839378,59967489
2024-08-08 18:49:40.380001,XLE,17.63956038665603,17.519431893807667,17.680410535061615,17.60026469040384,181287424
2024-08-09 18:49:40.380001,XLE,17.348375959415353,17.39373342268204,17.63870096902026,17.26544806475261,97950063
2024-08-12 18:49:40.380001,XLE,17.55395464507301,17.445106434105742,17.747719068083704,17.427960063272014,92204733
2024-08-13 18:49:40.380001,XLE,17.47096879285264,17.38382048765537,17.592880890335817,17.158629047256312,159360308
2024-08-14 18:49:40.380001,XLE,17.48816886739425,17.35204326909517,17.741699472379484,17.44699967610059,120353698
2024-08-15 18:49:40.380001,XLE,17.469184422853342,17.313158374305143,17.66746509991531,17.40094525330586,197104465
2024-08-16 18:49:40.380001,XLE,17.46079859472195,17.2927700460185,17.59476216822477,17.377421775282478,62064543
2024-08-19 18:49:40.380001,XLE,17.1771519115298,17.307313909461293,17.450445195037418,16.86345638439381,84022902
2024-08-20 18:49:40.380001,XLE,17.130133908744924,17.205168491841786,17.36315522030195,16.82075357193681,105178076
2024-08-21 18:49:40.380001,XLE,17.697468226650052,17.73007940390265,17.78513519472479,17.456634448180672,147165678
2024-08-22 18:49:40.380001,XLE,18.043829934143204,18.198038935653685,18.098619216204977,17.850595248673528,181596951
2024-08-23 18:49:40.380001,XLE,18.567319896005113,18.667045665941245,18.776932984771836,18.45366772538905,100243174
2024-08-26 18:49:40.380001,XLE,18.11254845368338,18.084810174441838,18.279949389820846,18.089350862578687,199624560
2024-08-27 18:49:40.380001,XLE,18.770794192928616,18.772415005714418,19.1016512922437,18.572024281047366,181014316
2024-08-28 18:49:40.380001,XLE,19.19948875848053,19.187470381602452,19.45155512919676,18.84884769335397,76729475
2024-08-29 18:49:40.380001,XLE,19.812948603692792,19.7409672013434,20.048989051096875,19.585679751381434,165409717
2024-08-30 18:49:40.380001,XLE,20.074717687360703,20.202898804429616,20.325773127637962,19.921350934363563,61082536
2024-09-02 18:49:40.380001,XLE,19.821245692544984,19.687405688631056,19.826108772744256,19.679801266071777,121667052
2024-09-03 18:49:40.380001,XLE,20.0130709940367,19.89330994726326,20.309652494564435,19.927270981996543,91296219
2024-09-04 18:49:40.380001,XLE,19.7178867067938,19.712448842403347,20.039323743367518,19.487076463728183,153432116
2024-09-05 18:49:40.380001,XLE,19.62456224029614,19.72533801845106,19.98299205579336,19.241508270014183,172381705
2024-09-06 18:49:40.380001,XLE,19.19504560419952,19.09520181695158,19.236772940748462,19.056185881930187,60328130
2024-09-09 18:49:40.380001,XLE,18.696558491724698,18.82843777747273,18.81876120440792,18.565395760679504,53110450
2024-09-10 18:49:40.380001,XLE,19.09548395227474,18.931783621711894,19.40666335206036,18.865057804351363,90458022
2024-09-11 18:49:40.380001,XLE,18.02725327247702,17.910667255952358,18.19582472110903,17.822292585729087,106291290
2024-09-12 18:49:40.380001,XLE,18.2279480048719,18.217223099166414,18.48524889205791,18.142039085896783,159684187
2024-09-13 18:49:40.380001,XLE,17.941445489561097,17.777288362448417,18.172938043739997,17.76774242551032,71167552
2024-09-16 18:49:40.380001,XLE,18.40925253048101,18.34042030605606,18.49973648022076,18.1227440082335,134202711
2024-09-17 18:49:40.380001,XLE,18.19450945733248,18.171105960305393,18.307039481781867,17.96054089495109,144831568
2024-09-18 18:49:40.380001,XLE,18.482613174089757,18.325244693672413,18.822601034565107,18.263423130036344,131997379
2024-09-19 18:49:40.380001,XLE,18.438051380763397,18.520692054399202,18.477437084638552,18.07012804340732,158829983
2024-09-20 18:49:40.380001,XLE,18.098071223907855,18.010537713994168,18.33491006139897,17.969266960337684,74448499
2024-09-23 18:49:40.380001,XLE,18.035565934643987,17.865965278721212,18.137681189016867,17.743831527618905,80329759
2024-09-24 18:49:40.380001,XLE,18.008296454724153,17.953129254306514,18.035517899534735,17.88214505070223,183528842
2024-09-25 18:49:40.380001,XLE,17.60613122224542,17.540271025450142,17.678211869870566,17.535741460637485,105071208
2024-09-26 18:49:40.380001,XLE,17.93442800709122,18.034771978537634,17.96214308066824,17.65555191439449,155181755
2024-09-27 18:49:40.380001,XLE,17.64980969616111,17.734556956896874,17.88564765356423,17.516792287283618,149282104
2024-09-30 18:49:40.380001,XLE,17.580338317810774,17.70697175169486,17.840631073369106,17.47814733405418,110402448
2024-10-01 18:49:40.380001,XLE,17.479261341831265,17.56202394154222,17.573775496015095,17.21770486059372,73913543
2024-10-02 18:49:40.380001,XLE,17.772308312226155,17.92264190830105,17.9546885502096,17.59014703433575,149869337
2024-10-03 18:49:40.380001,XLE,17.879795909015417,17.83496252652908,18.182315011491372,17.563022313675717,87358962
2024-10-04 18:49:40.380001,XLE,17.87570645232857,17.876341328107355,18.196685027310902,17.61144891538998,71041574
2024-10-07 18:49:40.380001,XLE,18.4669049182564,18.38913014121858,18.494848329266784,18.386073107523476,57532824
2024-10-08 18:49:40.380001,XLE,18.4713343401757,18.457015179653286,18.7179379010463,18.123490782251686,68959847
2024-10-09 18:49:40.380001,XLE,18.33309529798513,18.46516987017564,18.64884531550385,18.135037786798236,74836257
2024-10-10 18:49:40.380001,XLE,18.53508698763947,18.561306701781966,18.865811196654132,18.46206715414987,115979631
2024-10-11 18:49:40.380001,XLE,18.608361438510766,18.78066512830839,18.831837013330823,18.43122628566211,129045203
2024-10-14 18:49:40.380001,XLE,18.56649489823251,18.574099830078712,18.873198648789376,18.551164949322065,158582902
2024-10-15 18:49:40.380001,XLE,18.69101699243448,18.56936745182646,18.98893082640284,18.666463315841185,59262011
2024-10-16 18:49:40.380001,XLE,19.107244706664734,19.275767034856322,19.3641795261394,19.031068343210464,98242140
2024-10-17 18:49:40.380001,XLE,19.56982937193969,19.511850838666284,19.662799016103467,19.32744286849831,125742109
2024-10-18 18:49:40.380001,XLE,19.143128316877654,19.085836786516865,19.33975790783228,18.78353316526685,115729161
2024-10-21 18:49:40.380001,XLE,19.00230257166183,18.891824309559812,19.267081350167896,18.870338702528958,170251752
2024-10-22 18:49:40.380001,XLE,19.34815488234691,19.18351843875917,19.413411111922347,19.202391988176203,78689786
2024-10-23 18:49:40.380001,XLE,19.1999748771127,19.326209670847376,19.307951836196022,19.146505184144594,107911788
2024-10-24 18:49:40.380001,XLE,19.447032427992273,19.439189099966928,19.741066897490423,19.345365469222532,93988571
2024-10-25 18:49:40.380001,XLE,19.60062838830324,19.775884968672113,19.908116119998112,19.284412388498236,88340471
2024-10-28 18:49:40.380001,XLE,19.87187831816375,19.73685374933189,20.16356528099274,19.54237520450199,104515709
2024-10-29 18:49:40.380001,XLE,19.389543043640618,19.341741810152886,19.413001893125802,19.268756312526982,89947698
2024-10-30 18:49:40.380001,XLE,19.77279411791153,19.71084172063276,20.134092870820126,19.5097942220709,127411087
2024-10-31 18:49:40.380001,XLE,20.64463231416656,20.723893129337966,20.914339781197334,20.583007930168165,166479619
2024-11-01 18:49:40.380001,XLE,21.38663119995119,21.205789857844202,21.41250922199606,21.277482393683652,170776329
2024-11-04 18:49:40.380001,XLE,21.155368334083878,21.239037543636304,21.548196773062365,21.06304192977832,113336191
2024-11-05 18:49:40.380001,XLE,21.60441846644381,21.80080888489656,21.877526413873586,21.29089196546584,153018801
2024-11-06 18:49:40.380001,XLE,22.104681448529536,22.273121018814006,22.298024497717574,21.864464015320436,152081112
2024-11-07 18:49:40.380001,XLE,21.44712491605378,21.56246005851203,21.52779675495241,21.33753321469739,81739615
2024-11-08 18:49:40.380001,XLE,21.614209441788752,21.67095021825336,21.926455262729217,21.572661170787587,143790946
2024-11-11 18:49:40.380001,XLE,22.08282026186916,22.29620382613207,22.485889165851198,21.878976150855898,136259666
2024-11-12 18:49:40.380001,XLE,21.42625060642252,21.46352868784384,21.653302456545017,21.309608207254556,76984000
2024-11-13 18:49:40.380001,XLE,21.848607697975645,21.88524046379195,22.16126113300378,21.57338558252466,93663991
2024-11-14 18:49:40.380001,XLE,21.901347722110415,22.11269987277428,22.068891321903344,21.76465822433085,119075230
2024-11-15 18:49:40.380001,XLE,21.493393647095687,21.313088471251568,21.649569865672014,21.24660432701175,87970144
2024-11-18 18:49:40.380001,XLE,21.203521884737764,21.00431449699458,21.4679043122182,20.955038786272087,191123038
2024-11-19 18:49:40.380001,XLE,20.01035713765393,20.093966188791093,20.103901905136482,19.972451561163503,83361977
2024-11-20 18:49:40.380001,XLE,19.34698485404402,19.498329498779732,19.5414385220989,19.12696450895826,85600054
2024-11-21 18:49:40.380001,XLE,19.7625045813095,19.577930906579727,19.981989834445407,19.756832053475748,77849857
2024-11-22 18:49:40.380001,XLE,20.26525493217941,20.218259492027197,20.3505189276072,20.046904660206614,75521010
2024-11-25 18:49:40.380001,XLE,20.751294781698693,20.57631285270706,20.943888010037163,20.612309068159394,174028831
2024-11-26 18:49:40.380001,XLE,20.376825900925237,20.56155561863975,20.492125494688615,20.12688691714743,141325573
2024-11-27 18:49:40.380001,XLE,21.246286392421233,21.29448549284901,21.301008537463826,20.936402012589525,93589234
2024-11-28 18:49:40.380001,XLE,20.786121179804383,20.95971223274337,21.150321139570263,20.455643276541448,171611842
2024-11-29 18:49:40.380001,XLE,20.79212874957256,20.97943768010893,20.839513924729086,20.472071788591652,68909954
2024-12-02 18:49:40.380001,XLE,21.38449235151748,21.37537234711148,21.654666712420067,21.247527150253855,96798859
2024-12-03 18:49:40.380001,XLE,21.640298981780916,21.75978497352775,21.996457849932888,21.500184814328215,83810198
2024-12-04 18:49:40.380001,XLE,22.007585453702813,22.087039627005197,22.267460934074933,21.700216567061833,199314078
2024-12-05 18:49:40.380001,XLE,22.924477541717966,23.01469835851194,22.951210255352063,22.764491754414845,171920916
2024-12-06 18:49:40.380001,XLE,22.177017802334987,21.99638684097875,22.199396602060354,21.88808780647021,86549293
2024-12-09 18:49:40.380001,XLE,22.510204726660096,22.359916991397505,22.53970787547565,22.45583672266305,76346200
2024-12-10 18:49:40.380001,XLE,23.268296420815048,23.10542232628475,23.658856259127816,23.14036848633037,109441285
2024-12-11 18:49:40.380001,XLE,22.234911250009016,22.35989522118617,22.24127963368488,21.80014010590778,140504594
2024-12-12 18:49:40.380001,XLE,22.453367680672585,22.463856485767536,22.551730778579344,22.298018245789333,62641727
2024-12-13 18:49:40.380001,XLE,22.631574127175785,22.721191322890935,22.690624508348925,22.427655796077122,176685552
2024-12-16 18:49:40.380001,XLE,23.359478088820705,23.31582286440319,23.769328835869697,23.33056377040655,182694532
2024-12-17 18:49:40.380001,XLE,24.189215764233175,24.252326761183962,24.570270211366804,23.96853071059009,76044923
2024-12-18 18:49:40.380001,XLE,24.980275748029126,24.86522925880929,25.345520238778906,24.738561929260193,131906833
2024-12-19 18:49:40.380001,XLE,25.595243844063987,25.54445403850443,26.002463068395944,25.467272438259542,182573198
2024-12-20 18:49:40.380001,XLE,25.77351805123747,25.764113106249408,25.98263257702997,25.711794902416717,57920864
2024-12-23 18:49:40.380001,XLE,27.136298050857754,27.0729653181255,27.154140321320458,26.904811580887095,188103151
2024-12-24 18:49:40.380001,XLE,25.542948505654376,25.786552659418582,26.002557920480136,25.159307517238197,88442788
2024-12-25 18:49:40.380001,XLE,24.416478069637556,24.336727799532113,24.78836748145654,24.216573266980927,110411879
2024-12-26 18:49:40.380001,XLE,25.41461028878719,25.365873509481258,25.7901865909858,25.212625620846822,95773042
2024-12-27 18:49:40.380001,XLE,24.74121268568957,24.563592044810672,24.79687951473761,24.60821701363647,175826924
2024-12-30 18:49:40.380001,XLE,24.315233803620085,24.27879499064045,24.74729474406639,24.106413138213526,103417552
2024-12-31 18:49:40.380001,XLE,24.64175112976421,24.5508823050801,24.920813164990953,24.3163610355609,118337481
2025-01-01 18:49:40.380001,XLE,24.911617862139508,25.10348871030871,25.086313585023547,24.65888783975299,52083523
2025-01-02 18:49:40.380001,XLE,25.16237770419696,25.160552096497707,25.647362458957993,24.76350647448486,171241525
2025-01-03 18:49:40.380001,XLE,25.631512964526912,25.851325693149832,26.020524782952968,25.260740938489874,116262718
2025-01-06 18:49:40.380001,XLE,26.300329419934894,26.2359164758213,26.69304398412999,25.9895569707604,61504698
2025-01-07 18:49:40.380001,XLE,26.645397532383644,26.693213865811483,27.012332848855863,26.4498982079021,80910510
2025-01-08 18:49:40.380001,XLE,26.38788294628832,26.561438441941327,26.68849594181679,26.18016976800498,62462759
2025-01-09 18:49:40.380001,XLE,25.71868770796556,25.695925284879543,26.012517762133303,25.29918541884185,62289835
2025-01-10 18:49:40.380001,XLE,25.664208717167664,25.86685849129013,26.03696347137115,25.478419451469307,152427607
2025-01-13 18:49:40.380001,XLE,25.87846492646871,25.654394314852286,25.93917334987639,25.770648938943005,183038571
2025-01-14 18:49:40.380001,XLE,26.581657025445903,26.444511103863658,26.914919635404605,26.161650793041403,157053085
2025-01-15 18:49:40.380001,XLE,26.536803577376414,26.478335230040926,26.921073259914433,26.42046684936152,69291413
2025-01-16 18:49:40.380001,XLE,25.66329691322652,25.722892899295914,25.97356730892457,25.255156748220827,59599176
2025-01-17 18:49:40.380001,XLE,26.35606964895085,26.450187942667654,26.704222207033627,26.2283663567174,63851521
2025-01-20 18:49:40.380001,XLE,25.91452203315147,25.716744350567446,25.942805872961824,25.540175219781386,150796680
2025-01-21 18:49:40.380001,XLE,25.198172775067214,25.170895498346514,25.253659750315805,24.97490469004299,199140332
2025-01-22 18:49:40.380001,XLE,24.84810497160702,24.62901959256383,24.86223215667784,24.47723820730373,194341145
2025-01-23 18:49:40.380001,XLE,24.656963671267835,24.741251859835394,25.011394452727735,24.623168643388738,134682599
2025-01-24 18:49:40.380001,XLE,24.69926311814312,24.776157410781654,24.80970895438554,24.219626359703916,116876068
2025-01-27 18:49:40.380001,XLE,24.241822454351663,24.163231450825158,24.70324494323032,24.232709643588493,156315644
2025-01-28 18:49:40.380001,XLE,23.590630876454608,23.79052254356209,23.800802990854454,23.422564035692055,148598443
2025-01-29 18:49:40.380001,XLE,23.50560113241335,23.729250603284317,23.721795027408152,23.21152027608642,56361488
2025-01-30 18:49:40.380001,XLE,23.998124496002124,23.90286506977979,24.23928734802223,23.98187839546575,168004176
2025-01-31 18:49:40.380001,XLE,23.641523049851106,23.61840698455565,23.768554798628628,23.4364166870848,138474100
2025-02-03 18:49:40.380001,XLE,24.113903908278253,23.950486727095527,24.551812583128232,24.068145710640287,172353468
2025-02-04 18:49:40.380001,XLE,23.547599397821248,23.539027054516577,23.810571868685233,23.28145691969167,58266386
2025-02-05 18:49:40.380001,XLE,23.742198814856895,23.54439056642811,23.845887193281992,23.541805588966014,105144440
2025-02-06 18:49:40.380001,XLE,23.87697176281052,23.885582974351724,24.18329000532416,23.737551227145747,129619482
2025-02-07 18:49:40.380001,XLE,23.271128865147862,23.219468433152326,23.486737172807356,22.964913992329418,81261011
2025-02-10 18:49:40.380001,XLE,23.5342516334749,23.491590256969,23.964194165276552,23.112231584084753,134620219
2025-02-11 18:49:40.380001,XLE,23.423571528924874,23.611187441778966,23.776573579617235,22.98096690592498,126884832
2025-02-12 18:49:40.380001,XLE,23.47960712847253,23.431997459837618,23.943147120776832,23.47752701828154,154997705
2025-02-13 18:49:40.380001,XLE,22.844876204008543,23.024811182401947,23.05285242561943,22.656874361635964,109615823
2025-02-14 18:49:40.380001,XLE,23.000003094898933,23.10490421930084,23.070405150627987,22.566821190111682,193250069
2025-02-17 18:49:40.380001,XLE,22.538573240878968,22.66358802191094,22.640916014417844,22.178234035377912,128156480
2025-02-18 18:49:40.380001,XLE,22.7639934369582,22.96304020087342,22.908800260110546,22.445199672742167,181401061
2025-02-19 18:49:40.380001,XLE,22.683796734206275,22.869016175850625,23.120278046276546,22.363840704011977,164150263
2025-02-20 18:49:40.380001,XLE,22.98526351342527,22.895437973045937,23.41328800581128,22.74675137042241,58793567
2025-02-21 18:49:40.380001,XLE,23.31593796648557,23.187796139972267,23.69516153763707,23.087339523575537,93528530
2025-02-24 18:49:40.380001,XLE,23.083030748989,23.10370207718475,23.25756294621037,22.93124494649808,191493765
2025-02-25 18:49:40.380001,XLE,23.068936754355647,22.8842511297271,23.142443875999604,22.973893741949382,130274265
2025-02-26 18:49:40.380001,XLE,23.188022537317632,23.361162744934855,23.62257502573639,22.948565465601554,59996866
2025-02-27 18:49:40.380001,XLE,22.784962564447145,22.70551369508923,22.90844624683499,22.553249674641478,96317136
2025-02-28 18:49:40.380001,XLE,23.065165693077976,23.068350098085325,23.512765293170215,22.779436193246067,179012102
2025-03-03 18:49:40.380001,XLE,23.297971032019298,23.450644164343167,23.414890652610648,23.13012014833726,53335732
2025-03-04 18:49:40.380001,XLE,23.314629771480604,23.48800283506443,23.73688126110005,23.027760522426618,194289288
2025-03-05 18:49:40.380001,XLE,23.57467082875256,23.63572532707037,23.857518604830304,23.385748760647775,130244322
2025-03-06 18:49:40.380001,XLE,23.433387316595,23.555653400819814,23.80635392191871,23.428716955489712,109668374
2025-03-07 18:49:40.380001,XLE,23.392596135733438,23.315954079459512,23.688819282929003,23.173859568170464,144765044
2025-03-10 18:49:40.380001,XLE,23.110327934030376,23.116307419000307,23.40956111588111,22.872189535933874,159543806
2025-03-11 18:49:40.380001,XLE,22.784521810736177,22.81978880112324,23.157332850516628,22.59608071024382,88592531
2025-03-12 18:49:40.380001,XLE,23.188749814541623,23.376377568995544,23.303468146382148,22.812744520889645,54661267
2025-03-13 18:49:40.380001,XLE,23.297748279533394,23.184580728205653,23.638913323804097,23.21573030389483,157664967
2025-03-14 18:49:40.380001,XLE,22.98471063977331,22.964778150551396,23.00884342662083,22.937825145857463,76784543
2025-03-17 18:49:40.380001,XLE,23.217123223179083,23.416129866555004,23.306852133367403,22.882750713940734,197232533
2025-03-18 18:49:40.380001,XLE,23.277692713889056,23.32144319628258,23.50259663385942,23.26547303192131,154248894
2025-03-19 18:49:40.380001,XLE,23.635875262378136,23.65480905141007,23.72131174242852,23.467189479123178,151700040
2025-03-20 18:49:40.380001,XLE,23.818527054131213,23.958455869976138,24.22479416469007,23.473745674988674,199666969
2025-03-21 18:49:40.380001,XLE,23.521026994877566,23.475527284720098,23.848408039858978,23.104581653808747,120601175
2025-03-24 18:49:40.380001,XLE,23.274696435030126,23.225323451373807,23.50388092474029,23.193324033813038,115054013
2025-03-25 18:49:40.380001,XLE,22.615463943999597,22.814223440864975,22.871881792243077,22.556039220868122,118098709
2025-03-26 18:49:40.380001,XLE,22.840306266821827,22.716891543418818,23.09497244220687,22.75954767306771,130819448
2025-03-27 18:49:40.380001,XLE,23.543576397139397,23.6966690592382,23.849604708799895,23.376042770903695,68447445
2025-03-28 18:49:40.380001,XLE,23.55119383276532,23.463265459405395,23.984578908814917,23.478683510659167,142889338
2025-03-31 18:49:40.380001,XLE,23.860212006554672,23.772770499749896,23.933391084516423,23.639145878541267,177446125
2025-04-01 18:49:40.380001,XLE,24.31351766583791,24.492602463739942,24.670008504962503,24.235362197539153,52339486
2025-04-02 18:49:40.380001,XLE,24.08331216427545,24.167012828786856,24.471347592026333,23.896909227775016,187639122
2025-04-03 18:49:40.380001,XLE,24.66419627029895,24.454955005049918,24.777376488396506,24.411850017446604,143883272
2025-04-04 18:49:40.380001,XLE,24.89086023873659,25.044581127974862,24.978844666663445,24.57152496383124,138247751
2025-04-07 18:49:40.380001,XLE,24.922703734083438,24.966038718382993,25.21319481784261,24.519855477852655,95687246
2025-04-08 18:49:40.380001,XLE,24.558712417199217,24.60159438347269,24.8239877636756,24.09639269832232,92584428
2025-04-09 18:49:40.380001,XLE,23.481242083490102,23.45195718502918,23.655833227950346,23.404342078938864,158340970
2025-04-10 18:49:40.380001,XLE,23.607889610928748,23.60802624893232,23.93461365424977,23.214131853096298,88092883
2025-04-11 18:49:40.380001,XLE,23.37557216222945,23.385483628128373,23.750312666563357,22.977876243965845,165009163
2025-04-14 18:49:40.380001,XLE,23.2727733241543,23.28270838101459,23.34400759448452,22.918091594224684,199572733
2025-04-15 18:49:40.380001,XLE,22.59859929893334,22.637868625758568,22.77865158846937,22.495314154258363,195182550
2025-04-16 18:49:40.380001,XLE,22.388585800192843,22.48773737359929,22.67805645679025,22.27070985376632,61319939
2025-04-17 18:49:40.380001,XLE,22.72429564678342,22.794169142693185,23.050106910113175,22.292731144339584,96792312
2025-04-18 18:49:40.380001,XLE,22.32673159691625,22.436442418422285,22.63368544771943,22.04877470364556,153226407
2025-04-21 18:49:40.380001,XLE,22.32400136505339,22.508699711390143,22.570085671759703,21.934818007616453,148272107
2025-04-22 18:49:40.380001,XLE,21.804664201344163,21.96661342351148,22.146977578464124,21.484633829351267,84243704
2025-04-23 18:49:40.380001,XLE,21.957513736886742,21.794078782789516,22.08511573999475,21.749449412764424,63275327
2025-04-24 18:49:40.380001,XLE,21.058061928462994,20.932657186573742,21.236565495248293,21.056895030715594,142683353
2025-04-25 18:49:40.380001,XLE,20.298832858441312,20.38343690174823,20.69240822653043,20.204797777335166,58689405
2025-04-28 18:49:40.380001,XLE,20.769524353406492,20.754233015128417,20.81094826835682,20.38825726977271,192837560
2025-04-29 18:49:40.380001,XLE,20.38346860179786,20.519486198569705,20.69387868788242,20.017029292863842,181736160
2025-04-30 18:49:40.380001,XLE,19.639822132557132,19.449790152926166,19.735840696764484,19.260571772774767,111375174
2025-05-01 18:49:40.380001,XLE,20.088518764307743,19.923753787443722,20.09213029267299,19.991168003529893,117683375
2025-05-02 18:49:40.380001,XLE,20.00331361544671,20.071085475072216,20.15322800192678,19.733956638886255,102726094
2025-05-05 18:49:40.380001,XLE,19.743968911479634,19.787315258223277,19.761610872389454,19.37202239258749,160550176
2025-05-06 18:49:40.380001,XLE,19.275969083184734,19.275420776209685,19.50402641864248,19.010481660946056,107131643
2025-05-07 18:49:40.380001,XLE,19.688270452071063,19.5884286216218,19.80324068306641,19.59547736936136,138868156
2025-05-08 18:49:40.380001,XLE,19.159098312772976,19.274864785333904,19.19676690580896,19.00639574587737,86833436
2025-05-09 18:49:40.380001,XLE,18.682343267086086,18.522473896974986,18.75013389569647,18.574215524969635,120634022
2025-05-12 18:49:40.380001,XLE,18.364604034839193,18.444033299250606,18.469783042692953,18.297179695822074,110401306
2025-05-13 18:49:40.380001,XLE,19.14613830278004,18.99520473483842,19.238905019082697,19.025795841398317,180410086
2025-05-14 18:49:40.380001,XLE,19.53958138819759,19.678035160787424,19.59042305282782,19.209821354125687,152438955
2025-05-15 18:49:40.380001,XLE,19.991515491769494,19.852296264516227,20.00520103139516,19.85445691685464,190890167
2025-05-16 18:49:40.380001,XLE,20.007282257349267,20.166214549104037,20.053615793660946,19.76595366721322,133284778
2025-05-19 18:49:40.380001,XLE,19.854173979195817,19.83832612822343,19.877746261773996,19.505074364478684,106903719
2025-05-20 18:49:40.380001,XLE,19.083038235437865,19.269950950767164,19.094656585393004,18.90778865765608,66315791
2025-05-21 18:49:40.380001,XLE,19.077335792333834,18.944733703992142,19.24821755542035,19.056440030015697,139688106
2025-05-22 18:49:40.380001,XLE,18.74786770894921,18.9142189440113,18.766000286559947,18.664990120282233,141779677
2025-05-23 18:49:40.380001,XLE,19.124613947973124,19.15342129950749,19.39079113264372,18.90178232196938,164674733
2025-05-26 18:49:40.380001,XLE,19.431950577190015,19.48297594217409,19.796269635920233,19.310544813597176,114292902
2025-05-27 18:49:40.380001,XLE,19.37427127309234,19.24399221288102,19.535058973799412,19.04964023900686,121938130
2025-05-28 18:49:40.380001,XLE,19.137853027950058,19.044003027026587,19.48241074127941,19.036006571191592,50030773
2025-05-29 18:49:40.380001,XLE,19.028913925810198,19.06946649301461,19.23954580264526,19.01049303659581,166514629
2025-05-30 18:49:40.380001,XLE,18.816481652328054,18.7766942086935,18.899464520122585,18.452780278741326,137745974
2025-06-02 18:49:40.380001,XLE,19.374523608393083,19.529421488385413,19.718241528336698,19.156968814996535,97966974
2025-06-03 18:49:40.380001,XLE,18.586852911077585,18.68787805897364,18.921369450514604,18.50883247183895,162274459
2025-06-04 18:49:40.380001,XLE,18.487833362627175,18.387495894364136,18.742631574262447,18.486230672223446,56062442
2025-06-05 18:49:40.380001,XLE,18.276357540387355,18.124272956585997,18.278701312751977,18.248861215801075,131509080
2025-06-06 18:49:40.380001,XLE,17.694855220193645,17.731016500043356,18.029939394340353,17.61697648235937,50129257
2025-06-09 18:49:40.380001,XLE,17.406058491391843,17.284878305267892,17.491017050428148,17.148857925008855,178311611
2025-06-10 18:49:40.380001,XLE,17.12982739768876,17.142475744715753,17.238319697068214,16.945302983782653,178699578
2025-06-11 18:49:40.380001,XLE,16.42746623295481,16.322959905605845,16.709612742140834,16.38832325802677,107237557
2025-06-12 18:49:40.380001,XLE,15.85382160850958,15.717933401349994,16.137926079644203,15.79570342758258,109684655
2025-06-13 18:49:40.380001,XLE,15.858380237483559,15.836143484892412,15.888539936917205,15.625171544138672,117420455
2025-06-16 18:49:40.380001,XLE,16.145065064796093,16.266504699899745,16.192364076503804,16.141707153472655,109148039
2025-06-17 18:49:40.380001,XLE,16.506939901176953,16.434429980489373,16.5568017193696,16.26631985597276,150882985
2025-06-18 18:49:40.380001,XLE,16.50142380561105,16.618328984510615,16.722037852581366,16.252715271077893,83766389
2025-06-19 18:49:40.380001,XLE,17.286613660357194,17.37285150176481,17.340441486348997,17.213822455990286,81536274
2025-06-20 18:49:40.380001,XLE,17.370212402421377,17.516792853664192,17.547825383992283,17.187069026451407,115750029
2025-06-23 18:49:40.380001,XLE,16.74173660090296,16.831125252330867,16.91326828640794,16.563210503357027,118199039
2025-06-24 18:49:40.380001,XLE,16.660192683138398,16.549175639741758,16.830343713485746,16.659090072274093,102108326
2025-06-25 18:49:40.380001,XLE,16.60542478134813,16.73524843468629,16.629963879129704,16.361028050866686,119738956
2025-06-26 18:49:40.380001,XLE,16.68970649825463,16.643120166629828,16.937801460652363,16.621267814714724,77618219
2025-06-27 18:49:40.380001,XLE,17.149635480484058,17.30212279382071,17.395926570189644,17.06069930219306,148361774
2025-06-30 18:49:40.380001,XLE,17.962917463967703,17.96870229828676,18.162058411960007,17.729097272549833,182136861
2025-07-01 18:49:40.380001,XLE,18.511994656648895,18.42645218829872,18.832767282978143,18.457325881920454,140470567
2025-07-02 18:49:40.380001,XLE,18.62010419834652,18.603389642945217,18.67186219783954,18.2740536488046,98828352
2025-07-03 18:49:40.380001,XLE,19.063215752170176,18.949221554850592,19.117138682069644,18.7043657762148,171337145
2025-07-04 18:49:40.380001,XLE,19.11685175788288,19.065822242111132,19.43628203028962,19.084279591199508,126043964
2025-07-07 18:49:40.380001,XLE,19.331262291376866,19.283212443982755,19.475507641672134,19.10768609401998,66536253
2025-07-08 18:49:40.380001,XLE,18.71643221241603,18.775126531957337,19.017243768927628,18.70953027297967,53931440
2025-07-09 18:49:40.380001,XLE,19.450690224287214,19.28701411614528,19.59510733708685,19.392870884467587,191918360
2025-07-10 18:49:40.380001,XLE,20.551171757074563,20.670626268163435,20.933784652180012,20.467285961763285,132936698
2025-07-11 18:49:40.380001,XLE,20.176852911759713,20.33239036798009,20.23858520032887,19.8862624814688,54566582
2025-07-14 18:49:40.380001,XLE,20.513903983781486,20.376760210486232,20.71153862190133,20.511396997396037,158453019
2025-07-15 18:49:40.380001,XLE,19.738067602716026,19.836520694365028,19.990316224161695,19.487283127148864,164892645
2025-07-16 18:49:40.380001,XLE,18.992949926073727,18.89021250585781,19.34734006537211,18.87740052760663,83431539
2025-07-17 18:49:40.380001,XLE,19.786096688065697,19.724386580181513,19.99741596636646,19.47649441248481,188491488
2025-07-18 18:49:40.380001,XLE,19.74572736949226,19.94303313870294,19.994836340728735,19.391696678747294,128172013
2025-07-21 18:49:40.380001,XLE,19.217998158122032,19.131489719114086,19.557994916008425,19.002186625551364,134761560
2025-07-22 18:49:40.380001,XLE,19.202838946058627,19.074927422105723,19.21633179753405,18.92734186938927,159339036
2025-07-23 18:49:40.380001,XLE,19.467400144711554,19.34345552396224,19.730312911586356,19.28733595744045,159523461
2025-07-24 18:49:40.380001,XLE,18.603332744121758,18.483787387562383,18.796526492664178,18.28709677877092,170153401
2025-07-25 18:49:40.380001,XLE,18.16445153002069,18.180836628060053,18.40946600036415,18.00426362071095,61712636
2025-07-28 18:49:40.380001,XLE,18.045857350569296,17.931773969385667,18.119341436496423,17.90338176880833,54491554
2025-07-29 18:49:40.380001,XLE,17.284860458180493,17.310841686963148,17.482938023514368,16.94228490498468,186129706
2025-07-30 18:49:40.380001,XLE,17.340337013583248,17.485491356422095,17.47638839710739,17.310222343334022,157868962
2025-07-31 18:49:40.380001,XLE,16.65301839906927,16.766341073711892,16.7191017505714,16.589172383050407,134264495
2025-08-01 18:49:40.380001,XLE,16.313695325835702,16.323420199723646,16.51784483508022,16.007590644065193,147142743
2025-08-04 18:49:40.380001,XLE,16.56361645946104,16.677605332026012,16.798644600553697,16.310190955535546,89286097
2025-08-05 18:49:40.380001,XLE,17.231030545545167,17.389380112028174,17.47421645104407,17.056273975854328,120808853
2025-08-06 18:49:40.380001,XLE,17.12255332312648,17.1479703404477,17.144288284106512,16.98159291755904,95146751
2025-08-07 18:49:40.380001,XLE,17.59244209233644,17.666822008568758,17.704137002478916,17.295928988788496,137278389
2025-08-08 18:49:40.380001,XLE,17.678020849040067,17.666103034807065,17.773999981378225,17.425596646343948,60263195
2025-08-11 18:49:40.380001,XLE,17.645664103869596,17.639034680888916,17.91485563382824,17.30928725743649,110266821
2025-08-12 18:49:40.380001,XLE,16.94334799883155,16.96043462738746,17.156685384364014,16.674002404281506,64634486
2025-08-13 18:49:40.380001,XLE,16.59782628690221,16.446407776517354,16.604049144677877,16.56806994109818,169204040
2025-08-14 18:49:40.380001,XLE,16.217739618664854,16.312461891941226,16.334870766696305,15.916494830857008,160195588
2025-08-15 18:49:40.380001,XLE,16.641714593059994,16.64560672778287,16.71305921230057,16.401752474518634,179021156
2025-08-18 18:49:40.380001,XLE,16.910606891254226,16.7597951611348,16.98986419950954,16.90974424665337,168933163
2025-08-19 18:49:40.380001,XLE,16.98015555308025,16.89054314787455,17.02721891454561,16.970679478132634,126613660
2025-08-20 18:49:40.380001,XLE,17.72297925963462,17.83067226776251,17.825799952596906,17.44426748994943,55055637
2025-08-21 18:49:40.380001,XLE,17.39996190617313,17.281639286780162,17.743093846835468,17.142984862043843,63555238
2025-08-22 18:49:40.380001,XLE,17.963323561652878,18.139104615839607,18.091473434932553,17.75370771415287,130843920
2025-08-25 18:49:40.380001,XLE,17.09066952053348,17.09372352758537,17.274643332993996,16.883741611887768,106779331
2025-08-26 18:49:40.380001,XLE,16.824214728003895,16.88680112428157,17.081871572381175,16.698862475486074,132510811
2025-08-27 18:49:40.380001,XLE,15.933299005310449,16.039043388600383,16.103302825777472,15.76987456447181,162133567
2025-08-28 18:49:40.380001,XLE,15.605260200545715,15.722836590857543,15.71074068734556,15.513816981127055,179433494
2025-08-29 18:49:40.380001,XLE,15.26953501408377,15.334089096094624,15.533122698658655,15.257357285298317,91106897
2025-09-01 18:49:40.380001,XLE,16.62676331725771,16.681770290051315,16.785185589993965,16.39990634555508,109413983
2025-09-02 18:49:40.380001,XLE,17.596188139067092,17.497452871680192,17.711149355463846,17.434696590228963,138904048
2025-09-03 18:49:40.380001,XLE,18.92970146470668,19.027487835458917,19.160915721528664,18.557638562495164,106088026
2025-09-04 18:49:40.380001,XLE,18.004494380559024,17.925476897811766,18.342761835589815,17.852133631670025,195303212
2025-09-05 18:49:40.380001,XLE,18.506820898432732,18.513798518443743,18.782660700241138,18.471967962886772,159948668
2025-09-08 18:49:40.380001,XLE,19.91020780049369,19.71565283195449,20.29399237546368,19.68377613080891,80126807
2025-09-09 18:49:40.380001,XLE,21.70287822557978,21.507971606295627,21.87338402060309,21.36347574438501,178370064
2025-09-10 18:49:40.380001,XLE,19.168190482862812,19.33843510387089,19.420204513773022,18.78801807807969,157002360
2025-09-11 18:49:40.380001,XLE,18.932438919508787,18.750796458912216,19.089281930974657,18.65438935802379,81293113
2025-09-12 18:49:40.380001,XLE,16.41137709984562,16.545371922889174,16.648403969538865,16.316156060770698,90330355
2025-09-15 18:49:40.380001,XLE,14.974846133965404,14.840586239947518,14.991813807710715,14.766650074984078,112218127
2025-09-16 18:49:40.380001,XLE,16.06415039934976,15.940580740002455,16.079049865210568,16.060564426469487,64370372
2025-09-17 18:49:40.380001,XLE,17.151828952534057,17.08849862307487,17.281136246354688,17.138198371952427,99672136
2025-09-18 18:49:40.380001,XLE,16.729501596584953,16.69126267825919,16.982512516252992,16.69147323863485,174118461
2025-09-19 18:49:40.380001,XLE,16.56884054022288,16.40581972994062,16.773004925739045,16.34902522932264,142555052
2025-09-22 18:49:40.380001,XLE,14.107789842354626,14.112659364908108,14.250269089538712,13.92591384599019,88828514
2025-09-23 18:49:40.380001,XLE,14.892991212710728,14.76416893871717,15.125385161824209,14.795131717351643,98374103
2025-09-24 18:49:40.380001,XLE,13.621349829412434,13.558477665400792,13.853621570241554,13.424420817377445,58622090
2025-09-25 18:49:40.380001,XLE,13.754485958264024,13.749418514944166,13.760564044750277,13.62773820909581,60125026
2025-09-26 18:49:40.380001,XLE,12.534894138060178,12.564053678060308,12.704887299927197,12.487109683486954,129676574
2025-09-29 18:49:40.380001,XLE,11.689114053254514,11.625693958517735,11.918132082190871,11.514588414084116,192859809
2025-09-30 18:49:40.380001,XLE,10.744418873933611,10.851713977406765,10.895633578482402,10.733955650512847,165543314
2025-10-01 18:49:40.380001,XLE,10.962480800238408,10.904132062298817,11.084650336046774,10.951847946745904,54128897
2025-10-02 18:49:40.380001,XLE,11.102851485580286,11.091886730195325,11.235703854579533,10.986769391719077,175563903
2025-10-03 18:49:40.380001,XLE,11.661238928330063,11.759569200984016,11.724389602976133,11.647597037761576,54502648
2025-10-06 18:49:40.380001,XLE,11.139933932495108,11.136027286407941,11.35001614136231,10.938320816535196,124971606
2025-10-07 18:49:40.380001,XLE,11.556033482779108,11.653310955267987,11.579462619821356,11.437654348259981,73737112
2025-10-08 18:49:40.380001,XLE,12.318671057252237,12.221413967222233,12.470080090604814,12.11592720678993,124400662
2025-10-09 18:49:40.380001,XLE,12.960317262711188,12.896498910797032,13.21643976577783,12.859849605910448,81879316
2025-10-10 18:49:40.380001,XLE,13.206368511313235,13.246920687363854,13.334350770129134,13.077784362669453,135636599
2025-10-13 18:49:40.380001,XLE,14.410002378733527,14.448369777778112,14.623541255508256,14.338314925735387,136443684
2025-10-14 18:49:40.380001,XLE,13.636189954805518,13.740507036594986,13.846630134369583,13.632898010492548,167582077
2025-10-15 18:49:40.380001,XLE,15.008672450843397,15.158169775573068,15.201363883510242,14.824469044241622,70928892
2025-10-16 18:49:40.380001,XLE,16.045526554503205,16.175204183259822,16.26421117514136,15.958994406671337,163051371
2025-10-17 18:49:40.380001,XLE,18.142815134930107,18.22377016021583,18.28619054291653,17.980499733915,176089318
2025-10-20 18:49:40.380001,XLE,19.38582185232469,19.22739451944571,19.601131029342955,19.17596836747451,162953341
2025-10-21 18:49:40.380001,XLE,21.40421083269807,21.26900721300454,21.821150980395586,21.010778896822302,110116221
2025-10-22 18:49:40.380001,XLE,22.205203781158612,22.26231203233719,22.52217899345902,21.98190384796435,82537490
2025-10-23 18:49:40.380001,XLE,21.438602815692537,21.378789737347336,21.85596624686651,21.195196300308677,111777963
2025-10-24 18:49:40.380001,XLE,22.06324375346262,22.206189975329416,22.074475427155736,21.635185653034814,166528379
2025-10-27 18:49:40.380001,XLE,21.64869638769801,21.53857787125184,21.81522437572926,21.345444014912015,89334704
2025-10-28 18:49:40.380001,XLE,21.39123736050803,21.183030786224133,21.7522423891547,21.09526828478855,117270095
2025-10-29 18:49:40.380001,XLE,21.525939731019182,21.575966458082615,21.703562429499197,21.23507853244252,172769852
2025-10-30 18:49:40.380001,XLE,19.758144061099284,19.646626292193126,19.86381425268823,19.736728505411705,76618785
2025-10-31 18:49:40.380001,XLE,20.552332480109882,20.740063623640026,20.731520462676844,20.205036586931566,159831940
2025-11-03 18:49:40.380001,XLE,21.712407308493027,21.889411301976914,21.9847586590267,21.43833636581277,163851249
2025-11-04 18:49:40.380001,XLE,21.802117036638084,21.756741134999775,22.15843083649319,21.733108755326963,107068316
2025-11-05 18:49:40.380001,XLE,20.337068060836284,20.42459629667176,20.62627987878076,20.323595573909426,158898032
2025-11-06 18:49:40.380001,XLE,19.738082140850363,19.732989647270102,19.892003180925975,19.669528755437202,198853529
2025-11-07 18:49:40.380001,XLE,20.209854868751876,20.180964396141,20.584209777362947,20.025183439660804,138847817
2025-11-10 18:49:40.380001,XLE,20.657742854232175,20.484273234080373,20.742886089085868,20.616627325141653,199018394
2025-11-11 18:49:40.380001,XLE,20.36254337289751,20.209272486257802,20.769217506661604,20.24423010435764,112370429
2025-11-12 18:49:40.380001,XLE,20.18621315850286,20.27858591689577,20.554916084240457,19.855853005855447,187774341
2025-11-13 18:49:40.380001,XLE,18.622521816261713,18.548238581623703,18.75597300627051,18.41700953987436,113935751
2025-11-14 18:49:40.380001,XLE,18.584185578175237,18.649610127884134,18.610934176554373,18.57394169557567,67137585
2025-11-17 18:49:40.380001,XLE,19.987517729246015,20.06612209377422,20.195145412593746,19.811507650786098,93592954
2025-11-18 18:49:40.380001,XLE,19.81893091370226,19.99187769067349,19.905005620964843,19.711050690351914,185239044
2025-11-19 18:49:40.380001,XLE,19.08862061867802,19.045428103948346,19.18935874277424,18.73293960218645,148599375
2025-11-20 18:49:40.380001,XLE,19.326213179714177,19.143344312787548,19.337240404639243,18.999038333609835,54599255
2025-11-21 18:49:40.380001,XLE,20.40460665285583,20.44209217171848,20.43070107500112,20.12589563415958,149002349
2025-11-24 18:49:40.380001,XLE,20.260034213695548,20.11306360631655,20.45071727685895,20.25998768951222,159913083
2025-11-25 18:49:40.380001,XLE,19.650073929340582,19.77982588773531,19.949635348970816,19.63034057473376,95352670
2025-11-26 18:49:40.380001,XLE,20.501872000269802,20.394219686471786,20.90675362069253,20.429328132267237,129440038
2025-11-27 18:49:40.380001,XLE,21.155766042616044,21.09128084927522,21.480821443104528,20.77116473727226,113984553
2025-11-28 18:49:40.380001,XLE,22.183797370314917,21.987950957034982,22.55304891614752,21.807946075598576,84021460
2025-12-01 18:49:40.380001,XLE,21.58723314163135,21.700980831162425,21.922728653412086,21.474712253983633,61493280
2025-12-02 18:49:40.380001,XLE,20.596462685684962,20.557107223323584,20.755357579511788,20.408491785445722,99537616
2025-12-03 18:49:40.380001,XLE,21.235853836040278,21.133386262637828,21.51598122569762,20.869742572858666,56188488
2025-12-04 18:49:40.380001,XLE,22.07127254578984,22.014602760017294,22.225897199777545,22.052576728667642,93465900
2025-12-05 18:49:40.380001,XLE,21.937483999832278,22.048002861268774,22.077824548513235,21.76832993536661,90335995
2025-12-08 18:49:40.380001,XLE,21.807076165872928,21.792337744310558,21.885296950290947,21.709877940537265,92464955
2025-12-09 18:49:40.380001,XLE,21.159815290595507,21.049673208676428,21.30690173942664,21.023269062920555,164977397
2025-12-10 18:49:40.380001,XLE,22.80217524017464,22.896699187562138,22.83444507019738,22.72896584311458,79652098
2025-12-11 18:49:40.380001,XLE,19.72416249714317,19.538994402793442,20.05183136137034,19.412332220843073,102907419
2025-12-12 18:49:40.380001,XLE,17.39839942453696,17.41897595602354,17.72430856047436,17.338537884773494,151079940
2025-12-15 18:49:40.380001,XLE,16.879615563272143,16.727280267700376,17.1276158865722,16.695879494476134,197437700
2025-12-16 18:49:40.380001,XLE,14.712128404205204,14.742974297934305,14.969245948943145,14.52252501704494,108706447
2025-12-17 18:49:40.380001,XLE,15.593046646311821,15.555511333343661,15.714108780725823,15.520972956760627,171661054
2025-12-18 18:49:40.380001,XLE,15.066132812085112,15.000001885421153,15.305897039887304,15.047316551780852,78560500
2025-12-19 18:49:40.380001,XLE,15.886650786099148,15.762126271829437,16.068435441235643,15.640030879940827,184095335
2025-12-22 18:49:40.380001,XLE,15.463545429291099,15.526138936897645,15.710986311930183,15.365718678992296,129049131
2025-12-23 18:49:40.380001,XLE,16.098770340018817,16.064080052898234,16.365504481963043,15.845539661167665,77724045
2025-12-24 18:49:40.380001,XLE,15.828521811913268,15.73796722190182,15.953899715147202,15.632648597186328,76186874
2025-12-25 18:49:40.380001,XLE,14.862569887953198,14.95387953274336,14.965325851266908,14.60884378949272,174523370
2025-12-26 18:49:40.380001,XLE,13.71453409179155,13.653270866030306,13.802908237207017,13.58655055064765,51252943
2025-12-29 18:49:40.380001,XLE,12.46938488321012,12.417498258227997,12.658397015089486,12.386863955006621,72286239
2025-12-30 18:49:40.380001,XLE,12.826515411135757,12.700524855327012,13.040324161712709,12.815167566749137,105232014
2025-12-31 18:49:40.380001,XLE,13.628989220154393,13.624207896641318,13.733111853367884,13.625937373381785,51964400
2026-01-01 18:49:40.380001,XLE,12.60128986298307,12.647216044437366,12.723007848791422,12.376684167778752,135344597
2026-01-02 18:49:40.380001,XLE,13.32777408297261,13.332955739926659,13.494985836223622,13.289917325779646,151357800
2026-01-05 18:49:40.380001,XLE,14.015439122431818,14.01455560319502,14.252161556126369,13.826925985875112,130860629
2026-01-06 18:49:40.380001,XLE,13.929482497694895,14.050494117417262,14.180013059821809,13.668869364192568,67670488
2026-01-07 18:49:40.380001,XLE,13.177690243469332,13.276512346365992,13.273696566954822,13.092147189813021,175363105
2026-01-08 18:49:40.380001,XLE,13.305685614475351,13.339027170988087,13.387446013241263,13.132597338703864,50287098
2026-01-09 18:49:40.380001,XLE,13.467688633046661,13.402292480044252,13.481285619028268,13.386967736578118,90514960
2026-01-12 18:49:40.380001,XLE,12.094212161554092,12.192173815717446,12.18500217915704,11.953416846550983,151998815
2026-01-13 18:49:40.380001,XLE,12.251753277717414,12.146245628750503,12.453867979685345,12.238419833947694,71782349
2026-01-14 18:49:40.380001,XLE,12.525582343106906,12.503138925070195,12.696336091701507,12.40527428865725,68475780
2026-01-15 18:49:40.380001,XLE,11.694132810254326,11.676916839584317,11.840729412382482,11.57336180580752,150951550
2026-01-16 18:49:40.380001,XLE,11.628529808418147,11.729467563212127,11.695351513372165,11.614152921265065,102119954
2026-01-19 18:49:40.380001,XLE,10.89839919843318,10.952832082216963,11.104660616904578,10.68382659520264,145551943
2026-01-20 18:49:40.380001,XLE,10.401859991768255,10.333026739614718,10.472692617585595,10.32713705114515,109045731
2026-01-21 18:49:40.380001,XLE,11.176821123586093,11.096469284140753,11.243515967115473,11.050414989568003,161150913
2026-01-22 18:49:40.380001,XLE,11.968985720188373,11.899206283495666,12.030929008731373,11.866104350554894,146537082
2026-01-23 18:49:40.380001,XLE,12.363507575637758,12.48456672186153,12.400493685743426,12.294964109120581,179343625
2026-01-26 18:49:40.380001,XLE,12.87400764723404,12.89727768521468,12.935882326134793,12.642043759584515,69043607
2026-01-27 18:49:40.380001,XLE,14.541667468606333,14.524388432447738,14.56707847295151,14.252994697665656,54569931
2026-01-28 18:49:40.380001,XLE,13.575500533548468,13.706975057952405,13.674076156903906,13.472688265884472,176336757
2026-01-29 18:49:40.380001,XLE,12.417239722604014,12.387656846393863,12.590524315840062,12.398418506744369,95171864
2026-01-30 18:49:40.380001,XLE,12.722618082872518,12.705669516322201,12.938851804410529,12.618730594379564,181591199
2026-02-02 18:49:40.380001,XLE,13.889851869117276,13.871938142080735,13.913497793946359,13.752684441512208,177226489
2026-02-03 18:49:40.380001,XLE,14.446574141198406,14.311272729289575,14.57206674568149,14.322433396017663,165411472
2026-02-04 18:49:40.380001,XLE,14.473352213220483,14.430610845671616,14.710092696808633,14.43679249533534,112122616
2026-02-05 18:49:40.380001,XLE,13.294771144915762,13.379694007197196,13.46269875756015,13.243001734703748,81401825
2026-02-06 18:49:40.380001,XLE,13.627659571958203,13.620542680510416,13.847404304317052,13.501390714102406,159759667
2026-02-09 18:49:40.380001,XLE,12.84194292243736,12.851549136133555,12.940551140699691,12.768226825579738,117595225
2026-02-10 18:49:40.380001,XLE,12.571217104199222,12.654068341561912,12.609582959956118,12.351750876511563,196272751
2026-02-11 18:49:40.380001,XLE,12.496981313796843,12.527431897008087,12.696779436976243,12.43150108422111,62287413
2026-02-12 18:49:40.380001,XLE,11.35886231010191,11.28113006412645,11.485880917789268,11.233183146178643,79763382
2026-02-13 18:49:40.380001,XLE,11.738190443986989,11.64296517347546,11.815927498518311,11.716642588119592,61776405
2026-02-16 18:49:40.380001,XLE,12.45842198263142,12.399400978132364,12.539515872982028,12.29354186834732,108204558
2026-02-17 18:49:40.380001,XLE,13.552844106536574,13.60364159302633,13.661392947491,13.531470867357015,161758875
2026-02-18 18:49:40.380001,XLE,14.21839710243552,14.133643069368798,14.394631736294404,13.988197158001098,140538861
2026-02-19 18:49:40.380001,XLE,14.332885964742202,14.441704284734561,14.449251117775122,14.127056207273316,130584270
2026-02-20 18:49:40.380001,XLE,13.729988587023481,13.739819641552408,13.791891805039018,13.53890461779826,178152027
2026-02-23 18:49:40.380001,XLE,13.834956398019019,13.769016490260608,14.049931441310337,13.720829084573445,148560480
2026-02-24 18:49:40.380001,XLE,13.41091291657745,13.511435661935488,13.486200911416617,13.280979312846041,174135941
2026-02-25 18:49:40.380001,XLE,14.904286396765743,15.028906877254666,14.951669254886765,14.64426252833463,102185179
2026-02-26 18:49:40.380001,XLE,15.295025596225136,15.29274826393777,15.34447448734097,15.290606709255934,73539201
2026-02-27 18:49:40.380001,XLE,15.897529770521533,15.76268809709622,16.144889631170876,15.753484082963569,197179809
2026-03-02 18:49:40.380001,XLE,15.771281087184041,15.866901699777912,16.008328129573908,15.747597732382271,75260373
2026-03-03 18:49:40.380001,XLE,14.193766398374889,14.140625967489344,14.362132787220382,14.041741910882395,85334516
2026-03-04 18:49:40.380001,XLE,13.143012012140556,13.222078113112858,13.22514220909968,13.075987425657814,171068507
2026-03-05 18:49:40.380001,XLE,14.0480361427416,14.11103377709077,14.057699594792886,13.784208427670654,136143537
2026-03-06 18:49:40.380001,XLE,15.207384454656738,15.241555534846604,15.217470623365436,15.196852659327641,135276154
2026-03-09 18:49:40.380001,XLE,15.205172386807806,15.355962285168278,15.247443999411484,14.979755019719994,115692935
2026-03-10 18:49:40.380001,XLE,15.881703014037791,15.78279610237315,16.062195498412283,15.790994081992476,172467847
2026-03-11 18:49:40.380001,XLE,14.621041486830585,14.499715339057653,14.797501336331365,14.410088475425221,146459898
2026-03-12 18:49:40.380001,XLE,14.216254807192072,14.280121089213496,14.376205404897808,13.975275408024617,184995559
2026-03-13 18:49:40.380001,XLE,14.672733066791922,14.658142684555546,14.963108968639867,14.607149769455756,193882151
2026-03-16 18:49:40.380001,XLE,15.254651014734673,15.163550399272342,15.429118977205366,15.103126820017609,136844235
2026-03-17 18:49:40.380001,XLE,15.718466019461378,15.811719818963482,15.811150634005998,15.633780712665025,112951399
2026-03-18 18:49:40.380001,XLE,15.767704156306824,15.822094259149955,15.885985318668476,15.594425289779542,55590162
2026-03-19 18:49:40.380001,XLE,16.48719480235522,16.560598885411416,16.609464763303407,16.390119578956824,127802012
2026-03-20 18:49:40.380001,XLE,16.442372704538627,16.587966819594804,16.508585006362456,16.36911785673889,74208635
2026-03-23 18:49:40.380001,XLE,15.66299220494123,15.759611833137386,15.838744483576374,15.579532071969737,112183216
2026-03-24 18:49:40.380001,XLE,14.049223863393445,14.017186603954642,14.098645461526102,13.99120964780082,150516187
2026-03-25 18:49:40.380001,XLE,14.807211446491657,14.770746083135677,14.9614242943066,14.543984226484268,193660559
2026-03-26 18:49:40.380001,XLE,15.461559472085387,15.596452002941339,15.498452358234,15.423471556127618,62008083
2026-03-27 18:49:40.380001,XLE,15.360209762810781,15.385539825307799,15.431041195165957,15.208153514004254,139245661
2026-03-30 18:49:40.380001,XLE,15.05526771037819,14.911962751724891,15.283009704511207,14.79534600654463,152791910
2026-03-31 18:49:40.380001,XLE,14.236799923089665,14.353335858428236,14.384161651964442,14.214233138951757,58579194
2026-04-01 18:49:40.380001,XLE,14.065693269739704,14.002905362255358,14.317933284532709,13.827595446773666,120426202
2026-04-02 18:49:40.380001,XLE,12.91080515262577,12.890418242889284,13.160523334765879,12.898056486889075,173273855
2026-04-03 18:49:40.380001,XLE,12.586133127613328,12.525461514331889,12.686949539778647,12.547403939817494,136565998
2026-04-06 18:49:40.380001,XLE,13.659800613451095,13.626606776273642,13.773261920324225,13.451490468188434,65145406
2026-04-07 18:49:40.380001,XLE,12.172913224407079,12.276211490519666,12.30232910080133,12.069088282763323,123360416
2026-04-08 18:49:40.380001,XLE,12.679560777978836,12.651391003484171,12.78896996861369,12.57258567995,137834895
2026-04-09 18:49:40.380001,XLE,13.55360594266302,13.634919404795056,13.626954381729313,13.443900314034336,59790717
2026-04-10 18:49:40.380001,XLE,13.916881277592687,13.807680912964278,14.090226124399102,13.760111231455081,165815360
2026-04-13 18:49:40.380001,XLE,13.35368412330462,13.342456836867823,13.542159775856003,13.252935523054994,113232540
2026-04-14 18:49:40.380001,XLE,13.24836076023039,13.158518449677464,13.28380018886974,13.035274535967583,80406292
2026-04-15 18:49:40.380001,XLE,13.0924846495919,13.14846942819132,13.247613370301012,13.020866024069253,172511533
2026-04-16 18:49:40.380001,XLE,13.8392122411338,13.815819774663455,13.96374857100527,13.689221179857308,148630452
2026-04-17 18:49:40.380001,XLE,12.453328681761127,12.346676347088584,12.650792411843037,12.402115645313978,138342943
2026-04-20 18:49:40.380001,XLE,12.24936380448749,12.345383861045146,12.33298505425911,12.094355618936472,72272470
2026-04-21 18:49:40.380001,XLE,12.770120332759843,12.674249284044604,12.954840686664292,12.740729331074993,106274081
2026-04-22 18:49:40.380001,XLE,12.89078008085435,13.01621899808137,13.107830180265452,12.78745464453391,154436766
2026-04-23 18:49:40.380001,XLE,13.062272355026105,13.181509833798808,13.161943970258234,12.941116306136768,130861720
2026-04-24 18:49:40.380001,XLE,13.635614170061391,13.716986967094968,13.905342804508347,13.544471421642095,100203346
2026-04-27 18:49:40.380001,XLE,13.32681217184963,13.356927776817908,13.438796590875116,13.073260679874982,115379301
2026-04-28 18:49:40.380001,XLE,14.173363357873122,14.046359382039807,14.243494744569075,14.049036417567908,120255098
2026-04-29 18:49:40.380001,XLE,13.966495860269687,13.926875913745418,14.170092088290136,13.761173534467746,150864590
2026-04-30 18:49:40.380001,XLE,13.771263588965036,13.723062324862441,13.81052942705864,13.677012216476232,177214568
2026-05-01 18:49:40.380001,XLE,13.199401232795736,13.170256206504632,13.41419245869592,12.935620387680736,195456508
2026-05-04 18:49:40.380001,XLE,13.33394533661624,13.463100917176055,13.549649714716772,13.0998569063525,157203802
2026-05-05 18:49:40.380001,XLE,13.942643146875206,13.979976332394319,13.94972092332212,13.925229151047686,80278079
2026-05-06 18:49:40.380001,XLE,13.044950824811341,13.083143887584155,13.17737036575351,13.018191972988008,117251681
2026-05-07 18:49:40.380001,XLE,13.506081955456278,13.49177857671177,13.66397983631132,13.381591707802984,158395210
2026-05-08 18:49:40.380001,XLE,12.84155426107321,12.906125770395375,12.942442342460119,12.810382536728854,75802437
2026-05-11 18:49:40.380001,XLE,12.358972639196542,12.301031044022578,12.45530358202343,12.348570786131518,103772076
2026-05-12 18:49:40.380001,XLE,12.248152771616557,12.326456210150253,12.374069728071566,12.199283082867932,106769541
2026-05-13 18:49:40.380001,XLE,12.689427889372306,12.605545840435603,12.733264934284492,12.606505819701912,194256933
2026-05-14 18:49:40.380001,XLE,12.91378571352837,12.995763671865653,13.118478352719148,12.8578053916092,100798785
2026-05-15 18:49:40.380001,XLE,13.319215143166367,13.315096886373468,13.361769941760954,13.277048389719981,110951575
2026-05-18 18:49:40.380001,XLE,13.51481087499145,13.474847778511254,13.615752588679923,13.403845980613308,78546008
2026-05-19 18:49:40.380001,XLE,14.108512681537702,14.00360027897434,14.281314918678541,13.946529293847195,165620541
2026-05-20 18:49:40.380001,XLE,13.197736832114016,13.252939832685914,13.413847705048314,13.027229051508716,173991192
2026-05-21 18:49:40.380001,XLE,12.830952458577892,12.828756097593661,13.008541034130143,12.78781128944838,79270016
2026-05-22 18:49:40.380001,XLE,13.208973703304002,13.19054971556156,13.325114058209335,12.981270137400864,179939171
2026-05-25 18:49:40.380001,XLE,12.442875912694664,12.342319870218391,12.605144210545216,12.2076605404107,125987052
2026-05-26 18:49:40.380001,XLE,13.304522157765945,13.242414730237915,13.34780838150905,13.289738330622837,193868216
2026-05-27 18:49:40.380001,XLE,12.93823591218537,12.925617747155835,13.083651360015507,12.815133980883978,169185897
2026-05-28 18:49:40.380001,XLE,12.748103825727204,12.858705596887742,12.978927199122408,12.621204092297713,83204460
2026-05-29 18:49:40.380001,XLE,11.648000904119103,11.639533572758197,11.857528680180433,11.418414646770675,77791968
2026-06-01 18:49:40.380001,XLE,11.62838365443779,11.518670716806716,11.771620585025897,11.540576403294803,85178362
2026-06-02 18:49:40.380001,XLE,11.605914097075718,11.620982502485196,11.661448402375958,11.408675389950103,132614130
2026-06-03 18:49:40.380001,XLE,11.903210857047414,11.902936893292203,12.089135059892442,11.8333742012731,129768339
2026-06-04 18:49:40.380001,XLE,12.022486065606191,12.065648072748884,12.067425816595037,11.786889309609348,142380464
2026-06-05 18:49:40.380001,XLE,12.545867818491393,12.560394801627824,12.68083007390624,12.444464701588984,59125103
2026-06-08 18:49:40.380001,XLE,12.601605000742287,12.478028298760924,12.635577385665831,12.46114841296761,194049384
2026-06-09 18:49:40.380001,XLE,12.560490429490466,12.475922000935105,12.627618956286,12.5051575808929,76223605
2026-06-10 18:49:40.380001,XLE,12.824149413823466,12.86488867894181,13.007648435802246,12.68401953618451,137001820
2026-06-11 18:49:40.380001,XLE,13.154456993023848,13.032287281985658,13.263397785976936,13.037262334514537,154864597
2026-06-12 18:49:40.380001,XLE,13.085582142206583,12.972390190731947,13.128371009854167,12.938737321465789,123608121
2026-06-15 18:49:40.380001,XLE,13.878470091414906,13.98506634358286,13.931233790855526,13.841555072451794,52678768
2026-06-16 18:49:40.380001,XLE,13.979027814698139,14.032177267726919,14.074642138307603,13.831725139954553,143636902
2026-06-17 18:49:40.380001,XLE,14.232339066325515,14.153689241913803,14.37300887823739,14.030839199299963,113888968
2026-06-18 18:49:40.380001,XLE,14.833984608403567,14.865798189706107,15.122701929543735,14.708215108158386,185215489
2026-06-19 18:49:40.380001,XLE,14.69007121809821,14.682463899236717,14.7939400850762,14.53927556725872,57716278
2026-06-22 18:49:40.380001,XLE,15.50279721864985,15.623668707156186,15.741274637151541,15.264903875941709,147144807
2026-06-23 18:49:40.380001,XLE,16.13617587244071,16.14690327422179,16.39247975015983,16.03714817172517,60661173
2026-06-24 18:49:40.380001,XLE,16.842712770119107,16.737998414740954,17.158613238942102,16.706348987628594,65257377
2026-06-25 18:49:40.380001,XLE,15.992199838268863,15.85935944493489,16.22065475169669,15.806888613750276,118216661
2026-06-26 18:49:40.380001,XLE,16.151195278714255,16.14485626681709,16.419612348444073,15.832379846155616,83963831
2026-06-29 18:49:40.380001,XLE,16.709000135368587,16.865983655058876,16.776711850631138,16.666205621148404,130640071
2026-06-30 18:49:40.380001,XLE,16.556943097752182,16.639261139871152,16.775766686555418,16.510907839656866,192607118
2026-07-01 18:49:40.380001,XLE,17.550745633817744,17.5432923842982,17.758008661128443,17.427418583093235,174677760
2026-07-02 18:49:40.380001,XLE,16.94764729900659,17.044300960825954,16.94822297273891,16.80117067021255,124897634
2026-07-03 18:49:40.380001,XLE,16.790655935898045,16.90096131517915,16.865247642048747,16.505106971001958,138332209
2026-07-06 18:49:40.380001,XLE,15.916583232358684,15.99839500031717,15.91795948604942,15.877502225046362,135410217
2026-07-07 18:49:40.380001,XLE,17.544122987012383,17.597535073016637,17.615731156151355,17.286509102195694,165047724
2026-07-08 18:49:40.380001,XLE,18.247186782014776,18.410036882977913,18.338301431533875,18.16437034669984,56077158
2026-07-09 18:49:40.380001,XLE,18.64660147773893,18.56585327189451,18.76048440178449,18.56090056203149,85388259
2026-07-10 18:49:40.380001,XLE,18.399393777426013,18.27854914740107,18.416780388567027,18.11733963649841,150085293
2026-07-13 18:49:40.380001,XLE,19.974021491465376,20.0991079467593,20.25060845396248,19.740566486442482,59530778
2026-07-14 18:49:40.380001,XLE,20.21248334486715,20.215006808754556,20.292152748680145,20.19056116012997,69189406
2026-07-15 18:49:40.380001,XLE,18.085782525982793,18.169972044786594,18.417720220616875,18.00531404609574,133064350
2026-07-16 18:49:40.380001,XLE,17.508361199018573,17.60363444470334,17.709744654492905,17.49076061582713,197786868
2026-07-17 18:49:40.380001,XLE,15.894038948535805,15.976561363004258,16.147494551800737,15.889463865288219,89288954
2026-07-20 18:49:40.380001,XLE,16.061827787066107,15.985518909844664,16.0894928408502,15.831823038894232,76493364
2026-07-21 18:49:40.380001,XLE,15.236324638701955,15.18534831192083,15.442508609615789,15.193040375671751,139613167
2026-07-22 18:49:40.380001,XLE,14.419964152437778,14.330792563077447,14.596513850051517,14.18445776854305,192339749
2026-07-23 18:49:40.380001,XLE,14.741662980365803,14.753707429667932,15.021245747746065,14.631286985913468,53830255
2026-07-24 18:49:40.380001,XLE,14.123564430903437,14.003768075796708,14.13351579783557,13.874202903364399,120268531
2026-07-27 18:49:40.380001,XLE,15.383466347767389,15.509187299233828,15.678093349810872,15.122196844219793,172555750
2026-07-28 18:49:40.380001,XLE,16.125907313416572,16.01898911590755,16.381703854028164,15.962764305400462,183571814
2026-07-29 18:49:40.380001,XLE,15.469731992400785,15.429101950848768,15.775269775261615,15.326172822757693,190490766
2026-07-30 18:49:40.380001,XLE,15.781231683048437,15.839070420399887,15.822078068224174,15.770656233940942,192659456
2026-07-31 18:49:40.380001,XLE,15.690847871070444,15.579277456022131,15.960834619013902,15.569835260803204,104569428
2026-08-03 18:49:40.380001,XLE,15.295365756490638,15.18548766343701,15.57853915542488,15.136076375039721,88874639
2026-08-04 18:49:40.380001,XLE,15.56808775047919,15.534635290410211,15.759802478617186,15.517168896216294,170366341
2026-08-05 18:49:40.380001,XLE,14.871787677281503,14.961131568640887,14.897493607398543,14.850254707677024,56302565
2021-08-06 18:49:40.380001,MPC,120.0,119.26348627017671,122.38145283973077,119.39590121004878,95123450
2021-08-09 18:49:40.380001,MPC,112.76439372571372,112.91390851175876,114.49478549612282,112.07221637747843,62378509
2021-08-10 18:49:40.380001,MPC,108.05599645829633,108.17959534967845,108.40115183542295,107.54021591445364,147564777
2021-08-11 18:49:40.380001,MPC,103.29466706682801,103.75449769206385,104.26748509560682,103.28727489499411,173021493
2021-08-12 18:49:40.380001,MPC,98.76278443260186,99.42113354156017,98.84720666790608,97.98026478002906,177969140
2021-08-13 18:49:40.380001,MPC,93.05946391782078,92.98884305297433,94.62328456264486,92.24109575525097,174816207
2021-08-16 18:49:40.380001,MPC,92.27985483766837,92.00224964517304,92.9980515019671,91.44493858610448,126966819
2021-08-17 18:49:40.380001,MPC,95.82451807281775,96.77573412190891,96.57164971197086,94.67547317665692,138482712
2021-08-18 18:49:40.380001,MPC,99.30009622294502,100.22364592049831,100.78802603140797,97.86132137094724,121655849
2021-08-19 18:49:40.380001,MPC,99.2578910376921,98.91632375588307,100.90570942774706,97.44969284062208,128284516
2021-08-20 18:49:40.380001,MPC,102.17117490521622,102.84788961737344,103.19598227891161,100.50283334249103,50972232
2021-08-23 18:49:40.380001,MPC,101.11423246439765,100.2900232856349,101.75790963048784,100.92630339928242,130126276
2021-08-24 18:49:40.380001,MPC,97.11039899921016,98.06891714253848,97.26707063569651,96.04337680110726,123707778
2021-08-25 18:49:40.380001,MPC,99.59529650011088,100.27719122240605,99.91858517753366,99.4191546652532,55289240
2021-08-26 18:49:40.380001,MPC,99.4610477969156,98.92093767900253,101.40275713503867,98.67830393643922,183654682
2021-08-27 18:49:40.380001,MPC,101.11572501371701,100.32493101885896,102.46072937722994,100.15428549702212,105700997
2021-08-30 18:49:40.380001,MPC,102.06882137537565,103.08698551512748,102.15242801051916,100.54990937318908,87617522
2021-08-31 18:49:40.380001,MPC,103.50483536138051,103.6579520503279,104.2646309785055,102.15056931489049,179655799
2021-09-01 18:49:40.380001,MPC,101.7111276542643,101.3153465928231,102.59730638100747,100.44849268325842,131356747
2021-09-02 18:49:40.380001,MPC,101.49377143612055,101.71683233332999,102.07169176260237,101.30891457256504,99086839
2021-09-03 18:49:40.380001,MPC,103.35195435803271,104.01473162799378,105.29163473512065,102.64441170614015,59660346
2021-09-06 18:49:40.380001,MPC,108.24901909374904,107.58570649098942,110.40968747023705,106.2672277678406,115146621
2021-09-07 18:49:40.380001,MPC,113.93151666567098,113.80359463274472,116.07473052767152,111.95944703949496,128081393
2021-09-08 18:49:40.380001,MPC,125.71745539941148,124.78293789078427,127.60111311101214,125.26430366027739,161329813
2021-09-09 18:49:40.380001,MPC,127.61339733017816,128.10816524816389,127.88873525679148,127.02430318942896,185847532
2021-09-10 18:49:40.380001,MPC,127.99951919499557,127.6557545036151,128.46331991098356,126.97213816792198,140480923
2021-09-13 18:49:40.380001,MPC,120.58296383646574,121.18362407826658,122.51790112447519,119.36823840462658,101085624
2021-09-14 18:49:40.380001,MPC,128.257380108384,129.26863843196517,130.79359341882767,125.81836567711225,138081406
2021-09-15 18:49:40.380001,MPC,126.92912662807454,127.35488537958298,128.01577758133752,125.18201133984299,85891225
2021-09-16 18:49:40.380001,MPC,132.04563119598384,130.9935338138961,134.00135528141337,130.49694622363998,120896094
2021-09-17 18:49:40.380001,MPC,125.42679032071435,125.79787403467267,125.59127097222233,124.23197637881694,148076706
2021-09-20 18:49:40.380001,MPC,120.98317125980846,121.08923532009639,123.2435398970533,120.07373546851312,169264910
2021-09-21 18:49:40.380001,MPC,117.41542219613655,117.55903445574461,119.18691538494946,117.20154752951548,64868761
2021-09-22 18:49:40.380001,MPC,120.3536795523029,119.80900121849511,120.56704633126242,119.73934738225284,75626097
2021-09-23 18:49:40.380001,MPC,120.58973509838903,120.82707270356241,120.99522944540122,119.79740953267348,94466464
2021-09-24 18:49:40.380001,MPC,119.84881628844364,120.72539163980863,120.02340850990765,117.65373726911399,139633555
2021-09-27 18:49:40.380001,MPC,126.54013570823606,126.34637850715382,128.285564734145,126.5290388484529,134669789
2021-09-28 18:49:40.380001,MPC,124.57066988062421,123.77332091794764,124.9339544525317,123.87691966043295,66166689
2021-09-29 18:49:40.380001,MPC,120.66008768016766,119.94573249633189,122.22803993207992,119.99164053393392,59530172
2021-09-30 18:49:40.380001,MPC,114.8480912384805,115.24162710846014,116.20594055537978,112.59221084561571,72222483
2021-10-01 18:49:40.380001,MPC,116.30050495912594,116.99572005672712,117.41257471121997,115.86982198771302,122780348
2021-10-04 18:49:40.380001,MPC,107.78203250209123,107.56495810447797,109.099079951816,107.72372074341462,192954453
2021-10-05 18:49:40.380001,MPC,104.98175029405496,105.00304768642478,105.94444992900993,102.92311009659304,158596895
2021-10-06 18:49:40.380001,MPC,95.36301437795322,95.23358684478812,96.15415386703035,93.52586958117821,177824120
2021-10-07 18:49:40.380001,MPC,93.73110704155826,94.068560200632,95.16593640727521,92.71878342727426,116783471
2021-10-08 18:49:40.380001,MPC,95.45395369037863,95.54215168515586,96.68207698574508,93.67961669061609,66926622
2021-10-11 18:49:40.380001,MPC,93.54966634321006,92.64051326851475,95.18820807976338,91.93258273975484,170877274
2021-10-12 18:49:40.380001,MPC,100.0980979560783,99.44206136559423,100.21875168893996,99.68554378577605,62793095
2021-10-13 18:49:40.380001,MPC,98.24742808355401,98.59907442489263,99.63664278382112,96.50265418812269,154691311
2021-10-14 18:49:40.380001,MPC,99.50232868375689,98.93858121908971,101.18934729610734,98.08335670887654,101701354
2021-10-15 18:49:40.380001,MPC,100.49963010381232,99.86304861312232,102.3051676757165,99.72999393444483,186569578
2021-10-18 18:49:40.380001,MPC,105.95682031590268,106.8711559826434,106.41978995349926,105.92780785972185,159718486
2021-10-19 18:49:40.380001,MPC,106.54474833840447,105.67068632111318,107.01260420028817,106.3889188379824,70417908
2021-10-20 18:49:40.380001,MPC,105.92104346233144,106.70793587848465,106.33336405357603,105.25171706463945,140032488
2021-10-21 18:49:40.380001,MPC,104.05909499214124,104.37872736423158,105.44533410110056,102.73583683422223,94024472
2021-10-22 18:49:40.380001,MPC,108.65645112184038,109.38414176743171,110.20903531037143,107.58787867988715,152781641
2021-10-25 18:49:40.380001,MPC,117.71137324591659,118.60018938405224,118.33373295956275,116.71708889909156,182775523
2021-10-26 18:49:40.380001,MPC,120.21318274666847,120.83634552680464,120.9519842381943,119.41348195777039,87262099
2021-10-27 18:49:40.380001,MPC,129.57970417985092,129.29211465546285,129.78546661400594,127.57696894288047,182143254
2021-10-28 18:49:40.380001,MPC,133.24064542441252,134.357845561394,134.10144198232052,131.85824778221075,71475949
2021-10-29 18:49:40.380001,MPC,141.2842609906606,140.58105288351456,143.51952927927124,139.64434486200403,103869458
2021-11-01 18:49:40.380001,MPC,142.71677580809865,142.62229518932338,144.5668728260454,142.14829443002236,92011538
2021-11-02 18:49:40.380001,MPC,138.20339123636504,137.08730035466323,140.08774801845996,136.6920218105431,116366166
2021-11-03 18:49:40.380001,MPC,134.94445363201802,133.93248486961994,136.1927143767126,134.39742664335643,179944261
2021-11-04 18:49:40.380001,MPC,127.69949608032599,128.81933357761994,128.9454955912545,126.36599379951578,180413872
2021-11-05 18:49:40.380001,MPC,130.17618593613713,130.12493718124102,132.23648996961742,128.66801198826116,77934900
2021-11-08 18:49:40.380001,MPC,123.70980754853898,123.02890195038935,124.23952279794288,122.94233172759938,66842355
2021-11-09 18:49:40.380001,MPC,128.8119606538311,127.81944115550915,130.1609013664172,128.7668609371223,100514024
2021-11-10 18:49:40.380001,MPC,129.2467733617505,128.38026526942164,131.18238389353797,126.88484276088725,77628767
2021-11-11 18:49:40.380001,MPC,135.51259883808532,135.1815952421368,138.03240130039285,133.06211761185708,109654442
2021-11-12 18:49:40.380001,MPC,135.6677649596468,134.98486240708874,135.80102776267063,135.1000831770252,101606306
2021-11-15 18:49:40.380001,MPC,130.41608114100666,131.01524712713152,130.9265385595866,127.8483162691232,132212610
2021-11-16 18:49:40.380001,MPC,129.03754893892258,129.115686191882,129.9441862584453,126.95217175892809,99443333
2021-11-17 18:49:40.380001,MPC,128.69086534945782,127.65340511705823,129.68477487194494,128.64917573834407,193421036
2021-11-18 18:49:40.380001,MPC,129.2458239596034,129.11088456130105,130.41113336335675,126.80030089944474,155249737
2021-11-19 18:49:40.380001,MPC,127.69115138961061,128.61116027374948,129.825758399837,126.80290799778255,95457034
2021-11-22 18:49:40.380001,MPC,126.31403548267609,125.51109802801211,128.38977047984784,124.65310869755044,54991846
2021-11-23 18:49:40.380001,MPC,128.52704045076032,129.20876543034703,129.8662540207254,126.65189886856487,97244089
2021-11-24 18:49:40.380001,MPC,128.52254357736393,127.98189936602034,129.36271323651223,126.65987959097882,112145282
2021-11-25 18:49:40.380001,MPC,125.26965596739664,124.15000204506178,125.63629829297639,123.96405998346256,95751304
2021-11-26 18:49:40.380001,MPC,133.3817683218864,132.84259010139357,135.95384530107953,132.68892387106405,83827148
2021-11-29 18:49:40.380001,MPC,132.20764190526685,132.1261371452405,133.88084763849452,132.121834024594,126890283
2021-11-30 18:49:40.380001,MPC,129.658190281537,130.92963188725642,130.49649100227154,127.19445385113262,155067178
2021-12-01 18:49:40.380001,MPC,127.42776160305773,127.19619582818517,128.9114581583538,126.55952553673178,173854922
2021-12-02 18:49:40.380001,MPC,127.80359652816219,128.10632948506776,128.60477730138902,127.49631695602329,89933695
2021-12-03 18:49:40.380001,MPC,125.89434275575849,124.87257203448381,127.17765927296834,124.99114546378993,189302789
2021-12-06 18:49:40.380001,MPC,126.96362065291935,126.30200767718289,127.97508027514756,126.46199534064114,71515347
2021-12-07 18:49:40.380001,MPC,125.59225010853486,124.63133013471169,127.93717969479367,124.36012200389183,196088618
2021-12-08 18:49:40.380001,MPC,127.14024138020167,127.9972693972099,127.44733860398233,126.87264821710116,63163605
2021-12-09 18:49:40.380001,MPC,129.96359367588278,129.56966140914952,132.55172704210676,128.08816802819052,175714208
2021-12-10 18:49:40.380001,MPC,127.88292676412284,128.58106390842656,128.78535749137887,126.59875897862928,59287522
2021-12-13 18:49:40.380001,MPC,137.170719065576,137.84509515167917,137.86090093713463,136.76299268573968,158190028
2021-12-14 18:49:40.380001,MPC,139.79117331831958,140.40354602272538,142.46539003485486,137.98618881699983,133038549
2021-12-15 18:49:40.380001,MPC,145.37786931780747,144.02347185387646,146.9958576359207,143.84824137797034,142452432
2021-12-16 18:49:40.380001,MPC,146.76522901187892,147.49926387170234,147.46530285202044,144.2206990591769,144521500
2021-12-17 18:49:40.380001,MPC,141.94490304230854,142.00420438247298,142.3961581015973,141.06845191500034,125414948
2021-12-20 18:49:40.380001,MPC,143.220509545751,143.95970503934046,145.286432324225,141.81075514752698,72196919
2021-12-21 18:49:40.380001,MPC,145.60014130262817,145.90979463606982,146.74873489107372,144.53833513087747,121454202
2021-12-22 18:49:40.380001,MPC,147.7645384803088,148.61630154737537,148.71338203739734,147.48230099241863,177653945
2021-12-23 18:49:40.380001,MPC,148.80030431438067,147.95264371860492,149.62807021378393,147.0573607461446,184873517
2021-12-24 18:49:40.380001,MPC,147.6110088378652,146.95206988181226,149.46077582715213,147.5216491181819,118452619
2021-12-27 18:49:40.380001,MPC,143.81079274940362,143.18093588224082,144.97799520143784,143.44284789821555,125213543
2021-12-28 18:49:40.380001,MPC,153.51611053318294,152.06162707270056,153.62318275063234,151.80897896351127,167620280
2021-12-29 18:49:40.380001,MPC,154.24835310707786,154.0624985362065,154.34705534109614,154.19571498717283,146409223
2021-12-30 18:49:40.380001,MPC,156.50444873653672,157.42462581761012,156.61187162568103,154.54239672272044,100960720
2021-12-31 18:49:40.380001,MPC,154.30622503373715,154.48727886862318,155.60424553852943,152.5131338826824,127382982
2022-01-03 18:49:40.380001,MPC,150.50288324966743,151.4082250721001,152.35934605474773,149.86558871371395,115938695
2022-01-04 18:49:40.380001,MPC,138.66071091324307,139.12518310907782,139.25398780326023,136.22737860400528,173107767
2022-01-05 18:49:40.380001,MPC,136.07140874908484,134.98809051309328,136.41736601493517,135.48195206186728,196868911
2022-01-06 18:49:40.380001,MPC,133.90675169048322,132.68103563881004,135.69107520342914,133.57805718691222,89960472
2022-01-07 18:49:40.380001,MPC,120.18981219403577,120.92712171188326,120.40929982279086,119.7857779478729,189141016
2022-01-10 18:49:40.380001,MPC,118.0091152230916,117.13821004738757,119.51384014665135,117.66633489410506,108306310
2022-01-11 18:49:40.380001,MPC,121.02696438645236,120.1193696530002,121.36610979414979,118.61259825159603,159330396
2022-01-12 18:49:40.380001,MPC,113.3247884337171,113.90890776477657,113.3475967970576,111.90907204742211,76701080
2022-01-13 18:49:40.380001,MPC,103.53216401265772,102.73266322962057,104.23014279970572,102.79937694317442,123566562
2022-01-14 18:49:40.380001,MPC,103.01902467523367,102.76795324936893,104.79000632235088,102.31605919113953,121665779
2022-01-17 18:49:40.380001,MPC,104.61207665549537,105.46905979175983,105.04015467508195,103.10829952605069,156455860
2022-01-18 18:49:40.380001,MPC,102.112500251138,101.44730234672807,103.44743882437159,101.86961986538371,98401655
2022-01-19 18:49:40.380001,MPC,111.51127317799043,110.80872986396906,111.63263509033902,110.2155942884452,114523728
2022-01-20 18:49:40.380001,MPC,118.68870818417489,118.46508003657682,119.21263445712054,117.2256934288879,64199350
2022-01-21 18:49:40.380001,MPC,111.38360685160282,110.46386645098791,111.89106230333941,110.8174696784363,169762173
2022-01-24 18:49:40.380001,MPC,111.64780067263858,110.68263960650245,113.36119889197707,109.7519952018802,123503861
2022-01-25 18:49:40.380001,MPC,113.6652169913914,112.90853369029283,115.82281625062677,112.10140990705635,164421331
2022-01-26 18:49:40.380001,MPC,109.57960421487255,109.46315716718986,109.91670715415803,109.26324499021977,153424553
2022-01-27 18:49:40.380001,MPC,105.03286548899655,104.47030075686435,105.9153939439676,104.69993496502664,108094019
2022-01-28 18:49:40.380001,MPC,109.80070159468173,110.53940906846242,111.30908920796568,108.04646618788077,166543404
2022-01-31 18:49:40.380001,MPC,107.89646137541645,106.88715190631032,109.54958077089803,106.07195042905494,100685931
2022-02-01 18:49:40.380001,MPC,110.38782538534474,109.96113005234686,111.42551565810959,109.16378265129266,51854580
2022-02-02 18:49:40.380001,MPC,109.95073521530475,110.86841490419876,110.7029056983105,108.44548057837447,193510813
2022-02-03 18:49:40.380001,MPC,109.6927389137804,110.38325859020566,111.83669861295608,108.03942002781218,81374474
2022-02-04 18:49:40.380001,MPC,111.36002590721615,111.41899658079419,112.23287276313275,109.90271908641813,146474742
2022-02-07 18:49:40.380001,MPC,119.1831482772596,119.96822960469595,120.84539132484296,118.28535163375444,87435116
2022-02-08 18:49:40.380001,MPC,122.89465267041312,123.51096714272767,125.18228245461206,121.56426949956793,127944735
2022-02-09 18:49:40.380001,MPC,130.35911211290917,131.5949519561397,132.43625551390923,130.08670691837267,121321402
2022-02-10 18:49:40.380001,MPC,129.43658982203075,128.89759191011095,129.49183923094702,129.37406334075513,150327889
2022-02-11 18:49:40.380001,MPC,138.3781581907629,137.57090365432583,140.68304050624118,137.69691796750362,50841524
2022-02-14 18:49:40.380001,MPC,133.7757083264332,134.24744886567382,136.33737221823114,131.58886854235897,64050774
2022-02-15 18:49:40.380001,MPC,128.20302736173784,129.29931904128165,130.32661048006946,125.93559219435157,173723431
2022-02-16 18:49:40.380001,MPC,122.22562663817565,122.9472378111756,123.55280867437784,120.2084973787194,64899474
2022-02-17 18:49:40.380001,MPC,124.38012346528878,124.14952574895253,125.66376425432645,122.95894638607248,106759497
2022-02-18 18:49:40.380001,MPC,120.61201370253133,119.47883061269609,120.98178930451817,118.71701471547594,175192263
2022-02-21 18:49:40.380001,MPC,120.25030743643654,119.96166321082455,120.49202705691975,120.03109649251174,167964498
2022-02-22 18:49:40.380001,MPC,108.04297911019322,107.80658717719685,109.51050857826941,106.83043305508157,182262040
2022-02-23 18:49:40.380001,MPC,105.58965375762136,104.80310888402701,105.73889623523637,105.51485565983914,78189827
2022-02-24 18:49:40.380001,MPC,109.43258391424095,109.84428893120064,110.34327258505968,109.11668320393278,148922459
2022-02-25 18:49:40.380001,MPC,104.95629231441737,104.74691882476888,106.06418005224323,103.77098474153233,51604751
2022-02-28 18:49:40.380001,MPC,109.30430489971951,110.39192468366763,110.05717355960472,107.41767543050462,149469576
2022-03-01 18:49:40.380001,MPC,112.30993147687471,111.49695510113182,113.76283910761427,111.03635772675217,171314354
2022-03-02 18:49:40.380001,MPC,114.27298367567569,114.15713887087936,116.53344114590223,113.38907318892517,188395980
2022-03-03 18:49:40.380001,MPC,113.11395442189075,113.6423333318768,114.9891748206854,112.20993503101218,166258546
2022-03-04 18:49:40.380001,MPC,114.02262924946486,113.47356293820543,114.44478994694336,114.0103598396059,83690637
2022-03-07 18:49:40.380001,MPC,119.21245642308264,118.71233811422164,119.8636070616721,117.96151739627797,97799436
2022-03-08 18:49:40.380001,MPC,121.4584770924498,122.1451936626232,121.64104391502094,120.16511719371944,108804852
2022-03-09 18:49:40.380001,MPC,118.78858903089473,119.05633572173619,119.58083717688397,116.48037238900152,133177794
2022-03-10 18:49:40.380001,MPC,119.35986544335236,120.26273794341931,121.3493080641139,118.1686080594628,111214355
2022-03-11 18:49:40.380001,MPC,113.39055674639678,112.58195231810429,113.4151118554477,113.02227119128834,52278985
2022-03-14 18:49:40.380001,MPC,111.73925626654238,112.04355625505403,111.90502695611302,109.80159109257403,99499688
2022-03-15 18:49:40.380001,MPC,113.10917447634368,113.7068097036516,115.1201007495678,112.59635867211912,172645790
2022-03-16 18:49:40.380001,MPC,112.96097665411052,113.00467520293779,113.31619327349267,111.4449821111085,189767223
2022-03-17 18:49:40.380001,MPC,115.72497167184672,114.86924064767537,116.51420514394195,114.1291489333354,51991976
2022-03-18 18:49:40.380001,MPC,114.42143290827131,113.8394446912358,116.67256849233245,113.77846654583186,183577057
2022-03-21 18:49:40.380001,MPC,118.07915342524575,118.64772284919734,119.00281101514095,116.8851835440344,90969999
2022-03-22 18:49:40.380001,MPC,117.39470617891605,116.65793702594628,117.54247926213307,117.19524759400151,71904505
2022-03-23 18:49:40.380001,MPC,111.6915453245367,111.8929183523307,113.57393633516958,111.45996439877347,79701649
2022-03-24 18:49:40.380001,MPC,109.22238693136917,108.460187211133,110.7550987939473,107.4158977554457,160186452
2022-03-25 18:49:40.380001,MPC,108.95458953066073,108.2358172073605,109.5545718808351,107.94145594234804,84200046
2022-03-28 18:49:40.380001,MPC,112.23795855088729,112.12586546302278,113.12435131045366,111.69634322708484,147557680
2022-03-29 18:49:40.380001,MPC,105.10817528535317,105.85948458675415,105.44799661877589,104.70686430589264,129125311
2022-03-30 18:49:40.380001,MPC,100.78027441047848,100.48678997121334,101.58800168973548,100.27800615270266,143569789
2022-03-31 18:49:40.380001,MPC,93.63483351237761,93.76540829584526,94.30965245387581,93.48832477568766,93077506
2022-04-01 18:49:40.380001,MPC,87.31550999618044,87.66731348519546,87.59384384276389,86.95223640448276,167909774
2022-04-04 18:49:40.380001,MPC,86.13678411679072,85.67007536023173,87.29329618414025,85.20383468295229,160950381
2022-04-05 18:49:40.380001,MPC,90.11478852627886,89.26422575432859,90.32273349972442,88.51692584008576,54672333
2022-04-06 18:49:40.380001,MPC,91.97441975614429,91.73763118455982,93.21595696884553,90.60528921367849,179799763
2022-04-07 18:49:40.380001,MPC,92.16402203904246,91.25673662152028,92.32457427118507,92.03773328917147,62565285
2022-04-08 18:49:40.380001,MPC,95.12949521381424,95.82490852817,95.68328056019999,94.24450590263542,116865423
2022-04-11 18:49:40.380001,MPC,95.12325869659583,94.46344145779172,96.62837889627886,93.99235670134348,113193670
2022-04-12 18:49:40.380001,MPC,98.78583510428166,98.85323125147313,99.51674008270818,98.63411702770512,120486047
2022-04-13 18:49:40.380001,MPC,97.64200229976157,98.02360369894718,99.14388686477608,95.82969670733294,78000500
2022-04-14 18:49:40.380001,MPC,98.54732318129281,97.76398067177159,99.58092511434685,97.68443963914048,68016364
2022-04-15 18:49:40.380001,MPC,100.3816718324624,100.45102670023736,100.73185194654754,99.6479323800397,139781130
2022-04-18 18:49:40.380001,MPC,98.78674982788225,98.99321338224888,99.70634456599664,98.72691553157668,166411781
2022-04-19 18:49:40.380001,MPC,101.38211145532769,100.96669190169146,102.63029730858446,99.96227198470535,61437044
2022-04-20 18:49:40.380001,MPC,104.5540376827755,103.80873972230611,104.73596637124746,103.9206330431319,155336889
2022-04-21 18:49:40.380001,MPC,106.34781321845972,106.14626464064864,106.91612191092966,105.732251573952,192507479
2022-04-22 18:49:40.380001,MPC,108.44929227044327,108.09280007095147,109.64248110294542,107.84560304751857,159573701
2022-04-25 18:49:40.380001,MPC,109.11440613317843,109.82942077625044,109.3168925445063,107.1148431485917,166344727
2022-04-26 18:49:40.380001,MPC,113.12145377178798,113.38627577328197,114.60523564566171,112.10819340632239,85141429
2022-04-27 18:49:40.380001,MPC,113.97621619205862,113.71739796916972,115.59870514356382,113.78834040117643,144362085
2022-04-28 18:49:40.380001,MPC,107.94092677276723,108.41349489273038,109.43279362955931,106.19462570892647,62095489
2022-04-29 18:49:40.380001,MPC,109.40577829247901,108.86653930672257,109.50924198860905,108.90600449874755,138173142
2022-05-02 18:49:40.380001,MPC,106.4839570868283,107.26223273019475,108.26527595218643,105.45626102795525,147211758
2022-05-03 18:49:40.380001,MPC,106.45003416751797,106.03227797626522,107.64623587266934,106.31888297514521,141164595
2022-05-04 18:49:40.380001,MPC,104.5505275548595,103.51525278859799,105.40650429648531,103.77168184359041,63106925
2022-05-05 18:49:40.380001,MPC,102.3289653459101,101.33902149121187,103.91848893995416,101.850917054184,169553487
2022-05-06 18:49:40.380001,MPC,103.47191301501923,102.79558625520433,103.71088871338507,103.4149649243097,66524185
2022-05-09 18:49:40.380001,MPC,100.23508645427292,100.26006473622253,101.87876326021927,99.02029662016689,69504177
2022-05-10 18:49:40.380001,MPC,103.89179843170551,104.72632534300104,105.37703952819413,101.88641210157479,85858945
2022-05-11 18:49:40.380001,MPC,98.51517289181614,99.05574293280668,98.56327766785657,97.13098152678157,179802241
2022-05-12 18:49:40.380001,MPC,95.92100990870017,96.36040618227051,96.04836495023537,94.38065094857394,197456479
2022-05-13 18:49:40.380001,MPC,97.6441864300107,97.1469396729921,99.17257069444959,95.83992433783463,177927317
2022-05-16 18:49:40.380001,MPC,100.86551955862039,101.31028331025533,101.98374050215898,100.67089626844768,166369904
2022-05-17 18:49:40.380001,MPC,105.69821792083006,104.85175909662534,106.59325902390648,105.05238236268288,56141172
2022-05-18 18:49:40.380001,MPC,105.91896058086463,105.11324715812215,107.23964864753275,105.36186011093854,134631794
2022-05-19 18:49:40.380001,MPC,106.98077807043147,108.01019123258364,108.98618998692407,106.00177191240576,66569748
2022-05-20 18:49:40.380001,MPC,107.19408820511524,106.22118314592187,107.4823371861155,105.18516382578841,133886022
2022-05-23 18:49:40.380001,MPC,107.24463163841898,108.06697426105983,107.57788710101826,105.25622475760903,139569271
2022-05-24 18:49:40.380001,MPC,105.76345171805099,106.20764149250684,106.66695533303655,105.73896727214544,180606923
2022-05-25 18:49:40.380001,MPC,104.81206493867194,104.99129153463015,106.35378411158979,104.68960467296023,166370451
2022-05-26 18:49:40.380001,MPC,106.51407697802652,105.76224692642617,107.39533299978206,105.39462305667833,112524578
2022-05-27 18:49:40.380001,MPC,111.51870121767527,112.46413231155682,112.25175018657094,110.78521271989881,171799644
2022-05-30 18:49:40.380001,MPC,112.7408569891276,113.43319821056278,114.80548054609326,112.26301981889623,183573496
2022-05-31 18:49:40.380001,MPC,114.90961951269882,113.78004664372197,116.75599531136756,113.00332227351805,160831617
2022-06-01 18:49:40.380001,MPC,116.62208097924152,115.76494006179728,117.70800017434044,114.43004395462607,64456707
2022-06-02 18:49:40.380001,MPC,116.06391671481724,115.38445896171784,117.19492305692124,114.84708065556389,158234304
2022-06-03 18:49:40.380001,MPC,119.07413012667682,118.49976486455405,119.18085673857902,118.02065042509612,107181326
2022-06-06 18:49:40.380001,MPC,120.22902952291973,120.28315739768877,122.38979030486125,118.64176495530626,145904565
2022-06-07 18:49:40.380001,MPC,118.92477608781293,119.34183674563003,120.27935600893922,118.66000913514215,169933496
2022-06-08 18:49:40.380001,MPC,116.7779546786354,116.59697811135857,117.91801638754727,115.60173646210802,128729044
2022-06-09 18:49:40.380001,MPC,115.42358668317759,115.9299641067924,117.44944376188346,113.34886485312428,98541523
2022-06-10 18:49:40.380001,MPC,115.65438336284755,116.28401855086155,116.8804162264763,114.56985609756882,162583013
2022-06-13 18:49:40.380001,MPC,117.94190645414112,117.42552093674033,119.61773798896614,116.25168197540155,62576395
2022-06-14 18:49:40.380001,MPC,121.63433744211191,120.80688978572714,121.73990935237025,119.91566713214071,99786360
2022-06-15 18:49:40.380001,MPC,122.97307636881598,124.02785344994066,124.75320620193726,122.93831255617943,95047388
2022-06-16 18:49:40.380001,MPC,122.17411978067385,122.56443121167813,124.56825732794884,122.09826292128568,73026168
2022-06-17 18:49:40.380001,MPC,122.69886705475113,121.64962853918358,124.97323158936301,122.61851408401853,59964129
2022-06-20 18:49:40.380001,MPC,122.48005817548798,123.05260383595639,123.42162548298144,121.1118130344477,69842524
2022-06-21 18:49:40.380001,MPC,115.80814862993087,114.94777977708101,116.39184624348314,114.85414659844004,148450672
2022-06-22 18:49:40.380001,MPC,121.88392910482274,122.33308458716728,122.99972170623224,121.44011939162515,155224958
2022-06-23 18:49:40.380001,MPC,120.55957893358725,121.2349559068621,121.14863235528925,119.3401697903055,162753668
2022-06-24 18:49:40.380001,MPC,119.34109570928547,118.37374455929512,120.58360714315975,118.21674715490131,192625019
2022-06-27 18:49:40.380001,MPC,116.9577714680501,115.79041970397488,118.84956847498772,116.3893840703866,110294961
2022-06-28 18:49:40.380001,MPC,108.78479232033538,109.08482879239664,110.49528923969874,108.016517679801,68699330
2022-06-29 18:49:40.380001,MPC,104.19635717678216,105.14217193521637,105.35631442749359,102.53420066946272,111956693
2022-06-30 18:49:40.380001,MPC,106.54282447180626,107.22275069124028,108.32623213295317,105.98359435710346,112221958
2022-07-01 18:49:40.380001,MPC,104.7993985012765,104.19223470065803,106.79779601727233,103.59953573549687,139990441
2022-07-04 18:49:40.380001,MPC,98.88153840473139,98.42559805832889,100.60919709602761,97.0079530114294,182123460
2022-07-05 18:49:40.380001,MPC,98.92220136096009,99.45864894225964,100.8527630718288,97.96614356966738,125544620
2022-07-06 18:49:40.380001,MPC,103.15951402610251,102.91223344268876,103.19971117143639,102.85638779029715,173554332
2022-07-07 18:49:40.380001,MPC,103.71084594613843,103.87252135311758,104.65652712416288,101.79641295919976,183789779
2022-07-08 18:49:40.380001,MPC,96.64766457444912,96.7919721377139,97.81684771854046,95.73689537672465,101183854
2022-07-11 18:49:40.380001,MPC,93.44723115432872,92.56112847322743,94.15330565090107,93.1131209932327,125072828
2022-07-12 18:49:40.380001,MPC,92.29459246336344,91.96612331615654,93.51682279939192,91.31457097829482,159368132
2022-07-13 18:49:40.380001,MPC,94.81757269264658,94.50859425639366,96.22050419079135,94.05790253800068,105940818
2022-07-14 18:49:40.380001,MPC,96.44046093047442,96.19685574448913,97.04909931419215,94.92014737206344,107425063
2022-07-15 18:49:40.380001,MPC,88.53000613045859,89.38424540144138,88.63819040135326,88.14270803545436,199793973
2022-07-18 18:49:40.380001,MPC,90.39492666376059,91.01898868173005,91.11155828591968,89.8182973243728,79896549
2022-07-19 18:49:40.380001,MPC,90.08565223951778,90.46345182987191,91.68550076176389,88.93558991483084,136749725
2022-07-20 18:49:40.380001,MPC,90.4435220637817,89.96227929767903,90.97992794567665,89.29289743953846,172115180
2022-07-21 18:49:40.380001,MPC,86.64696430416026,86.15946233072697,87.02724622401414,85.35932202802209,50492313
2022-07-22 18:49:40.380001,MPC,87.39586921217091,87.0756004845158,88.69974089095454,86.11293224965539,68194230
2022-07-25 18:49:40.380001,MPC,82.65972930395137,83.10690718902832,83.35665371874437,82.22756833499808,135097619
2022-07-26 18:49:40.380001,MPC,84.67527820698368,84.27360648456042,85.98403146220342,83.47367237686124,54274179
2022-07-27 18:49:40.380001,MPC,82.64163100940819,83.29925893749622,82.79331379900339,82.56911155597297,102928051
2022-07-28 18:49:40.380001,MPC,80.13807975643736,80.59041884009154,80.98289204246451,80.11973807792621,153061132
2022-07-29 18:49:40.380001,MPC,84.01923406889445,84.35170569642298,84.7098356149099,82.68763747081164,86992147
2022-08-01 18:49:40.380001,MPC,83.6083167950058,83.6406620667072,85.13534560610174,82.35413506816,91085090
2022-08-02 18:49:40.380001,MPC,84.9093927542867,84.92647569421968,85.06397284703499,83.9357213591166,89474203
2022-08-03 18:49:40.380001,MPC,88.31119625992167,87.85299763622253,88.99671136233187,87.56970349270759,62134918
2022-08-04 18:49:40.380001,MPC,90.0241444530521,89.88972419522273,90.42265328074299,88.23297139371273,135356063
2022-08-05 18:49:40.380001,MPC,91.20748815581135,91.53438542061986,91.92956627684907,91.05300619160637,168505716
2022-08-08 18:49:40.380001,MPC,91.24905912537578,91.06277270945996,91.65516806681565,91.12898321348128,175574752
2022-08-09 18:49:40.380001,MPC,89.27538360054571,89.95320773026704,90.08463573783202,88.16413148555151,101459629
2022-08-10 18:49:40.380001,MPC,88.37864420084234,88.40410918156857,89.68334704275966,87.46197524798811,146172999
2022-08-11 18:49:40.380001,MPC,90.57698136988964,90.2479507830354,91.41779454864499,89.53795457035658,128978331
2022-08-12 18:49:40.380001,MPC,89.33076035327232,90.15387061119655,91.00197137943397,88.97934038005249,122643110
2022-08-15 18:49:40.380001,MPC,89.32224166990896,88.57982423213339,89.45537877731437,88.42521950224801,100974252
2022-08-16 18:49:40.380001,MPC,86.1364549681708,86.54308254458614,87.0860978852794,85.38652209018227,181113438
2022-08-17 18:49:40.380001,MPC,86.60844659407826,86.28704452846232,86.8280423164443,85.07709748217859,68319052
2022-08-18 18:49:40.380001,MPC,87.91144377813646,88.69226796890025,89.64263355577239,86.94422635042365,134126585
2022-08-19 18:49:40.380001,MPC,86.10804861174839,85.59540265129215,87.30234259831796,85.18165968666274,168927212
2022-08-22 18:49:40.380001,MPC,89.7074356275453,90.3910814645327,90.49057597158384,89.50531941127662,182724332
2022-08-23 18:49:40.380001,MPC,91.04003522645634,91.82225725315634,92.3710908925135,90.27413778283322,73555188
2022-08-24 18:49:40.380001,MPC,89.30907379793508,89.25492640863268,90.29097340736197,88.99432315370565,75794819
2022-08-25 18:49:40.380001,MPC,88.58483848075026,88.22429181774223,89.63288197676155,87.3624924078677,143974936
2022-08-26 18:49:40.380001,MPC,83.95523770282428,84.75680409288503,85.13511730432174,83.14562897544512,106288076
2022-08-29 18:49:40.380001,MPC,81.92919414199434,82.68732284487,82.04538728773966,80.82005806945861,54023708
2022-08-30 18:49:40.380001,MPC,83.9118611738043,83.44118149714505,84.650378907679,82.99988937338473,69748392
2022-08-31 18:49:40.380001,MPC,87.28840638257596,86.52177506922938,88.28659989037894,85.70490017103748,199369147
2022-09-01 18:49:40.380001,MPC,88.98585234278623,88.71020601219928,90.46605341527867,88.62004660977703,98762365
2022-09-02 18:49:40.380001,MPC,92.37783689286844,92.0288284074904,93.56711352980807,92.37509285010118,79379218
2022-09-05 18:49:40.380001,MPC,89.65355430804588,88.93817892448291,89.67928372633178,88.01640299487009,84660771
2022-09-06 18:49:40.380001,MPC,89.53805480758014,89.1137403565428,90.58464902993671,89.08148122457378,105529514
2022-09-07 18:49:40.380001,MPC,87.69101976138822,87.55217412878223,88.10110716538377,86.67934214872506,134702153
2022-09-08 18:49:40.380001,MPC,86.72413163901435,87.53485683940471,87.27856406109615,85.27806301345898,147632082
2022-09-09 18:49:40.380001,MPC,86.24155565848312,85.89098762757502,87.7295693532869,85.46961210164021,74141504
2022-09-12 18:49:40.380001,MPC,88.54660488167772,89.30123684795899,88.55052479408954,88.17569722389788,95581056
2022-09-13 18:49:40.380001,MPC,90.51411964104456,90.37993750542351,91.66608105204722,90.02562207959265,140372817
2022-09-14 18:49:40.380001,MPC,93.27664028516537,92.63548597036912,93.53325140268002,92.71467910928398,169834595
2022-09-15 18:49:40.380001,MPC,94.17641360009036,94.28860819200604,94.95407081449227,93.56111095340536,165136975
2022-09-16 18:49:40.380001,MPC,96.69716860557877,95.96007024234788,98.25828502899854,95.29651663982452,194203233
2022-09-19 18:49:40.380001,MPC,94.90967158823396,93.99803370426261,96.17883876842382,93.89361095864514,163941703
2022-09-20 18:49:40.380001,MPC,99.73545393039943,99.83646423829121,99.76220820808842,99.12388423492129,73608332
2022-09-21 18:49:40.380001,MPC,100.21772112298488,101.13842997394238,101.01599217498385,99.12438763568383,132520013
2022-09-22 18:49:40.380001,MPC,102.10934676927057,102.42322425663134,104.15080844546854,100.51993828453968,143311269
2022-09-23 18:49:40.380001,MPC,102.09243541716816,102.33754285580275,102.26273105423792,100.76226115413576,73847137
2022-09-26 18:49:40.380001,MPC,103.46456252253274,103.3259604183547,105.47129341981383,103.08086958976932,75670101
2022-09-27 18:49:40.380001,MPC,101.44150049035885,101.27717696237903,102.7232619404278,101.44096570550852,96808772
2022-09-28 18:49:40.380001,MPC,100.82393737971896,100.81789812456523,102.30079096094545,100.81228661829074,86275330
2022-09-29 18:49:40.380001,MPC,103.69204337553468,102.88860447156605,104.70254925248385,103.08095337363346,58425081
2022-09-30 18:49:40.380001,MPC,105.06537126314088,104.90510718518766,105.43205560186705,104.77213269251534,84688691
2022-10-03 18:49:40.380001,MPC,108.17622973669062,107.58473638863957,109.66440875646357,106.31050879844202,92904101
2022-10-04 18:49:40.380001,MPC,109.26720553533917,108.69187185570928,110.03917043550163,109.09286978007682,137433778
2022-10-05 18:49:40.380001,MPC,112.66835436973811,111.9449946123839,113.86172210885951,112.60732440061929,130177068
2022-10-06 18:49:40.380001,MPC,118.91479475905875,119.64299119619714,120.57965005776903,117.02881772994886,62170236
2022-10-07 18:49:40.380001,MPC,117.68173660001344,117.0702315578664,119.9795683909746,116.54859371484925,61745337
2022-10-10 18:49:40.380001,MPC,115.59530668099114,116.24562366256532,117.80665572484341,113.6044335223463,171736236
2022-10-11 18:49:40.380001,MPC,112.52453618711216,112.45084760703078,113.654754632095,111.56168445911011,129627430
2022-10-12 18:49:40.380001,MPC,110.47935174958559,110.2685615132764,111.3837829370366,108.73393238130669,59191381
2022-10-13 18:49:40.380001,MPC,112.21652160182198,112.70206630559493,113.21470698354273,110.97573266765933,135184999
2022-10-14 18:49:40.380001,MPC,114.07043529665123,114.14898702297535,114.97735588126092,113.14276853344877,132692109
2022-10-17 18:49:40.380001,MPC,111.26545572305581,110.58492893628596,112.21955754937592,110.6624753719957,107948170
2022-10-18 18:49:40.380001,MPC,108.71570280215319,108.46162530247996,110.22150769614264,107.56821884545418,100731620
2022-10-19 18:49:40.380001,MPC,105.9312378806143,104.88939226709579,107.29788109350648,104.10152022197529,194218699
2022-10-20 18:49:40.380001,MPC,108.27744473071688,108.31359122034019,109.9737261848249,106.5399332098662,85738994
2022-10-21 18:49:40.380001,MPC,105.98241732404941,105.54783386435324,107.20083396829689,105.91512597224664,183076150
2022-10-24 18:49:40.380001,MPC,102.21451366419814,102.70823215508358,102.51237153169018,101.64424781702922,148763636
2022-10-25 18:49:40.380001,MPC,108.7861498183331,109.08657143268223,109.73419329271725,108.63575377409876,102391709
2022-10-26 18:49:40.380001,MPC,112.1891160456372,111.58528599095419,112.21385673898284,111.63967089210735,153871234
2022-10-27 18:49:40.380001,MPC,111.75810472825361,112.1243520798023,113.38902798345221,111.19011648378394,55295722
2022-10-28 18:49:40.380001,MPC,116.30301778111654,115.30320945711627,118.20278527228264,114.13135808707788,188307626
2022-10-31 18:49:40.380001,MPC,116.45481716211802,116.91511036522648,118.54098115584398,115.84258362342605,96496174
2022-11-01 18:49:40.380001,MPC,116.93282577158865,117.23764870603596,118.4797335286634,116.3372621919026,137689541
2022-11-02 18:49:40.380001,MPC,119.09349688130062,120.19279217338777,120.89526640957654,117.60447395364703,136256535
2022-11-03 18:49:40.380001,MPC,119.50101265185192,120.15949605268001,120.68607533988956,117.26162269704002,193387426
2022-11-04 18:49:40.380001,MPC,120.04544694708655,121.02381792139902,120.48724750760051,118.3125649375476,92483651
2022-11-07 18:49:40.380001,MPC,122.64211280200821,122.20023925812565,124.70243205018625,121.0626232521183,170883662
2022-11-08 18:49:40.380001,MPC,127.09149424517572,128.06941884358824,128.31192518571652,125.468515500914,105129188
2022-11-09 18:49:40.380001,MPC,123.6043430456092,124.3342257811511,124.59910265453564,122.13126981118346,68123569
2022-11-10 18:49:40.380001,MPC,122.76996966318806,122.31989548756727,124.11376358984235,121.23353137962236,94314138
2022-11-11 18:49:40.380001,MPC,128.94771232311587,128.25611550308372,130.83336277783386,127.72465606194272,105621986
2022-11-14 18:49:40.380001,MPC,121.67265218713304,120.7565028685159,123.30648777853364,119.37822830000053,117190619
2022-11-15 18:49:40.380001,MPC,122.98831458337195,123.29270163097576,124.07388179583292,122.97196740621055,56039781
2022-11-16 18:49:40.380001,MPC,123.02050010212702,122.65630585090808,124.31790347944234,121.56810665811817,180264832
2022-11-17 18:49:40.380001,MPC,121.16728023177136,120.86731337023149,122.86103293134008,120.52737082880749,154751416
2022-11-18 18:49:40.380001,MPC,119.83432801452729,119.32432620092618,120.89526735660554,118.11007281677901,61137725
2022-11-21 18:49:40.380001,MPC,120.36614257770312,119.55358956498515,122.2648919688567,119.45713271705871,149851300
2022-11-22 18:49:40.380001,MPC,120.13381170745416,120.500694869528,122.05237586262521,118.2517649689986,86004608
2022-11-23 18:49:40.380001,MPC,123.15638269768826,123.34351591768137,124.7144179621135,122.66885517419321,126978392
2022-11-24 18:49:40.380001,MPC,119.71815460445876,120.17728636996539,122.04859047378184,119.43104202723892,186221469
2022-11-25 18:49:40.380001,MPC,120.62609701149249,120.10840509307793,122.53301092655742,120.0054814417602,95116133
2022-11-28 18:49:40.380001,MPC,117.98273281478967,119.09812303766209,118.62766211883131,117.7741196377065,53861214
2022-11-29 18:49:40.380001,MPC,118.94081277572485,118.69445974158046,120.85727819813609,117.37864432039646,163596319
2022-11-30 18:49:40.380001,MPC,121.9687041493893,122.31243710504425,123.48097218597444,120.57188031273496,84464669
2022-12-01 18:49:40.380001,MPC,123.97105701533947,124.63879516216838,126.0633779215885,122.96236222289397,59220133
2022-12-02 18:49:40.380001,MPC,121.55779413761232,122.3590165085146,122.06390664241657,120.07476347900823,125957768
2022-12-05 18:49:40.380001,MPC,117.59390189195382,117.66585104920149,117.88655556117857,116.43413271162369,81818381
2022-12-06 18:49:40.380001,MPC,109.89704388490988,110.05010857847513,111.82648244409813,108.59997149354082,125396167
2022-12-07 18:49:40.380001,MPC,109.04204189347656,110.0964245019521,110.66426139216699,108.81334926840007,87985957
2022-12-08 18:49:40.380001,MPC,114.87228509763473,115.05620297771637,115.183407915814,113.86881635602651,167197312
2022-12-09 18:49:40.380001,MPC,111.86692404794833,112.7847757198119,113.82811954423998,111.79725213836797,126424140
2022-12-12 18:49:40.380001,MPC,107.76040981405626,108.10681861268284,108.4033481587949,106.87311752516644,141779148
2022-12-13 18:49:40.380001,MPC,114.31026606284145,113.31236601918346,114.39080420419019,113.0495581494405,173703788
2022-12-14 18:49:40.380001,MPC,115.78603945488037,116.21996272731761,116.39171790391262,114.28791363820197,148964817
2022-12-15 18:49:40.380001,MPC,115.0121441521187,114.65881849337829,115.60262897524521,113.6260764397197,84877782
2022-12-16 18:49:40.380001,MPC,113.94214794830874,113.66591845256498,114.79888668164362,112.00211974056441,75229141
2022-12-19 18:49:40.380001,MPC,112.1068967911024,111.28126461152178,112.41232435865527,110.19360447595056,159211968
2022-12-20 18:49:40.380001,MPC,108.73042606479585,109.7712447140423,110.73452119184996,106.93932949851265,148385005
2022-12-21 18:49:40.380001,MPC,108.12859687457045,107.98892925173926,108.4612866687545,107.20087658306217,183208026
2022-12-22 18:49:40.380001,MPC,103.15484994237129,103.00954422875404,104.25790871161054,101.677113580026,85815353
2022-12-23 18:49:40.380001,MPC,102.04403880785594,102.11018105776866,102.17342390112158,100.5998113382995,68825058
2022-12-26 18:49:40.380001,MPC,103.81864681921081,103.37533967778664,104.7877816848111,102.1266701936598,92183365
2022-12-27 18:49:40.380001,MPC,101.41245955482759,100.40146392629228,101.59144628670077,101.16025595187656,138876151
2022-12-28 18:49:40.380001,MPC,100.26354993558091,101.13225077184693,100.78824328669386,98.4089679515133,121356812
2022-12-29 18:49:40.380001,MPC,98.51128645770143,98.87672858458261,99.35731813616732,98.20970967290788,55539736
2022-12-30 18:49:40.380001,MPC,99.99106343795907,100.10463376275949,100.58827899063361,98.64083322454756,162607243
2023-01-02 18:49:40.380001,MPC,97.27464478996207,97.45076056571087,97.70645241755341,95.61895996140666,68180355
2023-01-03 18:49:40.380001,MPC,98.32207520745733,98.03338032432552,99.17687269146256,96.67551490496948,198608403
2023-01-04 18:49:40.380001,MPC,101.04553560745015,101.63662622916534,101.36177388651426,100.47972335871229,107976043
2023-01-05 18:49:40.380001,MPC,99.92413888315355,99.28654334864578,100.54465550989568,98.5654562945183,135546582
2023-01-06 18:49:40.380001,MPC,96.99081514322098,97.79638836680347,97.86525024251326,95.48486484843299,110225044
2023-01-09 18:49:40.380001,MPC,93.79240588875406,94.60238989386802,95.11872625729188,92.23602434293392,199769494
2023-01-10 18:49:40.380001,MPC,97.03905574050603,97.30510941593687,97.59925290449634,95.71265611001036,154244398
2023-01-11 18:49:40.380001,MPC,95.49842367285348,94.78788614247667,95.84178123517853,94.49751177515024,197994396
2023-01-12 18:49:40.380001,MPC,96.78603198919956,95.98572625233369,97.03114177492137,95.15479829144513,95352773
2023-01-13 18:49:40.380001,MPC,95.22204239653989,95.19788265474659,95.90130536783258,94.10977241811776,146312430
2023-01-16 18:49:40.380001,MPC,94.59700491690053,94.70046740565137,95.96731536335523,94.35538692637418,149284800
2023-01-17 18:49:40.380001,MPC,98.0228651695103,98.48904449730084,98.41638024680728,96.81971146913872,132834925
2023-01-18 18:49:40.380001,MPC,98.7537726513304,98.24928462101052,99.98646382925135,97.88297227703086,115356512
2023-01-19 18:49:40.380001,MPC,101.08631924543624,100.34943053925495,102.35455975325016,101.06662856200653,86558453
2023-01-20 18:49:40.380001,MPC,101.58775100265696,101.11162008011696,103.5214899395559,100.58364477858258,56610181
2023-01-23 18:49:40.380001,MPC,100.11061576831172,99.32764085058815,100.47354966840523,99.28926871281179,92631404
2023-01-24 18:49:40.380001,MPC,104.58474792159414,105.44100875178255,105.80561415104339,104.49794868666379,94536623
2023-01-25 18:49:40.380001,MPC,104.88646477202471,104.80924094246885,106.46283492606754,104.14818033863575,107908706
2023-01-26 18:49:40.380001,MPC,107.21935935135505,108.22689230755043,109.23606363176586,105.68738698031504,184931733
2023-01-27 18:49:40.380001,MPC,102.1598392827191,102.45516124641736,102.45570455741611,100.56557060357133,183784042
2023-01-30 18:49:40.380001,MPC,101.57739239934902,101.11554419834482,101.72172473357557,100.73225317796377,92721884
2023-01-31 18:49:40.380001,MPC,100.95167718629303,101.43333404865453,101.303875870545,100.94718264254179,182245439
2023-02-01 18:49:40.380001,MPC,100.05499066180369,100.32130815104114,101.7941746094283,98.1315263011833,56663663
2023-02-02 18:49:40.380001,MPC,105.43027909923485,105.62785295686805,107.40687739356777,104.32622590841396,180376494
2023-02-03 18:49:40.380001,MPC,103.65013594640872,103.30715825326654,103.70472888319226,102.44806985840268,108842890
2023-02-06 18:49:40.380001,MPC,100.52435715915531,100.90144215968986,102.28887169112929,99.10311723659461,108655973
2023-02-07 18:49:40.380001,MPC,105.00131353289211,104.27428127797988,106.31346856843145,103.1069334756021,132292026
2023-02-08 18:49:40.380001,MPC,106.68623157428719,106.79804553846334,107.94607112978163,105.84768871881207,159065252
2023-02-09 18:49:40.380001,MPC,108.81439440446755,108.65446718842892,110.71053514987233,106.66525573974123,139576250
2023-02-10 18:49:40.380001,MPC,108.04417464279653,107.69083761143212,109.94079952983735,107.62541111696436,100307481
2023-02-13 18:49:40.380001,MPC,108.5985288182115,108.57936094286922,110.01482918178917,106.6065876154195,78338119
2023-02-14 18:49:40.380001,MPC,106.25796492506282,106.43076365351058,108.00102379468933,105.41909581798713,181369790
2023-02-15 18:49:40.380001,MPC,104.48792778471689,105.01195639072112,105.00891232555034,102.56998670642874,110307312
2023-02-16 18:49:40.380001,MPC,106.27262684647474,105.51448983444648,107.48223043037457,105.22592964056435,99081896
2023-02-17 18:49:40.380001,MPC,105.41597923782761,104.76355654632765,106.05431619414925,104.79185526762708,151699591
2023-02-20 18:49:40.380001,MPC,101.30735722368985,100.38559903685707,102.69298397694891,100.74975625362887,81331345
2023-02-21 18:49:40.380001,MPC,108.16549299954544,107.69155533887958,108.75815355984463,106.57336496404147,148474678
2023-02-22 18:49:40.380001,MPC,104.27965402553319,104.4726311283517,105.73735922078995,102.67330233881671,156991771
2023-02-23 18:49:40.380001,MPC,107.71533013839334,107.25148447072377,108.68660439352566,107.57461531110579,193055814
2023-02-24 18:49:40.380001,MPC,106.21776808913174,107.19999667327058,107.4640083831017,105.6345426218769,97936282
2023-02-27 18:49:40.380001,MPC,107.31499995557694,107.32953948171004,107.73526624039266,106.47741829895807,73694866
2023-02-28 18:49:40.380001,MPC,105.9451756515449,106.90146485889406,107.92667289001045,104.57719542323761,102087956
2023-03-01 18:49:40.380001,MPC,105.93403711327034,106.86652018018724,107.13786421633743,104.68087799304442,144738714
2023-03-02 18:49:40.380001,MPC,104.7997624257479,104.58826668299946,104.81539783028619,104.42295961829643,104141156
2023-03-03 18:49:40.380001,MPC,104.81052853817911,105.33283967540837,106.80453853957286,102.72636561883047,127722821
2023-03-06 18:49:40.380001,MPC,103.12714474421544,103.42952201838625,104.47202803110218,102.35887746524776,70996045
2023-03-07 18:49:40.380001,MPC,98.33466882735439,97.50648346550608,99.89039258050404,96.74092906998587,68557834
2023-03-08 18:49:40.380001,MPC,103.50239914956369,102.76298244462858,104.0602131921678,103.19650914040768,162954693
2023-03-09 18:49:40.380001,MPC,101.11538027197666,100.59657983225915,101.46338497458032,99.21379579663999,59588319
2023-03-10 18:49:40.380001,MPC,95.14079312108888,94.29118241638373,95.54314019618799,94.72824963221,142184847
2023-03-13 18:49:40.380001,MPC,98.40112828800898,99.03199822672399,99.64414314936315,96.43885448530463,125568409
2023-03-14 18:49:40.380001,MPC,100.18900101613855,100.09488891203037,101.4107128704178,100.10198997935508,62556181
2023-03-15 18:49:40.380001,MPC,100.22633804289559,100.50285990998513,101.98800883006267,98.86285964383566,75168967
2023-03-16 18:49:40.380001,MPC,101.0747450493285,101.78939399508744,102.20897356583484,100.6934919011591,88530689
2023-03-17 18:49:40.380001,MPC,99.53636974398376,100.52579147511507,100.07515850600555,98.45222321097371,63830917
2023-03-20 18:49:40.380001,MPC,102.71164801817704,103.23363896092614,103.51310972933604,102.43683359542861,156690928
2023-03-21 18:49:40.380001,MPC,97.89216342395274,97.02669576455267,99.45212231790154,96.61208224368453,80141174
2023-03-22 18:49:40.380001,MPC,95.72943337743956,96.26419897058672,95.75239651685645,94.73031743543925,84736939
2023-03-23 18:49:40.380001,MPC,99.95961315861337,100.8740659606338,101.33424416583756,98.28760186673871,52315262
2023-03-24 18:49:40.380001,MPC,102.84485575338444,102.51952013444306,103.930777570958,101.59553927629503,127124823
2023-03-27 18:49:40.380001,MPC,102.50452499189771,101.50208002641705,102.904955143873,101.59667376410853,108784243
2023-03-28 18:49:40.380001,MPC,99.60947997326181,98.64757917622948,99.86084190616384,99.28423182026923,113297864
2023-03-29 18:49:40.380001,MPC,103.45228224221475,103.90395521527341,104.8025412790729,103.0012626752967,116189665
2023-03-30 18:49:40.380001,MPC,102.64079550918763,102.29972228404169,104.43710112313023,102.3807104101497,104198251
2023-03-31 18:49:40.380001,MPC,97.61823440794917,97.28294011588181,99.37583590924929,96.84623721379556,175833968
2023-04-03 18:49:40.380001,MPC,98.387349566967,98.76278809462958,99.69839389721008,96.92830323241365,150425977
2023-04-04 18:49:40.380001,MPC,98.48129875662188,97.71916380102488,98.5642573057808,96.76501991741496,106321891
2023-04-05 18:49:40.380001,MPC,94.92765838122381,94.45675582923825,96.10284076626003,93.93859660201659,71059093
2023-04-06 18:49:40.380001,MPC,94.5604692701668,93.70054132056795,96.28639466219002,93.12489520306114,91944969
2023-04-07 18:49:40.380001,MPC,94.1237793809035,93.65773550126835,95.18882426945187,93.75291444231952,80090229
2023-04-10 18:49:40.380001,MPC,94.37287023110021,94.43786906659332,95.36684774719434,94.19167163392737,169227157
2023-04-11 18:49:40.380001,MPC,90.32851518378851,90.4837269932016,91.48979605868901,88.83592405442033,129149062
2023-04-12 18:49:40.380001,MPC,90.2240478000121,90.89410480455307,91.15303453351287,88.42962250737547,63018545
2023-04-13 18:49:40.380001,MPC,93.5274645225616,94.32753076016358,94.41754031813757,92.09551231840155,125391130
2023-04-14 18:49:40.380001,MPC,91.2300261479472,91.14683886473361,92.68344895089972,89.91689328580757,86891568
2023-04-17 18:49:40.380001,MPC,88.24350416436334,87.61300124932995,89.51206137050082,86.73999270252553,162628605
2023-04-18 18:49:40.380001,MPC,86.97627635226931,87.77430447661155,87.28287134570306,86.86783791046567,77187989
2023-04-19 18:49:40.380001,MPC,87.64914591407076,88.23129075108686,88.75383032781411,87.42388425247407,125060077
2023-04-20 18:49:40.380001,MPC,83.9639618261082,84.5101661947107,84.18335030554248,83.0008396220269,192401795
2023-04-21 18:49:40.380001,MPC,80.75752129938705,80.72328168241845,82.02949745145499,79.38530207997981,123204314
2023-04-24 18:49:40.380001,MPC,84.63237987992109,85.4045322203052,84.91868443050902,83.67494973867522,166060979
2023-04-25 18:49:40.380001,MPC,80.9263529116569,80.77730041548939,81.30829367100618,79.769598925805,125468368
2023-04-26 18:49:40.380001,MPC,81.7912942979331,81.9176560772142,83.38772133841708,80.66354018064521,81562469
2023-04-27 18:49:40.380001,MPC,79.67334287236228,79.55076861405202,80.94327531499654,78.58006225231301,131052939
2023-04-28 18:49:40.380001,MPC,79.0883045751344,78.94267765009559,79.83249986211868,78.29421229215309,134553206
2023-05-01 18:49:40.380001,MPC,79.85974122501122,79.49787225290575,80.34931838763077,78.99460959240808,172430338
2023-05-02 18:49:40.380001,MPC,80.35841662204324,80.23010206914905,81.50877623290441,79.0061403599348,168792182
2023-05-03 18:49:40.380001,MPC,82.42235206580385,82.65195220902213,82.48334314814254,82.37558233042094,169386632
2023-05-04 18:49:40.380001,MPC,81.96803763505581,82.37743074773567,82.83795548541318,81.5615774121835,182490323
2023-05-05 18:49:40.380001,MPC,83.13815563907866,82.67942472109665,83.87696392078414,82.18597560122795,59203214
2023-05-08 18:49:40.380001,MPC,83.78840205572254,84.45666807289386,83.92379632516686,82.55186868878846,148451304
2023-05-09 18:49:40.380001,MPC,81.08207004443732,81.34627557535332,81.24013917587632,80.227946749106,70013821
2023-05-10 18:49:40.380001,MPC,84.09186639673021,83.4789776046196,85.43073673063058,83.11090955445724,139724956
2023-05-11 18:49:40.380001,MPC,86.33412740553901,87.18449840362779,87.90822218346499,85.24503066310344,147989313
2023-05-12 18:49:40.380001,MPC,86.22748131547772,86.10643915876135,86.2555062975065,84.83681534122108,69829734
2023-05-15 18:49:40.380001,MPC,87.45386507622858,87.09052318354595,88.68873921778477,86.79120111994622,147725326
2023-05-16 18:49:40.380001,MPC,90.276129831479,90.51640661248013,91.83372467686296,89.38914437279765,169179691
2023-05-17 18:49:40.380001,MPC,91.76249437511422,92.4846031350148,91.77610975965963,90.09002926510169,127702218
2023-05-18 18:49:40.380001,MPC,93.21478753787297,93.79968673416715,94.58586181017519,91.89856512165308,123359328
2023-05-19 18:49:40.380001,MPC,97.38113680365613,97.71118353548245,98.39220866297313,96.22787643370262,69820069
2023-05-22 18:49:40.380001,MPC,98.5396273958425,98.11097055701315,100.05541012498976,97.97787632492668,171438213
2023-05-23 18:49:40.380001,MPC,95.38340589221852,94.96987499405122,96.7074104196058,94.70407275080096,157791458
2023-05-24 18:49:40.380001,MPC,93.5811202595251,92.75254464530583,94.93918662658523,93.34718908514199,134476683
2023-05-25 18:49:40.380001,MPC,98.02800347200103,97.30130565340575,99.64108266949411,97.5829086553993,70778022
2023-05-26 18:49:40.380001,MPC,97.04788217099807,97.48930184953997,98.3739911746054,96.27020281992952,125286669
2023-05-29 18:49:40.380001,MPC,93.35251819241257,93.89468490047396,93.66861151271361,92.05873811665829,84007032
2023-05-30 18:49:40.380001,MPC,96.47473038345208,96.92063256934736,98.31512979309983,94.63702801121144,156148791
2023-05-31 18:49:40.380001,MPC,99.5206147526157,100.10718523418113,100.69404397269727,99.45710275559999,165036854
2023-06-01 18:49:40.380001,MPC,98.1560414742507,97.47711414491992,98.4335294062591,97.67803388378611,66336240
2023-06-02 18:49:40.380001,MPC,97.65085967569861,98.3625775333942,98.16058728360879,97.3177510203332,151796792
2023-06-05 18:49:40.380001,MPC,98.8924152109807,98.27912737062674,100.47414023876432,98.8081275049448,123443791
2023-06-06 18:49:40.380001,MPC,100.31401356347754,99.51839602387426,102.04172885659439,99.65412502841056,168515210
2023-06-07 18:49:40.380001,MPC,103.55423999347308,103.33678625952399,105.49647992377876,102.64953437758248,140986095
2023-06-08 18:49:40.380001,MPC,102.64610913691193,102.25155387624706,104.14902144378416,101.91443392980149,80733866
2023-06-09 18:49:40.380001,MPC,104.03242756082511,104.74209744697643,105.81952726833042,103.61055211907335,63199498
2023-06-12 18:49:40.380001,MPC,103.89856032900298,103.75069228338104,105.90065734782063,101.98950167033348,131137703
2023-06-13 18:49:40.380001,MPC,104.93494837452745,105.63913912617114,106.23585352889401,104.72218126758644,128622305
2023-06-14 18:49:40.380001,MPC,102.66132807182082,103.53026865791672,102.79201342128219,100.80875592271754,87269345
2023-06-15 18:49:40.380001,MPC,101.32764836439043,101.39615540366934,102.10198961377145,101.27560638408796,127508021
2023-06-16 18:49:40.380001,MPC,100.48325059904008,100.41220737751343,101.48457886308337,99.2753886532539,181100324
2023-06-19 18:49:40.380001,MPC,99.4201579729968,98.86143026412206,100.17014534639962,97.70041231549062,57354832
2023-06-20 18:49:40.380001,MPC,101.2352750553322,100.59024874958733,102.94783067704654,99.72545726800746,76941814
2023-06-21 18:49:40.380001,MPC,101.63036079113722,102.05020395980277,102.72844430338522,99.79036924473449,67146853
2023-06-22 18:49:40.380001,MPC,103.85511348607334,104.33486709043957,104.22524290370302,102.90488744471277,64110309
2023-06-23 18:49:40.380001,MPC,102.60604936222599,103.19414743141756,103.80716187096618,102.15897306599119,84169316
2023-06-26 18:49:40.380001,MPC,101.64902515890337,101.30544909993581,101.83482311487342,99.74687699423797,137730469
2023-06-27 18:49:40.380001,MPC,102.89462597316555,102.58232612846334,103.74154473837336,101.14824361938207,130673062
2023-06-28 18:49:40.380001,MPC,101.52266138115134,101.71920966876316,101.94535485653083,99.64670978284623,167573857
2023-06-29 18:49:40.380001,MPC,102.13990455866576,101.7366932560908,104.07209213127102,100.34139119870498,110063808
2023-06-30 18:49:40.380001,MPC,100.43034080204855,101.24095161925256,101.87874948143082,99.46838124648684,133674530
2023-07-03 18:49:40.380001,MPC,99.20571130693614,99.98147198475341,100.29056666533741,97.89990857195814,93057082
2023-07-04 18:49:40.380001,MPC,102.08490549301291,101.38408913029151,103.31239826085843,100.22830182669323,184531736
2023-07-05 18:49:40.380001,MPC,99.39754297150664,99.51146805223723,100.34276497564558,99.06133234786769,129190684
2023-07-06 18:49:40.380001,MPC,98.90235461378654,99.39082143362843,100.67044101791961,98.80719045663501,58929907
2023-07-07 18:49:40.380001,MPC,106.73291675272407,105.82945719469566,108.13131384475997,106.22893830321337,96379323
2023-07-10 18:49:40.380001,MPC,105.68153217460414,105.53187053766881,107.13162564474315,104.3371778650513,120670534
2023-07-11 18:49:40.380001,MPC,100.29841231535325,100.02035782319429,100.42936781647623,99.27131918623716,132473147
2023-07-12 18:49:40.380001,MPC,102.18991147738394,102.31074392143393,102.98713806244034,100.82348542230847,191921272
2023-07-13 18:49:40.380001,MPC,97.19914199122717,96.96736956066364,97.84923310544276,96.12009293174003,182328905
2023-07-14 18:49:40.380001,MPC,95.03497295325704,95.45600604584922,95.38215857046626,93.43609137269382,130278927
2023-07-17 18:49:40.380001,MPC,93.56631533669854,94.08806475127342,95.1041182016208,92.68317980431635,104449073
2023-07-18 18:49:40.380001,MPC,93.97862950200131,93.82857285331356,95.82173649619834,92.40074972479567,135087856
2023-07-19 18:49:40.380001,MPC,95.92773343025172,96.17183476667402,96.05042680152728,94.59682756872375,60436882
2023-07-20 18:49:40.380001,MPC,96.62762139169195,96.48235155019043,98.07523754211692,96.17349484961632,139607346
2023-07-21 18:49:40.380001,MPC,98.07063314858779,97.28263867761312,99.54923813863003,97.40137654392899,77952015
2023-07-24 18:49:40.380001,MPC,99.08292319518272,99.30202448332409,99.60083797083713,98.08221414506848,166052832
2023-07-25 18:49:40.380001,MPC,98.61104198453982,97.91502039124663,99.35612518967424,97.9762071332293,181225123
2023-07-26 18:49:40.380001,MPC,98.39036705792661,98.41233807401146,99.67925701025389,97.93829680649856,70179030
2023-07-27 18:49:40.380001,MPC,94.36118917305407,95.25081361581991,95.95268244960488,92.55921952244852,134192686
2023-07-28 18:49:40.380001,MPC,92.33645650087033,92.63770350266701,92.76929128312698,90.83558102368006,66686796
2023-07-31 18:49:40.380001,MPC,90.32720942657784,90.64665745596108,90.90765017939556,89.34504194742203,174940959
2023-08-01 18:49:40.380001,MPC,90.8651009836117,91.24712451940621,91.78974724755577,90.15963671864704,187086405
2023-08-02 18:49:40.380001,MPC,92.1802365232915,92.93486991907545,92.80423477865013,91.05915154528435,97686987
2023-08-03 18:49:40.380001,MPC,94.53271382288015,94.57103016992475,95.59516338139059,92.7072724285075,172372832
2023-08-04 18:49:40.380001,MPC,94.29907466130666,94.15981930645735,94.95279183063265,93.63381043449817,158654940
2023-08-07 18:49:40.380001,MPC,88.65433799334618,89.4771397514776,89.01437949088701,87.20700762256772,100734714
2023-08-08 18:49:40.380001,MPC,91.1016819686156,90.96217527289609,92.40527161949397,89.63411760316414,56863874
2023-08-09 18:49:40.380001,MPC,93.3024949368617,92.68333036422801,94.14547715466828,92.71979284693246,71578909
2023-08-10 18:49:40.380001,MPC,91.90694992134013,92.16374058210104,93.34938940776028,91.130611095696,82732422
2023-08-11 18:49:40.380001,MPC,93.59112513637788,94.50815205043507,93.97864822153157,92.2707867868632,98777612
2023-08-14 18:49:40.380001,MPC,98.71430755033913,98.33764655031938,100.26149327999282,96.86608736597344,114470854
2023-08-15 18:49:40.380001,MPC,96.49255353854062,97.21823618984406,98.21669746215684,96.3864477916534,176762186
2023-08-16 18:49:40.380001,MPC,99.0218693803283,99.66764603979146,99.66638188458846,97.73105269219197,158521597
2023-08-17 18:49:40.380001,MPC,96.60683825986908,97.20660470761648,98.26778182196396,96.4264394894298,55002661
2023-08-18 18:49:40.380001,MPC,100.4257225153396,99.67890928144915,101.92663345623146,98.50831453295515,187223345
2023-08-21 18:49:40.380001,MPC,94.43763275002243,95.17206061882248,95.57437783061421,93.60364432318566,172031458
2023-08-22 18:49:40.380001,MPC,89.73542586649555,88.93667164981123,90.32968324205042,88.00429435458938,145038919
2023-08-23 18:49:40.380001,MPC,92.05582551407032,91.85297293316242,93.4287976959605,91.89644014956836,157718852
2023-08-24 18:49:40.380001,MPC,91.19744206027873,91.79294468629871,91.99677948628596,90.68214400970156,165242772
2023-08-25 18:49:40.380001,MPC,90.37481598623067,90.96873700245251,90.65164763117157,89.14277223779804,62785028
2023-08-28 18:49:40.380001,MPC,90.54250337431161,89.91664005115638,91.1364937588062,89.610524263305,155275328
2023-08-29 18:49:40.380001,MPC,86.88431056841475,87.2134602915452,88.10020436929045,86.79352622046086,53831122
2023-08-30 18:49:40.380001,MPC,85.46648249531755,85.92109580977332,86.73954812041677,84.34124325716958,181423688
2023-08-31 18:49:40.380001,MPC,83.06417389012954,83.29973388784441,83.09389822932768,81.78756463645006,59477620
2023-09-01 18:49:40.380001,MPC,82.86116377335323,82.96538883576103,84.09936356206474,81.43115307779827,180574391
2023-09-04 18:49:40.380001,MPC,79.68561133268895,79.43056219313719,79.77824153351258,79.19000465161598,174846215
2023-09-05 18:49:40.380001,MPC,78.53174423347629,78.97766613558231,79.33050606097659,77.50503634868527,180410896
2023-09-06 18:49:40.380001,MPC,78.49095951240521,78.5680213879448,79.02787173629156,77.09628201570953,161860529
2023-09-07 18:49:40.380001,MPC,77.1733144846768,77.72883835894872,78.0795409348765,76.84436645639548,114833891
2023-09-08 18:49:40.380001,MPC,79.10360200965424,79.34671660624973,80.4188625882652,77.76938207110851,141155680
2023-09-11 18:49:40.380001,MPC,78.72545578382999,79.38429545069373,79.55955035666345,77.26529231577847,115374585
2023-09-12 18:49:40.380001,MPC,78.96495564169695,79.46382281582743,80.39456187015729,78.22801838553518,158605931
2023-09-13 18:49:40.380001,MPC,82.07211880377257,82.72761212261057,83.60170642529754,81.8014448929686,172083793
2023-09-14 18:49:40.380001,MPC,84.49847964436154,84.24501632161841,84.99684296954324,83.95537789701339,117835228
2023-09-15 18:49:40.380001,MPC,85.40218079992117,86.20220674688834,86.70050479969944,85.01231844155826,177922850
2023-09-18 18:49:40.380001,MPC,82.14664811150097,81.39019293478115,83.23572534387118,80.56804686083268,174857015
2023-09-19 18:49:40.380001,MPC,84.60961210440313,84.51279406181906,85.3172066729854,83.75963816407382,192887039
2023-09-20 18:49:40.380001,MPC,89.22034208165435,89.31060922641286,89.54575215107612,88.77555963033934,177377332
2023-09-21 18:49:40.380001,MPC,88.28356293787635,87.49359389736668,89.01394159515193,86.64004763398022,171695513
2023-09-22 18:49:40.380001,MPC,89.86250232897433,89.20947421152187,90.14951026434744,88.82576843283425,120006789
2023-09-25 18:49:40.380001,MPC,91.46231884776984,91.28265201865779,93.23373714619115,90.69679290695667,61872553
2023-09-26 18:49:40.380001,MPC,92.7095082106613,93.53049660890875,93.00658991586597,92.25456375836876,56377047
2023-09-27 18:49:40.380001,MPC,93.11868914178318,92.37982189080934,93.64453988810482,92.90779120248725,112802983
2023-09-28 18:49:40.380001,MPC,93.80822812071202,93.56805215940163,94.11999979210258,93.04329411516045,194623298
2023-09-29 18:49:40.380001,MPC,95.18040535713764,95.47987598210547,95.63689756923006,93.86759873635087,123641248
2023-10-02 18:49:40.380001,MPC,96.73453611999821,97.20101102591035,98.24626576649435,95.7144500464337,130826297
2023-10-03 18:49:40.380001,MPC,92.72443863856937,91.80960672821158,93.27558451913883,91.91042592914474,88178503
2023-10-04 18:49:40.380001,MPC,93.32082181135817,93.33278226641983,94.42731493495144,92.13576278999248,122471270
2023-10-05 18:49:40.380001,MPC,92.10170601509164,91.77320888475148,92.29950981126849,92.07945750190551,186584771
2023-10-06 18:49:40.380001,MPC,90.75188615910201,91.32882652272289,92.47498681576992,90.36108414813717,125657353
2023-10-09 18:49:40.380001,MPC,92.69165284372792,92.79261320840394,94.51237595755349,91.7661165412342,184756842
2023-10-10 18:49:40.380001,MPC,93.12123426853249,92.36357120771157,93.84537257327395,91.46259119262308,53134805
2023-10-11 18:49:40.380001,MPC,95.5871153900498,96.48786190272118,97.20612427664628,95.4041548909827,102075214
2023-10-12 18:49:40.380001,MPC,92.91528425899796,92.9198986480439,94.4437540172366,91.09836785803384,176149732
2023-10-13 18:49:40.380001,MPC,94.52547334050209,94.05737811680983,96.14605748898727,93.13230543629975,67262359
2023-10-16 18:49:40.380001,MPC,94.46308911719647,93.89380493788427,94.8743741877654,93.5452020581391,144891205
2023-10-17 18:49:40.380001,MPC,92.5170539467524,91.92291466925941,92.67218345105239,91.8726089933921,147160967
2023-10-18 18:49:40.380001,MPC,92.67951234928923,92.08940028438234,92.9079238214529,92.6768959266605,57035164
2023-10-19 18:49:40.380001,MPC,90.3112468175624,89.57305524920008,91.87710251366435,89.22878918594468,155440150
2023-10-20 18:49:40.380001,MPC,91.8625908808336,92.76025880995233,93.51482337585284,90.29152958935236,97514048
2023-10-23 18:49:40.380001,MPC,92.08090438155554,91.43089606865986,92.50904287571151,90.28664049051278,172660546
2023-10-24 18:49:40.380001,MPC,89.90988925534575,89.68737512607773,91.01787609984082,89.89159466572622,183559895
2023-10-25 18:49:40.380001,MPC,87.22497734697488,87.626206136761,88.18745698959712,86.27649422473402,79689145
2023-10-26 18:49:40.380001,MPC,86.80945970129447,87.33366335952124,87.38928211997502,86.55047260747862,112170595
2023-10-27 18:49:40.380001,MPC,88.69010185058961,88.6516863578122,89.82073110725439,87.69757101848195,191625739
2023-10-30 18:49:40.380001,MPC,87.1879919497082,87.83104201075885,88.09260602125896,86.31741188504952,73140659
2023-10-31 18:49:40.380001,MPC,87.8796045710713,87.74502910034902,89.40472162216992,86.89910967036703,155165766
2023-11-01 18:49:40.380001,MPC,88.34969526884848,88.4703392298208,89.54335129703965,86.78967294731386,157382146
2023-11-02 18:49:40.380001,MPC,86.4576879797031,86.83813831792283,87.99172427557718,85.679999366511,106948340
2023-11-03 18:49:40.380001,MPC,86.89913989084496,87.71247012180132,87.26117487894376,86.86236081100046,128252101
2023-11-06 18:49:40.380001,MPC,89.4776887095724,89.8061390019254,89.53300023093031,88.72747327265364,86690463
2023-11-07 18:49:40.380001,MPC,86.08243740587618,85.60341731516804,86.58529393771876,85.26743850837043,186969913
2023-11-08 18:49:40.380001,MPC,84.28015742145885,84.64691244043513,84.33301496108287,84.27884571904075,75731129
2023-11-09 18:49:40.380001,MPC,86.36838879524336,86.76664080880934,86.53430989932002,84.81539063930019,83207102
2023-11-10 18:49:40.380001,MPC,84.55607802664368,84.23414673060033,85.28145622312661,83.9256032120461,66929807
2023-11-13 18:49:40.380001,MPC,85.8953221195556,85.87305091644562,87.23987373557068,84.6223943965471,134902882
2023-11-14 18:49:40.380001,MPC,88.76704187467192,89.3235290372047,90.16607878473958,87.5090674633106,138194594
2023-11-15 18:49:40.380001,MPC,90.62547914108559,90.15476843210404,90.89160627565836,89.7542726043345,83653687
2023-11-16 18:49:40.380001,MPC,89.5175243208165,89.07483617164664,90.64501232126864,88.79235228033377,128385727
2023-11-17 18:49:40.380001,MPC,87.70975560705192,87.67788629981264,87.7290361394716,87.10222917756221,64145173
2023-11-20 18:49:40.380001,MPC,88.95121334110017,89.38296226129863,90.17090827506732,87.5136375772119,64547149
2023-11-21 18:49:40.380001,MPC,88.91204013992214,89.05581488304541,89.63230072980348,88.80623456469098,173833670
2023-11-22 18:49:40.380001,MPC,87.73429241176584,87.00402749888507,88.43262943782679,87.56922719834027,112647577
2023-11-23 18:49:40.380001,MPC,88.87361284589163,88.32308126117809,89.54655826013344,88.7447191368169,81659140
2023-11-24 18:49:40.380001,MPC,87.94499265381133,87.28326824705292,88.9429616836334,87.43676372504876,75660140
2023-11-27 18:49:40.380001,MPC,89.99410571434908,89.12070376365348,90.65635229119782,88.93931052254862,86721348
2023-11-28 18:49:40.380001,MPC,87.47891868050012,88.01544758449825,88.60539102970542,86.73760455766038,84198965
2023-11-29 18:49:40.380001,MPC,88.30850820156526,88.91282212728085,89.11139908259122,88.21711410660603,152326694
2023-11-30 18:49:40.380001,MPC,89.33930055057915,89.10778956673691,89.66774428160574,88.17340528973305,130762139
2023-12-01 18:49:40.380001,MPC,92.95792897848128,93.24804023539598,93.24794025674407,92.12306637754892,105909828
2023-12-04 18:49:40.380001,MPC,92.82656718697935,92.22315769052275,93.39890989306886,92.69240281279049,87519593
2023-12-05 18:49:40.380001,MPC,96.59591546699937,96.60301558415719,97.72601642024055,96.38491280717187,125428819
2023-12-06 18:49:40.380001,MPC,100.12294092054536,100.00027540464887,102.09993096658306,99.5147567263674,98075802
2023-12-07 18:49:40.380001,MPC,97.3982957755681,97.13916023847966,97.70637758761941,95.79638660208713,94992583
2023-12-08 18:49:40.380001,MPC,99.4551793815236,100.14863042698747,101.1620836421191,98.39527117373774,158361768
2023-12-11 18:49:40.380001,MPC,100.69520524590403,100.02414787310616,101.44431179605377,99.95424334495199,197472141
2023-12-12 18:49:40.380001,MPC,104.3806168026543,105.34640600473095,104.58364183435124,102.6866416806543,167363106
2023-12-13 18:49:40.380001,MPC,102.79961498982425,103.01667621091471,103.86778835452918,101.87417224441829,188513636
2023-12-14 18:49:40.380001,MPC,100.52080698097164,101.44787902710097,102.20685583950727,99.8263212282377,195712890
2023-12-15 18:49:40.380001,MPC,100.65615228869756,100.91704682106419,102.19110343038297,100.35911450733813,106630736
2023-12-18 18:49:40.380001,MPC,101.65786815880345,102.25283016469031,102.24321500248186,101.23495186164646,81744437
2023-12-19 18:49:40.380001,MPC,98.83993886998735,98.78196535950855,99.68881844055238,97.78660554355749,100043140
2023-12-20 18:49:40.380001,MPC,99.47420992931626,99.99109966822186,100.4657076642868,99.36561819959472,147919670
2023-12-21 18:49:40.380001,MPC,102.84298870682618,102.77775533052728,103.68934781802714,102.41417074716307,151437369
2023-12-22 18:49:40.380001,MPC,101.74818301050425,101.28178809217282,102.97100029312062,100.14693381311693,145698503
2023-12-25 18:49:40.380001,MPC,103.99181459844638,103.44085660588726,105.12516202639486,103.49954596107428,126704361
2023-12-26 18:49:40.380001,MPC,99.35159178758367,98.550741983177,99.56192181350629,97.88070858597574,79095303
2023-12-27 18:49:40.380001,MPC,96.34639672682992,95.50464187149181,96.3587797725018,95.02399530304197,194311625
2023-12-28 18:49:40.380001,MPC,99.75665799034645,99.7903641519416,100.65300179075246,99.20623287479165,148194739
2023-12-29 18:49:40.380001,MPC,106.6967388260945,106.72335354237865,107.34300922898149,106.60334686301009,94172773
2024-01-01 18:49:40.380001,MPC,105.29058673716446,105.69589918443435,105.38829657877025,105.1206397915445,199868100
2024-01-02 18:49:40.380001,MPC,108.32021850556659,107.97596953277231,109.73147981130543,107.50941195140555,53724776
2024-01-03 18:49:40.380001,MPC,112.40058643286672,112.60242079674778,114.53682816863696,111.3623088379522,79690366
2024-01-04 18:49:40.380001,MPC,105.91761311709715,105.57460061156308,105.95765408154074,105.52139271449131,174145778
2024-01-05 18:49:40.380001,MPC,105.42794984607663,104.53035788934953,105.88597866517216,103.38902805931703,166787149
2024-01-08 18:49:40.380001,MPC,107.03073739731663,106.5444013942839,107.7470538620484,105.56236487942898,127642533
2024-01-09 18:49:40.380001,MPC,105.64933319182396,104.76569187490252,105.94086603094581,103.72469777613864,135423414
2024-01-10 18:49:40.380001,MPC,105.6355340335222,105.54339757087169,107.69509430122277,103.62252853153329,87966876
2024-01-11 18:49:40.380001,MPC,108.23286319718679,108.41367095590317,109.40657365147585,107.6424059904094,56238132
2024-01-12 18:49:40.380001,MPC,105.80284605812469,105.6002705662285,106.41051986433438,104.39604601173856,150151981
2024-01-15 18:49:40.380001,MPC,105.81960217342089,106.08062288261458,107.06365017368367,105.25189614544148,144888830
2024-01-16 18:49:40.380001,MPC,100.7656201567942,101.39562267722076,100.96635196023887,99.05288407405835,98486268
2024-01-17 18:49:40.380001,MPC,100.6276060178795,101.16039448466987,101.64663102526004,98.75570040519226,128236778
2024-01-18 18:49:40.380001,MPC,94.74836086505825,95.19270309405123,95.37290536817372,93.92854860441794,195493833
2024-01-19 18:49:40.380001,MPC,93.7892334178979,93.5646263793327,95.42532388137889,92.88155932729588,187233301
2024-01-22 18:49:40.380001,MPC,91.63691739976092,91.44141818108602,92.05096958805575,91.14884383511585,125159725
2024-01-23 18:49:40.380001,MPC,92.33381978521224,93.22944234709836,93.52369908974518,91.64585095253258,98793796
2024-01-24 18:49:40.380001,MPC,92.65252009543401,93.28011393161414,94.01469904469513,91.84181952320611,197354532
2024-01-25 18:49:40.380001,MPC,92.0734727660446,91.3150829666112,93.52579573400844,91.5338633092957,74063938
2024-01-26 18:49:40.380001,MPC,95.45244297383844,95.06043822210407,95.47569023030984,94.87922969665642,131444003
2024-01-29 18:49:40.380001,MPC,92.69837090084918,92.66416967304129,94.3757144476189,91.58034439354945,188578910
2024-01-30 18:49:40.380001,MPC,91.86973609041779,91.55889586580639,93.53700136012468,90.54266142870101,196411367
2024-01-31 18:49:40.380001,MPC,92.77136174898708,93.12522105013048,94.00278358332632,91.23860417824324,136009117
2024-02-01 18:49:40.380001,MPC,92.99888772715806,93.47182301012253,93.87841813990043,91.59895209313618,146220937
2024-02-02 18:49:40.380001,MPC,92.16049696271297,92.25206724151087,92.96437650393322,91.90148724218442,191518074
2024-02-05 18:49:40.380001,MPC,93.65660538715936,93.41660751619396,93.89904719930006,92.57843625905349,198667438
2024-02-06 18:49:40.380001,MPC,90.21614942226702,90.70708706284202,91.90935074944305,89.77774436094036,122223169
2024-02-07 18:49:40.380001,MPC,92.17715503738867,92.65120513488151,92.38174186726586,90.34268084537165,119842070
2024-02-08 18:49:40.380001,MPC,93.2997439308635,94.02890427399599,94.97800359968139,93.05143012388895,67968708
2024-02-09 18:49:40.380001,MPC,94.22489815184792,94.24292256907061,95.7304313074934,93.70209007642266,147153531
2024-02-12 18:49:40.380001,MPC,93.07597075491287,93.20982190977918,94.51556831020439,92.0844654174354,108279613
2024-02-13 18:49:40.380001,MPC,91.10250073874752,90.71130512837016,92.90859131043162,90.26558911686647,95180483
2024-02-14 18:49:40.380001,MPC,84.78849731717565,84.14827967733507,85.38644256483339,83.80586409310763,118381581
2024-02-15 18:49:40.380001,MPC,86.25786022206212,86.8026413546198,87.6510006356401,85.95196068335478,59859579
2024-02-16 18:49:40.380001,MPC,86.51129484735446,87.16039223719156,88.16004199923456,86.37288185030182,196811789
2024-02-19 18:49:40.380001,MPC,85.52248729086149,85.36027215939863,86.07100813342025,85.36082291258234,170437768
2024-02-20 18:49:40.380001,MPC,89.50882594722366,89.17931204751845,90.67977870081566,87.97256861498131,77778439
2024-02-21 18:49:40.380001,MPC,92.91021586603334,92.61564398866511,93.3004021170002,92.84754284785058,69175718
2024-02-22 18:49:40.380001,MPC,91.30263753848145,91.19037873976758,92.93231850096286,89.83243581477949,51910962
2024-02-23 18:49:40.380001,MPC,87.99716651916741,88.50728219790174,89.06737787234891,87.09138798044732,73047184
2024-02-26 18:49:40.380001,MPC,89.50937308447496,89.46017796689506,90.70325227262913,89.11390012900048,59657578
2024-02-27 18:49:40.380001,MPC,87.00530537113256,87.41137483528404,87.69500232898821,85.88664727096752,169090356
2024-02-28 18:49:40.380001,MPC,86.11135954393102,85.40858721796846,86.92687975089949,85.30633005398501,199615807
2024-02-29 18:49:40.380001,MPC,86.06313245036748,86.77228312892161,86.79310739616247,84.8056914256638,157021114
2024-03-01 18:49:40.380001,MPC,86.37965143798822,86.00279791323888,87.23576505023836,84.88318403783572,128535509
2024-03-04 18:49:40.380001,MPC,89.0884713310745,89.25449127394192,90.85077215214791,88.3257664003434,152657580
2024-03-05 18:49:40.380001,MPC,90.52682913076032,90.64884277448907,91.71869630466166,89.61740230979382,57320122
2024-03-06 18:49:40.380001,MPC,91.76632184205883,91.15660894742864,92.81815586502901,91.72406952354008,86853173
2024-03-07 18:49:40.380001,MPC,92.35592851617697,92.18436014065259,92.4303632940585,91.62288066943658,118699005
2024-03-08 18:49:40.380001,MPC,93.89022890496602,94.46601561875967,94.38400232616043,93.51032533676455,62215327
2024-03-11 18:49:40.380001,MPC,95.59091746354898,95.52863124033553,96.32077831275072,94.18096858923614,103956620
2024-03-12 18:49:40.380001,MPC,95.74687959446368,96.64155099569737,96.77614985367032,94.91404942902402,112099346
2024-03-13 18:49:40.380001,MPC,95.36816513130546,95.12390991314996,96.48997174451034,94.19427383854068,198551816
2024-03-14 18:49:40.380001,MPC,95.10763811411215,94.79997150768072,96.60390424199346,94.2105492823169,119758939
2024-03-15 18:49:40.380001,MPC,94.29223602552621,94.52548796466844,94.89881331234537,93.1577824293474,116605300
2024-03-18 18:49:40.380001,MPC,97.43925091449964,97.11360617289228,99.2042759602741,95.8060795057102,140595243
2024-03-19 18:49:40.380001,MPC,97.12820222332677,96.80770880557631,98.14019388205851,95.78145241185901,118482884
2024-03-20 18:49:40.380001,MPC,96.13815769066467,96.08719969733569,97.89696293641549,95.76419047492112,188859622
2024-03-21 18:49:40.380001,MPC,91.18043274736857,90.73865179715857,91.5478577206639,89.79255827994032,107122899
2024-03-22 18:49:40.380001,MPC,91.59916474967862,91.86933137475856,92.3901216257648,91.24957991280095,119829916
2024-03-25 18:49:40.380001,MPC,87.51492852663675,88.3412690060217,88.01457701003835,85.96629484740937,179651451
2024-03-26 18:49:40.380001,MPC,87.55426192291077,87.39358069013265,88.60697099592066,87.42879047264874,160095101
2024-03-27 18:49:40.380001,MPC,84.96727761271367,85.68418110176174,85.07736546858622,84.23746518277348,136886626
2024-03-28 18:49:40.380001,MPC,87.9073934356995,88.69675177695635,88.15820814269459,87.62480141205303,141637921
2024-03-29 18:49:40.380001,MPC,85.76583653616515,85.11187462396758,86.62826558476971,84.42831180646385,99160666
2024-04-01 18:49:40.380001,MPC,85.01577231281725,84.44568371013281,85.85749466532442,83.51396633043251,82657700
2024-04-02 18:49:40.380001,MPC,82.78645106710864,82.74674896881767,83.84334900896347,81.84756782099144,191245635
2024-04-03 18:49:40.380001,MPC,82.23798861113822,81.46720746484414,82.40041196165781,81.34443051217755,78959481
2024-04-04 18:49:40.380001,MPC,82.50222096134605,83.08626398646506,83.13077609649366,80.89310848686453,182583846
2024-04-05 18:49:40.380001,MPC,83.84753999473516,83.1089053980842,84.659995629839,82.4335167342439,107150950
2024-04-08 18:49:40.380001,MPC,85.3245966403899,85.55025779953029,86.12804861168038,84.30244056679183,88635562
2024-04-09 18:49:40.380001,MPC,85.00477499299977,84.42344791368905,85.96259734448685,83.61682011826666,109124316
2024-04-10 18:49:40.380001,MPC,84.58286002530286,85.11735758395479,84.83053778876994,84.46171584253361,174551567
2024-04-11 18:49:40.380001,MPC,85.53902783770185,85.84261863543307,86.35214464953773,85.14303440905934,52729814
2024-04-12 18:49:40.380001,MPC,83.73951573706883,83.88036276961823,85.25555252490453,82.06711690397083,151446022
2024-04-15 18:49:40.380001,MPC,85.74866983347655,85.26608546095058,85.95766085577921,85.17639006347055,174604689
2024-04-16 18:49:40.380001,MPC,83.45189809074347,83.36714739083554,84.01437297975765,83.06417328881356,81682768
2024-04-17 18:49:40.380001,MPC,82.08853884238185,82.51149664583261,82.47344806434926,81.81176576281307,67977194
2024-04-18 18:49:40.380001,MPC,82.53544606603302,82.8713536893158,83.85658958994723,81.4971333505928,101656103
2024-04-19 18:49:40.380001,MPC,83.47443473831949,83.08519840840827,84.21547472904483,81.88090560206474,169292548
2024-04-22 18:49:40.380001,MPC,84.79685435663254,84.12779228932318,85.84678630960506,84.21792239734724,125714046
2024-04-23 18:49:40.380001,MPC,83.4722251387383,82.8133712453567,84.60258781629884,82.61640827563063,90253902
2024-04-24 18:49:40.380001,MPC,79.37684444699059,79.81390502855419,79.43642289590377,78.87716059134716,180853846
2024-04-25 18:49:40.380001,MPC,78.67662890110003,78.32402605481556,79.86797162020552,78.29008844625464,199099722
2024-04-26 18:49:40.380001,MPC,77.3802787250528,77.63277960412383,78.57922033848982,75.93070039021573,143807318
2024-04-29 18:49:40.380001,MPC,75.5798742737191,76.04826790342098,76.88425667555619,75.40597401535518,59924378
2024-04-30 18:49:40.380001,MPC,75.16793608878803,74.81547759082332,75.742065100809,75.1232558389356,123761073
2024-05-01 18:49:40.380001,MPC,75.27999623644183,74.77866975574716,75.92520202634722,74.39290262817836,145138509
2024-05-02 18:49:40.380001,MPC,71.98817801170173,71.58523764260332,72.8356859832957,71.52109453250446,178446694
2024-05-03 18:49:40.380001,MPC,72.90802150621806,72.59282804762631,74.11841688063525,71.60761666841583,145685457
2024-05-06 18:49:40.380001,MPC,73.84028059107769,73.16381943640665,74.8659748014145,72.97600747800881,88935006
2024-05-07 18:49:40.380001,MPC,73.20969703169806,72.61817367272725,73.47720695835443,72.3339928062974,151451774
2024-05-08 18:49:40.380001,MPC,74.74289281212906,75.33769300059218,76.09647848378985,73.79399812603124,193777099
2024-05-09 18:49:40.380001,MPC,73.72398278766897,73.90856283682398,74.76643137782348,72.85896183883057,147776923
2024-05-10 18:49:40.380001,MPC,76.39947644490647,76.14582060101037,77.65358492613554,76.33824639602166,109826022
2024-05-13 18:49:40.380001,MPC,78.68418039852024,78.83128055836794,78.72270397064584,77.20749033853006,155110923
2024-05-14 18:49:40.380001,MPC,76.13550134272259,75.8342674300348,76.57062186570097,75.3780376859824,81714304
2024-05-15 18:49:40.380001,MPC,76.73374813692749,76.67884261697827,77.57052493381916,75.31466763887232,160805502
2024-05-16 18:49:40.380001,MPC,77.80880560819347,77.24289947663071,79.17525054920688,77.76126298959908,199140286
2024-05-17 18:49:40.380001,MPC,75.63052902572831,75.36525427358374,75.7830554828297,74.1467556008976,193214378
2024-05-20 18:49:40.380001,MPC,76.51204567509222,75.92141679631649,77.09101024241828,75.79790996813374,133441976
2024-05-21 18:49:40.380001,MPC,75.44860727077783,75.73075753489965,76.78670780290305,74.42671103934072,106617607
2024-05-22 18:49:40.380001,MPC,73.89105446542263,73.76313252114254,74.14213436651063,73.45735454812531,78746850
2024-05-23 18:49:40.380001,MPC,72.23992986698113,72.5263150013205,72.33892954489568,71.68478245031748,94617323
2024-05-24 18:49:40.380001,MPC,73.73406722901349,73.18299684421552,74.28663414346425,73.51902127141356,108051726
2024-05-27 18:49:40.380001,MPC,73.86309342467607,73.48271235270782,73.98163524784279,72.95335159744074,166121780
2024-05-28 18:49:40.380001,MPC,72.03167378875841,71.38813119760746,73.04965929141393,71.31138912632387,158698411
2024-05-29 18:49:40.380001,MPC,72.7006076258364,72.1180611177647,74.10312523404745,72.3535584941589,170046237
2024-05-30 18:49:40.380001,MPC,72.83555981969795,73.11800448204514,73.41381472907365,71.60829585421547,175202270
2024-05-31 18:49:40.380001,MPC,73.56831621421291,74.25981576587475,74.67228610468709,72.47765085539122,57788665
2024-06-03 18:49:40.380001,MPC,72.526831001706,72.07834908486383,73.12648814198764,72.04858150150872,80129367
2024-06-04 18:49:40.380001,MPC,72.36342351774516,72.55044713065661,72.43815779025451,71.96027454838494,120501080
2024-06-05 18:49:40.380001,MPC,70.02608199332427,69.54184420840102,70.452585599857,69.23300996850224,92759107
2024-06-06 18:49:40.380001,MPC,70.88651553979341,70.47834322544482,71.69034373399577,70.66258033967226,118703369
2024-06-07 18:49:40.380001,MPC,70.0288529479,70.62751841387386,70.26123902815425,69.11528950286288,191229472
2024-06-10 18:49:40.380001,MPC,70.36847826055235,69.82516721069445,71.3499179381649,69.85279739861366,50786475
2024-06-11 18:49:40.380001,MPC,71.90432443913762,71.8392232042724,72.83516665136226,71.0450382417947,149865165
2024-06-12 18:49:40.380001,MPC,72.70940700605995,72.11866963409294,73.89472445584728,71.6389190365807,100810093
2024-06-13 18:49:40.380001,MPC,73.18054902555207,72.51795661785643,73.37607890295462,71.76953073452391,62483969
2024-06-14 18:49:40.380001,MPC,72.60973214397205,73.13906449086804,72.6946152499064,71.82422169684986,187592877
2024-06-17 18:49:40.380001,MPC,71.95054651935641,71.75029433877147,72.2742349663944,71.40919926328598,172566706
2024-06-18 18:49:40.380001,MPC,71.90132018531696,71.83655531514539,72.5186629486827,70.73764878352175,130569282
2024-06-19 18:49:40.380001,MPC,70.14055692894893,70.46660570635615,70.97173658304864,68.74363659223182,188927413
2024-06-20 18:49:40.380001,MPC,73.37158412075091,73.40750964652013,73.44632753981553,72.67076811656982,93273227
2024-06-21 18:49:40.380001,MPC,72.5944469233508,72.08113333198384,72.61771432714866,71.66076679441245,97342393
2024-06-24 18:49:40.380001,MPC,71.51752381457143,71.4705552350345,72.55124373207282,70.37081653326668,181978665
2024-06-25 18:49:40.380001,MPC,70.73686537854802,70.28830270783891,72.06429515223111,70.6528131860382,125567475
2024-06-26 18:49:40.380001,MPC,71.65084964079203,71.30163669175184,72.79028419919219,70.58755053803078,189133060
2024-06-27 18:49:40.380001,MPC,71.76651711129469,71.39091232494349,72.06320267133641,71.17663769222911,127150144
2024-06-28 18:49:40.380001,MPC,73.5852676907381,72.97373086502269,74.56035776959024,73.27068935838925,67979833
2024-07-01 18:49:40.380001,MPC,72.82965563864786,72.6348781128029,73.48651803901006,71.50072641868282,165242871
2024-07-02 18:49:40.380001,MPC,73.18358623027258,72.69386735418787,74.16640410285002,72.22647923738846,156972914
2024-07-03 18:49:40.380001,MPC,73.8415626747873,73.7081371808594,74.58357530707879,73.66878738539111,101344418
2024-07-04 18:49:40.380001,MPC,74.50533660218588,74.46642441987429,75.72670702838889,73.26531309212162,63489660
2024-07-05 18:49:40.380001,MPC,73.95139801970166,73.78396173093745,75.40852488799524,73.06654423325266,139678181
2024-07-08 18:49:40.380001,MPC,72.22965939106619,71.53848159206315,73.47991751013582,71.85981853868779,134592179
2024-07-09 18:49:40.380001,MPC,76.0301479424031,76.4179951806543,77.11911764234591,75.15013506172801,117026721
2024-07-10 18:49:40.380001,MPC,79.17323460219576,79.10861102889001,80.73976205274587,78.53027393816859,73654435
2024-07-11 18:49:40.380001,MPC,76.13261227154952,76.41786774509636,76.75907670576173,75.70983185946659,89822592
2024-07-12 18:49:40.380001,MPC,73.8152401703642,74.0872957683384,74.37500940676748,72.39725055773869,139691074
2024-07-15 18:49:40.380001,MPC,73.27422240817486,73.15040393510783,74.61438962910454,73.1675847919648,86170720
2024-07-16 18:49:40.380001,MPC,73.62151379652832,74.07074467120593,74.41753608604037,72.99665448258915,51305118
2024-07-17 18:49:40.380001,MPC,75.28546019578896,75.82436802108423,76.3048190259548,74.49929722352353,131565498
2024-07-18 18:49:40.380001,MPC,74.31302557718864,73.99972991797475,75.22538903130665,73.11717919238828,136969169
2024-07-19 18:49:40.380001,MPC,71.98027681679449,72.04951596137742,72.49036423512479,70.74416966169379,75898909
2024-07-22 18:49:40.380001,MPC,72.11158998349708,72.11133034842946,73.08116063295414,71.54119576003761,190560626
2024-07-23 18:49:40.380001,MPC,68.45205439466596,68.54957916460441,68.8828608110234,67.23296356813296,60393159
2024-07-24 18:49:40.380001,MPC,67.31566269442774,67.04401504897315,67.56202238640837,66.1966579795239,147997227
2024-07-25 18:49:40.380001,MPC,65.23712057308825,65.17227877856828,66.38303326272312,65.04147196787424,115062278
2024-07-26 18:49:40.380001,MPC,67.53491141465973,67.86440689122145,68.33220959129717,66.81195552127866,175274929
2024-07-29 18:49:40.380001,MPC,65.21310492843847,65.1048171536848,65.39708724457542,65.14693344487236,67664762
2024-07-30 18:49:40.380001,MPC,66.24800716917142,66.46553103570753,67.55510823675043,66.112756427416,147353860
2024-07-31 18:49:40.380001,MPC,65.92951349208988,66.29558018527626,66.77596366427593,65.84704935337336,144232001
2024-08-01 18:49:40.380001,MPC,67.07274032905543,67.12068841119456,67.26936026787598,67.0543107775204,176197272
2024-08-02 18:49:40.380001,MPC,65.6724891934539,65.02705376455413,66.76550712579994,65.31929448610815,173375455
2024-08-05 18:49:40.380001,MPC,67.82575885707192,67.67198389110709,67.8549083770134,67.15216458935403,98452166
2024-08-06 18:49:40.380001,MPC,70.04656805029256,69.47199455822113,71.31923728270492,69.8875936442131,147742788
2024-08-07 18:49:40.380001,MPC,68.97292753682603,68.81323624642496,69.46713004181007,67.7393675987796,121610894
2024-08-08 18:49:40.380001,MPC,70.80287081501581,71.47391734831932,71.77164787254469,70.47772511931193,56140658
2024-08-09 18:49:40.380001,MPC,71.83344163803757,71.57812923315524,72.85483056156068,71.75573845652359,162394746
2024-08-12 18:49:40.380001,MPC,69.21130521302538,68.78167448608475,69.59839445661287,68.78762687071504,54729900
2024-08-13 18:49:40.380001,MPC,66.92467335413714,67.3490331369775,68.24739828944944,66.39054704490565,127059439
2024-08-14 18:49:40.380001,MPC,68.63328690456417,69.19329380358523,69.27102258697604,67.85370561850344,69492367
2024-08-15 18:49:40.380001,MPC,66.20460089017115,66.68739991482128,66.48610685137714,65.23915368168988,121464233
2024-08-16 18:49:40.380001,MPC,66.23678769049144,65.94137914808151,66.81690823058057,65.39590252273348,107219628
2024-08-19 18:49:40.380001,MPC,63.68017717005607,63.530578645724,64.43794790512854,63.06760956870279,78886267
2024-08-20 18:49:40.380001,MPC,63.24153990385696,62.973914435763554,64.12347819731423,62.300693783617966,183186664
2024-08-21 18:49:40.380001,MPC,66.58450402434146,66.48620230094913,67.46679726615774,65.64211518091628,56223096
2024-08-22 18:49:40.380001,MPC,65.76503435658931,65.40148856058994,66.63155904457538,64.94917600406181,113615594
2024-08-23 18:49:40.380001,MPC,68.66598248926235,68.09468649818398,69.14350155652663,67.76438521796403,184530216
2024-08-26 18:49:40.380001,MPC,68.1668025723429,68.55495206095003,69.29092294245415,66.98105546658957,165747281
2024-08-27 18:49:40.380001,MPC,72.67482429542193,72.07846673607247,73.01045473086069,72.66738589992356,139958510
2024-08-28 18:49:40.380001,MPC,73.26941623053226,73.07856657306564,73.62704523909636,72.8152625786189,114994911
2024-08-29 18:49:40.380001,MPC,74.2951289407405,73.77201366730804,75.2088098576312,73.73521737499426,192475879
2024-08-30 18:49:40.380001,MPC,71.20373640189632,70.75060884347005,71.92027948451313,71.16223208165744,123337799
2024-09-02 18:49:40.380001,MPC,67.78509139429586,67.60363042808552,67.79557976484112,67.6487156851386,102387128
2024-09-03 18:49:40.380001,MPC,70.52715583724361,70.95331784442162,70.9666361027549,69.50057062403616,180831793
2024-09-04 18:49:40.380001,MPC,71.32706736214169,71.62103104557637,72.64529563631258,71.0177696529064,167147596
2024-09-05 18:49:40.380001,MPC,69.37033926226222,69.8704585399579,69.70337412674402,68.69800143966904,63853877
2024-09-06 18:49:40.380001,MPC,67.19335911461704,66.89788003685948,67.76567623156943,66.8951861267765,65536144
2024-09-09 18:49:40.380001,MPC,66.94948671850199,66.64196117970556,67.55152940503793,66.17084033139692,57250707
2024-09-10 18:49:40.380001,MPC,68.73030641675848,68.32636115911508,68.84799960122153,68.26153350276577,119388202
2024-09-11 18:49:40.380001,MPC,68.95916865187485,69.22356299957512,70.29412414119528,67.74891080292296,113412787
2024-09-12 18:49:40.380001,MPC,69.16947694986814,69.7882187983807,69.38771135637596,68.89513992614008,68876315
2024-09-13 18:49:40.380001,MPC,64.5262506261848,65.03295739157814,65.45159569246444,63.554728783057776,85435470
2024-09-16 18:49:40.380001,MPC,63.62661018500442,63.50266438453195,64.5953539192606,62.61496978375567,167038280
2024-09-17 18:49:40.380001,MPC,61.84077454575335,62.2443634470583,62.90527929192036,60.97928234927566,190562133
2024-09-18 18:49:40.380001,MPC,63.16011595265935,63.100766135435535,63.54914342338461,62.80481207161708,160679885
2024-09-19 18:49:40.380001,MPC,62.125034953577604,62.17024067311454,63.174396200326505,60.98531838797612,85631589
2024-09-20 18:49:40.380001,MPC,58.48680861070249,57.93032771599358,59.14645461751836,58.31683695148075,100210664
2024-09-23 18:49:40.380001,MPC,56.320046529325694,55.828401839756026,57.04215939603527,55.432497376899725,142678236
2024-09-24 18:49:40.380001,MPC,57.90534203412498,58.16546094712947,57.958489109104576,57.71305441016111,107302074
2024-09-25 18:49:40.380001,MPC,59.09057783251963,59.62058942751796,59.737946907356864,57.9531436752254,116476959
2024-09-26 18:49:40.380001,MPC,59.156693969692284,58.81853724183899,60.29335369506856,58.13323019152416,61401890
2024-09-27 18:49:40.380001,MPC,61.0407914213367,60.545467372555684,61.523633298284246,60.10215486690381,145358621
2024-09-30 18:49:40.380001,MPC,60.214203964610505,60.28434165378064,60.88831367186327,60.17745790933823,87621937
2024-10-01 18:49:40.380001,MPC,56.76305787079273,56.805183240911994,57.636623125598135,56.73937377143295,104890075
2024-10-02 18:49:40.380001,MPC,56.121913239243526,56.46960361652063,56.24502479339387,55.529974899691794,169871353
2024-10-03 18:49:40.380001,MPC,55.384985954694834,55.437081735647624,55.592720581384,55.3398149172208,141575024
2024-10-04 18:49:40.380001,MPC,56.61024473367863,56.56388289900363,57.272326358208474,56.44731992487713,111376739
2024-10-07 18:49:40.380001,MPC,56.92583057577929,57.02542731423214,57.62872084328899,55.91153782581069,158728861
2024-10-08 18:49:40.380001,MPC,57.170525267475035,57.22741321384908,58.223437227502345,56.319387077700966,113059254
2024-10-09 18:49:40.380001,MPC,55.53184966884069,55.00096746434385,55.84896699401679,55.11778075841624,120934462
2024-10-10 18:49:40.380001,MPC,55.09424685683331,55.00140804599436,55.16300095861278,54.36615295124625,137061051
2024-10-11 18:49:40.380001,MPC,56.27578206912826,56.12326561235093,56.63242043647643,55.18152459269652,77255493
2024-10-14 18:49:40.380001,MPC,53.84742335469871,54.041760584746854,54.86363815262842,52.99099382501438,153160935
2024-10-15 18:49:40.380001,MPC,54.17081959890425,54.248035747233246,54.84029535740732,53.59103675280076,155721746
2024-10-16 18:49:40.380001,MPC,53.649114045187666,53.451466238339805,54.135998688906554,52.62217861334626,133060451
2024-10-17 18:49:40.380001,MPC,53.99232886829235,54.32101899853738,54.40121967578148,53.000649856964266,166443374
2024-10-18 18:49:40.380001,MPC,52.91398145296663,53.03835650625888,53.15518729642969,52.27030892602031,134663847
2024-10-21 18:49:40.380001,MPC,51.90401528296552,52.40705734229366,52.19935476528535,50.90964185953912,199668289
2024-10-22 18:49:40.380001,MPC,51.12778564372606,51.46541717487151,51.98213367695542,50.19758818349387,195908423
2024-10-23 18:49:40.380001,MPC,51.57856738628943,51.25142889735925,52.190587303985964,51.213136026128375,143067985
2024-10-24 18:49:40.380001,MPC,51.48251580817,51.7905920916021,52.075945576285406,51.0385391135154,81615195
2024-10-25 18:49:40.380001,MPC,52.159766775223225,52.50097149120768,53.08050436279734,51.67668753509248,65807576
2024-10-28 18:49:40.380001,MPC,52.64370676852756,53.0691401783196,52.645245635075085,52.29727085139429,189630229
2024-10-29 18:49:40.380001,MPC,52.01240460713662,51.63170658218861,52.25430596090481,51.79101124758116,163395800
2024-10-30 18:49:40.380001,MPC,53.91501852151471,53.5378215095438,54.428812624743294,53.89787395770973,166629992
2024-10-31 18:49:40.380001,MPC,54.2589961048558,54.472291613954255,55.00475461714192,53.746474019746444,126844370
2024-11-01 18:49:40.380001,MPC,54.959977273902524,55.50172765897908,55.660372589600335,54.7765681580541,84684777
2024-11-04 18:49:40.380001,MPC,55.96669198695735,56.10939890045397,57.034694530670606,55.69564345246161,70156247
2024-11-05 18:49:40.380001,MPC,52.669875935430106,52.16545710871095,53.029945636366726,51.828107285411924,69866998
2024-11-06 18:49:40.380001,MPC,52.00304196642493,52.02928381302895,52.83927206680965,50.96897062116418,131819725
2024-11-07 18:49:40.380001,MPC,51.43873349123905,51.03740340196809,52.21140373534666,51.27350914594527,72861866
2024-11-08 18:49:40.380001,MPC,51.403106584782726,51.459913455865724,52.13566618522328,51.366177598251916,97647498
2024-11-11 18:49:40.380001,MPC,50.56886984302819,50.07533129121716,50.61339170735051,49.79871247483283,147963493
2024-11-12 18:49:40.380001,MPC,50.37031093686705,50.67217707623986,50.656513321448145,49.79972915407894,122252442
2024-11-13 18:49:40.380001,MPC,48.51255466470322,48.82869889582292,48.815920388190854,47.905345296220744,150168142
2024-11-14 18:49:40.380001,MPC,48.38045691419872,48.352678349576394,49.14835048639841,47.4519189347602,90965534
2024-11-15 18:49:40.380001,MPC,48.67479331478194,49.015063220889864,49.527926995477486,47.89691166959032,179145866
2024-11-18 18:49:40.380001,MPC,48.78916956434054,48.962793385365146,49.413663800991216,48.293483513903105,152925429
2024-11-19 18:49:40.380001,MPC,46.78639629371634,46.565287020402465,47.10565194941909,46.17386177741739,138346726
2024-11-20 18:49:40.380001,MPC,45.85223853668718,46.26295761336872,45.92988759106038,45.11544982043926,198719740
2024-11-21 18:49:40.380001,MPC,43.680376760635106,44.07879445714542,44.17379170066153,43.60545359836665,101595122
2024-11-22 18:49:40.380001,MPC,43.565538105436474,43.64702222883813,44.00607321079017,43.04600584037204,185215861
2024-11-25 18:49:40.380001,MPC,42.93943725545061,43.13769709665602,43.187256970922085,42.84486162517462,118311381
2024-11-26 18:49:40.380001,MPC,43.190276336972516,42.876510303854324,43.73388885752744,42.56377160285671,174193980
2024-11-27 18:49:40.380001,MPC,43.79519604319202,43.65066509381801,43.97099321864554,43.28702769718291,162478299
2024-11-28 18:49:40.380001,MPC,44.61203883686822,44.597004375379086,44.61250499115464,44.26311477684091,93969820
2024-11-29 18:49:40.380001,MPC,44.234730453054965,43.81472214409712,44.84244566232708,43.95100477833545,166134534
2024-12-02 18:49:40.380001,MPC,45.263227783792345,45.08152575508982,45.84206004496218,44.61799464959729,52983398
2024-12-03 18:49:40.380001,MPC,45.01589942646485,44.879992308986935,45.734275717735876,44.3487778939568,160753826
2024-12-04 18:49:40.380001,MPC,45.67700502297003,45.486040818326984,45.85559097962144,45.05444515762653,134043658
2024-12-05 18:49:40.380001,MPC,46.724402049026445,47.15044381970897,47.150196977520345,46.17277112228801,102716419
2024-12-06 18:49:40.380001,MPC,45.76120567658253,45.97411920738664,46.567942663692286,45.00543916568785,161377242
2024-12-09 18:49:40.380001,MPC,45.988279298765015,46.101589293912426,46.4534220836804,45.77047427858612,94862393
2024-12-10 18:49:40.380001,MPC,48.24157202163202,48.11003880233251,48.3952428221158,47.69997410537776,170212341
2024-12-11 18:49:40.380001,MPC,48.32757725389552,48.460885678895686,48.577525915810284,47.74062846403928,161469156
2024-12-12 18:49:40.380001,MPC,49.177753461010994,48.794599738882674,50.14230689512272,48.967889000314834,179926200
2024-12-13 18:49:40.380001,MPC,50.64674178077602,50.772968921968534,50.68884722361615,50.222743766682285,148964986
2024-12-16 18:49:40.380001,MPC,51.679786811161996,52.01094891863045,51.85716434228106,51.24983840691296,144811793
2024-12-17 18:49:40.380001,MPC,52.836012442497235,53.04796874742252,53.0604127083989,52.33504259763423,112033177
2024-12-18 18:49:40.380001,MPC,51.20014617462332,51.63817201940751,51.664990896667504,50.42174996432403,116925870
2024-12-19 18:49:40.380001,MPC,53.172255508986154,53.148202559262096,54.15928652057502,52.55583340295342,158919957
2024-12-20 18:49:40.380001,MPC,55.6168428043853,55.86567508578499,55.874756366111626,55.18877561073094,181972983
2024-12-23 18:49:40.380001,MPC,57.45224088287522,57.76937949052619,58.56549110852632,56.81006014270674,194137678
2024-12-24 18:49:40.380001,MPC,54.68332046635019,55.077669284815485,55.41095077315588,54.073346245002256,157680502
2024-12-25 18:49:40.380001,MPC,52.17991820520065,52.31843625129845,52.644490354445466,51.30703066625492,173425046
2024-12-26 18:49:40.380001,MPC,52.113616108108104,51.68602435659697,52.559417469277086,51.581515625162424,80917413
2024-12-27 18:49:40.380001,MPC,51.09779771914172,51.028594461453956,51.119430656110445,50.554049211402955,131377978
2024-12-30 18:49:40.380001,MPC,52.357430283100925,52.59397234200246,52.91680685538147,52.23860723711662,178324570
2024-12-31 18:49:40.380001,MPC,53.16054130349389,53.16547258493342,53.6454919001699,53.150704818482836,90450402
2025-01-01 18:49:40.380001,MPC,50.41157946568448,49.989825192611534,50.91197810351569,49.79417998444896,182819162
2025-01-02 18:49:40.380001,MPC,50.09067548938787,50.22471040336641,50.72074519329991,49.736057471994876,95699436
2025-01-03 18:49:40.380001,MPC,49.4552403262848,49.75008183418248,49.61306018989609,48.53724052895259,59640151
2025-01-06 18:49:40.380001,MPC,49.49220290446012,49.63336981771901,49.65048931692751,48.6836195087024,169416863
2025-01-07 18:49:40.380001,MPC,50.40829500599145,50.32786017856344,51.04931864947084,50.273913071103365,108764357
2025-01-08 18:49:40.380001,MPC,50.784682415164816,51.23031992161538,51.74219003089181,50.4618312147169,92132682
2025-01-09 18:49:40.380001,MPC,51.83935670040384,51.39492933358321,52.85403286673692,51.132788344411104,134748584
2025-01-10 18:49:40.380001,MPC,53.14153129652407,53.115641309037116,53.41555155087782,52.95336012108621,119934160
2025-01-13 18:49:40.380001,MPC,53.418661715841004,53.25918387465899,53.625534547139814,53.01850641087463,98723380
2025-01-14 18:49:40.380001,MPC,54.56254506103518,54.489146505980294,54.61976936071542,53.7825488462515,136855116
2025-01-15 18:49:40.380001,MPC,56.02369354259592,56.2704720506037,57.1093952921985,55.214139125289144,171423177
2025-01-16 18:49:40.380001,MPC,57.38320316478986,57.03879243090168,57.69869075007264,56.240101279460106,144716471
2025-01-17 18:49:40.380001,MPC,56.867511135134976,56.480723141065894,57.88212794072015,56.83604406032849,87145279
2025-01-20 18:49:40.380001,MPC,58.47643636227332,57.92783845994122,58.563168154403805,57.91446125241565,67021127
2025-01-21 18:49:40.380001,MPC,56.49808922824507,56.669620464162904,56.577704599557514,56.256855930420336,99248129
2025-01-22 18:49:40.380001,MPC,53.82114178451324,53.377845715259944,54.24648764004793,52.77917430251353,71420884
2025-01-23 18:49:40.380001,MPC,54.10746961700708,53.98185035700832,54.44498478689978,53.67051733521391,133067988
2025-01-24 18:49:40.380001,MPC,54.60333450310721,54.12937529972835,55.26058475890267,53.9771204687933,94606438
2025-01-27 18:49:40.380001,MPC,55.862114094504584,55.443753984002356,56.38010554037136,55.181053492780514,73081072
2025-01-28 18:49:40.380001,MPC,56.395068174300846,56.779118931963,56.89999703874832,55.41452600786176,84001727
2025-01-29 18:49:40.380001,MPC,58.21967508106598,58.48666866758667,58.639976225413385,57.87183148410562,83250078
2025-01-30 18:49:40.380001,MPC,58.275162285680686,58.15495149354089,58.84877056640956,57.574813753742944,91399219
2025-01-31 18:49:40.380001,MPC,55.84382938823714,55.754232308540075,56.30771473635489,55.74737748714814,185171322
2025-02-03 18:49:40.380001,MPC,53.65386959094502,53.96756386897458,54.47859867406645,52.738252976859975,155365858
2025-02-04 18:49:40.380001,MPC,53.340316636162434,53.83058834217027,54.213512428050315,52.79112505328931,51551418
2025-02-05 18:49:40.380001,MPC,50.62058438188329,50.71028115310772,51.002116472217445,50.216441599766476,94216857
2025-02-06 18:49:40.380001,MPC,49.19955852153657,48.72982981608655,49.3636801676794,48.75996157552383,179560271
2025-02-07 18:49:40.380001,MPC,48.57900238502566,48.55022282466056,49.438308327338596,47.911229410326584,70774189
2025-02-10 18:49:40.380001,MPC,48.676370040542565,48.94642068396749,48.972217853209564,47.79270617935049,68003441
2025-02-11 18:49:40.380001,MPC,48.08846303268762,48.49313745412561,48.76495075389462,47.57100776773657,177991892
2025-02-12 18:49:40.380001,MPC,47.132594102098686,46.73263786587704,47.682522336607704,46.732181308362726,181172986
2025-02-13 18:49:40.380001,MPC,47.53524551471224,47.82430247749209,48.40543127926576,47.50115364232451,99124221
2025-02-14 18:49:40.380001,MPC,48.14885215805939,47.996100632716846,48.244701168060715,47.387204382096215,72626041
2025-02-17 18:49:40.380001,MPC,47.812917520783536,47.57252045279851,48.20715336705664,47.1550598704567,195796559
2025-02-18 18:49:40.380001,MPC,48.41439992756297,48.41679279634138,49.147199950491164,47.757346162489135,170790654
2025-02-19 18:49:40.380001,MPC,48.64000298519494,48.99560151864371,49.03637559107171,47.92530050946413,152985594
2025-02-20 18:49:40.380001,MPC,48.73599620796464,48.47538117310613,49.07126976262488,47.85340262468031,187359528
2025-02-21 18:49:40.380001,MPC,50.25545920282894,50.15569839652438,50.88688287901717,50.116650297018644,126426010
2025-02-24 18:49:40.380001,MPC,49.79359261480516,49.53029636703089,50.57744053633054,49.78582895020396,140926393
2025-02-25 18:49:40.380001,MPC,51.62608488285303,51.691213710246124,51.83109051959068,51.10730150696837,155362800
2025-02-26 18:49:40.380001,MPC,52.16014320089936,51.9513592799018,52.642485685224514,51.73043243059488,148053005
2025-02-27 18:49:40.380001,MPC,51.84022675603129,51.52574643067214,52.66062905185973,51.110937088844196,87133361
2025-02-28 18:49:40.380001,MPC,51.669343573196905,51.510431955933576,51.76120644242289,51.549934180017516,93824141
2025-03-03 18:49:40.380001,MPC,50.70045467401269,51.07818931314182,51.29564731118208,50.040926202908686,92331451
2025-03-04 18:49:40.380001,MPC,50.84732212085436,51.123031015885715,51.34498187776992,50.33565855120414,111095337
2025-03-05 18:49:40.380001,MPC,50.638188906742315,50.91788199308574,51.487691632465136,49.869544633086065,81177918
2025-03-06 18:49:40.380001,MPC,50.17058866960162,50.36232200192507,50.6995366472659,49.34804139973907,100001783
2025-03-07 18:49:40.380001,MPC,49.866953714163536,50.25385185903164,50.61314492381141,49.60370686382931,148503711
2025-03-10 18:49:40.380001,MPC,49.96877496185441,49.71000798723051,50.77523160442337,49.6261341081019,177017893
2025-03-11 18:49:40.380001,MPC,49.44882864428724,49.55896872180052,50.085443647334216,48.61625587440499,72956803
2025-03-12 18:49:40.380001,MPC,49.468014106689736,49.04880437103357,49.55850864294295,49.12570160127423,173327603
2025-03-13 18:49:40.380001,MPC,48.39786399191512,48.36564886672683,48.79011146799958,47.63130571111865,65573242
2025-03-14 18:49:40.380001,MPC,49.057498667687376,48.91249389196252,49.8332147321208,49.01866650023966,129801270
2025-03-17 18:49:40.380001,MPC,49.982536229815615,49.57940943213692,50.97419880956684,49.98196769941975,114846693
2025-03-18 18:49:40.380001,MPC,50.369155275237965,50.69322504052823,51.009301008879575,49.385298004413805,199052374
2025-03-19 18:49:40.380001,MPC,51.84310033582918,52.04525525301385,52.67883604663032,50.89988659599978,159381867
2025-03-20 18:49:40.380001,MPC,50.484676395231666,50.520318047918366,51.19281397296683,50.23958520914093,163572869
2025-03-21 18:49:40.380001,MPC,49.57697416825018,49.77048162882468,49.91829977575334,49.33995369131768,114668716
2025-03-24 18:49:40.380001,MPC,48.04818018064314,47.684203673012156,48.7672260082596,47.84709779975608,137516690
2025-03-25 18:49:40.380001,MPC,48.57713490252746,48.77975676040798,49.023423334319006,47.61988312986161,102086113
2025-03-26 18:49:40.380001,MPC,48.17793277563225,48.231397866156506,49.12663705544725,47.56310048386542,139741912
2025-03-27 18:49:40.380001,MPC,47.76387404469765,47.643901953894385,48.26596896336619,47.72445338846109,190239302
2025-03-28 18:49:40.380001,MPC,47.650479375354514,47.27795126398156,48.08423908932799,47.3308856182706,170887489
2025-03-31 18:49:40.380001,MPC,50.16825968495426,50.52083819275788,50.885944755374844,50.0089368548481,84435418
2025-04-01 18:49:40.380001,MPC,50.80745199463947,51.29706618138917,51.78035468706948,49.79186564751393,76739648
2025-04-02 18:49:40.380001,MPC,51.39696175716255,51.66495231669855,52.05478743081123,50.509088720345794,149749784
2025-04-03 18:49:40.380001,MPC,53.25632173501062,53.535787785044064,53.88026069558767,52.574540275307385,145384861
2025-04-04 18:49:40.380001,MPC,54.48765933430102,54.11533476814703,55.11046611480794,54.338821273418795,104650913
2025-04-07 18:49:40.380001,MPC,53.36187343807927,53.46536092484869,54.24820454400412,52.9252565320814,102984898
2025-04-08 18:49:40.380001,MPC,52.11699211226896,52.10318453474891,52.77079365129823,52.06102489143439,154660149
2025-04-09 18:49:40.380001,MPC,51.50175960680493,51.56159464352583,52.33167309352659,50.870178503860735,72443707
2025-04-10 18:49:40.380001,MPC,51.38341800737886,51.791191635675006,52.213629788255254,51.202061732078946,178979110
2025-04-11 18:49:40.380001,MPC,51.58416395189306,51.1344803088563,52.56463827970181,50.89672434755516,125393622
2025-04-14 18:49:40.380001,MPC,52.38388406780489,52.09513823680079,52.88886393079256,51.5599089973058,121891818
2025-04-15 18:49:40.380001,MPC,51.09268189784823,51.33128901920101,52.087936479339554,50.339065034009934,104794063
2025-04-16 18:49:40.380001,MPC,51.62053433452564,51.88243386130136,52.383310218677494,50.76370497005594,175564104
2025-04-17 18:49:40.380001,MPC,51.368580613442056,51.4553735081998,51.74436362605729,50.34800067245527,72640764
2025-04-18 18:49:40.380001,MPC,52.87191290209236,53.21693403002931,53.22346171275842,52.42561615085617,135073450
2025-04-21 18:49:40.380001,MPC,52.19892996903013,52.16531066994502,52.358184902019964,51.24934666120966,64356475
2025-04-22 18:49:40.380001,MPC,51.50612896111265,51.03402207018284,51.97296012677573,50.558968943394646,190676906
2025-04-23 18:49:40.380001,MPC,52.364698516530055,52.848323367783514,53.38552395512216,51.730117456475476,66462985
2025-04-24 18:49:40.380001,MPC,50.402653146170216,50.628499972464795,50.84379307272279,49.517019335139196,181871390
2025-04-25 18:49:40.380001,MPC,51.073632360591276,50.63430263465705,51.31737828835682,51.05322269961447,80736225
2025-04-28 18:49:40.380001,MPC,50.02459469223665,50.343939911957584,50.217891344064604,49.51599035315869,122927616
2025-04-29 18:49:40.380001,MPC,50.09191959028445,50.10109412281075,50.71558396760772,49.36651504853465,174971167
2025-04-30 18:49:40.380001,MPC,50.238302513059324,50.56995177742268,51.05600761457877,50.043582790347706,117130757
2025-05-01 18:49:40.380001,MPC,50.79379851718557,51.11041548691889,51.05915485935152,50.20622540159016,63873419
2025-05-02 18:49:40.380001,MPC,50.269484120307304,50.53948000645096,50.72797072088046,49.407721183544,175259847
2025-05-05 18:49:40.380001,MPC,50.64277705388314,50.228639497595175,51.59505707876926,50.14957905288332,186259846
2025-05-06 18:49:40.380001,MPC,50.497684380636265,50.82602796702539,50.620777883033384,49.93585407885117,92003288
2025-05-07 18:49:40.380001,MPC,51.96227393522952,51.528110913431064,52.44392490123882,51.948029036464604,102431290
2025-05-08 18:49:40.380001,MPC,52.31204458152928,52.47464964100309,53.35678349114775,51.627521019515,170377303
2025-05-09 18:49:40.380001,MPC,51.521399189062045,51.02466976656109,52.109891544908464,50.66974326580846,53152627
2025-05-12 18:49:40.380001,MPC,52.77407067731287,52.52442875970319,53.31813123334628,52.0174898142246,83070840
2025-05-13 18:49:40.380001,MPC,53.30885395947225,52.862900311214474,53.33440651435376,52.247993284855454,119333181
2025-05-14 18:49:40.380001,MPC,56.3593614951574,56.491621670963774,56.44386712882862,56.1010137003985,95197682
2025-05-15 18:49:40.380001,MPC,56.397749453851205,56.50431369424064,57.27049449295313,55.80688576863211,96910565
2025-05-16 18:49:40.380001,MPC,57.1736133920891,56.97509604420427,57.962459945660484,57.093175762207366,188597393
2025-05-19 18:49:40.380001,MPC,57.70961139981028,57.88777152299256,58.20130610830676,56.77500862703518,191806412
2025-05-20 18:49:40.380001,MPC,57.43454079966392,57.26493027046541,58.147854067093434,56.64450928814716,89992373
2025-05-21 18:49:40.380001,MPC,57.03634724342627,57.478059679987624,57.283107344030576,56.645576163342774,71961642
2025-05-22 18:49:40.380001,MPC,58.54186705772722,58.80911444719624,58.56698267050788,57.40623732065043,73841031
2025-05-23 18:49:40.380001,MPC,57.96721417792589,57.83751440600234,58.03354112574931,57.426394558220395,189568710
2025-05-26 18:49:40.380001,MPC,59.64358315546272,59.416260621484085,60.747253578403196,59.22701174059293,70498965
2025-05-27 18:49:40.380001,MPC,59.92684863078569,60.49634652689825,61.08069479746186,59.9232205349711,179856112
2025-05-28 18:49:40.380001,MPC,60.920631011666025,60.68829760957081,61.59992562475683,60.703136934330914,100544221
2025-05-29 18:49:40.380001,MPC,59.508433322609804,59.48227677258385,60.12660803254909,58.629672081653695,82875861
2025-05-30 18:49:40.380001,MPC,58.109503166203915,58.00326760856827,58.18608511750836,57.68784349906318,176909163
2025-06-02 18:49:40.380001,MPC,58.9599839436681,59.04525991469161,59.963676268704575,58.67906172680772,196068232
2025-06-03 18:49:40.380001,MPC,55.777679737190475,55.59462584272889,56.52084972145742,54.677473104360544,161372918
2025-06-04 18:49:40.380001,MPC,52.757711370583294,52.30663755086942,53.755023745305074,52.72550449326863,141736595
2025-06-05 18:49:40.380001,MPC,53.53586584091143,53.81838477491812,54.06921673482233,53.52198528879887,174436141
2025-06-06 18:49:40.380001,MPC,52.67589030148921,52.30721125900675,53.156714509768726,51.92689729855581,185694205
2025-06-09 18:49:40.380001,MPC,51.49241874681762,51.52126336618626,51.98881673624777,50.80841546865385,185078604
2025-06-10 18:49:40.380001,MPC,52.34386656052729,52.56376720857381,52.395078095792655,51.52250088187581,163598848
2025-06-11 18:49:40.380001,MPC,51.49889740283002,51.4567673076328,51.982497691118276,51.21669473807178,111983085
2025-06-12 18:49:40.380001,MPC,51.5150063477807,51.5340381142974,52.48923019977855,51.04166600642042,112699818
2025-06-13 18:49:40.380001,MPC,51.76866100396468,51.30098444221228,51.93801566419042,51.27029196634216,199490157
2025-06-16 18:49:40.380001,MPC,50.756503870816,50.71039153945183,51.252397174276325,50.554211385381386,68500271
2025-06-17 18:49:40.380001,MPC,49.8591994134555,49.85908839590142,50.79312792113223,49.625295278395015,194485325
2025-06-18 18:49:40.380001,MPC,49.888835642115964,49.46016963313248,49.91167023898064,48.91182202351896,83002693
2025-06-19 18:49:40.380001,MPC,49.98950193071322,50.39382207259353,50.02777014800917,49.2645849992664,163378170
2025-06-20 18:49:40.380001,MPC,50.607804265503475,50.742037172017724,50.68096260452793,49.6484620448791,175931140
2025-06-23 18:49:40.380001,MPC,48.5090655183524,48.79479072818982,49.317769114359315,48.30796547183323,191500347
2025-06-24 18:49:40.380001,MPC,49.44873712271591,49.20420315056297,49.840895159923306,48.80308004394761,95611256
2025-06-25 18:49:40.380001,MPC,51.02580030722871,51.267776632689475,51.51436376101592,50.15214375528194,93986882
2025-06-26 18:49:40.380001,MPC,51.608408777247554,52.11323724316137,52.61364486211593,51.49060217381842,96693325
2025-06-27 18:49:40.380001,MPC,51.62564826105048,51.311017329505944,51.743505644730575,50.65867968867404,131702284
2025-06-30 18:49:40.380001,MPC,52.627623492764705,52.956081241225846,53.173376330209024,51.576706075263424,61422677
2025-07-01 18:49:40.380001,MPC,54.363648311612764,54.74787553897144,54.672173645685774,53.60398164976472,58521855
2025-07-02 18:49:40.380001,MPC,52.244608375077824,52.03799430505032,52.80466722656022,52.19726635581327,142232957
2025-07-03 18:49:40.380001,MPC,50.91294798781467,50.66510657111543,51.8845047225315,50.24352801048877,130488602
2025-07-04 18:49:40.380001,MPC,51.13302389716064,51.06491326685348,51.14477953123489,50.91006229241863,105638520
2025-07-07 18:49:40.380001,MPC,52.51711057037787,52.14903950935174,53.13221036499252,52.27005179604275,106020642
2025-07-08 18:49:40.380001,MPC,50.89718264005571,50.45433033155854,51.698025860289896,50.23666162203166,124353631
2025-07-09 18:49:40.380001,MPC,50.93454332485597,51.112951703423256,50.991319331076234,50.05328727417955,178931295
2025-07-10 18:49:40.380001,MPC,52.92264472055942,52.505274840951586,53.150714552178854,52.29848892132681,194958105
2025-07-11 18:49:40.380001,MPC,53.39364115992098,53.44040662138688,54.43575898787624,53.16401826711064,113244329
2025-07-14 18:49:40.380001,MPC,55.69416534887156,56.220540471758746,56.4248038501576,54.950019286959126,70393333
2025-07-15 18:49:40.380001,MPC,56.58542143497794,56.941130709833594,57.09613138732359,56.35680942580128,156993831
2025-07-16 18:49:40.380001,MPC,54.99020133057378,54.73704401238268,55.18059616759265,54.62456669962658,164546803
2025-07-17 18:49:40.380001,MPC,56.66426757833453,56.95759362731018,57.28155738373223,56.050880702629435,92674962
2025-07-18 18:49:40.380001,MPC,59.0389026103185,59.49156777636016,59.34463122760673,58.152278368240474,98814109
2025-07-21 18:49:40.380001,MPC,59.20071349228313,59.7851128004819,60.316120126925604,58.34836852878019,172859399
2025-07-22 18:49:40.380001,MPC,58.82963591442098,59.37785026022721,59.24413130386272,58.65522374186473,160337168
2025-07-23 18:49:40.380001,MPC,59.90713787703716,59.418293524357544,60.57552357107616,58.98600080649198,171675073
2025-07-24 18:49:40.380001,MPC,60.705567537325706,60.37658158834441,61.541696476993536,60.421383057306684,181221125
2025-07-25 18:49:40.380001,MPC,59.56902620161931,59.37485420811916,59.890051086033765,58.42923234388876,111072624
2025-07-28 18:49:40.380001,MPC,60.2416778846502,60.84134139635547,60.930596144214256,59.43400965077683,124151062
2025-07-29 18:49:40.380001,MPC,59.09101358186837,59.398143687759166,59.491437012581514,58.986530329061445,153070172
2025-07-30 18:49:40.380001,MPC,58.86509587100525,58.356171021985794,59.598858894455745,58.01147918809291,82042252
2025-07-31 18:49:40.380001,MPC,57.9666797749562,57.47059188085529,57.9908913642567,57.50849552783233,192279399
2025-08-01 18:49:40.380001,MPC,59.04300885506547,59.32391327084958,59.95754920095613,58.58274746729621,187555137
2025-08-04 18:49:40.380001,MPC,60.844940450110315,60.81889812136814,61.713228986174585,60.81933629477007,106041855
2025-08-05 18:49:40.380001,MPC,63.627225021840914,63.88832987913095,64.26190068802302,63.3468857864335,171724091
2025-08-06 18:49:40.380001,MPC,62.284109947225964,61.83073883551344,63.09554795787602,61.44611224200228,148702632
2025-08-07 18:49:40.380001,MPC,62.04397380941764,61.580415682491555,62.52549737835455,61.499594338394004,172970064
2025-08-08 18:49:40.380001,MPC,60.03915868596437,59.820885550302066,60.72002148319563,59.36906686988936,183121936
2025-08-11 18:49:40.380001,MPC,60.707201124195976,61.29746517607414,60.93098318979803,59.779903439941734,123046151
2025-08-12 18:49:40.380001,MPC,60.85782185796497,60.86145449384215,61.87632891740491,60.41066446082091,74850730
2025-08-13 18:49:40.380001,MPC,60.89274069210648,61.26872360727351,61.0189237399316,60.80107669313651,166228715
2025-08-14 18:49:40.380001,MPC,59.74935870140474,60.31915416117136,60.847037032485716,59.07518209772227,172571690
2025-08-15 18:49:40.380001,MPC,60.77825080649213,60.44978665153473,61.22530262505546,59.611781829658526,114601659
2025-08-18 18:49:40.380001,MPC,60.583767677555464,60.37291902230053,61.51887335056564,59.79117706566682,141479455
2025-08-19 18:49:40.380001,MPC,61.26127580803367,61.54866297066891,61.91760437736641,60.18384596005665,68908980
2025-08-20 18:49:40.380001,MPC,64.76380150608405,64.61351915588355,65.20871565580153,64.6667507376203,66347027
2025-08-21 18:49:40.380001,MPC,66.51181109830644,66.21902884309164,66.88422533732445,65.5308347681333,191388860
2025-08-22 18:49:40.380001,MPC,67.32485757533561,67.74969302065038,68.05229332000602,66.65628552306048,156928522
2025-08-25 18:49:40.380001,MPC,69.1097329244202,69.73479285110135,70.38384001821562,68.24013174996269,134034783
2025-08-26 18:49:40.380001,MPC,70.33422320071229,70.39724505698737,71.42300857817658,69.6652473540694,58887778
2025-08-27 18:49:40.380001,MPC,68.4949762846344,67.9864578563093,69.17272358261509,67.3813251923431,122710024
2025-08-28 18:49:40.380001,MPC,64.37752832196894,63.9651005448432,65.51342009579224,63.13279935416363,90151936
2025-08-29 18:49:40.380001,MPC,64.1035510271276,64.08731758205359,64.11073501182626,63.365568011898795,125780896
2025-09-01 18:49:40.380001,MPC,65.96285980321109,66.55695538368731,67.26521214831325,65.7080145907763,173976321
2025-09-02 18:49:40.380001,MPC,70.50639766082219,70.24279708678046,71.85657573676652,69.17599699546847,126860055
2025-09-03 18:49:40.380001,MPC,72.79284422459952,72.47269928058383,73.25050042839928,72.22022691944731,180459859
2025-09-04 18:49:40.380001,MPC,73.95641608858443,73.37121873918407,75.19666859435644,72.61646326361759,154947106
2025-09-05 18:49:40.380001,MPC,74.53770529156975,74.11517616039767,75.19033111173012,74.2794029258854,73033544
2025-09-08 18:49:40.380001,MPC,75.79730443673192,75.2512528051403,76.40084583973137,74.90732980560499,63903290
2025-09-09 18:49:40.380001,MPC,78.56831267841844,78.35055930814053,79.86766988477302,77.53616539485351,66444695
2025-09-10 18:49:40.380001,MPC,75.26851576468168,75.27931657775599,76.68998963863888,74.39406154789546,101177198
2025-09-11 18:49:40.380001,MPC,73.16427113381057,73.6580600400082,74.35846589116291,72.42810570909174,75714760
2025-09-12 18:49:40.380001,MPC,68.92788762004578,69.4480624922671,70.22685374165901,67.79993281367088,95112140
2025-09-15 18:49:40.380001,MPC,65.79693727648277,65.75750142540909,66.72566082787998,65.01955368107808,192560037
2025-09-16 18:49:40.380001,MPC,68.0967228671453,68.16382863267845,68.69090019584772,67.10751370944224,112042456
2025-09-17 18:49:40.380001,MPC,67.12850047885094,67.63983142806184,67.31929615993774,66.81314308750683,142441830
2025-09-18 18:49:40.380001,MPC,67.8841793498012,67.94524619320488,67.89837549727751,67.08234760074507,108204070
2025-09-19 18:49:40.380001,MPC,71.80472874472096,72.10601020358675,73.16174290486384,70.6264125256595,144642935
2025-09-22 18:49:40.380001,MPC,66.28458521749826,66.65542817680189,67.49924355134081,65.22145117811486,84918662
2025-09-23 18:49:40.380001,MPC,63.30197658783444,62.68305376771248,63.867198199562004,63.29236506181963,56998028
2025-09-24 18:49:40.380001,MPC,63.86747406005951,63.685909372886165,63.91675992667458,62.75450722411178,120359381
2025-09-25 18:49:40.380001,MPC,66.44858444137849,66.9669670776033,66.73939076092525,65.18363151398535,61888484
2025-09-26 18:49:40.380001,MPC,67.04540046219887,67.02899464069225,67.40960345647274,66.23352907064684,197346117
2025-09-29 18:49:40.380001,MPC,62.482983289913,61.85972744626003,63.66131026943809,62.42137230690569,127003524
2025-09-30 18:49:40.380001,MPC,62.830412576385015,63.20915695568217,63.72375319197067,62.79590806937809,115891659
2025-10-01 18:49:40.380001,MPC,62.8650063208853,63.45522113087149,63.37844355269299,62.42851294970243,72494802
2025-10-02 18:49:40.380001,MPC,69.23840280557545,68.5881364954338,70.25629028078929,68.3904521457223,52517211
2025-10-03 18:49:40.380001,MPC,66.19132068277897,66.31111263890969,66.21706506435254,64.99102375227491,74036190
2025-10-06 18:49:40.380001,MPC,67.27309095499572,66.71849560622444,67.8973595895065,66.28536766724261,81803167
2025-10-07 18:49:40.380001,MPC,69.67933751266506,69.3031993213786,70.84834874335598,68.94265024419687,178934579
2025-10-08 18:49:40.380001,MPC,68.00922448862742,68.00110572666227,68.27718196706566,67.70878076931453,91236470
2025-10-09 18:49:40.380001,MPC,74.65022488951533,74.7180526506971,75.48021260827664,73.4483171029806,139383471
2025-10-10 18:49:40.380001,MPC,77.3926586809244,77.76888831408476,78.01878309340414,76.8236176365326,92424826
2025-10-13 18:49:40.380001,MPC,79.34860994153782,79.64712113523855,79.48720230425641,78.88620075660621,86615302
2025-10-14 18:49:40.380001,MPC,79.21769142274307,78.8541957504956,80.76375712688089,78.28102945831958,62294593
2025-10-15 18:49:40.380001,MPC,79.13704256123782,79.78619231188553,80.04356362602172,78.36641608440908,191641372
2025-10-16 18:49:40.380001,MPC,83.32740945535663,82.97555602435482,84.79674740304446,83.19338052415779,193853860
2025-10-17 18:49:40.380001,MPC,85.64162407131028,85.41402178912655,87.28594882960485,85.3110603821427,109018768
2025-10-20 18:49:40.380001,MPC,85.63244028739784,85.7529205904869,86.54712758804015,84.30331143643868,62971098
2025-10-21 18:49:40.380001,MPC,86.70209589384159,86.46427199100918,87.36183958150919,85.40579061037128,78707859
2025-10-22 18:49:40.380001,MPC,90.22675568995194,90.25248167597704,91.2490459379196,89.52941699371422,165229264
2025-10-23 18:49:40.380001,MPC,94.66354461273677,94.84039427077381,94.91479726554704,93.01870943461826,60877872
2025-10-24 18:49:40.380001,MPC,96.82843348280883,97.03352096624685,97.97770333246402,96.62406138416154,129460310
2025-10-27 18:49:40.380001,MPC,101.61475553706013,101.02371381680679,102.48378653493535,100.74163794962772,94651620
2025-10-28 18:49:40.380001,MPC,99.55550955709562,100.3948927541333,101.44036247623654,98.56877855188415,79853796
2025-10-29 18:49:40.380001,MPC,94.09377725743809,94.59962691591187,95.72284407832691,93.66652901186457,184094380
2025-10-30 18:49:40.380001,MPC,94.60414785925911,94.71361022506763,94.82572709490522,93.91369810377545,141308845
2025-10-31 18:49:40.380001,MPC,94.6634823835751,94.45076192665113,96.04534099517905,92.83331360754043,170786713
2025-11-03 18:49:40.380001,MPC,92.49608799718555,91.6392634317369,93.87084132088391,92.28037240015529,149675065
2025-11-04 18:49:40.380001,MPC,94.89341764434944,94.17092661190777,96.06843303050087,93.6968464080948,138183514
2025-11-05 18:49:40.380001,MPC,93.54196843459012,92.69244544439516,95.12570250357808,92.50542376470784,77891114
2025-11-06 18:49:40.380001,MPC,93.00824582882572,92.93882173601791,93.92527727960253,91.29090417635433,149497760
2025-11-07 18:49:40.380001,MPC,93.81342781101618,93.83773055697415,93.86706668087484,92.90400394138513,50043233
2025-11-10 18:49:40.380001,MPC,95.66354644507993,96.04197621349635,96.27809966280319,95.26144675492709,101420962
2025-11-11 18:49:40.380001,MPC,95.59271060445894,95.86410191025074,96.88305676811052,95.10068411302154,188767851
2025-11-12 18:49:40.380001,MPC,95.35783145521071,95.54601615430143,97.17996146691532,93.87821576661905,120860570
2025-11-13 18:49:40.380001,MPC,92.48262600913148,92.48977621247266,92.59075731689688,91.16945606847653,92458654
2025-11-14 18:49:40.380001,MPC,90.06805711499345,90.21902593167815,91.50051256652137,88.34538494912533,100960068
2025-11-17 18:49:40.380001,MPC,89.19263182284291,88.55882908697225,89.99788438296896,88.19439541731927,64505007
2025-11-18 18:49:40.380001,MPC,90.23939980617453,89.73353221839216,91.32634298718469,89.62734665268381,121499179
2025-11-19 18:49:40.380001,MPC,89.10651506801096,88.68734075798338,90.03492369192107,88.11677780151138,52158227
2025-11-20 18:49:40.380001,MPC,91.94245915128711,92.03534565734807,93.46132503082035,90.4065923826775,97891281
2025-11-21 18:49:40.380001,MPC,94.48801204292268,94.0664778573206,95.16999166659804,93.77104607075385,161621691
2025-11-24 18:49:40.380001,MPC,94.78166015144063,94.68386780565916,96.1184703693666,93.47175412691284,97178278
2025-11-25 18:49:40.380001,MPC,93.80041949016707,93.37534988583161,94.78007984210839,93.24401983606502,138828615
2025-11-26 18:49:40.380001,MPC,92.60321983122881,92.05346787163862,94.1086492963229,92.42930959212403,156041828
2025-11-27 18:49:40.380001,MPC,97.80821194179303,98.10734863143446,98.51482283446745,96.79399771570961,61283379
2025-11-28 18:49:40.380001,MPC,96.3748133662852,95.86113690216685,96.78920168708785,95.87234359476155,140791891
2025-12-01 18:49:40.380001,MPC,97.56522758230741,96.79839454472109,98.72634441417662,95.9960777709897,195932212
2025-12-02 18:49:40.380001,MPC,102.01375080300684,102.41029908736178,102.4974107328917,100.07856426634017,121269972
2025-12-03 18:49:40.380001,MPC,100.38831194881269,99.47691448453122,102.0740737283212,98.77977848860213,60877532
2025-12-04 18:49:40.380001,MPC,106.1883357709107,105.1612751697981,106.58846361873643,104.25562164934445,172103313
2025-12-05 18:49:40.380001,MPC,107.4719740234138,106.41030303660219,108.10326602473488,105.63442803380133,142310382
2025-12-08 18:49:40.380001,MPC,107.66382429698858,107.9585527736639,109.58938619417145,105.7266770920485,72571542
2025-12-09 18:49:40.380001,MPC,102.84912633015331,103.68838317183528,103.72191495944104,102.6109028703774,193500282
2025-12-10 18:49:40.380001,MPC,105.8048772514872,105.02426989381303,106.68895755832472,104.70778799280555,168128117
2025-12-11 18:49:40.380001,MPC,97.43071873320054,98.39764170436332,99.28912551645551,97.27189395745232,112312220
2025-12-12 18:49:40.380001,MPC,98.05641716161311,98.09832997574777,98.45563354840878,96.57549901334367,79819659
2025-12-15 18:49:40.380001,MPC,102.95983116170075,102.86338529303266,104.47436564611615,101.47418573773697,105997370
2025-12-16 18:49:40.380001,MPC,103.20605831154603,103.74125913424304,104.2664612345893,101.43042313117381,189435999
2025-12-17 18:49:40.380001,MPC,113.87333294707888,113.1490185998074,115.85091851394004,113.67521203680883,152162826
2025-12-18 18:49:40.380001,MPC,112.3789987588581,111.62153436627646,114.50118155344144,111.23727535244777,100745932
2025-12-19 18:49:40.380001,MPC,112.98182168405198,113.47681393984169,114.14665222787998,111.91894098772796,120640476
2025-12-22 18:49:40.380001,MPC,119.08361047327689,119.85134514750668,119.62411898497203,118.23068853810946,105204361
2025-12-23 18:49:40.380001,MPC,122.20415738410959,123.25462521179752,122.77422205193668,121.18330078308448,60273755
2025-12-24 18:49:40.380001,MPC,118.12431856363564,118.17228105407433,118.79881586596268,116.94552742956438,190916891
2025-12-25 18:49:40.380001,MPC,119.78564360549186,120.05853210907604,121.92342487293904,119.0406517313825,111312423
2025-12-26 18:49:40.380001,MPC,120.1684784675304,120.69125267432582,121.29953360424706,118.40634911440951,146807208
2025-12-29 18:49:40.380001,MPC,117.83169958131748,117.75352441831798,118.28361550420567,117.1413026913606,145859471
2025-12-30 18:49:40.380001,MPC,115.00112279964308,114.69767163089479,116.16097946038374,113.52010628450915,138682803
2025-12-31 18:49:40.380001,MPC,116.6092196270893,116.24450298457637,116.89382307355858,115.15594232625475,113589042
2026-01-01 18:49:40.380001,MPC,115.82198537192414,116.01085306866123,115.86862754987945,115.59761700728151,188040518
2026-01-02 18:49:40.380001,MPC,119.58883262579658,120.12362021512025,120.52995702975295,117.87884196021791,191942098
2026-01-05 18:49:40.380001,MPC,115.71547487488525,116.44919124643562,116.42228011090592,114.88168778917887,142222546
2026-01-06 18:49:40.380001,MPC,114.04604349739607,113.99400325102499,114.99007843929598,112.35409187463699,128094011
2026-01-07 18:49:40.380001,MPC,111.21157735042888,110.7763971651967,112.22756115879616,110.7159311391194,199934959
2026-01-08 18:49:40.380001,MPC,104.25134245119571,104.00207263167698,106.17747679090078,104.08325912892413,102813912
2026-01-09 18:49:40.380001,MPC,102.03880384403779,101.77090432449101,103.82588600133252,100.99225455076075,189231130
2026-01-12 18:49:40.380001,MPC,94.48069633353523,95.34157380180713,95.64404580396037,93.13505782151408,107971312
2026-01-13 18:49:40.380001,MPC,99.56237902810821,100.42945718733449,100.95391447813755,99.12143152389704,95444756
2026-01-14 18:49:40.380001,MPC,105.332855615008,106.09271834181249,105.69207516904059,103.76996478032528,70424609
2026-01-15 18:49:40.380001,MPC,94.9248973270021,95.37408836751953,95.96767378976358,93.7215543356606,84015675
2026-01-16 18:49:40.380001,MPC,94.21078947270678,94.97904734183837,96.06693836896825,92.5549341027976,76283245
2026-01-19 18:49:40.380001,MPC,88.763623703398,89.11985461699769,90.46029652969037,87.44171037113729,58309787
2026-01-20 18:49:40.380001,MPC,85.93715427409519,86.15079401536208,86.25854808497114,85.61973002763506,176422149
2026-01-21 18:49:40.380001,MPC,92.19838663455585,92.02878084803454,92.44801696599072,90.93981338764917,192777111
2026-01-22 18:49:40.380001,MPC,97.79242969702099,96.94186586402132,99.41093602577457,97.57992546628296,79963796
2026-01-23 18:49:40.380001,MPC,104.23138040200453,103.6476910093701,105.74610061062202,103.99050838111417,132096095
2026-01-26 18:49:40.380001,MPC,109.83420154798851,109.29584205859005,111.1989685317016,109.64854008047696,122968191
2026-01-27 18:49:40.380001,MPC,109.93271839594367,110.7472593152687,110.30273180577232,109.37946758203675,61736015
2026-01-28 18:49:40.380001,MPC,109.7519050628201,110.81658043378873,110.77070600469975,109.44275553288499,168431638
2026-01-29 18:49:40.380001,MPC,104.61974409816759,105.55838290135722,106.32040738794822,102.92250257346211,148853757
2026-01-30 18:49:40.380001,MPC,94.9372827257873,95.26063851382827,95.48400027722747,94.32714090615792,196375650
2026-02-02 18:49:40.380001,MPC,98.19367471130388,97.69709800862256,98.44120443702401,96.83776347358776,173673291
2026-02-03 18:49:40.380001,MPC,104.46455745087732,105.47951475835774,105.11701912698702,103.81208445925272,124788477
2026-02-04 18:49:40.380001,MPC,102.79216899682713,103.33801463149581,104.57132574791656,100.95063597664561,190973596
2026-02-05 18:49:40.380001,MPC,102.32784098868132,102.80710357061513,102.48557118767759,101.03539827830046,94529698
2026-02-06 18:49:40.380001,MPC,109.78003467552793,109.41789573275453,110.46308723855081,108.321630932731,82021956
2026-02-09 18:49:40.380001,MPC,106.94457284967268,106.33315989786948,108.49627608242352,104.96255832530143,56690876
2026-02-10 18:49:40.380001,MPC,100.64307785085677,100.07649703476234,101.20263046351889,100.63282420922518,104935188
2026-02-11 18:49:40.380001,MPC,99.60745208559703,100.11651370084628,100.8750319900928,98.83262274030045,176841497
2026-02-12 18:49:40.380001,MPC,89.88109858911615,89.80417896289828,90.39721212111209,89.37743309377666,62855349
2026-02-13 18:49:40.380001,MPC,95.60703381939224,95.31505493609966,97.48196828955881,95.01244741871773,187967680
2026-02-16 18:49:40.380001,MPC,95.44361000897868,96.21585729570329,95.61454895027754,94.43014242483557,177586601
2026-02-17 18:49:40.380001,MPC,99.31385655253723,98.36242325033594,99.6080345365867,98.17424513038306,157828538
2026-02-18 18:49:40.380001,MPC,101.22995798287315,101.69527771215814,102.50404916629576,100.96302057350805,181540129
2026-02-19 18:49:40.380001,MPC,94.50538460616002,95.23780654577571,96.37005451055539,93.37896413290943,100700021
2026-02-20 18:49:40.380001,MPC,96.299293758335,95.61142035030105,97.769107653395,94.5565971900891,138716610
2026-02-23 18:49:40.380001,MPC,105.1744950193452,105.21089330139584,106.40804943274452,104.91079511252548,130020730
2026-02-24 18:49:40.380001,MPC,111.63238591453397,112.61225084570273,112.16795987237205,109.44471424991171,143788397
2026-02-25 18:49:40.380001,MPC,128.81039808409264,129.56660933936385,129.85811663736132,126.82240772007215,117184701
2026-02-26 18:49:40.380001,MPC,127.88867651203755,128.49347644857465,127.91221941334143,125.35217848353832,137659934
2026-02-27 18:49:40.380001,MPC,131.0356101487493,130.71832252209674,131.2061691386384,130.48088397869392,135362713
2026-03-02 18:49:40.380001,MPC,127.58784389993977,127.74525232675761,128.56004908072816,126.26588253888495,56827139
2026-03-03 18:49:40.380001,MPC,129.80075262076986,130.7477847976172,131.08187139528872,127.4433213357218,184277642
2026-03-04 18:49:40.380001,MPC,121.20496583706533,121.93549638510427,122.94073460722225,119.09653811860481,150834932
2026-03-05 18:49:40.380001,MPC,118.02754628079674,118.85822956179045,119.18466081900657,116.68637530444015,66107533
2026-03-06 18:49:40.380001,MPC,126.28495254333444,126.88444557424793,127.033249322839,125.31179839007125,90965761
2026-03-09 18:49:40.380001,MPC,138.95984284874763,140.1984123987238,141.5491776231219,138.35391279033934,71312846
2026-03-10 18:49:40.380001,MPC,144.46466646169668,143.96779925221185,146.95997539775948,144.06622453905055,107071905
2026-03-11 18:49:40.380001,MPC,150.25919466392838,149.19493500226045,152.40143901155784,149.93915254004193,125186760
2026-03-12 18:49:40.380001,MPC,142.36806957687034,142.06582705672318,144.24343890558748,140.71759628576547,86454147
2026-03-13 18:49:40.380001,MPC,137.58034214726152,138.13626187140375,138.143956029979,136.37778554829274,108456110
2026-03-16 18:49:40.380001,MPC,141.4740557070639,142.4144624220267,142.62358776041086,139.05710170618,65626425
2026-03-17 18:49:40.380001,MPC,137.40880695673533,136.24579401017394,140.06966958879482,135.74200825686083,93864092
2026-03-18 18:49:40.380001,MPC,142.22809195707958,140.88139372154885,143.28664819201865,140.1817485348208,160151715
2026-03-19 18:49:40.380001,MPC,143.084240711663,141.97373665718195,144.90777339589903,141.85433596932944,64871579
2026-03-20 18:49:40.380001,MPC,141.44746741055982,142.3402685495326,141.88798340896867,139.36576816711775,191200327
2026-03-23 18:49:40.380001,MPC,143.87148152099317,143.14160317847424,143.92221284631216,141.7742406270555,90777226
2026-03-24 18:49:40.380001,MPC,142.17495114017396,141.0931502266167,144.65581959364573,141.55684172273564,74745096
2026-03-25 18:49:40.380001,MPC,145.51706652224058,146.03754627676273,146.98510031616797,144.0177188233173,181698717
2026-03-26 18:49:40.380001,MPC,153.23239643127965,153.49181049163144,154.90156068535202,150.90487773633623,128228081
2026-03-27 18:49:40.380001,MPC,156.73397627431964,157.1583809667095,157.89630900785133,154.36063592674248,139883345
2026-03-30 18:49:40.380001,MPC,148.5162179212332,147.5654424532502,148.60496365656286,147.05939842676065,191056985
2026-03-31 18:49:40.380001,MPC,144.3375834133116,143.28020676096673,146.8243451949274,142.10174664114925,79191675
2026-04-01 18:49:40.380001,MPC,140.06168248022036,139.08035490085288,141.4965254210202,138.94257612168158,78552256
2026-04-02 18:49:40.380001,MPC,144.93092225247958,145.38776310774023,145.72604664042595,144.87907235604632,170621812
2026-04-03 18:49:40.380001,MPC,146.06137441107006,145.62277371716144,148.32928290986607,144.41229107136104,184387914
2026-04-06 18:49:40.380001,MPC,151.28445441677434,152.6172984506567,152.91917763118917,150.22277645813733,187548892
2026-04-07 18:49:40.380001,MPC,147.6998144157801,148.22601815365974,148.60656168659474,147.22982777940283,190215598
2026-04-08 18:49:40.380001,MPC,142.69391010560182,141.72737163947951,144.0631993235819,142.18296796654226,146442874
2026-04-09 18:49:40.380001,MPC,147.71007880391537,147.67697059240663,148.17662029247626,145.63631039954075,90230216
2026-04-10 18:49:40.380001,MPC,145.35067246580013,145.20681711499324,146.6069704352616,143.4230658767,87918331
2026-04-13 18:49:40.380001,MPC,151.80181647298457,152.94606971684212,153.88566773512784,149.54294855550336,65156213
2026-04-14 18:49:40.380001,MPC,151.4489005683774,151.3636779147892,153.0449770615048,150.46769428818666,133436736
2026-04-15 18:49:40.380001,MPC,155.90015963351556,156.92855969773402,158.21668746253988,155.3909547482856,100573043
2026-04-16 18:49:40.380001,MPC,158.78788607756925,157.8564826679126,161.34437127403476,156.11677368493835,155625659
2026-04-17 18:49:40.380001,MPC,154.14794092080749,155.66452292277822,154.8955576059269,152.84189596763537,62938533
2026-04-20 18:49:40.380001,MPC,155.51988856121295,156.9124166222822,155.92705655558134,153.01984560708885,61938673
2026-04-21 18:49:40.380001,MPC,158.126909483127,157.6214570955714,160.67590692520542,156.67945481468297,177132864
2026-04-22 18:49:40.380001,MPC,161.70341253823372,162.90722053883312,164.19307194414785,160.95007035913784,150217356
2026-04-23 18:49:40.380001,MPC,164.85790308292616,166.19687371906292,166.56627853778852,164.1975228840451,155762472
2026-04-24 18:49:40.380001,MPC,155.94627376409863,155.88410098179006,156.80657946970493,153.71746525764303,67118465
2026-04-27 18:49:40.380001,MPC,148.96522248447937,150.32058296609537,151.84410623426098,148.526599086529,56590442
2026-04-28 18:49:40.380001,MPC,148.5217586026718,149.7799293559398,149.80712686472575,146.10468107801518,190944210
2026-04-29 18:49:40.380001,MPC,152.01687972464995,152.37322624654493,153.24415291114906,151.46595603802564,163583548
2026-04-30 18:49:40.380001,MPC,148.0743574136229,149.15234405652066,149.06875276953602,147.38540851847293,70474753
2026-05-01 18:49:40.380001,MPC,140.97931514822744,140.0458869469956,142.4598615668927,139.48942888137464,158178850
2026-05-04 18:49:40.380001,MPC,144.64658842039498,144.1803887377089,145.67621645076895,142.16195031697725,179377947
2026-05-05 18:49:40.380001,MPC,151.2421582608642,151.1838747918891,153.01095447235681,151.03020427015932,62547580
2026-05-06 18:49:40.380001,MPC,149.67133301128237,150.83993254169962,151.5163663566376,149.3711701764252,105627788
2026-05-07 18:49:40.380001,MPC,142.79497954063504,141.4221348661372,145.01602264107945,140.74816061177194,149132523
2026-05-08 18:49:40.380001,MPC,139.04100465556704,139.8286852385684,141.26610339276087,138.00773853186956,180014365
2026-05-11 18:49:40.380001,MPC,131.7121587438773,130.51416934801978,133.43393664967533,131.5035118838989,109570781
2026-05-12 18:49:40.380001,MPC,129.60987282264935,130.4158311764796,130.37854397602155,128.95944826797307,180896109
2026-05-13 18:49:40.380001,MPC,130.44231899054012,130.01259553157428,132.64672428154,129.21413725647633,134806176
2026-05-14 18:49:40.380001,MPC,126.80622312167924,127.59342880290993,128.90583240471346,126.66313077519837,54361383
2026-05-15 18:49:40.380001,MPC,131.39681480772649,132.57423691746638,131.80186337115606,131.26045363892578,97632875
2026-05-18 18:49:40.380001,MPC,130.69588266686503,129.781272407884,133.2366636529905,130.37138640310278,168599394
2026-05-19 18:49:40.380001,MPC,131.74736178126466,130.95222673362528,132.30936627025494,129.88792809699092,115268718
2026-05-20 18:49:40.380001,MPC,131.1132845428692,131.8533254992755,133.21598374092926,129.11963715514696,179230313
2026-05-21 18:49:40.380001,MPC,130.41778290342916,131.30103419125984,131.97802642907743,129.55347161724936,111401714
2026-05-22 18:49:40.380001,MPC,132.21208973787896,131.60221317779806,133.6513514224841,131.0044168011063,147636732
2026-05-25 18:49:40.380001,MPC,134.56736815026463,134.16480394076382,136.8194007788091,134.27448495143184,178378088
2026-05-26 18:49:40.380001,MPC,139.00111500280806,137.70255430233084,140.80453620693825,138.261342337626,121926661
2026-05-27 18:49:40.380001,MPC,137.5066237201477,136.67760467421866,139.86408197299306,135.07806240716457,145070040
2026-05-28 18:49:40.380001,MPC,135.0390708890231,134.45711145409246,135.14306802766603,133.85236390794597,104270016
2026-05-29 18:49:40.380001,MPC,131.32121582721115,130.01562363128005,133.14280577365554,129.52018910366513,179289166
2026-06-01 18:49:40.380001,MPC,137.63500204860242,136.61866235634432,138.11471104687098,136.45702012873022,69542321
2026-06-02 18:49:40.380001,MPC,136.26414470637144,136.96863404169477,136.81127774732815,136.11260920494547,81429599
2026-06-03 18:49:40.380001,MPC,143.68131576042745,145.03335483105266,143.74966340544216,142.34748315792538,183069692
2026-06-04 18:49:40.380001,MPC,146.53219409923378,147.58349354657278,148.83282318735274,144.46969364638352,60727647
2026-06-05 18:49:40.380001,MPC,143.96241388921254,144.60207510854502,146.5218913373395,143.06848918729975,154453118
2026-06-08 18:49:40.380001,MPC,154.44056921361147,155.09617656483988,156.43933516607345,152.64322771575698,51700552
2026-06-09 18:49:40.380001,MPC,151.46611290702157,152.67160924361605,154.1333019048832,151.26286158697766,132146673
2026-06-10 18:49:40.380001,MPC,153.83029591025925,154.27714718041028,156.32753579281237,151.73913873858524,65859223
2026-06-11 18:49:40.380001,MPC,157.4976257029456,157.75328828424168,158.6107351047894,155.20489855694504,194011447
2026-06-12 18:49:40.380001,MPC,161.4659543948618,160.9814055897779,164.49825089916456,160.44904797000274,120510090
2026-06-15 18:49:40.380001,MPC,166.0611625557438,165.00224140794856,169.12452041872453,164.878303341215,148973596
2026-06-16 18:49:40.380001,MPC,174.69213437437494,176.05806945434483,176.60823306484602,171.5879115937818,121286552
2026-06-17 18:49:40.380001,MPC,181.59439403385008,182.55647257635562,184.31080338788857,180.7306241886582,86719911
2026-06-18 18:49:40.380001,MPC,183.21328550485435,183.90495160763084,186.5419795822915,182.31602232250324,164475449
2026-06-19 18:49:40.380001,MPC,181.94759009665947,180.2668412286053,185.0026149351016,179.59809586999472,64820091
2026-06-22 18:49:40.380001,MPC,181.6656956568155,181.22442829810038,182.54070086230192,179.20527387943912,181264688
2026-06-23 18:49:40.380001,MPC,182.5029670066676,184.32326724950087,185.50955086192576,179.25562267317505,197465765
2026-06-24 18:49:40.380001,MPC,180.45579594376625,180.50091688628314,181.95814705179748,180.14772565566858,123483236
2026-06-25 18:49:40.380001,MPC,181.8400314819652,183.4075033811726,184.46688608925786,179.66436096904198,102159045
2026-06-26 18:49:40.380001,MPC,187.57715883273846,187.83122027322088,190.10573753007654,184.73287391929165,121811437
2026-06-29 18:49:40.380001,MPC,191.57749060923635,192.39486363694328,195.2834158990291,188.98072631846347,128057745
2026-06-30 18:49:40.380001,MPC,200.53197213237513,200.5142469664409,203.5359295172674,198.12819841928854,170507173
2026-07-01 18:49:40.380001,MPC,198.27071364205625,198.9122637741917,202.18042864561295,195.32030316501263,174710587
2026-07-02 18:49:40.380001,MPC,202.46294867676554,201.09722622146595,205.3151607188616,201.93951900436602,161337460
2026-07-03 18:49:40.380001,MPC,208.7938346720122,208.25748424319318,210.46619350555576,204.9244468177947,133694624
2026-07-06 18:49:40.380001,MPC,215.4750711974591,215.49818107521838,215.76237668206545,214.32916253112086,106322580
2026-07-07 18:49:40.380001,MPC,220.22382238869102,218.39015742074437,221.96132043510048,216.09379617430812,169297430
2026-07-08 18:49:40.380001,MPC,221.39931053607046,220.66712247266244,222.1070386799943,219.5171679867613,107294439
2026-07-09 18:49:40.380001,MPC,225.0366528647232,224.82601460434628,226.59201351495858,223.43158717067058,131714322
2026-07-10 18:49:40.380001,MPC,226.97127576895934,228.62241483916435,231.45971726298401,226.92234322805106,170498269
2026-07-13 18:49:40.380001,MPC,236.220153658408,235.348377514647,236.3607032375014,234.99917543215054,151465429
2026-07-14 18:49:40.380001,MPC,234.55493383422538,233.12075870360027,237.27591391082075,230.58298283018925,159867593
2026-07-15 18:49:40.380001,MPC,222.38554907686483,222.97148295012764,225.1062567105129,219.0153435516911,108806825
2026-07-16 18:49:40.380001,MPC,215.66105188383946,213.69905199895112,216.4571556551674,212.20964330742035,155360430
2026-07-17 18:49:40.380001,MPC,211.67087447449555,212.88630563469115,212.473800488598,207.77997856837234,112038225
2026-07-20 18:49:40.380001,MPC,207.54940707838375,206.71906493281952,209.48110707311037,204.11878267373388,161635831
2026-07-21 18:49:40.380001,MPC,202.08433503098985,201.49866128803367,203.85340836117712,199.52530904299235,113086757
2026-07-22 18:49:40.380001,MPC,202.31523416153524,202.97258390370826,204.11551270091243,202.23813368140827,169535743
2026-07-23 18:49:40.380001,MPC,206.4099881989569,206.42690861345181,209.57519571186555,202.53159306749225,140877425
2026-07-24 18:49:40.380001,MPC,198.3716148046074,199.5156809446923,201.98656867475194,196.67330641746906,95567121
2026-07-27 18:49:40.380001,MPC,208.94127321024936,207.16376735497397,210.32757624767626,204.89710956876704,132817220
2026-07-28 18:49:40.380001,MPC,212.71037470560088,211.09609770958275,216.48666136170257,211.9268430945826,186100026
2026-07-29 18:49:40.380001,MPC,207.32504430349525,206.77563772547927,210.13809309894873,205.35797444289923,117743052
2026-07-30 18:49:40.380001,MPC,224.52246209167893,224.40120557431877,225.32932185312097,223.96999645834782,144349462
2026-07-31 18:49:40.380001,MPC,217.53817935919568,219.42977566380395,218.3330730382667,216.09783916683048,186261170
2026-08-03 18:49:40.380001,MPC,208.32463988958702,207.58860532899556,211.06069882001836,208.05266549380715,141411771
2026-08-04 18:49:40.380001,MPC,215.16481118193107,214.81035071601855,219.13377829438252,211.7908034348306,151626399
2026-08-05 18:49:40.380001,MPC,210.83140709792812,209.82567015869125,211.65613476911633,210.80667521715273,92453224
