Date,DCOILWTICO,DHHNGSP,VIXCLS,UNRATE,CPIAUCSL,FEDFUNDS,SP500
2021-08-06 18:49:40.380001,90.0,3.5,18.0,3.8,310.0,4.5,5200.0
2021-08-09 18:49:40.380001,86.10336868664544,3.4054083622170284,17.37897292492177,3.8039629622339364,310.14666958946475,4.494918351984616,5231.208405902024
2021-08-10 18:49:40.380001,80.49205614947668,3.409680676377173,18.312522488288245,3.8087189170944407,309.49366139258797,4.4354854394042444,5355.573728007161
2021-08-11 18:49:40.380001,81.3518389146088,3.512612495741014,16.01224588462653,3.8430079600805467,308.47626744245804,4.56008747812252,5288.401760865798
2021-08-12 18:49:40.380001,78.59092205295298,3.3546622921676805,16.603629720250684,3.8790690104199963,311.8724265254279,4.4902216329403455,5311.208168606456
2021-08-13 18:49:40.380001,72.81202433451413,3.4598169105086813,17.98470968347706,3.892221449469583,312.2998092408099,4.566085237778742,5332.621545006547
2021-08-16 18:49:40.380001,73.27606127822487,3.642040025417903,18.471921216017503,3.8419821322525722,310.42100125731884,4.610309884380354,5435.830330716044
2021-08-17 18:49:40.380001,76.66842857334473,3.7017798886121316,20.156804051149514,3.7772458128365956,313.88329110175204,4.621637310617396,5354.39700095955
2021-08-18 18:49:40.380001,79.8937589643588,3.728013961233127,19.632819410648445,3.77002820617776,311.63751336554503,4.614573214093697,5264.798052509091
2021-08-19 18:49:40.380001,80.42962085603516,3.603312344985753,21.37723634223551,3.829254977958815,311.92633583008933,4.610689576788862,5392.379595007698
2021-08-20 18:49:40.380001,82.8971634099872,3.7434383603789367,24.94535818529027,3.8155709593630904,310.66907557128167,4.602727422122733,5552.563688110426
2021-08-23 18:49:40.380001,79.98640088656991,3.7922736153403216,24.962993154460417,3.8209793705143107,305.0675818227412,4.656062791560159,5427.923106543399
2021-08-24 18:49:40.380001,78.23634928224492,3.6949123237211516,25.111109253516013,3.7808852745303736,302.00488176986164,4.614747167039793,5465.082828289261
2021-08-25 18:49:40.380001,82.45721679178664,3.479914220590731,25.759229191338182,3.7811531416555004,301.73361429667017,4.549113414616419,5553.098062910494
2021-08-26 18:49:40.380001,82.55107308578918,3.572158723690863,26.026224373320012,3.7648710861144754,299.76305661360965,4.486945216266849,5518.890581627223
2021-08-27 18:49:40.380001,84.51513709864676,3.3945538259942967,23.767374505762945,3.8513334039303473,305.39418214250003,4.463833672423319,5529.33545391588
2021-08-30 18:49:40.380001,85.58737767457181,3.2631099706622937,23.117752375755575,3.910457116635245,304.3687293186993,4.4046855301770655,5620.152562908359
2021-08-31 18:49:40.380001,87.27342657574302,3.129937976773685,22.74132095452196,3.8948756233320485,301.3234912955393,4.29022344571582,5867.0473212639035
2021-09-01 18:49:40.380001,87.71141581666804,2.914720288097935,24.438121505445032,3.8753451675702606,299.81512855313053,4.437021985307828,5923.967463621667
2021-09-02 18:49:40.380001,89.99853550061262,2.980454116492926,25.101589566097047,3.8646877377175994,299.29674186325434,4.691808945419816,5955.228398279335
2021-09-03 18:49:40.380001,91.79532685484891,3.0516334340679374,26.25203462112021,3.867355297213237,299.75870495573093,4.599250603861844,6033.174199005844
2021-09-06 18:49:40.380001,97.42606409979382,3.002841706173739,28.315052038869332,3.86245304480617,291.40759710035854,4.55041374321819,6117.571361404302
2021-09-07 18:49:40.380001,101.96735873972347,3.0782089089175284,27.62116933839674,3.9134881958034784,292.31721605660863,4.532228297815558,6230.351904325179
2021-09-08 18:49:40.380001,110.389593747377,3.2567096807763845,27.48235508100283,3.763176674009946,294.6586183373891,4.589965638539964,6244.491492956963
2021-09-09 18:49:40.380001,110.67400948670158,3.1633493802533588,28.925468243376283,3.779252855763155,289.504712460128,4.708780841108049,6141.141505803571
2021-09-10 18:49:40.380001,117.29449720163657,3.1912504350927273,29.498218717648413,3.8162437028203335,287.97918254217564,4.6775652841588,5981.0483187973205
2021-09-13 18:49:40.380001,116.35041615767895,3.0692241578674366,29.179901536308343,3.7504040311749787,285.1955879403482,4.615419343687141,5977.15554583749
2021-09-14 18:49:40.380001,123.55129233902835,3.1069805934039234,26.905336817365452,3.7480098811626292,286.3223356164514,4.569207995723736,6120.69993374784
2021-09-15 18:49:40.380001,115.85867690493316,3.180067952257953,25.86054398089898,3.6550124052696353,283.56017224497657,4.424901858454868,6136.404684175719
2021-09-16 18:49:40.380001,118.54771850631344,3.233173340177832,25.69812086120687,3.6066370100684875,278.9080075446213,4.18336786134502,6109.935543643405
2021-09-17 18:49:40.380001,113.22742949281387,3.24151469664577,27.973052957237805,3.6681786264155463,277.34282057563075,4.0504195176339595,6205.090231059923
2021-09-20 18:49:40.380001,110.27474094104598,3.1763031687740706,27.262618219064414,3.674316095510205,277.303626671541,4.0612505049475045,6258.7225709026825
2021-09-21 18:49:40.380001,106.79482231051689,3.1154354852444546,27.077061350001735,3.787714777163834,285.9223485514944,4.070224469355529,6603.2024497172015
2021-09-22 18:49:40.380001,106.28151961760706,3.2008178109905896,26.955081652120377,3.7739136521487517,288.05581107904567,4.025427155884241,6622.223251527195
2021-09-23 18:49:40.380001,109.45413375397675,3.325866841868206,26.319950449993982,3.9050213601218564,288.24080309163935,4.147685883081035,6480.068880855716
2021-09-24 18:49:40.380001,111.8250610418551,3.333325583969615,27.318801546758692,4.073188762427519,284.2249598479527,4.044193317819067,6370.7678306140715
2021-09-27 18:49:40.380001,113.66367844945162,3.1027023708789527,28.371931460974764,3.9338287382498764,287.25537104863577,4.0834966921221545,6340.458393248662
2021-09-28 18:49:40.380001,117.71240407939193,3.1224869657916567,29.547846212856108,3.8549521957372908,286.63321737444284,4.11054173220817,6569.025636121836
2021-09-29 18:49:40.380001,114.77318268350618,3.0807628328212426,33.56286934764494,3.744718221065803,282.4092702708716,4.127086311315516,6491.001127559514
2021-09-30 18:49:40.380001,115.99523349475146,3.082024111952531,35.09047265824681,3.614325411226171,283.0160372327267,4.048744185147023,6379.811657508675
2021-10-01 18:49:40.380001,120.6095001447505,2.929867222026786,33.43535220457476,3.6998745708370344,282.9056551287233,4.054864426053966,6230.683424119321
2021-10-04 18:49:40.380001,112.11101053448961,3.174260259645781,33.84023164850396,3.626370065707115,281.8998430658215,3.999702081877388,6243.717052280273
2021-10-05 18:49:40.380001,115.48982845176624,3.02849125563469,31.39457782483938,3.6941596094244953,280.6095287396667,3.9207530572476488,6244.678214538552
2021-10-06 18:49:40.380001,110.53827418845219,3.2314399091296964,29.85130036248531,3.753822895823731,273.3728121663769,3.9338441417039474,6171.898978552841
2021-10-07 18:49:40.380001,110.0601850658102,3.3830757078379152,32.492657370009475,3.5938758599786684,269.20391950697433,3.9031401336945875,5961.423516986466
2021-10-08 18:49:40.380001,110.47477708672987,3.4583529977862035,35.552195607166645,3.7161826093123085,270.32055048278306,3.993364323169423,6129.336495983369
2021-10-11 18:49:40.380001,106.34851252426711,3.5394503557991563,35.914213207308705,3.6099532147369273,266.4727874035945,4.057863426563258,6216.364292319425
2021-10-12 18:49:40.380001,113.99868450283084,3.49482357493442,36.21740886349126,3.7417760486869756,270.43557875992025,4.087902198453934,6193.537107420084
2021-10-13 18:49:40.380001,111.59366698482589,3.498011530398114,33.68761049384947,3.726190226789933,268.95666744390235,4.141718656922175,6257.652923936587
2021-10-14 18:49:40.380001,111.67247255972842,3.5946936968979784,32.56302062002893,3.919651672327421,273.59915112683893,4.179948923333256,6284.087084361416
2021-10-15 18:49:40.380001,112.99332932129649,3.5199184168047775,31.816896030346264,3.834186843881101,268.5092934892219,4.094990916696585,6133.579145740794
2021-10-18 18:49:40.380001,117.98631376120089,3.412941819267116,32.537839880198014,4.082343130763988,264.67067504860944,4.147987516569541,6374.16980073217
2021-10-19 18:49:40.380001,122.44575216559018,3.080783988473899,33.03059331739474,4.294127898531184,264.3987988485281,4.122560844005332,6302.7962072395585
2021-10-20 18:49:40.380001,122.06561536431848,2.991676519516682,33.71077001032594,4.108819010804647,266.4716201973242,4.054741362994539,6415.714126578379
2021-10-21 18:49:40.380001,118.36636143372691,2.9688462615372786,33.777410587766155,4.279941905222322,265.28535073313424,3.9983879880549225,6052.943580884473
2021-10-22 18:49:40.380001,120.00069151506567,2.856337828962376,31.98447449404559,4.319470016182784,264.86352259847087,3.985933619866637,6043.850974372877
2021-10-25 18:49:40.380001,129.1029035051444,2.8947365982375297,30.795289905215604,4.397871237439643,256.97145695170406,3.963583101084834,5893.897641095033
2021-10-26 18:49:40.380001,127.20826599514957,2.977408281615904,28.90773744961182,4.271534509364089,255.25025250987386,3.935478562861164,6001.753450716837
2021-10-27 18:49:40.380001,134.23742634233244,2.970556426357263,29.43194828520127,4.205039539530778,252.20009205423787,3.7834597401121,6086.171299498294
2021-10-28 18:49:40.380001,131.5677348456259,2.9810508024614264,30.67434980407012,4.130335448372733,241.45258962288807,3.7377968211695847,6089.1882291007605
2021-10-29 18:49:40.380001,130.96804204519003,2.876548063726607,28.336693725196593,4.144506977174344,243.5803928062352,3.692861212958093,6035.771099132614
2021-11-01 18:49:40.380001,138.96614451718716,2.8732165161818446,27.971197641873054,4.115912994157294,243.61253187346546,3.690702191489146,6124.310315885921
2021-11-02 18:49:40.380001,135.17251448494136,2.708327368081551,28.44204669564565,4.162982836322686,240.22144074464728,3.7003162057976575,5969.917952385935
2021-11-03 18:49:40.380001,138.40559336427037,2.904307090155441,27.636356290391547,4.050848403728577,236.6950069150738,3.73637704298365,6037.186863961364
2021-11-04 18:49:40.380001,139.07884501773546,2.6773623890591947,27.931850769059494,4.12830498023405,234.13760750474196,3.8102372285567294,5916.674136265733
2021-11-05 18:49:40.380001,142.8676819280614,2.7074570272255456,27.800042302660387,3.935132708114942,233.98780890141916,3.705912018195187,5789.965437617832
2021-11-08 18:49:40.380001,138.38472068350362,2.7176770866253586,28.050564011084422,4.005999653571129,234.25674061121842,3.705125427183442,5796.6837536819885
2021-11-09 18:49:40.380001,138.79146273033015,2.6731133614641567,28.010588290187105,3.9429348384715315,240.08490763883776,3.6881278189301114,5737.365006803275
2021-11-10 18:49:40.380001,135.22114149939355,2.6687301215733936,28.89331859400191,3.9320254439658178,239.86409512892055,3.6961482510515205,5703.1409198722295
2021-11-11 18:49:40.380001,134.84785018016532,2.640222941004994,27.945890408457096,3.858015602108513,244.05367521582895,3.7372163180638958,5549.279935878233
2021-11-12 18:49:40.380001,135.0271528233183,2.575298344900649,28.195364005004407,3.774909037040419,256.0487825400348,3.6910631479116085,5552.593560631344
2021-11-15 18:49:40.380001,132.39828127609317,2.4941172612389964,25.45290416063964,3.705101216492218,248.0619895577223,3.723823194579613,5502.223842226661
2021-11-16 18:49:40.380001,137.31356281157116,2.5073611957318307,24.743081734815178,3.699459880785606,252.63561543922535,3.612584301131133,5471.656979463219
2021-11-17 18:49:40.380001,135.46103905028622,2.560449704164787,24.47172779478241,3.647408557370166,256.86498969241575,3.658375321724062,5558.75169433405
2021-11-18 18:49:40.380001,137.67478949264148,2.3738868192790163,25.565283942611153,3.4783370591869893,271.65274673869834,3.6790295331577023,5613.652314650271
2021-11-19 18:49:40.380001,130.8236456723151,2.3822992397316423,25.757475969636346,3.4572063627114833,280.9125109667142,3.7444991871013498,5567.5752388761675
2021-11-22 18:49:40.380001,134.15104533051718,2.2395794843120176,26.91362793638216,3.4508913438165663,292.96291586409086,3.78108005767661,5619.807453509603
2021-11-23 18:49:40.380001,140.18962268489184,2.340714112748987,26.754559303907598,3.419122851924697,291.70540595472335,3.7759268612653436,5847.361911816615
2021-11-24 18:49:40.380001,137.16975424890427,2.279253872318341,27.368246689957036,3.3437010108280742,292.90665960427583,3.8299445336393014,6108.221928487752
2021-11-25 18:49:40.380001,137.60434124657743,2.1298328737748133,27.65048527905551,3.3341555106797296,288.83887017215784,3.919315494966315,6261.109891169242
2021-11-26 18:49:40.380001,139.0649436597033,2.1338203072532886,30.525627164453347,3.443779337730932,302.73140763276143,3.920326100133407,6490.204502780592
2021-11-29 18:49:40.380001,135.00632505080145,2.046100180003674,31.08814173346203,3.4334479855034865,314.93162396402477,3.8063231793420487,6448.54047411792
2021-11-30 18:49:40.380001,132.9271162449763,2.024663363314758,32.16061256993445,3.313701755582979,313.84503362942786,3.690947877523409,6622.561086199462
2021-12-01 18:49:40.380001,127.79675028196138,2.016669742552319,33.06966204993829,3.263340452945927,320.2616572583842,3.711130341065267,6558.054790674449
2021-12-02 18:49:40.380001,123.9836011138898,2.011304806199454,35.38462344742658,3.388275198068057,329.68217199800284,3.6318081118802215,6336.705976363233
2021-12-03 18:49:40.380001,116.9307272006414,2.012508828971938,35.37972436106239,3.312366861365048,341.00950952795273,3.6952504767697585,6186.541543406427
2021-12-06 18:49:40.380001,117.44566881721153,1.9696216304643164,33.82149889698196,3.3831515178167,348.15206053313403,3.6419910735971457,6260.4902563911355
2021-12-07 18:49:40.380001,120.94416040107474,1.9182208299653913,35.00874526335653,3.487237452568865,362.1802660884235,3.6361384206216654,6323.912675233347
2021-12-08 18:49:40.380001,122.97206123405252,1.9014298597069992,36.849846509676986,3.3391648531410607,356.15348931595014,3.612060362283069,6204.84433283519
2021-12-09 18:49:40.380001,123.481832877098,1.9073220047563575,35.37718073722979,3.3628383613885195,367.6539645855518,3.7853018095356004,6287.468654808732
2021-12-10 18:49:40.380001,120.42073712880399,1.8964930625810317,37.4463764870109,3.3103522362930415,341.56225584687195,3.770672478290227,6155.462446609404
2021-12-13 18:49:40.380001,129.46757881873802,1.897224630120385,38.05652938762419,3.189553625736414,345.10862980138586,3.7357091381766914,6110.6083639597955
2021-12-14 18:49:40.380001,133.22201977988055,1.801081093421809,37.29188661631094,3.214485673004954,353.7401759569104,3.715550683697822,6209.6143491638695
2021-12-15 18:49:40.380001,134.74679360520955,1.8151839985112515,39.67451984989279,3.2301025307456683,360.55146703688814,3.7577030488795047,6416.286857129216
2021-12-16 18:49:40.380001,136.38469083823014,1.807368065875101,37.92644387556637,3.1397612843615774,364.7992676934065,3.732490871627878,6572.874130014191
2021-12-17 18:49:40.380001,132.913690344367,1.7500873029893398,41.43313434122732,3.161205447777439,359.61683148054965,3.691661160146913,6684.323984238099
2021-12-20 18:49:40.380001,128.19265291557656,1.75,43.68902591975721,3.2473469155735,357.18186984436414,3.569716471115504,6892.352314492068
2021-12-21 18:49:40.380001,130.80182399666938,1.75,42.58472302696677,3.323954682656504,365.85244449021343,3.5886347506189575,7035.528075075889
2021-12-22 18:49:40.380001,137.1060539743053,1.75,41.17207373839173,3.3489012690930875,361.40794138301544,3.3100991740971315,7199.370315534092
2021-12-23 18:49:40.380001,139.52029560948813,1.75,43.81812328814512,3.3679777820464465,363.78313536277886,3.1733047545828184,7477.8731624289985
2021-12-24 18:49:40.380001,138.37540811117898,1.75,40.55185000238838,3.53909331386246,383.5417329966176,3.2918526078265424,7135.543780058778
2021-12-27 18:49:40.380001,133.46285557158058,1.7908333711713045,42.03684656249323,3.561138799673986,377.2017413516141,3.2058732969025217,6991.683559994221
2021-12-28 18:49:40.380001,141.45346930871509,1.8076246307902142,39.069268549811376,3.696708376290547,373.8162659136866,3.180809122539246,6894.24555920435
2021-12-29 18:49:40.380001,146.61034680507407,1.75,39.42548197694207,3.6809957389163968,379.3521595229078,3.1934542930234584,7209.869450150589
2021-12-30 18:49:40.380001,146.97142071136577,1.75,38.90751413382435,3.6789367722656214,384.7355946332264,3.0653380641942727,7335.061344827818
2021-12-31 18:49:40.380001,147.21206619446136,1.75,41.89486673881207,3.7533741841920625,397.6350413547042,3.1384232906314558,7000.5081766549365
2022-01-03 18:49:40.380001,142.98403424483988,1.7559467877993649,43.51786728220363,3.582734197197913,386.52266249641394,3.085884952748585,7064.790188429149
2022-01-04 18:49:40.380001,131.43150380798588,1.8523452763321455,43.03127553958124,3.302803774954308,388.54621820095036,3.024305264980927,7286.780608147726
2022-01-05 18:49:40.380001,128.0641999941005,1.8867881304890626,42.47189114005146,3.4482324031397895,391.69855421812457,3.0706055845720317,7293.590952839817
2022-01-06 18:49:40.380001,122.34305797754098,1.9217067517681847,40.358164574730004,3.2978320517580033,388.6122197507463,3.0232525439011315,7313.799070931161
2022-01-07 18:49:40.380001,111.41149908800588,1.9258155515922502,40.22049826982829,3.314053594203476,394.12325475690994,3.1168121633269092,6983.068542409071
2022-01-10 18:49:40.380001,112.89447735790068,1.9235875278567902,43.28401977722878,3.405771084289436,380.13216421436476,2.993103465226608,6775.449228793098
2022-01-11 18:49:40.380001,115.32263152725166,1.8886394216855171,42.74862401485208,3.1719149779137865,374.6634759135347,3.0023917578881796,6752.444920405712
2022-01-12 18:49:40.380001,110.41156773988206,1.8275445995429747,44.519300074827335,3.2704595578808884,391.0065656714116,3.1021630257849955,6572.969465834408
2022-01-13 18:49:40.380001,107.10852353702604,1.8172807008732412,45.23408452116888,3.215768016631945,399.33101064972857,3.2155384430795237,6808.252707807142
2022-01-14 18:49:40.380001,105.61098825124614,1.8431388832065934,45.39505438594945,3.332689592447801,403.9162878955429,3.117162324752919,6354.878850416015
2022-01-17 18:49:40.380001,104.29159135916707,1.8574689757137652,47.53685955799502,3.3661635318083913,402.18762875191754,3.091446337975536,6367.448633118207
2022-01-18 18:49:40.380001,105.2322653883563,1.8420852688401212,48.890031555200274,3.2018727328902683,415.81622857249744,3.122412284794115,6689.865839547264
2022-01-19 18:49:40.380001,110.84661350634359,1.7883896087176248,49.092431743940615,3.338393254957004,399.6807952378065,3.0100476660726434,6602.495653580709
2022-01-20 18:49:40.380001,109.44533449918369,1.7631019865168696,47.24792440147764,3.3179615443621446,397.6893644380006,2.8090115490154464,6833.506942101538
2022-01-21 18:49:40.380001,106.66680775245081,1.75,44.90592903439197,3.4215217228595045,394.45945548254,2.8114422734081574,7030.1962717297865
2022-01-24 18:49:40.380001,109.49285095720967,1.75,46.5002325985335,3.514259934578391,393.5611853805116,2.8452992298641946,6616.06740895746
2022-01-25 18:49:40.380001,112.3578554489931,1.75,46.26724988158091,3.5159612215175686,387.33479410440725,2.766454450565385,6863.285398646036
2022-01-26 18:49:40.380001,107.33459128119041,1.75,47.85217854418822,3.672150793183466,386.93848925853723,2.7658971013249745,7194.858712759472
2022-01-27 18:49:40.380001,101.74255697231791,1.75,46.70901746758555,3.6261154442446415,382.52202470628094,2.854844716806511,7465.020510760498
2022-01-28 18:49:40.380001,103.72026965824618,1.75,46.81739577533095,3.711153353686501,378.78965978441073,2.8159302120463336,7283.03375078567
2022-01-31 18:49:40.380001,100.93949155818522,1.75,47.938676390682176,3.6259160277802303,389.6323926470091,2.9060432323780496,7589.159124640818
2022-02-01 18:49:40.380001,102.06752005192138,1.75,47.33946840746069,3.43340476318555,389.31006066577396,2.946658104036176,7912.82300036417
2022-02-02 18:49:40.380001,103.11308795874307,1.75,46.106352149842884,3.461019982842465,404.1526835985988,2.9561530303143213,7852.1258700439075
2022-02-03 18:49:40.380001,105.25041063046093,1.75,47.54931572767609,3.3206219629260887,404.81279423537785,3.065380119970798,7893.886703418847
2022-02-04 18:49:40.380001,110.84517147424997,1.75,45.43801614158181,3.287102233878017,410.92837647672235,3.115398635195464,7472.920891719791
2022-02-07 18:49:40.380001,114.50093166962225,1.75,44.54918452478046,3.0930171037828114,415.6339079595229,3.0176852174746136,7394.213164093049
2022-02-08 18:49:40.380001,123.29096031499677,1.7805452349616664,45.07670429586778,3.2069440235812126,417.0910949279476,2.9060945781673966,7570.999507787672
2022-02-09 18:49:40.380001,127.77866525550223,1.847128465179022,47.00783216311575,3.240639374767441,420.25370917534076,3.000869576280945,7065.136556597314
2022-02-10 18:49:40.380001,131.9751493028508,1.9033872603628663,45.486446997404755,3.38744792519297,419.0081484081825,3.0510042708571787,7043.184783083156
2022-02-11 18:49:40.380001,136.26706292368354,1.8253457125157835,46.38161233372022,3.3861400959426207,409.7234188070325,3.1164854736955983,7143.694108206125
2022-02-14 18:49:40.380001,131.7074904465507,1.803717950443103,43.11399644239157,3.206089163579392,406.3175173602122,3.147067616318213,7195.372380851525
2022-02-15 18:49:40.380001,127.35441894570526,1.8395251073108392,39.67637614375655,3.133302246220995,406.023492167312,3.1037400330693314,7138.23288432738
2022-02-16 18:49:40.380001,127.65061806234375,1.812026400243132,37.70727371852193,2.9530635565753562,400.5861300944907,3.083436597614014,6507.238126889471
2022-02-17 18:49:40.380001,133.16248475214158,1.8463229471897973,37.877355586303466,2.862521206576303,399.6971804970813,2.9875953528660615,6545.665718605243
2022-02-18 18:49:40.380001,136.30495373810572,1.8730427557059077,38.52784025805276,2.84236269078781,402.1750155006935,3.029227739004526,6401.920731868104
2022-02-21 18:49:40.380001,140.59438668766563,1.8334332458347369,38.76008130313285,2.8993818511319733,410.8153563843165,3.0977940691836086,6501.777230009569
2022-02-22 18:49:40.380001,132.20344326589444,1.9284092515744928,37.52871018688176,2.9391914931277743,393.1895110932424,3.137404952865166,6052.9935199594875
2022-02-23 18:49:40.380001,134.0847835643106,1.985111363711806,35.16111640952949,2.943557926206946,372.1072757752055,3.0254675638246624,6257.689825736456
2022-02-24 18:49:40.380001,133.4240918866429,2.0404760594752176,34.4168114832694,3.029427125583628,373.2147955504915,3.001228367555416,6325.836199428031
2022-02-25 18:49:40.380001,128.54016512820235,1.912620853005461,33.82226715766343,3.0375127213452306,372.95046976012765,3.037211725512376,6525.243487327431
2022-02-28 18:49:40.380001,127.42712705742365,2.0527105659961484,34.083055778729644,3.0279144567252496,379.65563353311853,3.1206425363401045,6638.409082093366
2022-03-01 18:49:40.380001,127.38554024732909,2.0804451739727887,33.2366760682653,2.795516202509991,373.8124099044903,3.1105832442821377,6821.521458077726
2022-03-02 18:49:40.380001,127.43884030405532,2.090213150708651,34.09568521533654,2.6735769759029258,382.833328555967,3.1230271311156614,7082.432026187853
2022-03-03 18:49:40.380001,127.65198877642857,2.167898040893896,35.34637530032157,2.8034644898753025,393.2190577316916,3.016368307324542,6592.711888709293
2022-03-04 18:49:40.380001,125.01550869553927,2.1655758452593354,37.13361068465782,2.868432582435657,391.3753115199467,3.0804544908405203,6245.373794744658
2022-03-07 18:49:40.380001,124.69566998875004,2.1794099516553858,36.49187991871077,2.6662800396842297,390.44490889824186,3.086168714887192,6098.249028468505
2022-03-08 18:49:40.380001,123.49591795259747,2.2319644347878853,36.273487205012806,2.4961323761075493,384.30333299646514,3.122797400564183,6344.119392981076
2022-03-09 18:49:40.380001,126.44414204652526,2.2215434322704173,35.299773887254226,2.375907398509072,384.74021485102446,3.117436635128882,6332.108032302911
2022-03-10 18:49:40.380001,127.90471632711653,2.2572189265347533,36.001802087897644,2.302661363214751,375.44192830421093,3.062933487926953,6670.875941291949
2022-03-11 18:49:40.380001,128.6025731013577,2.2245172242754383,36.31794572945492,2.1728475657187087,388.51253961126736,3.12783596739564,6810.152102931545
2022-03-14 18:49:40.380001,129.515305858683,2.299679349891321,36.63806995924126,2.334676278074894,364.4733258733747,3.08641182778949,6166.005666981903
2022-03-15 18:49:40.380001,130.39380076237094,2.235484455351085,37.50493701489794,2.427634293119898,354.8065865684681,3.0824249962759875,5864.374392033252
2022-03-16 18:49:40.380001,129.23331240969063,2.248989227921657,35.8029207688714,2.484414988702522,361.04304664039364,3.1478822964900006,5647.6833284894
2022-03-17 18:49:40.380001,133.54642747156618,2.272422530915717,35.822469928300485,2.4385316246446247,360.9723778240043,3.11614414202399,5185.725339762556
2022-03-18 18:49:40.380001,129.09247582937013,2.1469349269563685,35.936767501545184,2.6402919829619784,378.971864366675,3.1131597811643803,5093.273585801537
2022-03-21 18:49:40.380001,127.8964310306805,2.240024883990641,34.75696386058088,2.6408138992108943,371.6842394268262,3.17342662870494,5185.39112790619
2022-03-22 18:49:40.380001,125.40074376821194,2.267906813565924,33.0404531215014,2.5976287981998127,393.6920529494377,3.1045502184114815,5458.681112157039
2022-03-23 18:49:40.380001,120.20359405687418,2.1946467069795195,34.087787966318956,2.7668138432441967,393.4741791269688,3.156493847620536,5118.387667294308
2022-03-24 18:49:40.380001,119.25509150859779,2.2133599369122208,33.559262488213335,2.782458276393677,378.10636201490263,3.1459682548967725,4688.621950343056
2022-03-25 18:49:40.380001,116.11601202828841,2.1310076670158855,33.48435672659426,2.905851080265095,370.7015587507095,3.034689515902248,4377.109976057474
2022-03-28 18:49:40.380001,119.04391450070979,2.1428904913962197,33.08796514403293,2.8825732670334885,363.0603324838458,3.0441638290908504,4635.08542461661
2022-03-29 18:49:40.380001,116.17392250134722,2.112990903570337,33.08724990319626,2.99099271018395,365.59853435166895,2.955551139874521,4584.602822140811
2022-03-30 18:49:40.380001,115.37486302183477,2.1343961462996814,32.05259824080696,3.014414616079423,358.92404665893423,2.957619266980253,4402.68313976358
2022-03-31 18:49:40.380001,106.61444852727574,2.1269635125564093,31.84890716763716,3.023724840868577,359.2689390234613,2.972597137027227,4205.612988412671
2022-04-01 18:49:40.380001,100.59752563916318,2.1267492544074913,32.879197910663635,2.8574940129000796,348.71238437465644,2.973046657567733,4231.920834213492
2022-04-04 18:49:40.380001,99.30499445858352,2.119783846916419,33.959606383117205,2.7961826820548263,353.5365250427258,2.9598433787245244,4381.069634310326
2022-04-05 18:49:40.380001,101.25545747863902,2.1115682642429383,32.70883674522083,2.8950326885950304,350.0633752021326,2.904956971022629,4363.469567309005
2022-04-06 18:49:40.380001,101.17791966742567,2.1311442737210076,32.850435921233036,2.9862058518215044,346.54614136645733,2.882068538873628,4411.955628033221
2022-04-07 18:49:40.380001,101.45049395073332,2.0827255313739337,33.330441237822804,3.0328214054874976,331.3376378799679,2.840712502511267,4727.443951883773
2022-04-08 18:49:40.380001,101.04901036057854,1.9383411068863972,33.174634138009,3.180899369739117,335.29196485559237,2.932268000865062,5019.284224237224
2022-04-11 18:49:40.380001,102.98683402366491,1.8652006691985434,33.30913394788306,3.3720712382682017,329.5775006149312,2.995469124386571,5214.863112639654
2022-04-12 18:49:40.380001,105.228951624483,1.8072608967569819,32.867336650670765,3.4372550574662637,334.1522906721893,2.9157776192031846,5196.095776808022
2022-04-13 18:49:40.380001,102.48841115692251,1.9214988925233172,32.91191100631384,3.6801466028577288,341.1525693068792,2.9072047118616875,5428.168248632241
2022-04-14 18:49:40.380001,98.8815364795127,1.9378286661284319,33.825360942038834,3.672794345229176,331.52465923211287,2.9655022674896894,5553.3593832498855
2022-04-15 18:49:40.380001,99.02063382819637,1.9952656981487982,33.252106228806625,3.5123574195367775,342.71404842080847,3.0238529116824893,5645.371623886843
2022-04-18 18:49:40.380001,98.7532751054659,1.9375149190525147,33.599674271234655,3.572539742297648,343.3522019650813,3.1888335232286864,5918.629316778598
2022-04-19 18:49:40.380001,101.5759438029184,2.003485555746243,33.39831408455309,3.6531375472245635,342.50062747240366,3.3192756290843115,6349.640771023039
2022-04-20 18:49:40.380001,103.71468907735789,2.0330136432634265,33.41550571060995,3.660325755716566,353.6719684988203,3.359055959321588,6834.8708722293
2022-04-21 18:49:40.380001,101.8894762782232,1.9369342945784846,31.073523186355406,3.7937293402330474,352.10730067130925,3.3865734244133163,7070.035106397072
2022-04-22 18:49:40.380001,100.33926303611774,1.9998271690691802,32.385091168224754,3.818445155545546,356.569774770299,3.3395749959735124,6971.082284656538
2022-04-25 18:49:40.380001,101.08407117871887,1.960374569898581,32.01027534213708,3.8678947317470067,376.70776025803394,3.3581006786099343,7118.872532645309
2022-04-26 18:49:40.380001,101.41977420709053,1.9518768948986582,31.920737697721542,3.9009197835211724,361.5514111827792,3.510228772945214,6609.461456720832
2022-04-27 18:49:40.380001,100.46477285354595,1.9815721626248435,32.87248658174412,3.820348824107777,358.3490490715837,3.5181293585525997,6484.158594309137
2022-04-28 18:49:40.380001,98.27379325942373,2.0222996781016556,33.98446992265444,3.862816878942649,361.59192114231627,3.3458291190205194,6444.954011414882
2022-04-29 18:49:40.380001,99.56748570248872,2.1173942212995605,33.442541386447004,3.6899225754341334,359.97549010047527,3.244530235438806,6466.779618010247
2022-05-02 18:49:40.380001,98.12756452179677,2.134168963815253,34.4882105383599,3.643460013790631,347.5556106776538,3.2269259437000404,6285.757124451897
2022-05-03 18:49:40.380001,97.33137494612808,2.0978193514222165,34.12634782493212,3.838697853855505,343.5932774118508,3.321836522865297,6638.118727008703
2022-05-04 18:49:40.380001,95.11320915825624,2.063685375513031,35.35715283734411,3.6062008584858956,362.2834938125339,3.369404712523465,7266.183239141603
2022-05-05 18:49:40.380001,91.3971120988062,2.0380071552485166,34.23675669217503,3.5142930433350488,390.93775555018067,3.501375893138615,7070.057509856272
2022-05-06 18:49:40.380001,92.54897403119509,2.026834053928655,34.84833187363841,3.517154030704301,378.5767484526381,3.4432851563690168,7376.564138473991
2022-05-09 18:49:40.380001,90.88918855969501,1.9924854016493114,36.32123114055832,3.756755279353593,381.71726777742083,3.5834752200388498,7589.9790984439505
2022-05-10 18:49:40.380001,89.3149228068486,2.0541012755177537,36.160238114349184,3.780899245873178,395.2013376491479,3.6361821598879955,8091.2864875374125
2022-05-11 18:49:40.380001,88.49389652970541,2.050896514277321,36.16543293538817,3.7953883128739014,382.967422914731,3.5513385328040274,8188.11534151581
2022-05-12 18:49:40.380001,85.71252107821975,2.0288353873327343,35.294689696450824,3.975142064806545,381.86021902518536,3.431339796342676,8418.530489660796
2022-05-13 18:49:40.380001,87.86461682178175,2.100491161303105,33.911725585418644,3.8682728396703907,379.12379795981644,3.3953600668410195,8115.523601885494
2022-05-16 18:49:40.380001,91.04338548504548,2.0178694457301454,34.981650486523854,3.809260999067682,384.7198488615817,3.431061976847862,8309.305251559126
2022-05-17 18:49:40.380001,90.35310049226175,1.9269263096720974,34.8831004998802,3.7487703486974464,377.88622304917334,3.4673610431708144,8218.742116973457
2022-05-18 18:49:40.380001,88.34259741464183,1.9568484777310469,34.28741222902226,3.705059802017924,385.5720347104995,3.3411115215968152,8051.077952346002
2022-05-19 18:49:40.380001,87.43510194519706,2.0240955041783746,34.141242699835175,3.869754217860948,370.8719359396626,3.4233129438637473,8666.666723617276
2022-05-20 18:49:40.380001,90.63409998697998,2.088061943933665,33.738699800248924,3.89003765381936,385.6320737054461,3.332123643550549,8298.448425065393
2022-05-23 18:49:40.380001,92.36574136911389,2.1125528862552185,34.728637241926506,3.980471188526655,378.6160598534939,3.2010579907026946,8388.752118477885
2022-05-24 18:49:40.380001,94.48149920164578,2.0886358084204395,33.849412084846975,3.853958831644063,384.566523856611,3.179808169207469,8623.678332454347
2022-05-25 18:49:40.380001,95.49541921225021,2.0821964948039415,35.120346932136805,3.779995128467201,378.7400819441881,3.2242080902219112,8833.103580536432
2022-05-26 18:49:40.380001,97.44313006953286,2.0940098451227773,34.838327610135714,3.9889580879872377,381.4540285205247,3.2596568523976734,9059.339486029385
2022-05-27 18:49:40.380001,99.14837133889779,2.158073331499677,36.640379309568935,4.035083424452212,390.3687571617751,3.278430250160257,8827.06649561276
2022-05-30 18:49:40.380001,99.95536376478113,2.2036993183217772,36.10031012760841,3.9200764399099945,397.52337564987755,3.289185698414933,8800.643147524697
2022-05-31 18:49:40.380001,100.55340517321824,2.329313993709449,36.94874137040912,3.9680321677037576,402.6432765696266,3.1956361296260223,8948.975559978144
2022-06-01 18:49:40.380001,101.1652535090958,2.2922545838555317,38.3364895485737,3.9452998090056868,390.1127024649475,3.1671899674309483,9227.125933210455
2022-06-02 18:49:40.380001,102.94166311173906,2.3474941721986275,36.93412018106796,3.8169338831440474,372.4654554945459,3.128422809784389,9512.165336149454
2022-06-03 18:49:40.380001,101.70670685322357,2.431547133033453,36.6441240206651,3.7677127587639365,381.1193485141263,3.069076605965591,9370.916477065142
2022-06-06 18:49:40.380001,101.56847697508586,2.268380440114078,36.908969036034065,3.7358925867717154,378.42152134090145,3.078928209542306,8911.442570555962
2022-06-07 18:49:40.380001,98.3860231527473,2.390366180098229,36.082131002185335,3.7318507404393846,382.33234141013406,3.0898691962159575,9010.698752971995
2022-06-08 18:49:40.380001,98.48537282912083,2.3456971372033464,36.75820943174703,3.473847647735611,398.8154839239959,3.0708483177293755,8722.827066801188
2022-06-09 18:49:40.380001,95.87850506709545,2.2970158014271838,35.689701027484844,3.465338780587842,382.6692042854104,3.1438847803402155,8917.355421666813
2022-06-10 18:49:40.380001,93.84453063977932,2.4376389051799734,36.3086310465956,3.44576322928742,379.0910223748386,3.221595938607136,9459.342201944128
2022-06-13 18:49:40.380001,95.85203833738473,2.458283285730458,36.069017156970325,3.5814279404239175,375.8950094860364,3.325361670541077,9007.038159565725
2022-06-14 18:49:40.380001,96.39068240575175,2.429459173656092,35.32617228555454,3.5354334395196894,380.6393614440994,3.3334684448499035,9052.483554405444
2022-06-15 18:49:40.380001,100.96879924484638,2.6053113534009005,35.74637122046994,3.660648519159827,393.1134640988939,3.4543014610264957,9942.918612271513
2022-06-16 18:49:40.380001,99.50463051124107,2.69202177740843,36.487561472421156,3.648526834654134,389.9769786341357,3.5565624995795453,10414.76333062507
2022-06-17 18:49:40.380001,98.37196656708925,2.651656497868253,37.27668515258686,3.5931731156307976,412.29114102945834,3.4003699740969315,10339.280676136103
2022-06-20 18:49:40.380001,98.11928130143399,2.680009975235291,36.61477491430943,3.6403614488533065,419.40861166700824,3.4814541572359974,11141.029199350014
2022-06-21 18:49:40.380001,96.0895491901914,2.566306861659698,35.915201979561914,3.633922324830166,435.01168714141335,3.534448789384155,11215.81447103778
2022-06-22 18:49:40.380001,97.29489525785036,2.627692579337365,36.01909390759755,3.681794054559645,413.17620221998357,3.6062740893322855,10973.613732328315
2022-06-23 18:49:40.380001,94.19308347323852,2.5549632789529686,33.8424202267979,3.6537502252910414,384.68443056079946,3.60472431168896,11609.452612208934
2022-06-24 18:49:40.380001,95.27289891978252,2.6620160897712632,33.938323621616256,3.4722105719877376,383.57054474810064,3.745893747712449,12088.418340847433
2022-06-27 18:49:40.380001,93.08857358893272,2.648880889716274,33.39450149750731,3.436400340034979,368.13013498608046,3.7751018684966176,11606.59019479699
2022-06-28 18:49:40.380001,89.98016743715425,2.41400462872561,34.916547477723064,3.436305799947514,358.2653683246072,3.667504940503902,11120.009445381696
2022-06-29 18:49:40.380001,89.53589709236495,2.4247371873583674,34.75048676427125,3.4219660576904545,359.5762951491621,3.499919804232565,10793.347628778238
2022-06-30 18:49:40.380001,91.41442417388784,2.4335923610935355,34.86197821873865,3.4118677988529074,366.4479846733564,3.4774998837221744,10250.127108719887
2022-07-01 18:49:40.380001,92.1372010115544,2.4578475539063485,36.34496936421993,3.4745769515055014,355.3539130527776,3.402486435245292,10011.146811675628
2022-07-04 18:49:40.380001,90.4515041859254,2.5797708178239307,36.841532957235295,3.518917218427511,362.3082665246518,3.2997305213440615,10012.622310899871
2022-07-05 18:49:40.380001,87.58819910165752,2.672553911918479,37.37975218393542,3.46127251106152,369.9744598496031,3.2731252339151813,10185.521628667799
2022-07-06 18:49:40.380001,90.11789467367153,2.6749440898194323,37.355349260163436,3.587501421040985,384.87018712352733,3.3617244070515437,9835.790387102626
2022-07-07 18:49:40.380001,88.45484968476677,2.594896773119449,35.829826727095266,3.6551599415241594,385.3476837679164,3.4019001118188683,9808.593578472035
2022-07-08 18:49:40.380001,85.6750216312461,2.5206396424895834,35.93385620033428,3.6138726751937233,388.5698498462318,3.380044008123231,9803.668051124641
2022-07-11 18:49:40.380001,86.15427887652481,2.610529810239284,35.54725933857671,3.7282519412506323,399.21872489852035,3.1790940660777673,9029.134131246046
2022-07-12 18:49:40.380001,85.75237793140481,2.593447751630136,36.52744886863714,3.746527598006336,393.5524932777345,3.1698213545515768,9079.22194748855
2022-07-13 18:49:40.380001,85.44639966559659,2.6681132974094437,35.52770092707904,3.838610702215975,397.3616029893813,3.2042697755127114,8347.418593964505
2022-07-14 18:49:40.380001,86.47641362310858,2.520470005164394,35.1331375237501,3.8483661433913485,408.04182622059494,3.1214833220475566,8090.275225910366
2022-07-15 18:49:40.380001,83.04544436528009,2.555520042226895,36.04683485060946,3.758409212029532,400.1788334264682,3.1454114372801825,8268.726841965388
2022-07-18 18:49:40.380001,84.09322326944795,2.521422153692421,34.285471123847,3.881379231498228,411.2829380926182,3.194339591289114,8585.828871466168
2022-07-19 18:49:40.380001,80.42287918444342,2.6479903132246396,33.03516745760871,3.888829415128287,415.256479424217,3.2169054163304653,8227.160722063227
2022-07-20 18:49:40.380001,79.8974278654853,2.785111055107647,32.45679108476485,3.862958688925773,413.7318778196932,3.2390758693508683,7903.655895862954
2022-07-21 18:49:40.380001,78.96457295195246,2.7594819582143324,32.74292619080561,3.8125586198876316,415.2140311145658,3.1865037768113154,8040.27572020534
2022-07-22 18:49:40.380001,80.0994623706348,2.8099077145433364,32.156747130009066,3.8198333247292067,428.8278150747775,3.15093440237505,8034.222687323009
2022-07-25 18:49:40.380001,77.99057244793586,2.730245201937813,32.29400009225412,3.7666792303498275,415.2630355539498,3.22820409538184,8515.548697675242
2022-07-26 18:49:40.380001,81.7627525503205,2.7205646286270224,31.892597749132893,3.635868453008269,388.8736644761742,3.3497606983231245,8599.826061034493
2022-07-27 18:49:40.380001,81.93740156194491,2.6042467853879203,32.75726899284024,3.6006934136173907,398.36151910507147,3.4341241983882913,8635.797496002762
2022-07-28 18:49:40.380001,80.17247997769896,2.5717286875884566,32.97321970620706,3.517530443894855,380.2950041083831,3.5785890720852103,9035.830183163043
2022-07-29 18:49:40.380001,83.81256362549182,2.4833524541946703,33.82320398333963,3.6125922856231814,390.8109074454054,3.5634128206497646,9182.537910529618
2022-08-01 18:49:40.380001,83.78485898897303,2.49017303082892,34.74514814515575,3.66590530723464,399.54019691613615,3.478151918319167,9245.768880354693
2022-08-02 18:49:40.380001,85.45449263278367,2.5845620744715747,36.31284271012773,3.687251947082481,405.3672077545246,3.5859595107657194,9528.6063167678
2022-08-03 18:49:40.380001,86.54472499182326,2.7286102693396783,38.694239552040294,3.5476675613762145,401.56495200212385,3.435146309708724,9035.459865499086
2022-08-04 18:49:40.380001,87.43768873441797,2.787107097026142,38.26678763466035,3.5572886371552475,382.54037354438066,3.5195348102525603,9234.170117549627
2022-08-05 18:49:40.380001,90.13116818996907,2.7423134851799564,38.49121856988089,3.4808055791114976,354.6390249143843,3.6229075957394556,9706.17520684406
2022-08-08 18:49:40.380001,89.7366028027663,2.9057720501459383,38.91782069760279,3.4150240312186173,364.90327629996574,3.7075263096202344,9844.314631779582
2022-08-09 18:49:40.380001,89.05593973189086,2.739811633752721,37.56165623272398,3.445495247299172,351.0761609691002,3.7344438555127004,9365.345033243762
2022-08-10 18:49:40.380001,85.91975245954539,2.7562260681701987,37.35973761361342,3.3533750621121596,368.835214314291,3.7779907433257702,9121.825951605191
2022-08-11 18:49:40.380001,88.63692724764418,2.8401690208363726,37.99773776251802,3.270782340993477,354.9449766138654,3.942813704585185,9126.945085508718
2022-08-12 18:49:40.380001,88.22539931054543,2.97751224891041,36.24830686158262,3.3867233536559804,335.9211456837766,3.9778550798589345,8919.963961476213
2022-08-15 18:49:40.380001,86.568137188235,3.0848030745634976,37.54360857694229,3.3762194498049944,355.65467065482375,3.9086512422883666,8903.412438430512
2022-08-16 18:49:40.380001,85.19194690271704,3.08829097956486,36.61224643911377,3.319989560916258,349.4039665084417,3.868841099425656,9637.585348448043
2022-08-17 18:49:40.380001,85.33175575034839,3.143237924552957,36.32717339837677,3.181822016471451,331.22246399601676,3.8370971170174863,9951.33647461325
2022-08-18 18:49:40.380001,88.14692063864064,3.130442650881237,36.9893713364087,3.227351963871014,330.60434423970815,3.922543600698561,9809.449613207604
2022-08-19 18:49:40.380001,87.89356303321452,3.164216791147436,37.2650353531479,3.2856054182952454,337.5080811304202,4.051577333702202,10222.064867884079
2022-08-22 18:49:40.380001,84.49622699093004,3.1419632598667167,34.63317920819368,3.1980093087069377,335.3985864213771,3.9592796552980443,9934.575666587265
2022-08-23 18:49:40.380001,88.91433007550536,3.2122472581391497,32.58199979995452,3.1453377351417644,331.5144330295097,3.97786608774192,9881.317601024077
2022-08-24 18:49:40.380001,88.80704712460988,3.182995012694894,32.083848775600124,3.174282160264336,335.07717752885816,4.164295188977233,9873.743853973461
2022-08-25 18:49:40.380001,90.42017920930952,3.1126488887063757,32.83267585809737,3.263898227526253,310.9309845958815,4.006113915548297,10008.572437589286
2022-08-26 18:49:40.380001,85.86317847876975,3.1986003058451695,32.22740342381093,3.2409974557800734,310.42748755872253,3.7576060346278193,10048.87217522075
2022-08-29 18:49:40.380001,84.57047467596979,3.215396785683845,30.627655763048022,3.359728321802398,310.43088131927635,3.735336881468211,9742.782763406558
2022-08-30 18:49:40.380001,85.94757500097981,3.0978117381973598,31.03671346384295,3.3701980886190697,304.1881410715746,3.672684726215518,10119.60465081151
2022-08-31 18:49:40.380001,88.58857020481804,3.1362264501942607,29.044271631481305,3.246173152819518,284.77561536811487,3.8880719866721942,10416.383514727366
2022-09-01 18:49:40.380001,91.05177729004146,3.025097182141195,29.81046048979565,3.1240692333207276,294.86884011937326,3.665966195111116,10607.533793254912
2022-09-02 18:49:40.380001,93.22414506854876,2.968576182838978,29.121060593000756,3.15617074728437,301.3287372659285,3.9177353046153836,11400.816277085567
2022-09-05 18:49:40.380001,92.80746640093243,2.9097773653094543,28.454203230845827,3.1913535124658403,292.0011441871073,3.8545720858511805,11335.843090470107
2022-09-06 18:49:40.380001,91.92716967522179,2.8360425945952836,28.741623130193137,3.207025174677212,304.1335194493553,3.988722930804053,11416.890502137412
2022-09-07 18:49:40.380001,90.41758866811222,2.7269940115948796,28.710283511555676,3.296240329389578,285.4552729869779,3.8965844650573853,11492.992186514162
2022-09-08 18:49:40.380001,90.19622616999703,2.743579850960032,27.98642385457798,3.3155594067559884,278.4277436268028,4.199164309191351,11283.768894713605
2022-09-09 18:49:40.380001,90.37169221778649,2.618009150739748,26.965195423540255,3.379203277236645,249.56413624007982,4.213300683330856,11074.559953051794
2022-09-12 18:49:40.380001,93.32819134382065,2.5731128928356237,27.570128937069153,3.4536138863933212,246.46644119897854,4.134957169780168,11263.328055533533
2022-09-13 18:49:40.380001,93.86543687457382,2.6902596739279416,26.7859560667508,3.462359293515455,233.89712641135188,4.130541447921839,11285.29591253619
2022-09-14 18:49:40.380001,94.45970062015803,2.5560113635460304,27.387602604972106,3.554741071245648,232.437879262987,3.837225643891179,11701.617319215242
2022-09-15 18:49:40.380001,94.5282504734956,2.3991061028793976,27.762445133384336,3.5927045332103376,222.87532792717005,3.753393516077672,11193.614777389299
2022-09-16 18:49:40.380001,97.60477044204508,2.558887111500494,26.927479853249373,3.4956884398646384,227.9699892949914,3.7792037184200384,11183.066732561112
2022-09-19 18:49:40.380001,100.06396449521344,2.6066294085093897,27.237490347371917,3.593874923623099,240.38532861344353,3.6685865756671023,11290.245550812804
2022-09-20 18:49:40.380001,101.82250783329786,2.5503450085046215,25.61716683002326,3.6446668712065518,252.94253043342601,3.577643753391185,11145.469627323711
2022-09-21 18:49:40.380001,102.64839157974262,2.4751494955273725,25.96376125234129,3.598762999011512,247.5139467939779,3.505031475046358,11485.939730921575
2022-09-22 18:49:40.380001,102.67847616434477,2.5460065186437997,26.55400027263811,3.546161509586582,228.99102073398018,3.289872423994252,11433.187987241716
2022-09-23 18:49:40.380001,104.45758298612522,2.5543412366164233,27.00283070517705,3.5982950807682896,214.5447598530146,3.2996259303267856,11629.961532624538
2022-09-26 18:49:40.380001,105.23606804618426,2.6700735500722783,27.237824977332565,3.587020129045998,216.04546196422692,3.1387101950117806,10796.168873853396
2022-09-27 18:49:40.380001,103.05118473415517,2.6704716380916507,26.78399301605994,3.603461584089651,203.45081562515256,3.26916245479342,10314.312947733133
2022-09-28 18:49:40.380001,101.19546604934914,2.6486918349747586,27.605403141208267,3.7707724869928136,197.80057246392258,3.4982336164657033,10157.180861433055
2022-09-29 18:49:40.380001,101.45810176694582,2.68065142112898,28.335836005649416,3.7575686284650214,195.4406781329289,3.412525634745769,10286.703627219344
2022-09-30 18:49:40.380001,102.14773623322216,2.6846272893884837,29.202885029692116,3.923539154971273,198.77201837158665,3.54436750630392,10076.67825664793
2022-10-03 18:49:40.380001,101.21819183239722,2.495705572323193,29.553584853372815,3.6620593637086154,195.64383707713418,3.6708891458156256,9806.809797872504
2022-10-04 18:49:40.380001,101.53927412548659,2.507932431888769,28.997200508040113,3.5817122163120962,193.10453704397693,3.6606249922646814,9490.580411295146
2022-10-05 18:49:40.380001,100.11297433747406,2.5138465262309038,29.220732250169416,3.650185518229299,191.5488772615533,3.572536828991608,9380.334927758213
2022-10-06 18:49:40.380001,104.21657386424826,2.51272265808299,29.478697365702363,3.6496091150643983,194.11322199487694,3.497925418601188,9556.318534100647
2022-10-07 18:49:40.380001,101.9606576927216,2.421547119756896,29.545292277497612,3.6615904970352187,199.48107565219223,3.4477100658826454,9321.902313472818
2022-10-10 18:49:40.380001,100.72713713363667,2.3859546972434913,30.213350072307026,3.5635824090047254,204.76058941140857,3.4723702003608286,9963.50595928236
2022-10-11 18:49:40.380001,101.53256136510537,2.3656282847692527,30.468706468708646,3.691199144066158,190.65803779774697,3.638503063875938,9425.243651595281
2022-10-12 18:49:40.380001,99.6238887618671,2.436247468189503,30.453389592511837,3.849807230282991,189.90723768626657,3.588155649645357,9054.925012465841
2022-10-13 18:49:40.380001,99.15446390271379,2.440594481667415,30.83744537481426,3.8375526536325215,202.07725464771136,3.7046562509490033,9297.176781273378
2022-10-14 18:49:40.380001,100.50290456740598,2.476016162714302,30.838191873454296,3.7681738210339275,192.4889549734041,3.7018659356870423,9202.117778370835
2022-10-17 18:49:40.380001,99.8671157026338,2.396635891791236,31.748794818371323,3.8143685570766857,200.0427524711749,3.7738541917024966,9216.820964069855
2022-10-18 18:49:40.380001,96.31609069125835,2.376587963323753,32.8384771251785,3.7631749065089286,203.46735193259218,3.775886432885552,8931.921188978557
2022-10-19 18:49:40.380001,95.6272865678109,2.428582917618533,33.34633935738002,3.752922603771197,206.69064239595872,3.862125334558657,8847.3980071035
2022-10-20 18:49:40.380001,96.01401462158596,2.4036960271190972,34.438774434772,3.6069073822243043,202.4148566022006,3.974367051034316,8835.76966172109
2022-10-21 18:49:40.380001,93.26037406760447,2.513066704185449,34.01042357143626,3.741357389646171,186.66252479273712,3.9828305785114813,8850.86841688674
2022-10-24 18:49:40.380001,89.34989696284534,2.4843198069704924,33.51355681832557,3.6377945081578438,191.6344000823388,4.006220531916976,8434.449355971743
2022-10-25 18:49:40.380001,91.4407661122411,2.3892630115630324,32.036097179241686,3.5903123360241986,188.779607666512,4.1686376582848315,8590.02745997737
2022-10-26 18:49:40.380001,94.52251534973044,2.3689181625086624,30.27997317805927,3.656040850320718,197.13737483098095,4.190928519925739,9011.737695774034
2022-10-27 18:49:40.380001,95.14195984180711,2.3867560325666344,30.360719775571855,3.71599108282754,208.37884457906472,3.9944917612712847,9192.177928922036
2022-10-28 18:49:40.380001,96.45620177167031,2.4088153819693767,32.30501879441949,3.8136661672468137,196.28553302451823,3.939130904532696,9349.868894914174
2022-10-31 18:49:40.380001,95.37075048162556,2.544789412104561,33.62488824512441,3.801687197946067,202.0151402595862,4.047273443993962,9121.159121841605
2022-11-01 18:49:40.380001,97.11138331241494,2.5539106436471,33.25055965858037,3.941001848984819,206.44197952587405,4.119048779308404,8788.220389766615
2022-11-02 18:49:40.380001,99.91436518609777,2.5740976704207754,31.070696666250665,3.819990408827384,203.23606508029565,4.077097715532646,8717.962020499563
2022-11-03 18:49:40.380001,103.62242961012917,2.536791175654222,29.916669442258222,3.8039713727687112,193.6372472496848,4.02363276368863,8425.154433791306
2022-11-04 18:49:40.380001,102.41368840928763,2.5077790833004983,30.924426452781145,3.7073881280356313,191.4612986348602,4.085484562644527,8811.25156741294
2022-11-07 18:49:40.380001,105.78488018247488,2.460286601520509,30.7552582173843,3.6511909723016154,198.51026806973746,4.224588289307099,8515.792903643507
2022-11-08 18:49:40.380001,105.88341068705168,2.375018190891399,32.19895929800015,3.603589272227506,204.3674257585808,4.200896554572973,8510.330590480515
2022-11-09 18:49:40.380001,105.42596770516924,2.3682306911661364,31.915782838960165,3.674579886532698,207.82915824284814,4.166439581695114,8932.143854025868
2022-11-10 18:49:40.380001,101.73331762372071,2.274193427099474,31.940098342543415,3.603106882917273,213.34044204409832,3.991849419706255,9055.027230972675
2022-11-11 18:49:40.380001,104.16465206274529,2.260460117525267,32.47775137819993,3.6615243127982597,215.00928310705584,3.9395385390145483,9436.893863396832
2022-11-14 18:49:40.380001,99.37572200869477,2.2789551822737346,34.3839125787569,3.84760144854031,202.89718874169517,3.98233060076939,9384.973203637777
2022-11-15 18:49:40.380001,100.12500534718353,2.280479344495402,32.610519192300565,3.972366332341026,208.1179022562917,4.023467855088975,9261.234934568922
2022-11-16 18:49:40.380001,97.9299684102793,2.282314296100198,32.8496363583804,4.081519921640672,203.73797827797063,4.214982488875884,9315.59369637007
2022-11-17 18:49:40.380001,96.01926214340283,2.3224408029099237,30.447824312850415,4.053550269633477,207.8849605444517,4.139641319826341,9920.97999284757
2022-11-18 18:49:40.380001,95.37080807344832,2.3154723288736814,30.85164226465403,4.116781195480463,205.79596477393292,4.1185282084397565,10122.662760766409
2022-11-21 18:49:40.380001,94.22969421716137,2.310393841350144,31.76387705283123,4.3157563037225035,220.0313556339959,4.171806016107155,9893.226926630632
2022-11-22 18:49:40.380001,93.42310808360341,2.2820119470118967,31.666430308883196,4.395856068766687,225.7362340471219,4.198768590438693,9809.645441444603
2022-11-23 18:49:40.380001,95.65450737877974,2.324664807476567,31.656756351076247,4.323989112731598,230.5496718180492,4.05016848868029,9804.979723818558
2022-11-24 18:49:40.380001,96.32033154034151,2.3358298889710944,31.890877553055883,4.374318361213252,235.15705251647296,4.148486735732744,9636.976211182808
2022-11-25 18:49:40.380001,95.40936310802385,2.3441652347148665,32.01790039514804,4.362388439481616,234.34738897830772,4.194614689554174,9194.051065139842
2022-11-28 18:49:40.380001,94.73011075317324,2.3445263514053303,31.354988013528033,4.397163265540726,235.54618523991203,4.052850574841381,9473.094820350669
2022-11-29 18:49:40.380001,97.0604487791303,2.309766818321617,30.353550810825052,4.196091423385167,230.90638195122816,4.102874389389472,9496.91261695992
2022-11-30 18:49:40.380001,95.45662350814155,2.3613299933074754,30.903766100506367,4.1968901165385715,236.56189027570295,4.009716213006902,10032.845649805493
2022-12-01 18:49:40.380001,97.20572803313942,2.363025069080405,31.72734163750455,4.184692394743783,237.79040338192672,3.867515780492866,10065.335086266286
2022-12-02 18:49:40.380001,97.12015664419035,2.329839362137975,32.47944384556952,4.2447082349713225,247.52339646771878,3.9418149843388774,10049.625505956563
2022-12-05 18:49:40.380001,95.46764860521155,2.3840026510170187,32.72519082371864,4.010920972779624,249.71254255051122,3.7710362374955895,9704.944141861139
2022-12-06 18:49:40.380001,92.69215724916891,2.31816572865861,32.47939003329157,4.058174882901954,246.00001088985346,3.958538759370347,9519.220239348977
2022-12-07 18:49:40.380001,91.4074698231528,2.2963085122041647,32.72620750472029,4.257236523614249,245.57865402083712,3.9587448073922626,9257.49890356599
2022-12-08 18:49:40.380001,97.4457840029613,2.3357540962918337,32.4681156283992,4.200022952987445,240.91733667297302,3.7473801455877567,8864.297928569307
2022-12-09 18:49:40.380001,95.56618855062229,2.3086967701033823,33.59773343544308,4.165203665145733,227.7028670487232,3.6769581991996096,8741.529848488317
2022-12-12 18:49:40.380001,91.00698525014097,2.3516844100862726,34.723991334062674,4.186781154778754,219.48292951611836,3.58136670052399,8725.406548455338
2022-12-13 18:49:40.380001,96.80743921873724,2.4257867690686523,34.68920883835845,4.278059492963451,213.47459505925426,3.676081489271273,9014.62302045044
2022-12-14 18:49:40.380001,93.26210861359588,2.4156281508638155,33.76944155642527,4.323588226639836,206.28858848304313,3.653653206836114,8849.546130469362
2022-12-15 18:49:40.380001,92.05989945096198,2.4253892982120084,34.32637070203982,4.297085851306881,210.49300533269346,3.8119979473885897,8849.182683313993
2022-12-16 18:49:40.380001,89.63172798580058,2.3776811580264554,34.24989881139843,4.391957818320619,205.74276421536936,3.6708196146708443,9178.652834115694
2022-12-19 18:49:40.380001,88.87240519415559,2.3427559613687556,34.38171284877977,4.162554407248875,213.5434051139048,3.6829121883134395,9517.228534763888
2022-12-20 18:49:40.380001,87.3408434147438,2.37269334319073,34.705762635172555,4.237584939492009,203.68020984405433,3.6568442557067367,9691.558084223569
2022-12-21 18:49:40.380001,87.7221298538588,2.356454513494341,33.65335495080042,4.177473690549846,207.28085693247658,3.55976905562514,9815.177637479539
2022-12-22 18:49:40.380001,82.22468363439984,2.3720934583661974,32.36837679491115,4.143917442287786,196.01272350890775,3.576206179933858,9606.377961544213
2022-12-23 18:49:40.380001,84.78960398442362,2.3101175750235052,31.940846585609815,3.8992943117673247,201.83443991861915,3.590209979920716,9724.90048647778
2022-12-26 18:49:40.380001,87.05639197709895,2.2665806163649873,33.017133740071394,4.060386124641476,198.55183748686255,3.591964865657187,9899.867134447397
2022-12-27 18:49:40.380001,83.8344027300385,2.200590624863125,33.53572315288149,4.415098855644965,202.57418856267682,3.645297314148163,10184.956871924298
2022-12-28 18:49:40.380001,79.8064440495296,2.2525609917409803,32.172779301793256,4.653122684294986,206.69413031960715,3.678389317229941,10067.773047441442
2022-12-29 18:49:40.380001,77.56528289314105,2.219363958817844,31.677178993972305,4.554723319889149,201.59761523247937,3.752713344515953,10669.877826858057
2022-12-30 18:49:40.380001,76.28465989318502,2.218979717642891,31.886313833963623,4.582349624393779,190.53912444536545,3.80706627792299,10981.496456837458
2023-01-02 18:49:40.380001,74.25658194520449,2.20234328692075,32.883105536689406,4.480971539897486,196.3697753095305,3.7457065033677526,10950.340186005342
2023-01-03 18:49:40.380001,77.40522629625463,2.2428976017794864,33.458819283955805,4.518564040954006,187.103945772915,3.78047302266411,10995.285509990385
2023-01-04 18:49:40.380001,75.20962849301365,2.2603743305437973,32.69070341336352,4.387523372552804,188.9871803522671,3.7155774839529303,10486.495007299847
2023-01-05 18:49:40.380001,74.15779167869779,2.2393750283336007,32.55587790936495,4.554436186198032,186.60994767396028,3.6812375546352114,11298.97990017949
2023-01-06 18:49:40.380001,70.97999713942222,2.288369893440025,32.25423256285016,4.648367221970092,194.23344956811744,3.709550548835956,11229.207061325318
2023-01-09 18:49:40.380001,70.58922783679103,2.294986361763354,33.658639902605444,4.555717384880806,198.61042090382674,3.751888769966944,10934.089063576386
2023-01-10 18:49:40.380001,75.17273842492568,2.3113486125924916,32.77927201886032,4.442035591370738,200.22105974473772,3.738190670794217,11711.296131246667
2023-01-11 18:49:40.380001,74.39141952021862,2.3181207357626925,32.52993619325859,4.632807814060919,194.0677998676546,3.714509178395849,11778.891968479928
2023-01-12 18:49:40.380001,77.57212014962339,2.277284623352436,31.93873095236685,4.49625547027826,189.38994751016165,3.6735639325406635,11659.358669635707
2023-01-13 18:49:40.380001,75.77884036119973,2.302020860181915,31.92172571214562,4.618428294349799,183.43112488771186,3.5468294693867657,11715.295660431368
2023-01-16 18:49:40.380001,74.94792838208143,2.3227050351751077,32.56272140086628,4.392713656336232,177.0713968156803,3.4948360112341543,11605.214229564277
2023-01-17 18:49:40.380001,76.94217744206044,2.29692519776581,33.63942114950482,4.300326066031599,175.49042126593076,3.5087044206134506,11401.699990553803
2023-01-18 18:49:40.380001,78.77695238585598,2.1931644828233385,34.75926524577616,4.1603693440168,179.01020984552818,3.5246288606391967,11659.732445264093
2023-01-19 18:49:40.380001,81.66134447591331,2.127702015421489,34.41248284286609,4.102000150605204,178.95847765331504,3.6424719879043113,11422.76396849817
2023-01-20 18:49:40.380001,80.33347537532953,2.1401493717542155,35.17578513087944,4.2968127414775275,171.6813242602052,3.747396512010239,11331.219767143677
2023-01-23 18:49:40.380001,76.68632123075342,2.149389244246594,34.65368868502,4.348716709086075,176.83253864035734,3.757914265171685,11461.765613589543
2023-01-24 18:49:40.380001,79.06600340149693,2.1532846991181986,34.55727401583462,4.442667619536492,177.77028365566426,3.797117667205706,11288.411703301495
2023-01-25 18:49:40.380001,77.66796666380087,2.184654035630953,35.345029555270884,4.422052678940317,187.5576293925127,3.937267828214635,11555.699483780314
2023-01-26 18:49:40.380001,79.88454859244067,2.1449853895668816,36.03578199843273,4.278395305586574,188.0908193838068,4.028917842538165,12074.256198278863
2023-01-27 18:49:40.380001,77.40191125845371,2.070270607965791,36.93526058883473,4.27984955070298,191.0728079140457,3.905998306091539,11974.240865925784
2023-01-30 18:49:40.380001,77.30802716978889,2.108361498257881,36.27376150216616,4.197062602617923,194.41306804710368,3.923624201080954,11880.305776732985
2023-01-31 18:49:40.380001,80.02539656378333,2.105980724065218,37.422285328220994,4.0459188615111215,189.79571597424825,3.942504738191288,11668.818970851677
2023-02-01 18:49:40.380001,79.00544828038377,2.119447254077108,37.49803576294317,3.8807038622952614,188.8310076954928,3.901675418241801,11749.077376161833
2023-02-02 18:49:40.380001,79.9268656244339,2.090183662768654,36.95331099142461,3.9663128226787507,182.12447643006146,3.9534365493544597,11481.27698514775
2023-02-03 18:49:40.380001,79.33952724798772,2.0915255908884816,37.16016149161699,4.0529079280167295,180.6146963694706,3.9838110029312395,11770.327062159073
2023-02-06 18:49:40.380001,79.4418509299255,2.080981748954203,37.08506583414453,3.8703204461942535,180.14469682473626,4.0853245742693085,11884.8569294621
2023-02-07 18:49:40.380001,83.63363458342738,2.125093178017249,36.1558954506519,3.790537105749008,180.58646979061552,4.222827477048097,12299.702795893696
2023-02-08 18:49:40.380001,80.94724567528286,2.142446990001213,34.633197751538276,3.88378417728925,173.64876726031278,4.458631038016396,12061.863338944
2023-02-09 18:49:40.380001,83.76802822990035,2.0856276539401275,35.224688352284495,3.7404349196511952,175.6521113711937,4.337893072217178,12152.448350753562
2023-02-10 18:49:40.380001,81.83047248978029,2.0952053274167897,36.43845427555288,3.9165411868666076,169.39530873248552,4.443750332094546,12137.464554351796
2023-02-13 18:49:40.380001,84.50135318254326,2.155281647559159,35.79889343875921,3.7621811915513583,164.54409999844995,4.205492121682956,12023.18626312026
2023-02-14 18:49:40.380001,82.25269499223778,2.137580085583108,35.56817626761854,3.5883206849337994,171.34043006090693,4.1657247625654445,11912.615107865226
2023-02-15 18:49:40.380001,78.62689586680976,2.1000893557757965,34.26020342116485,3.553015469059807,172.941165324678,4.0745745088218,12031.257149027311
2023-02-16 18:49:40.380001,76.60708452311006,2.0595275578655206,33.2438950490729,3.500335286637902,171.0072201372575,4.2224533677446345,11775.117992808018
2023-02-17 18:49:40.380001,72.46554824362386,2.0582608087795835,33.976424604743784,3.358150079896863,175.86713798667583,4.148503371486445,12216.45721474264
2023-02-20 18:49:40.380001,70.92586892449954,2.0516791930672515,33.8111322403548,3.347912520493094,181.73702778730896,4.180152883822784,12090.864854227993
2023-02-21 18:49:40.380001,77.2525961163191,2.0593768311274463,35.13478820149064,3.280700816441365,185.2697499232439,4.263383259751632,11924.538565004681
2023-02-22 18:49:40.380001,75.24852120372243,1.9809996072974567,34.560813643692285,3.242797015085169,170.52560739025816,4.209880540680724,11972.696195633673
2023-02-23 18:49:40.380001,76.0245866171284,2.046457874747306,35.84849946371243,3.3464152276302275,176.96130201980466,4.497671682206695,11878.870509245828
2023-02-24 18:49:40.380001,72.85955341915061,2.089646506317828,36.95735161753739,3.3873160800328947,177.23379318319027,4.511562469830199,11713.358365228101
2023-02-27 18:49:40.380001,69.31650365186752,2.0672648804488327,37.45401621475794,3.1071573820079212,169.9460634605383,4.492277560606497,11867.488090178642
2023-02-28 18:49:40.380001,69.2620284076226,2.042111177259798,38.797758088572216,3.070946528218496,170.02632374147632,4.598344402187018,12082.110526956325
2023-03-01 18:49:40.380001,69.24531786759952,1.9721740790388211,36.93929580777002,2.9880386363516704,169.23272933743084,4.575002544549095,12374.539815073003
2023-03-02 18:49:40.380001,70.125591042522,1.9401931361133216,37.31254949622126,3.145046771060274,172.23998117475003,4.459236890586042,12692.79724895361
2023-03-03 18:49:40.380001,68.82695260183353,1.9625381688429941,38.483687220224375,3.2001814447050236,171.735690628426,4.465534838870437,12062.00927548685
2023-03-06 18:49:40.380001,71.96619068588409,1.9223302691562216,38.498028082813484,3.1061583315075096,169.23074227537344,4.335936048756025,12154.484909500823
2023-03-07 18:49:40.380001,65.52555773353795,1.8891194171536232,38.29909387814486,2.989835836883454,167.88963948710384,4.357431593019901,12391.579241444024
2023-03-08 18:49:40.380001,67.96735247486085,1.8742265007250103,38.25457204896305,2.98024155309627,169.9142478703494,4.344823194926405,12514.180139156992
2023-03-09 18:49:40.380001,66.95272105391437,1.8430987174523463,38.42494503279561,2.9231269179767096,169.536174610157,4.377337729234614,12693.4704388971
2023-03-10 18:49:40.380001,63.933981587556985,1.8449831168505193,37.66086940585763,2.7964933012002025,166.93845769629573,4.178877713437415,12627.726146041667
2023-03-13 18:49:40.380001,67.86916291189982,1.8615680544262825,37.764366532531696,2.7315948276137787,163.45128862840585,4.096110073599378,13221.215604958363
2023-03-14 18:49:40.380001,71.01971071137353,1.84433402912782,38.4773519226345,2.6339482095861886,163.49489871065455,4.063920774181087,13146.414902420884
2023-03-15 18:49:40.380001,71.05675012994502,1.882395850120505,39.57892216214744,2.3854839448980725,167.3265531634453,4.226951898959642,12911.56605427831
2023-03-16 18:49:40.380001,68.78174989951812,1.8354609600249472,38.62411145972882,2.3558052088189,172.6532480834996,4.178600231899055,13053.022851781634
2023-03-17 18:49:40.380001,67.92269301282218,1.8792093630306488,37.92619343201213,2.3691757950130645,172.98921604100133,4.136911498220618,12920.402727313307
2023-03-20 18:49:40.380001,72.47090527149794,1.882162933491062,36.85047050723679,2.4998946209147794,179.36382500294295,4.156918933778765,12889.573586761308
2023-03-21 18:49:40.380001,69.03413794683318,1.8315806786278497,36.98809302639805,2.4816017902048366,180.8785641871576,4.112695135675048,12820.02142738757
2023-03-22 18:49:40.380001,68.09967818585261,1.8061482762858325,38.76696079947332,2.717991916260827,178.62586954700757,4.1409026065851275,12549.77108433357
2023-03-23 18:49:40.380001,72.77878306289455,1.9027869399617838,38.08784856848047,2.7590218828602144,172.9495248074858,4.183196886935209,12540.975776742767
2023-03-24 18:49:40.380001,73.9436881807458,2.0192766023034916,37.32883169076312,2.6006590802409155,174.5889108144856,4.172680567405365,12162.74785986421
2023-03-27 18:49:40.380001,73.34320986593104,1.9584809423627425,36.92842867369302,2.5562378499329075,177.44556298063023,4.279425681907965,12481.182375381804
2023-03-28 18:49:40.380001,72.27194798374074,1.9379920433507458,36.37333470466244,2.6458785541731555,183.29527683860425,4.046536132346421,12764.768752793498
2023-03-29 18:49:40.380001,78.07098442633901,1.8697981716425998,35.856215793804786,2.679883008354674,187.59623164233975,3.8343302747025922,12602.047929101807
2023-03-30 18:49:40.380001,79.08315210187106,1.8436049167633355,35.50122462745189,2.5306633981728868,182.61845050207742,3.8465383001298594,12644.086402699804
2023-03-31 18:49:40.380001,77.49055644823694,1.8523625755859092,34.05728614123661,2.500954001157555,180.88686213402468,3.809603755917927,12272.622098466207
2023-04-03 18:49:40.380001,74.42412452079292,1.7667200341350962,33.89917668317521,2.658128352183092,182.49979944222287,3.7769587169565733,12269.32169208666
2023-04-04 18:49:40.380001,76.65688387174298,1.75,34.26652117634343,2.6064173065816814,183.56186109684808,3.942400026950002,12167.002052677184
2023-04-05 18:49:40.380001,74.42885944811246,1.75,34.05526579090049,2.6047067050590424,182.7537402651508,3.885141289499045,12350.296039276458
2023-04-06 18:49:40.380001,72.21179391079845,1.75,35.075984595838165,2.6214532429883968,185.62328858613887,3.9553882712423873,12177.707224053102
2023-04-07 18:49:40.380001,71.88163211170468,1.75,35.41822170978333,2.7250950796701185,188.80534999710162,4.015215592688014,12413.00917645304
2023-04-10 18:49:40.380001,72.75370598791643,1.75,33.78578670009404,2.668326810412691,182.49618064114827,4.198185495967797,12064.372573927074
2023-04-11 18:49:40.380001,70.07010265376103,1.75,33.91133300887419,2.825932701590703,182.25636157428315,4.13356459941997,12417.281218994678
2023-04-12 18:49:40.380001,69.75990802420013,1.75,33.958087001185774,2.770539766550175,174.84857202188553,4.031267413201328,12358.426363064764
2023-04-13 18:49:40.380001,71.18538616318475,1.75,33.759256199421145,2.850982014029878,174.54956593140676,4.027141825621347,12078.173073890923
2023-04-14 18:49:40.380001,69.48366270900036,1.75,34.57546458259689,2.8776807968942055,176.14659312406172,3.83115084513412,12016.5068570383
2023-04-17 18:49:40.380001,66.23466307404547,1.75,34.71834700974157,2.986278103631717,174.8866287650419,3.8042099074678557,11607.894206706866
2023-04-18 18:49:40.380001,65.04619607394848,1.75,34.552217638667756,3.122500450907793,168.9394494092921,3.7758771210276882,11442.785086985466
2023-04-19 18:49:40.380001,63.66590764435601,1.75,35.063414123603366,3.0448054374751705,170.24851283130394,3.6621479515558417,11242.27961856231
2023-04-20 18:49:40.380001,60.469870687278316,1.75,34.23309754363525,3.2175923210708586,175.9349254892496,3.6729661051792544,11330.53584502611
2023-04-21 18:49:40.380001,57.0813084553683,1.75,34.22749943276462,2.997676086238866,181.16382838008138,3.5983131664579835,11166.865045409691
2023-04-24 18:49:40.380001,58.24218607874801,1.75,34.81707401391705,2.9207315590210627,177.19726073572434,3.5106851978670486,11324.785353104977
2023-04-25 18:49:40.380001,55.7936739538235,1.75,34.09225636808415,2.8426111991930276,181.86480871589592,3.379023845625288,11365.573935996194
2023-04-26 18:49:40.380001,57.841326602007015,1.75,33.0041393493216,2.8358355749991206,183.92157599902774,3.3843562331549024,11374.246262671493
2023-04-27 18:49:40.380001,56.221317166244354,1.75,32.02283378804545,3.0302573929024534,182.75847697860962,3.461180665880597,11286.26474256322
2023-04-28 18:49:40.380001,53.08771144898756,1.75,31.945834208312995,3.1930529921080173,183.94328593383838,3.364691020216981,10973.161480472143
2023-05-01 18:49:40.380001,55.40496535847848,1.75,33.16582616821877,3.0033387244619085,185.62332553414396,3.4095299076623453,10643.690639667568
2023-05-02 18:49:40.380001,55.143207535691,1.75,32.9878957907769,3.1154185565840766,184.50475890962986,3.401037470907982,10910.721329266367
2023-05-03 18:49:40.380001,59.89614675040797,1.75,34.79207152277953,3.1486467514885583,180.15665948998787,3.3737822824433787,10922.699685252828
2023-05-04 18:49:40.380001,61.9031270909225,1.75,35.635408547501086,3.1658391419661607,179.26208025475182,3.4415842668000076,10865.21346677461
2023-05-05 18:49:40.380001,63.74173698153444,1.75,35.722418528010714,3.1233270607603028,182.44586731176602,3.5487297362818855,10579.256814192024
2023-05-08 18:49:40.380001,66.1100100582471,1.75,34.42388541234267,3.0905847325090834,185.13167618962026,3.592257831850433,10367.162708617674
2023-05-09 18:49:40.380001,63.794291315717835,1.75,34.78015549842414,3.0269722623610384,183.5942269741225,3.4873134810986453,10161.74820127926
2023-05-10 18:49:40.380001,67.22239259516178,1.75,35.284056186482324,3.1701295431326777,173.66599657598434,3.5860689712293774,9996.790562280234
2023-05-11 18:49:40.380001,68.75492593054399,1.75,33.696466683806435,3.0226913151892365,170.14710523485866,3.6031875417601724,10085.215430434393
2023-05-12 18:49:40.380001,68.12605601948198,1.75,34.764255627709026,2.9242485475456177,170.98913322541281,3.5131324570858986,10204.671865128419
2023-05-15 18:49:40.380001,68.0110752153626,1.75,33.972975205875606,2.926335782553809,170.8414917869669,3.6535381697633826,10381.29160597211
2023-05-16 18:49:40.380001,70.05681905513167,1.75,33.483324232710586,2.948656394164139,171.94497602314138,3.518810726949861,10244.546518203784
2023-05-17 18:49:40.380001,71.8220135021009,1.75,34.28955315968685,3.0576190282414806,170.9501802355602,3.4360656012127033,10305.537765746252
2023-05-18 18:49:40.380001,71.06628169947629,1.75,34.86532880630521,3.012067199401662,170.17585734847486,3.423846843500749,10289.86723921577
2023-05-19 18:49:40.380001,73.78767570160677,1.75,35.7418764859534,3.052057712232532,165.10474151767338,3.53680384669321,10235.006217987384
2023-05-22 18:49:40.380001,71.81951534712346,1.75,35.27014100604102,3.050793887144172,162.9050823352654,3.3030276414370747,10168.730955771478
2023-05-23 18:49:40.380001,70.18828432478861,1.75,35.61998091877328,3.0183290058928596,169.2996056935494,3.3009504781919072,10101.193974286884
2023-05-24 18:49:40.380001,68.07083722376207,1.75,35.007670939353446,3.0001150366744307,160.43488226575246,3.1493730297525326,10450.41373583496
2023-05-25 18:49:40.380001,69.68064243120092,1.75,34.947413612644006,3.0642239115254033,161.23725651545635,3.04562869229191,10781.508217097853
2023-05-26 18:49:40.380001,67.68581642613239,1.75,34.527832584863035,3.1260097925029253,161.2945512660412,2.953143838499074,10710.58084365608
2023-05-29 18:49:40.380001,68.56208351996467,1.75,33.54175032314278,3.174161608121309,155.6175337948664,2.7671499399002832,10721.155811381263
2023-05-30 18:49:40.380001,70.62767834079384,1.75,34.129540870181785,3.152609662747829,158.05882396895578,2.6786151980777153,10950.2085606624
2023-05-31 18:49:40.380001,74.02961539299153,1.75,33.2496912229787,3.1219411756856084,163.31544643401114,2.5884485813522153,10644.316438541007
2023-06-01 18:49:40.380001,74.18286324878416,1.75,32.769838866662596,3.0649239960359447,161.7393406948611,2.4744606581616475,10704.716229535072
2023-06-02 18:49:40.380001,74.06955431726624,1.75,32.533791274337986,2.947893584059935,161.641608818252,2.4258893541301085,10481.380262586996
2023-06-05 18:49:40.380001,73.02280856478436,1.75,31.97358434584841,3.1009009775282736,163.23979065874067,2.3597885871450246,9894.167350923595
2023-06-06 18:49:40.380001,73.2383697703742,1.75,31.119937898138673,2.9197520040730955,160.9901143805045,2.3995850347324996,10098.993955143967
2023-06-07 18:49:40.380001,74.91721108702681,1.75,31.351344835345294,3.0246764450344896,157.3445197377854,2.4000158435051944,10211.466041935904
2023-06-08 18:49:40.380001,73.21483141015212,1.75,31.552767882720712,3.1972637358890257,157.2664702827849,2.431815057302292,10849.591274273223
2023-06-09 18:49:40.380001,72.60891725137941,1.75,32.23756688681366,3.275531057361261,166.54961786604676,2.447889597609063,11011.546016621933
2023-06-12 18:49:40.380001,72.2789611566548,1.75,32.19013415918848,3.3247521172097607,167.75600511907822,2.3311656953608972,10688.109987697986
2023-06-13 18:49:40.380001,72.52673377899528,1.75,32.667242121043174,3.2679788253471314,164.91699725416578,2.501442058386462,10512.298306344428
2023-06-14 18:49:40.380001,73.36637864215248,1.75,34.073302028303324,3.3076909175688445,161.1800974612368,2.4101477421937383,10595.519092102944
2023-06-15 18:49:40.380001,72.63763792742726,1.75,33.61287344828848,3.365460540346375,163.82941656849326,2.3500569063884957,10399.411116015679
2023-06-16 18:49:40.380001,74.92841735251093,1.75,34.515653094366634,3.417711688012308,158.65150553959498,2.3553944903958324,10211.123875169407
2023-06-19 18:49:40.380001,72.98442434432872,1.75,34.044546375932015,3.509573852677567,162.25862421868348,2.3542908852102973,10205.74238831513
2023-06-20 18:49:40.380001,73.14942197145342,1.75,33.84176611405167,3.4638729446404306,165.84418575837398,2.25,10391.494753662982
2023-06-21 18:49:40.380001,74.02959849224614,1.75,34.2324995864068,3.4070778879314525,161.33862657574252,2.25,10622.353916207707
2023-06-22 18:49:40.380001,74.20599237026828,1.75,33.398324671045096,3.3692257245805886,163.19887511184905,2.25,11109.5388641239
2023-06-23 18:49:40.380001,71.87344024017777,1.75,33.19742579956236,3.36069332601932,164.62452796587672,2.291118802878704,10935.135272092253
2023-06-26 18:49:40.380001,72.53093298414831,1.75,32.36953639067396,3.456231418542488,161.25144106363183,2.3612600018481174,10861.066500767685
2023-06-27 18:49:40.380001,71.52108452334755,1.75,32.46617980029934,3.3696207454831892,158.89043514925933,2.289193894827251,10953.337704107773
2023-06-28 18:49:40.380001,70.75505970128867,1.75,32.162449176261916,3.323123608567782,155.6880282557217,2.396486915202589,10979.667590507726
2023-06-29 18:49:40.380001,72.26360253481981,1.75,32.62766355398867,3.3095225274084608,155.0,2.4530382988082593,10898.293530325067
2023-06-30 18:49:40.380001,72.14529722143403,1.75,31.773682014228083,3.2685221374054088,159.10688709824663,2.4559747293966083,11360.891036320543
2023-07-03 18:49:40.380001,70.54623309250982,1.75,31.453246931005346,3.3666450338653555,159.94173660673374,2.5167960002787777,11251.054708552965
2023-07-04 18:49:40.380001,70.36401755735487,1.75,31.587953447574616,3.308373725413434,157.1033113812891,2.631015406689193,11467.124409359407
2023-07-05 18:49:40.380001,70.79325062515161,1.75,31.590593577415728,3.2440469844793234,156.76652238985372,2.6214995563017345,11607.072035175403
2023-07-06 18:49:40.380001,69.96537499465055,1.75,31.897458895768562,3.205139278165286,155.0,2.715521699146043,11395.948271593628
2023-07-07 18:49:40.380001,72.94517956285175,1.75,31.506773989363193,3.3109790055545645,155.0,2.9534748919677143,11073.5554565433
2023-07-10 18:49:40.380001,70.7317699853773,1.75,31.18684475588302,3.3896951147809977,155.0,3.037650218590318,11501.504278266022
2023-07-11 18:49:40.380001,69.05122580715724,1.75,31.17629719710487,3.415404916414286,155.0,2.9314306807954926,11432.849951787093
2023-07-12 18:49:40.380001,68.55865891439855,1.75,30.138059248685813,3.3873678389977084,155.0,2.9394153860397196,11290.064790903396
2023-07-13 18:49:40.380001,66.98071544708887,1.75,30.35188280556317,3.455121566628033,155.48362596196534,3.047730541074628,11350.81165314689
2023-07-14 18:49:40.380001,65.88844790988621,1.75,29.9503093622193,3.5919070908958366,155.0,3.084696592714575,11470.882446854861
2023-07-17 18:49:40.380001,64.07549602799975,1.75,29.17636421975179,3.640288032996553,155.0,2.9152986001603103,11327.28125178288
2023-07-18 18:49:40.380001,63.46138722676268,1.75,31.034198070725687,3.5501175228324406,155.0,3.0316857955125536,11250.124688665763
2023-07-19 18:49:40.380001,62.484254472709466,1.75,32.40873663515817,3.783993499915532,158.34856377121432,2.7648401428618103,11231.25346486037
2023-07-20 18:49:40.380001,63.8024037825653,1.75,33.29837132574787,3.780752784774832,161.1951558501096,2.8613443594698875,11334.490711017097
2023-07-21 18:49:40.380001,63.38161661124723,1.75,34.104099555972454,3.776146855284777,161.2057371143365,2.9120774621695924,11485.654123467137
2023-07-24 18:49:40.380001,64.07017758819698,1.75,35.62720239547219,3.8224160797431472,155.0,2.7470433704008848,11524.479295027573
2023-07-25 18:49:40.380001,63.93273276156202,1.75,34.89611378714124,3.761578666068048,155.0,2.824664403234132,11233.531996968777
2023-07-26 18:49:40.380001,63.76942728679006,1.75,34.03670493633464,3.707020444091685,156.67988665787934,2.9132481604690903,11045.877526715554
2023-07-27 18:49:40.380001,61.03113845026413,1.75,33.01474416295347,3.7477207639373504,159.98423737187414,2.8684141159069094,11193.740497405946
2023-07-28 18:49:40.380001,59.21402915877774,1.75,32.961019910418585,3.825106316892878,155.0,3.057315458144064,11362.2585031496
2023-07-31 18:49:40.380001,60.318914459383315,1.75,32.38301544708398,3.6488678288364955,155.0,3.087087634887646,11407.881423996667
2023-08-01 18:49:40.380001,61.5963973094257,1.75,32.66622472887738,3.6507607063693794,155.0,3.1454613688559983,11741.320929063335
2023-08-02 18:49:40.380001,62.34935175591358,1.75,32.37615115753948,3.5198758963076813,156.3888058548072,3.172358838214134,11729.08540948708
2023-08-03 18:49:40.380001,62.58792271779522,1.75,31.830120510913606,3.5096356747119386,156.36645057282368,3.078896862497163,11690.260564495513
2023-08-04 18:49:40.380001,62.59014576095831,1.75,30.394359132067315,3.4364817979416364,155.0,2.9822093073591684,11573.73814640933
2023-08-07 18:49:40.380001,60.782474881662964,1.75,31.33527266883335,3.3720013669782163,155.0,3.060568538586546,11611.278010217738
2023-08-08 18:49:40.380001,62.10083900350199,1.75,31.095171222437635,3.3583855483940064,156.93835056340546,3.192147158863201,11602.477942254622
2023-08-09 18:49:40.380001,63.33468568681603,1.75,31.64211716281208,3.481270743596005,158.89422191461426,3.1505528378940615,11727.73755887672
2023-08-10 18:49:40.380001,59.74310747181518,1.75,31.220464355198203,3.4303045863410038,155.0,2.93088655818683,11654.245131370695
2023-08-11 18:49:40.380001,59.35901676808427,1.75,32.135952500099684,3.29265236246438,156.02274419553123,2.948096367020617,11703.269600203483
2023-08-14 18:49:40.380001,59.61675891186531,1.75,31.470782030490625,3.403014273518423,155.0,3.1304262605847906,11561.451821695235
2023-08-15 18:49:40.380001,58.56868248243878,1.75,31.211220426807785,3.340001302546407,155.0,2.9725017442111334,11858.94185780364
2023-08-16 18:49:40.380001,58.671156495479536,1.75,31.26233805787759,3.379493232828659,155.0,3.0826165599782978,12091.858034613984
2023-08-17 18:49:40.380001,59.30266863131495,1.75,32.58735645106132,3.265379348736353,155.0,3.09971253722857,12142.87303890308
2023-08-18 18:49:40.380001,60.42881961059279,1.75,34.0237379929573,3.2012017536482262,155.0,3.1702789109857528,12081.386117896765
2023-08-21 18:49:40.380001,59.6748104691457,1.75,33.47982757470113,3.12624622839932,155.0,3.1612172485921355,11901.52121658756
2023-08-22 18:49:40.380001,57.974138673482194,1.75,34.00526812762897,3.1344693253879914,155.0,3.2707223312348543,11951.614571283684
2023-08-23 18:49:40.380001,58.36706975393671,1.75,33.65573673439185,3.1414443441177853,155.0,3.4108001356490227,12282.541830594395
2023-08-24 18:49:40.380001,58.474175786566384,1.75,33.93198767218093,3.065885169478252,155.0,3.320365340293878,12567.558346529353
2023-08-25 18:49:40.380001,57.34029143655697,1.75,33.03516236214367,3.1358909357455955,155.0,3.411039625031631,12504.324086865436
2023-08-28 18:49:40.380001,58.05948616505464,1.75,33.30475820862416,3.1059190072578198,155.0,3.451370026410742,12531.379906150265
2023-08-29 18:49:40.380001,57.5330137908654,1.75,32.96507427163838,2.9907240231902965,155.0,3.3548269923496212,12385.167208893603
2023-08-30 18:49:40.380001,57.67953626673675,1.75,32.69870069963227,2.9389797694275503,155.0,3.191147372686718,12226.877885906828
2023-08-31 18:49:40.380001,55.28785719140062,1.75,32.68980507071831,2.8819791370803403,155.0,3.105878943533292,12168.839234455767
2023-09-01 18:49:40.380001,55.58807893300595,1.75,33.03443530454329,2.895261031460003,155.0,2.945823325712601,12134.700347963986
2023-09-04 18:49:40.380001,52.75568396451837,1.75,32.71599034802014,2.935471591510254,155.0,3.075672754090372,12616.149769155681
2023-09-05 18:49:40.380001,52.6215893695865,1.75,32.35005564196654,2.8552167597003444,155.0,3.1990102413182324,12678.789318627867
2023-09-06 18:49:40.380001,53.36210369476482,1.75,32.187026866509264,2.925752869111251,155.0,3.311520993064175,12942.198876873295
2023-09-07 18:49:40.380001,55.541156819978205,1.75,32.15262149226932,2.855740289987889,155.0,3.320415074847551,13032.74398091007
2023-09-08 18:49:40.380001,56.06697439267029,1.75,32.63265296918816,2.6915456473834114,155.0,3.331052444168128,12937.934860559066
2023-09-11 18:49:40.380001,57.74896389393144,1.75,33.4577403102172,2.7303276349158003,155.0,3.454343932962074,13008.301361549364
2023-09-12 18:49:40.380001,59.81748545313765,1.75,33.59262897625037,2.7233635787616945,155.0,3.5958114138709503,12866.087295942301
2023-09-13 18:49:40.380001,61.764856410673765,1.75,33.001759940539976,2.69618030299725,155.0,3.4474242073069536,13030.793783878482
2023-09-14 18:49:40.380001,62.99213967361092,1.75,33.01384185544063,2.6273689522694803,155.0,3.4882823532363654,13082.743876013483
2023-09-15 18:49:40.380001,64.61717745255415,1.75,33.38887364967532,2.478462675708414,155.0,3.419252340456181,12643.656739603215
2023-09-18 18:49:40.380001,63.322591911629125,1.75,34.17479934496093,2.5096706644588114,155.0,3.3383322491478706,12767.094878031872
2023-09-19 18:49:40.380001,64.68915196105095,1.75,35.465364894199226,2.4813376823802207,155.0,3.4710388468455617,12676.95587128144
2023-09-20 18:49:40.380001,64.87412148583347,1.75,35.941041961535085,2.535302128684403,155.0,3.5848894809089313,12539.093722654532
2023-09-21 18:49:40.380001,64.3075469486588,1.75,36.773362994365996,2.572676779129166,155.0,3.5073765730693602,12968.45042953784
2023-09-22 18:49:40.380001,65.41016565557709,1.75,35.402064160155085,2.6614712355939254,155.0,3.5974136894621997,12943.67219800248
2023-09-25 18:49:40.380001,65.82893201192236,1.75,33.8250269692337,2.6848802104551184,155.0,3.567027337060396,12804.107148294217
2023-09-26 18:49:40.380001,64.72879372509816,1.75,33.86781049678365,2.7763770568330166,155.0,3.450038156770043,12992.238814980296
2023-09-27 18:49:40.380001,65.47333304560942,1.75,33.5137940238327,2.683675807019553,155.0,3.5682777523184166,13029.766980515105
2023-09-28 18:49:40.380001,66.89439840967111,1.75,32.48633801028104,2.6995157080708507,155.0,3.571156758247515,13212.76418182713
2023-09-29 18:49:40.380001,69.95077202664199,1.75,32.9645328492764,2.7465381728312215,155.0,3.501932868498094,13060.365345146169
2023-10-02 18:49:40.380001,68.98406420186366,1.75,31.95266694573104,2.8868212640419526,155.0,3.5260504872060543,13450.180615367837
2023-10-03 18:49:40.380001,67.26639308078985,1.75,31.727585298594473,2.772032073227416,155.0,3.7773447575184886,13821.400091523463
2023-10-04 18:49:40.380001,69.03474649715552,1.75,32.18823816817036,2.613669359980787,155.0,3.8715531452256298,13621.803940552354
2023-10-05 18:49:40.380001,67.29043066898055,1.75,31.813513494184395,2.5878624929963863,155.0,3.861340468556695,13932.026264153945
2023-10-06 18:49:40.380001,67.37505813780515,1.75,32.81885781681829,2.5331451898686375,155.0,3.7372429297154723,13938.109907636453
2023-10-09 18:49:40.380001,66.42133490211371,1.75,33.85775731766786,2.593091758305806,155.0,3.749067570046509,14202.352221332814
2023-10-10 18:49:40.380001,67.92897281595704,1.75,35.18006005158329,2.6422068757430575,155.0,3.910059154352345,14082.578961454794
2023-10-11 18:49:40.380001,70.62137785133545,1.75,35.25386026323226,2.747176946938147,155.0,3.8172636895022953,13512.010783461215
2023-10-12 18:49:40.380001,71.20433932464597,1.75,34.48267060669801,2.838862293783342,155.0,3.8910229869146904,13778.414802267978
2023-10-13 18:49:40.380001,73.89791754564887,1.75,35.10602572976881,2.9059567834553626,155.0,3.8358258622911,14000.317496912625
2023-10-16 18:49:40.380001,73.21089197505239,1.75,35.086981530853585,2.7676969211222557,155.0,3.7110493786767655,14550.567450904227
2023-10-17 18:49:40.380001,72.21486482276269,1.75,34.684304010787486,2.821137163103158,155.0,3.655942750631139,15237.748366045684
2023-10-18 18:49:40.380001,71.30422187613951,1.75,33.871694780195064,2.835741590462577,155.0,3.8166556803618845,15165.088944467467
2023-10-19 18:49:40.380001,69.69807662544132,1.75,32.380485460217734,2.9276491896199754,155.0,3.7182032495389867,14592.582185253763
2023-10-20 18:49:40.380001,69.71154101505732,1.75,33.837302754885265,2.904772487119934,155.0,3.762817503749569,14574.08661403478
2023-10-23 18:49:40.380001,69.08529540194748,1.75,31.52792099498441,2.716177056550193,155.0,3.6064722146646218,14882.405175571424
2023-10-24 18:49:40.380001,68.5758621691191,1.75,30.851599730803724,2.6348605799988407,155.0,3.6638000234479597,14656.052581545075
2023-10-25 18:49:40.380001,68.2488329823845,1.75,31.765166001384593,2.644462055907296,155.0,3.7362987220004102,15276.240697286757
2023-10-26 18:49:40.380001,67.97156696771651,1.75,32.354933465976714,2.693819073771352,155.0,3.6932362424732705,15226.26498758569
2023-10-27 18:49:40.380001,69.17560589821935,1.75,31.470803269567792,2.576951790109751,155.0,3.7940998869484437,14756.753589433218
2023-10-30 18:49:40.380001,66.5914812840097,1.75,30.19423521563017,2.62728755974995,155.0,3.675115817386136,14596.737800270372
2023-10-31 18:49:40.380001,66.4615041779153,1.75,28.252023062908325,2.6422389925160696,155.0,3.5637606190497664,14916.906647147114
2023-11-01 18:49:40.380001,65.32533454158676,1.75,28.183364937291916,2.7629167700895616,155.0,3.469972751227442,14994.236020382605
2023-11-02 18:49:40.380001,64.7879141587194,1.75,27.52283843415004,2.731882866071871,155.0,3.3180276291636384,15479.00344910098
2023-11-03 18:49:40.380001,62.209931930579216,1.75,27.112010068129486,2.8202493339325407,155.0,3.184771952066374,15503.830770617116
2023-11-06 18:49:40.380001,64.07357101246207,1.75,25.61719421322334,2.685090579513904,155.0,3.257423162126161,15582.723764129347
2023-11-07 18:49:40.380001,61.54011922161565,1.75,27.164347417665887,2.5726077733180412,155.0,3.385782401144136,15196.532165758446
2023-11-08 18:49:40.380001,59.58561574380564,1.75,26.28991572969776,2.662048201469545,155.0,3.442586071634088,15276.251290695025
2023-11-09 18:49:40.380001,59.136438517621826,1.75,27.079158368376604,2.7998944460575292,155.0,3.450467254576999,15448.712068095501
2023-11-10 18:49:40.380001,58.3029893604851,1.75,26.11278971650858,3.023832117276022,155.0,3.449285587626584,16160.536299056595
2023-11-13 18:49:40.380001,61.02037046453813,1.75,24.797345194174053,2.986657734970501,155.0,3.3074088037244675,16359.625136354896
2023-11-14 18:49:40.380001,60.19470440781914,1.75,24.322090428628258,3.0380607402016415,155.0,3.2766991900094586,16436.09084406211
2023-11-15 18:49:40.380001,61.62736080560856,1.75,23.492598935042825,3.0847852831492713,155.0,3.1881517973103644,16617.688725292308
2023-11-16 18:49:40.380001,59.760987274125654,1.75,23.72981037870037,3.173156909530054,155.0,3.1451277982876937,16119.765993874935
2023-11-17 18:49:40.380001,58.62484350915579,1.75,23.570122534638166,3.169358126703753,155.0,3.0405426169307934,16169.810259559341
2023-11-20 18:49:40.380001,58.24258243322659,1.75,25.218310822012995,3.3450626363900824,155.0,3.0455134073541226,17456.114578269215
2023-11-21 18:49:40.380001,58.69706078847379,1.75,24.3929703683482,3.3371213422999144,155.0,3.045863716959677,16109.184326756016
2023-11-22 18:49:40.380001,58.33410187251238,1.75,23.98795685984932,3.3121015741424094,155.0,2.9561311684488887,15854.595276158294
2023-11-23 18:49:40.380001,58.09005823728093,1.75,24.46280414990226,3.533205261306622,155.0,2.9786628829331447,15027.4056247347
2023-11-24 18:49:40.380001,58.63915917824731,1.75,22.533580167476185,3.455611035675623,155.0,2.9243375697395355,14278.9652858792
2023-11-27 18:49:40.380001,61.06881004314261,1.75,22.684744835608058,3.504604571434875,155.0,2.9285653983180207,14146.465927524841
2023-11-28 18:49:40.380001,59.26115578841232,1.75,21.854426905489348,3.5097754094385247,155.0,2.967256572962186,12827.111062861846
2023-11-29 18:49:40.380001,59.0725773123744,1.75,21.235939406935206,3.581710482332912,155.0,2.882514510060707,12957.330474878429
2023-11-30 18:49:40.380001,60.11716188059902,1.75,19.384104260359088,3.5268753988041976,155.0,2.9169186503249165,13142.738542397026
2023-12-01 18:49:40.380001,60.60815403708357,1.75,18.63433684241248,3.557744379145106,155.0,2.9778638954478587,12803.178998677155
2023-12-04 18:49:40.380001,61.19777598459695,1.75,18.97997136137493,3.6013548782198965,155.0,2.9854646906263143,13238.317209346455
2023-12-05 18:49:40.380001,63.004708356457016,1.75,18.919425155064744,3.473246253828525,155.0,2.9935514210823557,14558.075099222111
2023-12-06 18:49:40.380001,62.81160788242573,1.75,18.44856654876234,3.4852738687272407,155.0,3.0149163458611916,13674.029470968226
2023-12-07 18:49:40.380001,61.48077226585485,1.75,18.155895255680406,3.705476173075152,155.0,2.994463246136093,14895.022549439693
2023-12-08 18:49:40.380001,64.13188766605425,1.75,17.724574266234253,3.5792504490947312,155.0,3.0139736447677503,14456.370381960856
2023-12-11 18:49:40.380001,64.79232350751568,1.75,19.27449499476823,3.5642229181567844,155.0,3.088393758310469,14232.196834961185
2023-12-12 18:49:40.380001,64.74941345990878,1.75,19.397463011480777,3.6368000143870405,155.0,3.028907580315903,14269.15367195052
2023-12-13 18:49:40.380001,65.99360607351184,1.75,18.585538043716998,3.647397559409614,155.0,3.0552773666971467,14473.538440625833
2023-12-14 18:49:40.380001,67.70880831946504,1.75,18.88764923386274,3.53770110158249,155.0,3.0680380853937934,13400.609410730065
2023-12-15 18:49:40.380001,64.61741673491008,1.75,20.265349674342314,3.4928609627999663,155.0,3.0627054189237275,14273.260274614146
2023-12-18 18:49:40.380001,64.67825743650353,1.75,21.78263988430035,3.6839655353989538,155.0,2.9217882179009154,13705.948822117296
2023-12-19 18:49:40.380001,62.48696368516045,1.75,22.42081622150878,3.525879779102431,155.0,2.966237140666088,13332.529884109035
2023-12-20 18:49:40.380001,61.56747970042695,1.75,23.621618587991737,3.4762143616995638,155.0,2.972106556498755,13138.935194644891
2023-12-21 18:49:40.380001,64.47986415772968,1.75,23.79749237553036,3.4632932263282687,155.0,2.955849858838892,13089.891860950158
2023-12-22 18:49:40.380001,64.75106113562164,1.75,23.375099122286617,3.2582310772179843,155.0,2.9399447067464473,13320.501414089429
2023-12-25 18:49:40.380001,67.16438391969515,1.75,22.64820788055672,3.4203042405548034,155.0,2.9533980085333313,13678.497282771015
2023-12-26 18:49:40.380001,64.79485301593779,1.75,23.859001650386645,3.3747227440930363,155.0,2.9818839118738665,14113.950789121493
2023-12-27 18:49:40.380001,65.12725150794235,1.75,23.77567612520482,3.299450665116692,155.0,2.9114739723072334,14552.029049316625
2023-12-28 18:49:40.380001,67.06156870966537,1.75,23.403438480558055,3.248013974481722,155.0,2.8720487306474163,15132.45604839336
2023-12-29 18:49:40.380001,70.13015094874487,1.75,22.846999750534174,3.159598797225194,155.43692931608854,2.8941968142871413,15333.552280105989
2024-01-01 18:49:40.380001,70.23923796273431,1.75,22.693005818009915,3.063850765440999,160.71004409241164,2.916285727353406,16203.314908000082
2024-01-02 18:49:40.380001,71.2103880434919,1.8182422634007258,21.665998067519457,2.970763605083896,158.8692101873541,3.014551240337141,16000.24069491629
2024-01-03 18:49:40.380001,72.07234158832884,1.8611411112896405,22.04310526270139,3.036978763269953,159.90480215728408,2.9880991339391807,15845.30068393736
2024-01-04 18:49:40.380001,72.16015313580215,1.75,22.83062404933997,3.142358992765652,164.30882767418066,2.9509600635557303,16297.913443923722
2024-01-05 18:49:40.380001,73.09740074849111,1.75,21.566904431661158,3.012707969372731,168.33301134048597,2.989604107362609,17506.668737786542
2024-01-08 18:49:40.380001,73.09688717813114,1.75,22.884922374612156,2.870074173299885,173.77803264971848,2.9038203926055126,17247.711172028365
2024-01-09 18:49:40.380001,72.48433146457316,1.7682251267435771,23.10792767953906,2.9095900592727415,169.30487701822574,2.9119889670008936,18159.480537482395
2024-01-10 18:49:40.380001,72.0800397064645,1.75,22.6228374294164,2.9240826445502743,165.7614530820225,2.9600501037885065,17054.65330645248
2024-01-11 18:49:40.380001,74.489071638736,1.75,22.840691220830507,2.9612568462490425,169.80670251852962,2.9771309173589633,17435.45629832022
2024-01-12 18:49:40.380001,75.77542015197743,1.75,24.33422386510698,3.1482352114758676,165.42795225798906,2.970081568503762,16375.002796031367
2024-01-15 18:49:40.380001,73.43955426074777,1.75,25.223114948644742,3.246010719913005,165.71730328825134,2.964976529972395,17335.79538170613
2024-01-16 18:49:40.380001,69.62046850423977,1.75,23.164942648232483,3.1955820162908606,166.61304879017095,3.068675402029549,17864.41851839828
2024-01-17 18:49:40.380001,71.18406290459231,1.75,22.33852634495662,3.0845851327774083,162.35920783784923,3.025824479554303,17156.109155863378
2024-01-18 18:49:40.380001,67.75442904613269,1.75,22.27597140471109,3.0797469437885856,169.74385629430674,3.1018137320186354,16534.09667092169
2024-01-19 18:49:40.380001,67.57584646734574,1.75,21.525215503686173,2.9671540756154684,169.00489847073916,3.1002450776316612,15025.93036032954
2024-01-22 18:49:40.380001,68.97576249390602,1.75,21.086157101711628,3.071206243593298,171.7236889137444,3.0887551395296855,15157.279216173296
2024-01-23 18:49:40.380001,68.35069017659005,1.75,21.666755188431065,3.1913793440841727,174.2221488510557,3.1611648619828183,15887.425123669445
2024-01-24 18:49:40.380001,67.01232289796275,1.75,22.594646541928874,3.2257380889160543,171.2454743059716,3.1580767668761114,14699.236036193299
2024-01-25 18:49:40.380001,68.10392262858734,1.75,24.46331919064588,3.2109989309583815,170.88118665016998,3.186859428494916,14719.07558759045
2024-01-26 18:49:40.380001,70.09115767596462,1.75,24.68108789347891,3.2562463173932947,169.99830965658163,3.163029242516169,14913.432010645767
2024-01-29 18:49:40.380001,71.76598909416893,1.8414978927854821,24.94188249822474,3.411694272910556,171.31218024423666,3.2168107635344274,14734.573955563814
2024-01-30 18:49:40.380001,68.37382526472874,1.9772551076983316,23.850897178306685,3.4002404391447123,181.7068120210124,3.177996039906899,14047.698864248658
2024-01-31 18:49:40.380001,67.82471744614438,1.9954315947903882,25.412779427202786,3.3672485808467147,181.76869602286862,3.1728952445184655,13033.174399197982
2024-02-01 18:49:40.380001,67.88185298228133,2.040618525450863,26.529660831159767,3.348953336807546,176.94990388964075,3.166142074623002,12916.949326982744
2024-02-02 18:49:40.380001,67.23973091374896,1.9535422931385271,26.439932246825318,3.4124467894661614,176.3610112435463,3.2382977947756486,13523.65779131392
2024-02-05 18:49:40.380001,66.22534212774218,2.0989987693839156,26.440450989915448,3.416135823830515,172.47972809322223,3.345903838558172,13447.200554830402
2024-02-06 18:49:40.380001,63.763189737510466,2.0177377606019022,26.46490480229782,3.421040892634555,179.21092781874455,3.269137539214639,13157.637038891657
2024-02-07 18:49:40.380001,66.02049548649791,1.93235511493088,28.34698158784557,3.589411397535493,185.40546203007892,3.258589004044223,13131.842968929086
2024-02-08 18:49:40.380001,65.56779660256865,1.9067854373450306,29.041983527027863,3.58719104978494,187.10780731137032,3.2559782426733674,13135.294062055083
2024-02-09 18:49:40.380001,65.93183588016505,1.9442890160802686,31.314685522121373,3.658629388168488,193.08853861343573,3.1852483575101433,13907.165842539656
2024-02-12 18:49:40.380001,64.98316596559829,1.8085563568848517,31.47529888616926,3.7609616451339116,192.05299281960748,3.209776070264072,14081.941510027646
2024-02-13 18:49:40.380001,65.30141096738292,1.8247772254825756,32.14179012201105,3.7721760052604094,196.2543099127869,3.198011522940149,13437.4272775404
2024-02-14 18:49:40.380001,62.7438503578251,1.820174543224542,30.540094480012563,3.916343958135368,187.31138406817516,3.138826363512965,13444.53434824225
2024-02-15 18:49:40.380001,62.36203561744198,1.75,29.967831809208263,3.8570095179646295,184.96685883145227,3.0464423892966384,13489.414334977464
2024-02-16 18:49:40.380001,61.812799063901245,1.7906861383264214,30.44784263239757,3.995425201241211,189.59218725092546,3.17319130970841,13357.368564002636
2024-02-19 18:49:40.380001,60.60463165785525,1.75,31.773896143896682,3.973882862444896,192.24960147433166,3.1799109972215485,12938.121600833389
2024-02-20 18:49:40.380001,63.481838525591556,1.75,32.70199081591213,3.989199220331403,181.87517010760217,3.1305293125382074,13085.482039735494
2024-02-21 18:49:40.380001,67.01492209375027,1.75,33.709212560800026,3.998403957889489,183.49972015459576,3.0709229176453103,12977.156692495604
2024-02-22 18:49:40.380001,67.24961343869816,1.75,33.39949779436775,3.8612138299381,197.01160046354647,2.9999741368583175,13207.80962609971
2024-02-23 18:49:40.380001,63.47381220132205,1.75,34.116330085068796,3.8296552681487395,193.80891676319095,2.869892116720332,13028.381837755622
2024-02-26 18:49:40.380001,64.13725974058568,1.75,34.40648241224535,4.033300673119822,187.9925015033233,2.759755693983332,12535.762588593783
2024-02-27 18:49:40.380001,61.17266284090827,1.75,33.6958944935375,3.9315899088077675,178.55953900566303,2.76188662852893,11670.548554394501
2024-02-28 18:49:40.380001,59.07327036691856,1.75,32.30597761372339,3.7577624247122374,179.2232645400232,2.6704824244038514,11486.473383104822
2024-02-29 18:49:40.380001,58.674677147268596,1.75,34.012772295473326,3.5802310596479985,174.1877883945693,2.6816782153945047,11331.886037119912
2024-03-01 18:49:40.380001,58.15868419145887,1.75,34.3020989422097,3.32527957183666,174.1369015044609,2.6639301018105725,11071.6369279012
2024-03-04 18:49:40.380001,58.45320096246415,1.75,32.551062412833275,3.371984211364361,170.90029420205084,2.580665262548235,11347.867467904802
2024-03-05 18:49:40.380001,56.20468445072887,1.75,33.936069232048794,3.3619625486626084,174.4637991397784,2.52293331377177,11268.326176529126
2024-03-06 18:49:40.380001,56.31693834675474,1.75,34.02374290346739,3.4342381852942565,179.55472676026378,2.490617193288619,10801.922710642184
2024-03-07 18:49:40.380001,58.984894393576674,1.75,35.870317852809194,3.3163374513368593,176.41840545181606,2.4147743236378667,11549.887974467709
2024-03-08 18:49:40.380001,58.482498208556265,1.75,35.15531041700814,3.504101458003796,173.72125161134133,2.433961035958954,11706.244483531891
2024-03-11 18:49:40.380001,59.20078938059816,1.75,34.65313252928136,3.379366265084471,172.21395797727212,2.345940976926218,11414.711333952237
2024-03-12 18:49:40.380001,60.75138673329127,1.75,34.640900454155876,3.1968586943891593,176.76800117240995,2.381402468999018,11558.574942162933
2024-03-13 18:49:40.380001,58.622279599041455,1.75,33.24085077085536,3.224453521096695,181.647601015704,2.366519098914608,11751.290113409472
2024-03-14 18:49:40.380001,58.37574474657063,1.75,35.08650947623028,3.2103297553447305,183.82793180281018,2.372905239550235,12429.586622601408
2024-03-15 18:49:40.380001,57.00352326419152,1.75,35.00378401641628,3.277991552504948,174.2874080119576,2.4303977492504605,12657.566531270879
2024-03-18 18:49:40.380001,57.47050379457035,1.75,36.779166583734124,3.3682521017073848,176.0053708762605,2.3851191030961245,13063.494596864157
2024-03-19 18:49:40.380001,57.0067989957412,1.75,35.39802574547841,3.3779671273462673,177.6905522153393,2.4296900159956225,13007.737524020476
2024-03-20 18:49:40.380001,55.597225158645024,1.75,35.659175090173626,3.531969506042249,169.6786236266774,2.5012526584307104,12690.397379006696
2024-03-21 18:49:40.380001,53.97582174034048,1.75,34.51563278835886,3.5963133676805645,170.63980390642095,2.4624143771447944,12952.244232757981
2024-03-22 18:49:40.380001,56.07786176446282,1.75,34.093385324777934,3.472182476203097,174.67425131766345,2.4483983736388337,12980.011965308922
2024-03-25 18:49:40.380001,54.50671442015006,1.75,32.43431130384057,3.6396743276156567,176.0846732151968,2.3712633157027336,13616.350379163436
2024-03-26 18:49:40.380001,55.682643701724885,1.75,31.276458315493784,3.795542626462712,175.07324696728733,2.330132332524399,13397.193290591767
2024-03-27 18:49:40.380001,57.549771897871274,1.75,32.43225302851131,4.154607673135449,170.35434458915017,2.3432154618970324,13459.3537635169
2024-03-28 18:49:40.380001,56.67930432955744,1.75,32.33497696323652,3.957577420547678,167.62297804929344,2.2647046855638036,12952.593338514118
2024-03-29 18:49:40.380001,56.987440732388585,1.75,31.632126780981334,3.722151886643832,161.62925564453013,2.2975503402260493,13070.940252940794
2024-04-01 18:49:40.380001,57.1783819759381,1.75,30.811843801730525,3.3837671685672657,161.20218728812026,2.2785399613488955,13358.121625582025
2024-04-02 18:49:40.380001,52.98758544132869,1.75,30.434968729728375,3.490055521126739,162.54464666745892,2.262187369341534,13723.234291170198
2024-04-03 18:49:40.380001,52.52899817786269,1.75,30.77783984771041,3.443638074641879,155.35854404661396,2.25,13802.430423448948
2024-04-04 18:49:40.380001,51.65395910994561,1.75,31.048891635053373,3.3054538262292357,155.0,2.25,13686.416048329036
2024-04-05 18:49:40.380001,52.34666918885723,1.75,30.926392553926,3.346243565400452,155.0,2.272170737990075,13677.324515918775
2024-04-08 18:49:40.380001,51.23183263811083,1.75,31.243115012794146,3.2984915557632157,155.0,2.3228111698690137,13446.124330651714
2024-04-09 18:49:40.380001,49.593893899060326,1.75,31.916792588517364,3.386229782130953,155.0,2.4071490968598535,13081.641799196204
2024-04-10 18:49:40.380001,49.41940473464375,1.75,31.957612102876507,3.2993343028079902,155.0,2.310704397319365,13404.093444810513
2024-04-11 18:49:40.380001,49.44252898595053,1.75,31.743292746996133,3.102855982692053,155.0,2.3743511179456864,13000.72582651977
2024-04-12 18:49:40.380001,48.78176632626588,1.75,31.658701230931186,3.3003784583180624,155.0,2.415036924442195,12161.280710213017
2024-04-15 18:49:40.380001,50.46498724908002,1.75,32.17651078752674,3.3472711713597634,155.0,2.4157362912276845,12536.053203426813
2024-04-16 18:49:40.380001,51.38015259838939,1.75,31.629478340490376,3.455302945440757,155.0,2.510104355295579,12988.672825998838
2024-04-17 18:49:40.380001,50.093985879288745,1.75,32.157464200511804,3.4297591980711912,155.0,2.499673846806288,13288.944248292912
2024-04-18 18:49:40.380001,50.688588086014256,1.75,30.780291781106456,3.537386304892927,155.0,2.5239071323505184,13497.579184570917
2024-04-19 18:49:40.380001,50.165870793340105,1.75,32.098822800206904,3.558508263969699,155.0,2.4930053853348904,13276.45091202546
2024-04-22 18:49:40.380001,51.19386794663296,1.75,32.029018985581715,3.3608644417440097,155.0,2.604936041445615,13359.522018675552
2024-04-23 18:49:40.380001,49.9680300904626,1.75,31.7237471387689,3.3279571882026246,155.0,2.641799105379776,13620.83968317198
2024-04-24 18:49:40.380001,48.390803011786666,1.75,31.527504348826824,3.3106003601261613,155.0,2.624323403070793,13215.33557285384
2024-04-25 18:49:40.380001,46.74039939587041,1.75,32.173878658244554,3.282954489105288,155.0,2.5530540149007126,13783.533861913409
2024-04-26 18:49:40.380001,45.74787142707791,1.75,32.84021123753786,3.3476007608684584,155.0,2.4766033291562968,14064.003167470108
2024-04-29 18:49:40.380001,45.0,1.75,33.854006439621436,3.456189126427481,156.21012556167133,2.553122191213137,14327.86802253506
2024-04-30 18:49:40.380001,45.81393955588771,1.75,33.882206209183835,3.5141837922001677,156.92446980167222,2.546167221183232,14798.423015887558
2024-05-01 18:49:40.380001,45.0,1.75,34.11652659530947,3.6501026186031282,155.0,2.636828001518563,14626.245895571055
2024-05-02 18:49:40.380001,45.0,1.75,32.49155142479219,3.332473462690399,155.0,2.6762725552143682,14772.48409630085
2024-05-03 18:49:40.380001,45.22091869987232,1.75,32.577275705830445,3.3262866349534987,155.0,2.7203177344325082,14770.343397817995
2024-05-06 18:49:40.380001,45.8186072959435,1.75,32.34677678137798,3.4376160157067766,155.35682115691986,2.7430326670771588,14663.690933317981
2024-05-07 18:49:40.380001,46.310861578305406,1.75,33.19545086323665,3.5639542994427984,159.0898025039764,2.732828375255183,14554.600417251686
2024-05-08 18:49:40.380001,48.241454924288526,1.75,32.56270632446801,3.6264591386219727,156.9776954780098,2.7657677995445544,14222.810012360262
2024-05-09 18:49:40.380001,47.70840568742432,1.75,33.37178259242911,3.6434043986896465,159.47764428680588,2.7144950256996085,14374.474268038046
2024-05-10 18:49:40.380001,48.27386654421217,1.75,33.47408351313982,3.7166419063895644,162.0265324952439,2.698221339590167,14914.318503248936
2024-05-13 18:49:40.380001,50.2826039005013,1.75,32.63835739687124,3.9174871132745763,167.76073201199117,2.776303175437777,15175.378631037664
2024-05-14 18:49:40.380001,50.28985588331139,1.75,32.36207599906571,4.113106670971243,173.06658442947239,2.811857071472303,15044.472966125377
2024-05-15 18:49:40.380001,50.82218168576514,1.75,33.74546287934229,3.96048540892597,181.01859819320015,2.823073474788973,14842.799904746029
2024-05-16 18:49:40.380001,52.17418268033219,1.75,34.74832685528582,4.00441698385018,174.37170336321248,2.8189870480927164,14348.085168183889
2024-05-17 18:49:40.380001,52.09391495833888,1.75,35.99001847768534,4.080053567690269,182.81671611978663,2.7654614037300553,14375.27680580799
2024-05-20 18:49:40.380001,53.53448639439971,1.75,36.79386222305825,4.169952363155898,177.51003593224985,2.7521269072854966,14483.271403622473
2024-05-21 18:49:40.380001,51.35703273995082,1.75,35.61043538309327,3.9188834833352377,186.3610846949219,2.634347230828358,14676.336226437843
2024-05-22 18:49:40.380001,51.65705240152684,1.75,33.94605396230751,3.787659361661906,176.68856081081444,2.651652316556503,14794.984761898
2024-05-23 18:49:40.380001,50.611212218812526,1.75,32.98662133190241,3.8893965097183725,182.2679622362131,2.6040342512433945,14739.801934319894
2024-05-24 18:49:40.380001,52.29034600053593,1.75,32.844535929141834,3.9615104397313443,182.47906157719075,2.536523663765583,14903.477092100738
2024-05-27 18:49:40.380001,52.277067508585304,1.75,32.01282078150011,3.792279942466503,188.67027948622925,2.5145672120415186,14737.590887815917
2024-05-28 18:49:40.380001,49.77464003206963,1.75,32.87405843497213,3.6976471477133694,191.9314516210036,2.5470075616910406,14581.06155280016
2024-05-29 18:49:40.380001,50.26854499589725,1.75,33.60360376978328,3.6287677480907488,192.13909865522893,2.4856094076295623,14875.333174596915
2024-05-30 18:49:40.380001,52.55019267078664,1.75,33.33172234077411,3.5517629277207003,200.52790594730484,2.4409898889583066,14179.602763629362
2024-05-31 18:49:40.380001,51.64715710015904,1.75,33.48476289160342,3.571571498921065,212.89640221962833,2.3998301290277015,14806.118410889028
2024-06-03 18:49:40.380001,49.9219976573099,1.75,33.47570749557166,3.4509644671411044,204.80361269116824,2.3527107231277666,14656.678383628654
2024-06-04 18:49:40.380001,51.28539960513034,1.75,32.197790684114494,3.6763268914754135,205.15187531766705,2.467033332192474,14008.076910185291
2024-06-05 18:49:40.380001,50.524979758317826,1.75,31.780156085340387,3.7863962312273034,205.89022989752343,2.4925026717175394,14422.21316101066
2024-06-06 18:49:40.380001,51.67034243422821,1.75,32.103490203489656,3.8223342567553567,200.71805587044219,2.428492402218898,14556.950317132088
2024-06-07 18:49:40.380001,52.03771200520932,1.75,33.49595278966877,4.13298633757266,205.81823644771137,2.440594244023582,14613.137260591046
2024-06-10 18:49:40.380001,50.95111673214227,1.75,32.64588662068437,4.0418684774574265,207.8102840381309,2.5026567229872017,14616.02766692965
2024-06-11 18:49:40.380001,50.923183621363904,1.75,32.79514779230583,4.014122172308927,201.58307686311403,2.475164192626797,14627.371329805437
2024-06-12 18:49:40.380001,50.00963198724238,1.75,32.66568824985362,3.971280137021055,206.44631843172274,2.5151536227159808,14948.646219604763
2024-06-13 18:49:40.380001,49.713435919185265,1.75,32.97191512396302,4.249548451835542,210.70104167195638,2.574264366707946,15300.496864717597
2024-06-14 18:49:40.380001,49.13752644464186,1.75,32.54515235514132,4.122770472689263,202.32964339718382,2.662429072326031,16753.621285575427
2024-06-17 18:49:40.380001,50.43592702418089,1.75,32.161324239357306,4.345553958559248,205.24180931426181,2.6954322656218173,16863.062430649294
2024-06-18 18:49:40.380001,50.981362880268264,1.75,30.75016788205902,4.353830017172529,207.88312644235717,2.6423866897980886,17167.6686115891
2024-06-19 18:49:40.380001,50.44531359721022,1.75,29.603777754855454,4.354510967967765,198.13397340919857,2.5725215735496705,16591.277006730306
2024-06-20 18:49:40.380001,51.42021990545907,1.75,29.207941723146316,4.169895102136697,191.1773820516624,2.6723582023958223,16452.870282273274
2024-06-21 18:49:40.380001,53.037769995065965,1.75,27.663137559450828,3.8259897951013375,188.81151585437357,2.5837774424816495,15224.66393072395
2024-06-24 18:49:40.380001,51.00328907193754,1.75,28.240325763157365,3.912876365121495,191.78008777695305,2.6101569516217094,15362.846832902378
2024-06-25 18:49:40.380001,49.07240623175815,1.75,27.731781987731953,3.612401751347737,204.41925772993696,2.556700608724632,14789.372330092488
2024-06-26 18:49:40.380001,50.89588183220454,1.75,28.640117302581107,3.6988069425838446,209.05521463823416,2.5710887251408097,14855.767198647696
2024-06-27 18:49:40.380001,49.880465780181176,1.75,28.53989010641885,3.5624252949307356,212.82182901286438,2.5959156140223625,14195.387097834417
2024-06-28 18:49:40.380001,49.6005116480404,1.75,28.786562850108,3.2866463442827554,209.93798874474956,2.6888103795470975,14880.772230508792
2024-07-01 18:49:40.380001,49.392432193936315,1.75,28.178134382019962,3.206089335600818,199.6810506572766,2.6361167749195986,15001.145010313032
2024-07-02 18:49:40.380001,51.742024551364786,1.75,27.343873579610445,3.2811592542776618,204.14220057614412,2.579962433310922,14931.449048592449
2024-07-03 18:49:40.380001,51.96988374615657,1.75,26.88939045501761,3.318889029172818,204.30512064137827,2.705862210917509,14583.333516342364
2024-07-04 18:49:40.380001,51.876964364143554,1.75,26.753414234600275,3.4080539328183623,205.6965682652505,2.7090112926702306,14793.292510920783
2024-07-05 18:49:40.380001,52.0850571268829,1.75,25.86659433727657,3.446086623891564,212.3729394562479,2.7451328875736243,15368.856449956598
2024-07-08 18:49:40.380001,49.6334365661497,1.75,25.411237643347267,3.344776357189698,221.76206456478852,2.830360638735271,14788.077323672129
2024-07-09 18:49:40.380001,52.05994859354715,1.75,26.08914883137323,3.331286144279194,212.55133766893576,2.9162976430852523,14519.079868931902
2024-07-10 18:49:40.380001,53.141348696918726,1.75,27.11567857099297,3.3476910096148393,211.83269868520648,2.912235639532095,14975.68556330878
2024-07-11 18:49:40.380001,53.65745131351774,1.75,27.451474747367936,3.2384708762834222,202.47682283452048,2.9300495208354813,15474.79398544035
2024-07-12 18:49:40.380001,54.36744268988912,1.75,28.4560641258554,3.4191651978832653,208.27183246657256,2.974585223839277,15094.000554065293
2024-07-15 18:49:40.380001,54.167273535633655,1.75,28.612936378595876,3.2102110288559853,217.585370327349,3.0434861832199673,15083.89694579011
2024-07-16 18:49:40.380001,56.70336274303701,1.75,29.13676701379849,3.28815049716765,240.10073690638,3.0472920568913198,14302.989426764452
2024-07-17 18:49:40.380001,58.08201883386484,1.75,28.631509730437354,3.411643263554837,236.3731103748844,3.085557325011972,14094.493815943177
2024-07-18 18:49:40.380001,59.139978842845494,1.75,28.740579749705574,3.1626092127369603,260.31515271167666,3.071659683463879,14167.843267939825
2024-07-19 18:49:40.380001,57.84111804803553,1.75,28.143187809641297,3.0872886209701833,258.2504597358708,3.0754612834115673,14376.801903829999
2024-07-22 18:49:40.380001,57.480449345807955,1.75,30.43981351932617,3.1101429557833535,258.1268833235226,3.048675783564253,15479.999271038681
2024-07-23 18:49:40.380001,55.043577426919995,1.75,29.98759103249468,3.301921399733352,258.21685866076115,3.038106538128234,14851.561530268727
2024-07-24 18:49:40.380001,52.980323718131835,1.75,29.620519866304125,3.5783147167722893,246.92225212384213,3.148466068835795,14569.228754947548
2024-07-25 18:49:40.380001,52.5184645165471,1.75,29.144169756198647,3.5988620751728626,263.5932224726689,3.1280542723144213,14649.562475120463
2024-07-26 18:49:40.380001,53.905678473757945,1.75,27.830231722492286,3.5003215768543128,265.1682051617414,3.081249790912298,14609.847928822963
2024-07-29 18:49:40.380001,53.136268611699,1.75,28.045859447713195,3.6468451658828913,259.6407281942386,2.96460124484842,14674.309232667461
2024-07-30 18:49:40.380001,53.25705150645839,1.75,28.09095304650433,3.5919032774999207,271.66222775336973,2.915617644131997,14581.540821785591
2024-07-31 18:49:40.380001,52.63823773616844,1.75,28.402127901217433,3.409267526912122,254.74368172610764,2.931613665645676,14124.726368092992
2024-08-01 18:49:40.380001,53.670217464617664,1.75,27.588113611025044,3.2182136487411914,271.2877262926303,2.7481392183180775,13611.44203834011
2024-08-02 18:49:40.380001,52.685560060380574,1.75,27.204871674706713,3.1967014699989447,267.4723697298669,2.7579720860075505,13504.348608482302
2024-08-05 18:49:40.380001,55.043316462895575,1.75,26.919942646963836,3.261623735942238,269.73163160226403,2.854231405849354,13423.891968190459
2024-08-06 18:49:40.380001,56.112356931745374,1.75,27.395640016851722,3.23944346715612,279.34397594173345,2.921702394547279,13002.195386907646
2024-08-07 18:49:40.380001,56.84178498717893,1.75,27.310071983944763,3.3290353700763626,308.3569860842343,3.0174901225579074,12456.110375961749
2024-08-08 18:49:40.380001,58.606973809147135,1.75,26.49992106104432,3.21073003771397,315.1443756483031,2.9482355521236716,12981.215945891101
2024-08-09 18:49:40.380001,60.69987456936936,1.75,26.72342944555536,3.119931074417302,316.0656874715623,2.87946422103464,12573.786998426458
2024-08-12 18:49:40.380001,58.64976908207172,1.75,26.187368671701584,3.152965896491868,309.84260195415055,2.9630521219524355,13100.670451178492
2024-08-13 18:49:40.380001,56.27943250611322,1.75,26.175126599373346,3.176479695083803,302.06730001998346,2.9162770054308904,12886.905797517464
2024-08-14 18:49:40.380001,57.798847791224226,1.75,26.04846151736954,3.22981383535268,319.60700501809913,2.9020054120780694,12707.438391480711
2024-08-15 18:49:40.380001,57.55174861242392,1.75,25.362562240021504,3.36208279954573,315.87512538219556,2.920202668540816,13241.116362625426
2024-08-16 18:49:40.380001,57.55095735650509,1.75,26.509225443929736,3.4045935538585286,313.37819446291405,2.8743117380351944,13135.196008755456
2024-08-19 18:49:40.380001,54.760854242853824,1.75,25.558747487233198,3.3264707896702004,333.76760684540216,2.8197677017162075,13482.925628853349
2024-08-20 18:49:40.380001,54.87322147401595,1.75,23.766147059229464,3.3017217571219772,344.3868257064149,2.761673485899052,14053.074504841274
2024-08-21 18:49:40.380001,56.73753436002205,1.75,24.40742882572679,3.1246265433220404,351.974490454261,2.7497457819687403,15034.701307311863
2024-08-22 18:49:40.380001,56.35093752781388,1.75,23.940971516211395,3.118250233003804,362.09415673108674,2.676246996147584,14824.775232940881
2024-08-23 18:49:40.380001,56.35772172416126,1.75,24.67740388361648,3.0953031844782712,366.99420323350955,2.555603927518543,15344.508050520875
2024-08-26 18:49:40.380001,53.86108134129318,1.75,23.812372558398216,3.0910499583281372,373.7409325193143,2.6039654028928263,15627.435643165998
2024-08-27 18:49:40.380001,56.799644390983396,1.75,22.692618390038252,3.180420539773135,376.4713697296522,2.5803464454031535,15735.967268664723
2024-08-28 18:49:40.380001,57.47145419599466,1.75,21.95197550866529,3.1078173834752545,394.2501658188549,2.488443187491019,15494.005355158737
2024-08-29 18:49:40.380001,60.33543207271806,1.75,21.989988352142355,3.11604520183166,403.59835132671196,2.4481446761814443,15440.891945176163
2024-08-30 18:49:40.380001,59.02781712405417,1.75,23.23822958504918,3.198594116663342,393.0454176685568,2.480483990257048,15601.02933878007
2024-09-02 18:49:40.380001,57.65297874038311,1.75,22.99520843896086,3.0987863318088413,395.2211519915108,2.630516941446263,15862.532284325049
2024-09-03 18:49:40.380001,58.33714739374774,1.75,22.44528986545137,3.2214715103956006,392.4126866267647,2.5977744906638884,15750.810170368693
2024-09-04 18:49:40.380001,58.13593052983795,1.75,21.967303139504263,3.091898308869549,388.4715219522655,2.577754628853707,16175.553136533517
2024-09-05 18:49:40.380001,57.868344458988894,1.75,21.532263186303457,3.109891900838505,411.95202152186437,2.523598017647411,16412.252311921893
2024-09-06 18:49:40.380001,58.46457471966404,1.75,21.35083356233275,3.113352069809854,413.95826681442,2.5970979019662366,15310.883496149198
2024-09-09 18:49:40.380001,55.63959305338437,1.75,20.82264350072501,3.106236592780704,391.2166966229106,2.6721384992476236,14563.087426557398
2024-09-10 18:49:40.380001,59.07806665743544,1.75,20.423735654272303,3.1281440480621616,398.1784465142986,2.5648887949604937,15252.511576089713
2024-09-11 18:49:40.380001,56.516439619078504,1.75,20.655893655120238,3.0310720066238237,408.7135229862245,2.561296946382031,14299.576450288425
2024-09-12 18:49:40.380001,56.99908619292124,1.75,20.96332627877303,3.00637592513461,385.4280323727849,2.552636342192379,14766.012820084492
2024-09-13 18:49:40.380001,55.79694101656233,1.75,20.915328624727383,2.880570408105398,390.21635915855427,2.5854930374187206,14038.9589803262
2024-09-16 18:49:40.380001,56.109616161490145,1.75,20.753253676168313,2.92455064348215,373.35483439023324,2.5268547241961516,14273.223312677806
2024-09-17 18:49:40.380001,54.608274544214254,1.75,21.04913326838751,3.021908832894833,379.2119349835341,2.4263793031782077,13553.374799082661
2024-09-18 18:49:40.380001,56.4957404846687,1.75,20.869100150096276,3.0452829265644406,409.11783243997127,2.4072313207795135,14182.10943983351
2024-09-19 18:49:40.380001,55.33859744789532,1.75,21.522530619594534,3.0922351911514125,420.4387353545095,2.377505825968714,14807.53660075457
2024-09-20 18:49:40.380001,52.2245363606282,1.75,21.444739821621578,3.002567828293399,416.70560840020994,2.28095681115136,14331.111615904289
2024-09-23 18:49:40.380001,50.790162934512786,1.75,21.238253235349337,2.971044498402401,426.46189140403817,2.25,14346.694563326317
2024-09-24 18:49:40.380001,53.29851002254456,1.75,21.3851897604798,2.7835144294356766,428.4741578772113,2.25,14613.354708983616
2024-09-25 18:49:40.380001,52.27121150193219,1.75,20.321329096826357,2.7186004633215832,424.6269635750495,2.261095980627754,14858.897701109316
2024-09-26 18:49:40.380001,52.96950493103862,1.75,18.633974397359047,2.689675462491332,421.94552905027075,2.266112450754634,13765.510971246653
2024-09-27 18:49:40.380001,52.088022142541995,1.75,18.991924437858568,2.679261246921591,423.5151328171888,2.25,13880.04679722325
2024-09-30 18:49:40.380001,51.065044031968526,1.75,18.287143337154134,2.5632986918175344,428.15038941722713,2.25,14197.806977641605
2024-10-01 18:49:40.380001,50.151689291848236,1.75,18.828372453480462,2.626547945316993,451.10172872910505,2.25,14490.110050061587
2024-10-02 18:49:40.380001,50.30101704142437,1.75,18.819974026568705,2.5909096649300123,461.49752651202874,2.25,14710.317155058454
2024-10-03 18:49:40.380001,50.811766272486764,1.75,19.43243634726875,2.542017982602923,458.2643360842902,2.3392673629036795,14361.041425577963
2024-10-04 18:49:40.380001,51.22675872724347,1.75,20.23501184645967,2.5164755962868264,449.80729241564114,2.25,15130.958097292181
2024-10-07 18:49:40.380001,53.589267998459285,1.75,21.637307621857833,2.5545524618014688,447.42729408136705,2.302472473597509,15921.041873911658
2024-10-08 18:49:40.380001,52.271165958651125,1.75,21.762657980983754,2.5694233834510984,425.52177961070515,2.25,16442.424470921433
2024-10-09 18:49:40.380001,52.014758654686986,1.75,22.374822395640425,2.5672987251488664,424.44449949558106,2.25,16265.544985634
2024-10-10 18:49:40.380001,52.0622068809656,1.75,22.95754062594825,2.620440131307319,431.9226146336462,2.25,15835.550628777815
2024-10-11 18:49:40.380001,52.185775416508264,1.75,24.021397584956652,2.6396077630488,457.79012713915057,2.25,15671.385859960768
2024-10-14 18:49:40.380001,51.1978602728073,1.75,25.48961973685324,2.6498418997440987,463.8192592826697,2.25,15042.674933646384
2024-10-15 18:49:40.380001,52.76709632151179,1.75,24.888958453512902,2.679995401644003,465.9063997938855,2.25,14580.54958184655
2024-10-16 18:49:40.380001,54.230152540958976,1.75,24.796466228825526,2.717611469527967,449.9909038042305,2.25,14550.45106908598
2024-10-17 18:49:40.380001,54.979592125935596,1.75,24.274536746726767,2.6252235441065777,427.7719350978719,2.25,14616.476056595846
2024-10-18 18:49:40.380001,54.224155944238206,1.75,23.47364273774136,2.727915136875613,448.97834366002576,2.25,15812.466961825947
2024-10-21 18:49:40.380001,54.058532281887146,1.75,23.090195489493198,2.6771550792842382,435.88630644524767,2.25,16484.626618527258
2024-10-22 18:49:40.380001,53.209234882663196,1.75,22.3731628273144,2.705430536965786,442.4217507141487,2.25,17206.656554664376
2024-10-23 18:49:40.380001,52.072724876441924,1.75,21.02373991527252,2.7650053146420417,434.71664789229476,2.25,16334.11402687706
2024-10-24 18:49:40.380001,51.757574117628394,1.75,20.85443794155582,2.863066920863857,441.55738480504067,2.25,16303.839381994361
2024-10-25 18:49:40.380001,52.22139638555684,1.75,20.751277798266443,2.872643053366493,435.58124342700836,2.25,16656.22987926339
2024-10-28 18:49:40.380001,52.774210467106045,1.75,21.230720861395294,3.007334200269027,413.8110442666328,2.25,16917.118513447243
2024-10-29 18:49:40.380001,51.69339941799087,1.75,22.06022545366464,3.134913615004251,434.6945547587739,2.25,16878.956256808684
2024-10-30 18:49:40.380001,52.831565534808966,1.75,22.45114597895073,2.9965194982780314,440.53010590363397,2.25,17011.964420999488
2024-10-31 18:49:40.380001,53.31532865609113,1.75,23.053489651076077,3.0118843801162294,444.28446796851586,2.25,16133.870336785112
2024-11-01 18:49:40.380001,54.87192894748858,1.75,21.75299373241503,3.0264523641727483,455.5366196911469,2.25,17075.892299769846
2024-11-04 18:49:40.380001,57.61481754824,1.75,21.186179994948493,3.0022087000655358,461.2276286690958,2.25,17454.969253277603
2024-11-05 18:49:40.380001,57.337239285850096,1.75,19.685525375142312,2.974066230671485,459.79798154682226,2.25,17843.40836525517
2024-11-06 18:49:40.380001,58.187123467357885,1.75,19.855851227601896,3.06046247785707,462.9224480349022,2.25,17834.11329875883
2024-11-07 18:49:40.380001,57.235115786421694,1.75,20.073737508941022,3.125699214751637,460.37636452369605,2.25,17888.250806707452
2024-11-08 18:49:40.380001,58.13051980471876,1.75,19.96134611099724,3.1584186431558208,474.09445711633674,2.25,17601.887991149957
2024-11-11 18:49:40.380001,59.06353133581901,1.75,20.441925248479144,3.1681312895014977,467.220379278804,2.25,17568.90946389379
2024-11-12 18:49:40.380001,57.36817455275408,1.75,20.095821633387033,3.225056722234628,443.8866667602911,2.25,17821.171432258256
2024-11-13 18:49:40.380001,56.8489414902065,1.75,19.676213520142447,3.1331740137258937,438.87503530496434,2.25,17316.654096936414
2024-11-14 18:49:40.380001,58.24750185375182,1.75,20.04858136407975,3.1479994537574254,486.1559526525113,2.25,17770.27228773307
2024-11-15 18:49:40.380001,57.0629114067552,1.75,20.189447351862743,3.1296469336471233,489.511093077757,2.25,18686.340633358366
2024-11-18 18:49:40.380001,56.42555443105262,1.75,20.920915822309528,3.2107659111130307,473.35420780998317,2.25,19342.092810192877
2024-11-19 18:49:40.380001,52.89262577708989,1.75,20.250466573718427,3.2187548318574857,480.52006429502086,2.25,19146.432711187637
2024-11-20 18:49:40.380001,51.73917529856378,1.75,19.975935495491573,2.9538078660700338,512.5051982395013,2.25,20154.994886536828
2024-11-21 18:49:40.380001,51.65661280982726,1.75,20.41159433524232,2.98077303414752,485.888300499966,2.25,20172.928412356945
2024-11-22 18:49:40.380001,52.03983849772221,1.75,20.556372707759717,2.9278238199588382,472.7540041529865,2.25,20632.989249846647
2024-11-25 18:49:40.380001,52.48526597918524,1.75,20.361675790230247,3.0176964505727266,466.05434397734325,2.25,19566.97475822027
2024-11-26 18:49:40.380001,52.81123017774021,1.75,19.903018869158164,2.926434561535509,454.6949384678348,2.25,19234.92498084913
2024-11-27 18:49:40.380001,54.13940781897029,1.75,19.465749266121563,2.9676631664196473,436.6109421519593,2.25,18636.046486602525
2024-11-28 18:49:40.380001,55.09741416028813,1.75,19.498403235184558,2.9716848600769405,414.9659667230415,2.25,18349.119355108323
2024-11-29 18:49:40.380001,54.45919828597163,1.75,19.480837509516643,2.9079708057403573,423.5148345638301,2.25,17095.65134969993
2024-12-02 18:49:40.380001,52.98547301271897,1.75,19.89708224591042,2.8539154452923716,437.08024575723937,2.25,16952.26235783986
2024-12-03 18:49:40.380001,53.59399860670539,1.75,20.472290515907208,2.924607365965228,447.32770967371414,2.25,15910.028383003777
2024-12-04 18:49:40.380001,55.93735925677494,1.75,20.508758361619773,3.061520822364682,434.36621798055904,2.25,15901.90479220976
2024-12-05 18:49:40.380001,59.95834856255723,1.75,20.2449029055715,3.0595368209973195,469.64849529010274,2.25,15331.097166106929
2024-12-06 18:49:40.380001,60.45098464562176,1.75,20.834844904049646,2.9972751507000863,473.99464122714625,2.25,15182.379328048532
2024-12-09 18:49:40.380001,62.56564424164382,1.75,20.374731251877463,3.0224075180477197,439.8568885281121,2.25,15818.802819879616
2024-12-10 18:49:40.380001,66.16070733389844,1.75,20.49374587134826,2.942018417578285,453.22516689561024,2.25,15870.682018541862
2024-12-11 18:49:40.380001,64.72965278480079,1.75,19.954811069265475,2.9020942522131494,457.73168715316746,2.25,16686.73607014014
2024-12-12 18:49:40.380001,66.0979730319295,1.75,19.411990832449813,2.8486775095620622,444.9991452911356,2.25,16672.104882256786
2024-12-13 18:49:40.380001,67.94992306658419,1.75,19.309498183458505,2.8074502058719837,472.11056571281324,2.25,16615.350629568642
2024-12-16 18:49:40.380001,71.70197546341957,1.75,19.94723396379019,2.8052961111010046,466.95609673774806,2.25,17652.599242483753
2024-12-17 18:49:40.380001,75.16686478071865,1.75,20.620466076315747,2.7615492158711015,452.578232288813,2.25,18286.36041202274
2024-12-18 18:49:40.380001,74.11215666130919,1.75,20.1422350995057,2.730855950797874,486.27273636125057,2.25,19282.067960542656
2024-12-19 18:49:40.380001,75.62625649212016,1.75,20.42128643753153,2.702846242383713,454.2261571490402,2.25,19836.38173056819
2024-12-20 18:49:40.380001,76.66606685547723,1.75,20.627629748706923,2.651057909921302,446.2805983436693,2.25,18805.654380877433
2024-12-23 18:49:40.380001,80.95420564309919,1.75,20.557749766045287,2.6360550776705467,449.87438611708507,2.25,18834.105040096816
2024-12-24 18:49:40.380001,76.9214500194132,1.75,20.51485773147517,2.694095093151014,439.4140166250764,2.25,18870.951617181196
2024-12-25 18:49:40.380001,72.89604916933554,1.75,20.02709481686353,2.738634257919405,465.4017387357153,2.25,19018.08596225902
2024-12-26 18:49:40.380001,72.74784636631702,1.75,21.30199971107198,2.8405538902120813,488.23573161814744,2.25,19177.17907906572
2024-12-27 18:49:40.380001,68.69537773677888,1.75,20.864470248174307,2.8945064986255313,481.2381209895998,2.25,19206.600841851046
2024-12-30 18:49:40.380001,67.03457365016827,1.75,20.252579029592276,2.899486036885552,467.3811541107218,2.25,18935.358023712564
2024-12-31 18:49:40.380001,70.7639674418504,1.75,20.21324489986761,2.937399204476021,500.2735804533329,2.25,19275.86218521812
2025-01-01 18:49:40.380001,69.46207020821527,1.75,19.74962988786659,2.9112522895038113,519.7911427975736,2.25,18150.573071059447
2025-01-02 18:49:40.380001,71.25918415057951,1.75,20.558698100963138,2.9947658966807693,534.5861438540253,2.25,18255.400053275236
2025-01-03 18:49:40.380001,69.79390421779567,1.75,19.87022196371371,2.972072587117278,528.3144109842946,2.25,18507.940242125165
2025-01-06 18:49:40.380001,71.67323253572083,1.75,19.865740411161504,3.075769214839701,547.2555098019182,2.25,18035.14953817707
2025-01-07 18:49:40.380001,74.48216635347832,1.75,19.48075041499655,2.9670877560721394,489.366819793494,2.25,18680.853042952425
2025-01-08 18:49:40.380001,74.99131070971522,1.75,18.944509256521894,2.9868750681601806,450.18409679208594,2.25,18715.366752911705
2025-01-09 18:49:40.380001,73.82688026416773,1.75,19.075174748568344,2.9594824939173474,461.9532615339297,2.25,18267.258468374137
2025-01-10 18:49:40.380001,73.69551148430527,1.75,19.20273752815659,2.8694374037095023,457.78245905066467,2.25,18670.513349257817
2025-01-13 18:49:40.380001,74.2899159003513,1.75,19.216728664812237,2.8179204169062193,465.9761233043035,2.25,19622.426383837366
2025-01-14 18:49:40.380001,76.48498492046593,1.75,19.090968413512865,2.817684579394112,452.50728035551504,2.25,20285.832529424315
2025-01-15 18:49:40.380001,75.72138959674999,1.75,18.42115638906223,2.82309792998562,457.6642635074383,2.25,21054.4324147539
2025-01-16 18:49:40.380001,73.14906223159467,1.75,18.346950178170705,2.8562796767580343,499.2346194652887,2.25,21955.25166886473
2025-01-17 18:49:40.380001,75.11602001211484,1.75,18.376949441747712,2.8117387330463117,454.3787293264454,2.25,21255.02235687979
2025-01-20 18:49:40.380001,75.7150604320292,1.75,18.907348864948883,2.771005549667146,466.57787366927136,2.25,20785.343905922382
2025-01-21 18:49:40.380001,73.18003101337193,1.75,19.37756673448556,2.6846482096927082,470.93704334185986,2.25,20574.028362824418
2025-01-22 18:49:40.380001,70.99381327725206,1.75,19.866986951724613,2.803970463435026,480.13644296873366,2.25,20615.39596257349
2025-01-23 18:49:40.380001,70.5894407666633,1.75,20.336901968607105,2.7684976537660257,484.0641888758107,2.25,19506.461243631573
2025-01-24 18:49:40.380001,72.22005969973961,1.75,19.931425809134915,2.7899929165058133,491.07752312891455,2.25,20108.643090789006
2025-01-27 18:49:40.380001,70.20187715583423,1.75,20.27419007975351,2.7864441349283346,475.06828141310166,2.25,20986.580562366264
2025-01-28 18:49:40.380001,70.79031577280584,1.75,20.10616634712804,2.903028039882417,469.2488830721365,2.25,21256.357431105298
2025-01-29 18:49:40.380001,70.7422512682534,1.75,21.2491738262111,2.8896276940615815,484.00258268107865,2.25,21434.36901758766
2025-01-30 18:49:40.380001,72.70298764927954,1.75,21.27744054602312,2.8924582602311446,481.84992727281724,2.25,21204.061218170555
2025-01-31 18:49:40.380001,71.61138259027506,1.75,21.134606897091953,2.846138661555141,494.8643762633041,2.25,21059.983849062522
2025-02-03 18:49:40.380001,70.65651225228383,1.75,20.697288648431034,2.8504803803897905,501.8171574086899,2.25,21038.994448992125
2025-02-04 18:49:40.380001,68.45611672771378,1.75,21.02650300510218,2.9561182216222295,497.89062175113105,2.25,21523.758394166805
2025-02-05 18:49:40.380001,67.96585522714686,1.75,20.928052288696584,2.8699710832973264,494.2816994709521,2.25,21826.893907341742
2025-02-06 18:49:40.380001,65.85081997882935,1.75,21.32501123229929,2.8157630283653425,492.4813833518677,2.25,20920.891970918965
2025-02-07 18:49:40.380001,64.02873114336506,1.75,21.66555016083245,2.732619522225153,520.2552840712294,2.25,21221.389592924723
2025-02-10 18:49:40.380001,65.6724227967291,1.75,21.93031281048729,2.7194981106477254,522.6119096963148,2.25,21652.307308606552
2025-02-11 18:49:40.380001,65.84285227421381,1.75,22.656363556440535,2.724672450579979,520.7726531670394,2.25,21585.025117907437
2025-02-12 18:49:40.380001,66.14322985475721,1.75,21.59516045269008,2.6698732778452294,524.7136289844386,2.25,22514.265968931577
2025-02-13 18:49:40.380001,66.52907925334684,1.75,21.77566317747635,2.611756600853548,534.2045872772517,2.25,21706.556644104032
2025-02-14 18:49:40.380001,66.63332546947144,1.75,21.85829897250017,2.5791715836794076,527.2639359292804,2.25,21386.019948575224
2025-02-17 18:49:40.380001,66.53186951972623,1.75,21.032817864946637,2.568144868434201,518.6235254324611,2.25,21253.188158611374
2025-02-18 18:49:40.380001,68.50863357853707,1.75,20.692658985071294,2.5548148033792977,518.454385943148,2.25,21424.79635459009
2025-02-19 18:49:40.380001,68.06004793902203,1.75,20.049035094157126,2.6374198709581838,523.1655985213048,2.25,21501.227769281504
2025-02-20 18:49:40.380001,68.75895773684694,1.75,19.256813662831387,2.6574258354863964,518.8539458916231,2.25,22301.153973976616
2025-02-21 18:49:40.380001,70.14767453838694,1.75,18.83635524905381,2.572926745972537,519.2849884663746,2.25,22906.53590066791
2025-02-24 18:49:40.380001,70.29369602334177,1.75,18.675932326020735,2.5533672125055986,542.2612791711198,2.250296603065239,22892.940929941273
2025-02-25 18:49:40.380001,69.68297304734608,1.75,19.324371183997776,2.635175171855124,550.0450322321609,2.2555495788782407,24273.522701721613
2025-02-26 18:49:40.380001,70.86161460452952,1.75,19.245850696578124,2.6207632010703863,572.0486838915306,2.278331978670562,25125.931931160023
2025-02-27 18:49:40.380001,68.70798420511738,1.75,19.559160491220425,2.6052996073623085,570.3238867098103,2.321215895392608,23367.41225385409
2025-02-28 18:49:40.380001,68.10934706392626,1.75,21.09848472357161,2.5998929791176373,578.947754368718,2.2969745365483143,24018.57218009316
2025-03-03 18:49:40.380001,69.50729260738416,1.75,21.249676683063228,2.5668290160115244,542.949806247164,2.25,23319.149329729466
2025-03-04 18:49:40.380001,69.16247747253834,1.75,20.926310179619737,2.492659300482771,534.1311999154951,2.2634756591888947,21962.380555871598
2025-03-05 18:49:40.380001,67.07647383337694,1.75,20.25157959600762,2.4403892212663494,521.5994671947135,2.25,20640.116642941106
2025-03-06 18:49:40.380001,65.04829125313633,1.75,20.25997253201958,2.4097455533509002,511.7577650323454,2.25,20518.756426382355
2025-03-07 18:49:40.380001,65.39839328022673,1.75,19.7001797038499,2.4493862756950255,529.6620349897343,2.25,20024.41646439808
2025-03-10 18:49:40.380001,64.57374678485164,1.75,19.34574053975971,2.4844628217719746,534.8701474867823,2.25,21388.236851760885
2025-03-11 18:49:40.380001,62.19517986403004,1.75,19.35667831035458,2.523533689416432,556.2991779843206,2.25,20737.452389411763
2025-03-12 18:49:40.380001,62.50212927607065,1.75,19.608482550991145,2.4675931853901485,546.826609452875,2.25,19508.633505892914
2025-03-13 18:49:40.380001,61.5375398216577,1.75,19.545521161224876,2.3998768127723,570.3872175918524,2.25,20087.603661478683
2025-03-14 18:49:40.380001,63.163903848739785,1.75,19.35209438855058,2.348262371229187,576.5337329471795,2.25,19302.46805326193
2025-03-17 18:49:40.380001,63.27232022897104,1.75,18.96567625972007,2.3748652416402467,618.4884353168733,2.25,18618.924604808664
2025-03-18 18:49:40.380001,64.40041152573696,1.75,18.1045495728644,2.344933925701963,601.1360002781871,2.25,19883.430941829305
2025-03-19 18:49:40.380001,66.83710126827243,1.75,17.85234108621859,2.4156125295513706,585.2689250721264,2.25,20789.396014392867
2025-03-20 18:49:40.380001,66.48918730866477,1.75,17.547875776128564,2.379287297409049,554.6728279539107,2.25,20841.70161397124
2025-03-21 18:49:40.380001,65.526952156663,1.75,18.082226916778666,2.377894926998131,541.7404928292206,2.25,20907.457771584202
2025-03-24 18:49:40.380001,62.2188445979799,1.75,18.700059667365213,2.3448968155615098,530.6880223780864,2.25,19715.049280245996
2025-03-25 18:49:40.380001,59.602409352829476,1.75,18.721794274396064,2.365478076356206,505.4877719812706,2.25,19936.05666554675
2025-03-26 18:49:40.380001,59.21539902864086,1.75,18.919111997816703,2.4473697927521676,506.15218958209516,2.25,18993.55967643022
2025-03-27 18:49:40.380001,59.690680148442034,1.75,18.55145782694369,2.550059858967022,500.0835480336535,2.3356395139309756,17993.794804834517
2025-03-28 18:49:40.380001,58.0791911324369,1.75,18.236850715772974,2.484030410466292,515.8989649066827,2.3453806340677117,17846.610058924507
2025-03-31 18:49:40.380001,60.76991197204968,1.75,19.19117883735908,2.5128497523482185,529.8331493142034,2.3541845118625497,17735.69699669289
2025-04-01 18:49:40.380001,62.48336242754065,1.75,19.510327807565343,2.632827164327021,525.8044804673453,2.345486833046434,17961.481464521403
2025-04-02 18:49:40.380001,62.55345847429117,1.75,19.644902652630364,2.6715348165672843,537.1471703412883,2.309475405485482,17922.82668363631
2025-04-03 18:49:40.380001,65.25212879805972,1.75,20.319943360270955,2.687310181259114,538.9769909465475,2.318154053867668,17525.052920141057
2025-04-04 18:49:40.380001,67.72013428187337,1.75,19.712024248821,2.7074045865450853,523.1956920533668,2.362589838197685,16286.41626650633
2025-04-07 18:49:40.380001,68.69140606010178,1.75,19.801341592318806,2.6243534776509505,536.9742435933235,2.2980484053343857,17619.47976410657
2025-04-08 18:49:40.380001,67.64873515314414,1.75,19.265711580444076,2.72206053440238,535.3889654616756,2.25,19410.600462077677
2025-04-09 18:49:40.380001,64.4475493107775,1.75,19.266528127733665,2.8049396595803486,521.3696013745173,2.2587469205403576,18794.0602989306
2025-04-10 18:49:40.380001,64.12063061875402,1.75,19.723865148251623,2.813128316188788,536.6640861697967,2.25,18233.172774933955
2025-04-11 18:49:40.380001,65.31102076817587,1.75,20.38103482205575,2.8902061050859698,539.9833435719066,2.263661070256637,19442.601569573388
2025-04-14 18:49:40.380001,64.3086947747625,1.75,20.22026369962566,2.86590079241864,535.4305122915114,2.25,20146.35645072561
2025-04-15 18:49:40.380001,62.07040029245695,1.75,20.843119390563334,2.9054234609652685,543.8715282286627,2.25,20505.627567038897
2025-04-16 18:49:40.380001,61.462338989438635,1.75,20.97481403020198,2.8274425483350276,518.7168922140497,2.25,20039.70693834844
2025-04-17 18:49:40.380001,61.688883238646106,1.75,20.624893990035076,2.8374310158587126,517.3225461699916,2.25,19600.26716515139
2025-04-18 18:49:40.380001,62.75768377763555,1.75,20.575839133384804,2.9974277998529515,528.7656748865599,2.25,20559.512646622825
2025-04-21 18:49:40.380001,61.67436563560525,1.75,20.84579556917572,2.9504951990434902,513.3766283639804,2.25,21588.621352173588
2025-04-22 18:49:40.380001,60.5459172009654,1.75,21.154711358525162,2.969279618566532,512.1110441992005,2.25,21186.403642721172
2025-04-23 18:49:40.380001,60.71498231727972,1.75,21.345081984588283,2.898557912585912,510.23645514669056,2.25,20671.805805234042
2025-04-24 18:49:40.380001,57.92791571726059,1.75,21.57156815257187,2.8534193029584607,495.7757450857867,2.25,19631.748334575277
2025-04-25 18:49:40.380001,55.89379622700936,1.75,21.08270728847142,2.952321840925493,476.0910170029321,2.25,18447.62207763832
2025-04-28 18:49:40.380001,55.94258623787774,1.75,20.32654168909153,3.001296666294617,481.1993016912749,2.25,17635.27139384749
2025-04-29 18:49:40.380001,55.56465707527582,1.75,19.699184489225132,3.0317112275850326,471.9083959414809,2.25,18044.565373952137
2025-04-30 18:49:40.380001,56.4769839166084,1.75,20.088214668849634,2.8675424562177625,475.01994947392933,2.25,17454.501140043805
2025-05-01 18:49:40.380001,57.668213591837045,1.75,20.14301885868131,2.9004107071671306,464.24533339862586,2.25,16312.895530103673
2025-05-02 18:49:40.380001,57.7676037877745,1.75,20.488032971151885,3.0390951815402594,469.37822780589516,2.25,16577.061257747442
2025-05-05 18:49:40.380001,59.11013171190326,1.75,20.692466448727533,3.0275851283807067,473.27676633115226,2.25,17195.82061793247
2025-05-06 18:49:40.380001,57.82481216750889,1.75,20.570868300129398,3.054839560474529,451.5442687089759,2.25,16884.05853418268
2025-05-07 18:49:40.380001,60.60706264009629,1.75,21.11607506659778,3.1051952527096716,456.9304243482836,2.25,16775.106695573555
2025-05-08 18:49:40.380001,61.27845126345529,1.75,21.279395943952775,3.241601452114974,473.9511791297088,2.25,17464.177884649987
2025-05-09 18:49:40.380001,58.95826787675366,1.75,20.848279307028427,3.1739958174537,483.4899545106677,2.25,18199.515637157096
2025-05-12 18:49:40.380001,57.823766645789725,1.75,21.61532438870773,3.1468862465981586,480.27333880740036,2.25,19859.858449040425
2025-05-13 18:49:40.380001,59.920900407070526,1.75,21.758642571565318,3.1515110819656384,489.5167716167191,2.25,19607.135794317022
2025-05-14 18:49:40.380001,62.672122456278984,1.75,21.956815661625683,3.0625745021637547,486.0986976609155,2.25,21559.270558493827
2025-05-15 18:49:40.380001,63.73222142302772,1.75,21.663246318382424,3.128670135586599,480.5111255388614,2.25,21691.45537851297
2025-05-16 18:49:40.380001,63.356509313927305,1.75,22.14356084158205,3.35000053087266,458.46662620969533,2.25,22549.60936876896
2025-05-19 18:49:40.380001,63.391469043978816,1.75,21.96857666219342,3.397482442436557,451.569217444378,2.25,23214.13084651537
2025-05-20 18:49:40.380001,60.419417406646666,1.75,21.511083247487523,3.350574047002222,446.6094416748076,2.25,23469.336123397483
2025-05-21 18:49:40.380001,57.53514549179978,1.75,21.50682074875835,3.432258506330618,443.6335087081152,2.25,22857.891523211794
2025-05-22 18:49:40.380001,59.36653727147948,1.75,21.374650380304697,3.554512842411494,454.69773494626895,2.25,23240.306938334135
2025-05-23 18:49:40.380001,59.139808322951644,1.75,21.668898532988834,3.4644023677590385,450.2282225157037,2.25,24099.72845182756
2025-05-26 18:49:40.380001,60.71434254032184,1.75,22.049648570309294,3.586985548242426,448.3608616248375,2.258725037319903,23584.57652069335
2025-05-27 18:49:40.380001,60.818019795154214,1.75,21.86577216558831,3.5963975570796,442.52424502275124,2.3130033951408024,23598.018606658046
2025-05-28 18:49:40.380001,59.615115553818534,1.75,21.22931715400465,3.6123877703220173,438.9030394001289,2.29881573699357,22805.603635800286
2025-05-29 18:49:40.380001,58.509405690208006,1.75,21.70468945112062,3.5007794388709605,442.32813368356204,2.2807833006505547,22761.63829399526
2025-05-30 18:49:40.380001,57.754206495450816,1.75,22.25760916886166,3.30789428082106,445.9898336469716,2.2962788425288747,21634.374457985537
2025-06-02 18:49:40.380001,60.48779935002881,1.75,22.45668490508779,3.2934421985943647,445.64841079595277,2.419444978748757,23172.24918864592
2025-06-03 18:49:40.380001,59.27846684633775,1.75,21.846815592658942,3.1700050194316347,470.3231219478663,2.3287361823085475,22829.173087968225
2025-06-04 18:49:40.380001,57.6719045686052,1.75,21.622076069778565,3.152368003584949,504.0729174397288,2.3778366452950066,23436.467190957817
2025-06-05 18:49:40.380001,58.16967891480301,1.75,21.02907382189094,2.8302213313630804,520.7268689450711,2.3441511085359226,23052.948405139297
2025-06-06 18:49:40.380001,54.453328107178535,1.75,21.714460460660383,2.924359104479293,512.8126312559634,2.391886083670747,23820.776542543157
2025-06-09 18:49:40.380001,54.47190609292416,1.75,21.777495451938893,2.9803926678856425,511.79371597064045,2.4539630873599982,22949.29300375669
2025-06-10 18:49:40.380001,55.89126732415847,1.75,22.153930203104654,3.0237651731897675,514.8477694330087,2.577525132625791,24035.72421221749
2025-06-11 18:49:40.380001,54.188834295751256,1.75,22.244114233583435,3.0630203523756134,535.7150521357235,2.581981676557036,24895.28862797093
2025-06-12 18:49:40.380001,53.12810425867685,1.75,22.480942553809854,3.1004732058562525,534.9655490024115,2.5305673747280175,26386.197020655807
2025-06-13 18:49:40.380001,52.35594388674048,1.75,22.641081398427577,3.2224035483227973,525.8640658956009,2.540173406365172,26549.24889428595
2025-06-16 18:49:40.380001,52.66429392214884,1.75,23.120062222995035,3.2460118621709553,503.31777882197525,2.5426939203317978,26300.044688650647
2025-06-17 18:49:40.380001,54.01085402579385,1.75,22.423374792402296,3.017188865649828,513.223225673166,2.68738421546902,26290.082113733893
2025-06-18 18:49:40.380001,55.32536338914187,1.75,22.410125224608336,3.0679822724820114,545.3887629874288,2.8494064464175812,27717.824624879275
2025-06-19 18:49:40.380001,56.226678827618926,1.75,22.120883446251437,2.879812966471617,552.4979908813051,2.822787984179373,26357.79584471388
2025-06-20 18:49:40.380001,56.37793299898134,1.75,22.477992877261787,2.757734092086219,521.9916940459776,2.8481869454485573,24186.38212435494
2025-06-23 18:49:40.380001,53.8179078505748,1.75,21.980108354007573,2.8039000077862686,502.67278441499496,2.832414780511057,24502.27906865397
2025-06-24 18:49:40.380001,54.83727238813527,1.75,21.88119675740291,2.625562188448432,514.1491315080699,2.681359857944111,24742.637739722588
2025-06-25 18:49:40.380001,55.24611516624925,1.75,21.74830020366091,2.8585793594422504,503.8015466359506,2.795385188880877,24523.521997773525
2025-06-26 18:49:40.380001,55.736725783144294,1.75,21.577515107457504,2.916475611899413,492.0543707646595,2.8783496899038368,22523.014811453657
2025-06-27 18:49:40.380001,56.14164076287789,1.75,21.182187982360407,2.97942594886313,489.915441611273,2.7505875619131785,21641.061278151734
2025-06-30 18:49:40.380001,60.03756256762287,1.75,20.87617317988812,3.1723389401567137,481.89752235679964,2.8582115316651366,19908.64210663798
2025-07-01 18:49:40.380001,61.449044526180415,1.75,20.88082812252304,3.1828277887648815,486.1595684561409,2.9245067712698245,21279.176324654847
2025-07-02 18:49:40.380001,58.46743454678923,1.75,20.37343291282592,3.244988744113172,469.30535003113016,2.8839801086883408,21340.676815586547
2025-07-03 18:49:40.380001,58.512664565581865,1.75,19.832113906130367,3.1582670634077448,467.3091226375323,2.9065368371165725,20544.07596783751
2025-07-04 18:49:40.380001,60.12712498118363,1.75,19.90044793624082,3.1907438825063683,456.6345110599687,2.902382006046475,23110.93096931916
2025-07-07 18:49:40.380001,62.329034027733215,1.75,20.09062156252926,3.1608241122724143,465.979228330744,2.8987488420129757,24190.054186956506
2025-07-08 18:49:40.380001,59.313866310211836,1.75,20.223884447916895,3.0977793341112525,461.14282383569594,2.9227285197457897,23351.848516455855
2025-07-09 18:49:40.380001,59.499320392742575,1.75,19.381132075677115,3.0690648160165184,461.07813378360964,2.7426932649774947,25037.763270456715
2025-07-10 18:49:40.380001,62.43898114497092,1.75,20.46832875109156,3.1737899636636127,459.0896439464193,2.83022808668545,25817.003118955923
2025-07-11 18:49:40.380001,60.873285606952074,1.75,20.14265063306401,3.1526862638274333,457.4641272885687,2.710706843972213,25501.39512528199
2025-07-14 18:49:40.380001,64.49128023450636,1.75,19.081717473769363,3.2931281644906054,436.39913550804243,2.648418558251193,25813.20391951888
2025-07-15 18:49:40.380001,64.20480161743546,1.75,18.22521134131522,3.2055896726376205,437.46506352754824,2.5750241102788234,25303.507548788904
2025-07-16 18:49:40.380001,63.310195982530715,1.75,18.479534636972975,3.355238680846879,427.5797535607426,2.5385627519945935,22357.130079854207
2025-07-17 18:49:40.380001,63.87122600963157,1.75,17.62726798189072,3.3303514475237623,401.45081944749825,2.5068670406054796,22808.52999435457
2025-07-18 18:49:40.380001,65.06730224916063,1.75,17.825767477888185,3.275348170107798,415.4120190485067,2.3785090545982963,22965.76153398396
2025-07-21 18:49:40.380001,63.386865873588285,1.75,17.538252178433485,3.316418585966705,417.8898418353452,2.277695615709562,22436.06302616027
2025-07-22 18:49:40.380001,63.368000180133386,1.75,17.55999962618606,3.2629411320682546,438.21600927926784,2.25,23216.779321190268
2025-07-23 18:49:40.380001,64.61161077087091,1.75,18.09064748111904,3.2349168888135242,429.7502830540487,2.3059013701527546,22725.438458275585
2025-07-24 18:49:40.380001,63.6754594480137,1.75,18.378402368000323,3.3265736747132766,414.98771680222086,2.25,23657.822047396992
2025-07-25 18:49:40.380001,62.09023906946471,1.75,18.87850712147721,3.4185681382578705,418.8929078662445,2.328413665794879,22498.258227423845
2025-07-28 18:49:40.380001,61.6449645343298,1.75,18.37478378486352,3.4501237145981807,419.8318552503134,2.405311859633118,23181.117588160287
2025-07-29 18:49:40.380001,59.65721488993354,1.75,18.407555029964477,3.3226792818975595,413.37987409586077,2.3434714975303903,23214.5964961529
2025-07-30 18:49:40.380001,60.4811458135229,1.75,18.014056420478287,3.304997636616661,411.06897843301056,2.334571188689535,22962.78230770184
2025-07-31 18:49:40.380001,57.56522783674192,1.75,18.284243527100315,3.3968989308075526,411.6543500197521,2.2697099242914605,23320.115376335096
2025-08-01 18:49:40.380001,56.762685647600804,1.75,17.376215251235088,3.3263901129407554,411.6355907633757,2.25,23855.407530076278
2025-08-04 18:49:40.380001,56.337764107875984,1.75,17.41122990576502,3.2091205477249907,414.13795750348623,2.3713591118967146,23432.97848510929
2025-08-05 18:49:40.380001,59.28832227141409,1.75,17.596237923199528,3.1916697744575426,422.9744246058229,2.25,23197.27152164418
2025-08-06 18:49:40.380001,60.255827802735574,1.75,17.83230979332994,3.094236856731795,414.53449903964713,2.2825086725336443,24215.652320177083
2025-08-07 18:49:40.380001,59.77834942296521,1.75,18.640844191658463,3.130251386915049,414.49090522317806,2.298537278322276,23787.314314940926
2025-08-08 18:49:40.380001,58.902233901691396,1.75,18.16279267150949,3.174625669085919,415.6635156642026,2.25,24535.434933005607
2025-08-11 18:49:40.380001,59.96841589746189,1.75,18.76679997941228,3.213683409757013,419.11825351624765,2.327633426102709,23306.730643727104
2025-08-12 18:49:40.380001,58.48172972160185,1.75,18.68038946297562,3.3713406831982073,423.5526439478956,2.277330921344392,22005.90438677567
2025-08-13 18:49:40.380001,58.7611565322266,1.75,18.485154444011112,3.430814171011779,430.6857413133513,2.25,22706.08124211153
2025-08-14 18:49:40.380001,57.44548403622206,1.75,18.933738046959153,3.4065653629030654,431.46207919833927,2.25,23051.25677405505
2025-08-15 18:49:40.380001,58.021109924434505,1.75,19.170094589244314,3.3604071128937694,433.86848174049373,2.25,23628.907370856792
2025-08-18 18:49:40.380001,57.7944035366033,1.75,18.800843329783152,3.3305358935449743,413.70766027932365,2.25,24562.496874020984
2025-08-19 18:49:40.380001,61.04800439398295,1.75,18.742576717409943,3.38832581650696,407.25328815115176,2.25,25404.561238744238
2025-08-20 18:49:40.380001,64.52588859901346,1.75,18.578543869145626,3.248202656945416,407.6619019370034,2.25,27138.030202287147
2025-08-21 18:49:40.380001,62.90227767718815,1.75,17.637309206384227,3.2619245912083095,415.6334586966993,2.25,27847.6827053428
2025-08-22 18:49:40.380001,64.07762243978746,1.75,17.905257388052373,3.2480861646862267,414.5197639304484,2.25,27044.42705931965
2025-08-25 18:49:40.380001,62.25125016257999,1.75,19.547983148055447,3.28521856860185,419.1971794797802,2.25,25125.26589414292
2025-08-26 18:49:40.380001,62.58767675305576,1.75,19.285275225912397,3.239013348561847,410.57326489062774,2.25,26119.403958287814
2025-08-27 18:49:40.380001,62.16592892854662,1.75,19.670691605442446,3.291227770796009,405.0939545273698,2.25,27797.727705069683
2025-08-28 18:49:40.380001,58.90510532613581,1.75,18.729009870198357,3.2984986086229227,394.16508830361636,2.25,26427.093107044806
2025-08-29 18:49:40.380001,57.90301472866467,1.75,17.795491339760602,3.2128836010380804,401.16964456355566,2.25,26509.87644588466
2025-09-01 18:49:40.380001,60.706205512096716,1.75,16.606154298185523,3.2187838459579288,397.8549075137483,2.25,25164.951429883953
2025-09-02 18:49:40.380001,64.44843206276398,1.75,16.154916439700667,3.176274908168967,402.01546988352027,2.25,25691.462253006015
2025-09-03 18:49:40.380001,68.54075952496885,1.75,16.088811385316372,3.0587907284791966,402.929598637596,2.25,26150.30507422157
2025-09-04 18:49:40.380001,69.1441693829169,1.75,17.07804912898201,3.2276961602087098,414.00781946397325,2.25,25976.06616544531
2025-09-05 18:49:40.380001,70.40317788500063,1.75,15.655893681015055,3.242338884164503,410.515410096956,2.25,26351.917834486405
2025-09-08 18:49:40.380001,71.5517906490466,1.75,15.157340045359618,3.195334216052374,406.70879940164025,2.25,28077.66920344075
2025-09-09 18:49:40.380001,75.57039783852812,1.75,15.756154476911894,3.256996411748962,417.2257725839853,2.25,27631.849225759594
2025-09-10 18:49:40.380001,72.09363209494371,1.75,16.335640457222535,3.217991908495385,414.5499156485624,2.25,26971.504258279754
2025-09-11 18:49:40.380001,71.4823961565651,1.75,15.205466220755726,3.057878335454475,419.1523901849519,2.25,27910.977836750102
2025-09-12 18:49:40.380001,67.55036395393246,1.75,15.448303233288806,3.017186677468761,431.35405827935534,2.25,27943.062496119102
2025-09-15 18:49:40.380001,64.89847848894945,1.75,15.418900637870115,3.0364637337693297,413.6237431697288,2.25,27650.952403278723
2025-09-16 18:49:40.380001,68.566123721599,1.75,15.403306282530805,3.0207853546089947,392.02799415939756,2.25,27766.97699375885
2025-09-17 18:49:40.380001,69.77245482103754,1.75,15.820174488082168,3.05157660287851,403.71441764690155,2.25,27070.327932351483
2025-09-18 18:49:40.380001,68.14405862403794,1.75,15.767683657916734,3.042371552854338,405.93364906399376,2.25,27482.18343415824
2025-09-19 18:49:40.380001,69.8248113778214,1.75,15.645475920395759,3.080746769271434,415.2129067620815,2.25,28094.841059208175
2025-09-22 18:49:40.380001,63.292215662294424,1.75,15.425998025500176,3.1397547175167455,412.3919905164155,2.25,27941.732917484052
2025-09-23 18:49:40.380001,62.61829617379808,1.75,15.085507665565524,3.1181280630307873,421.1871085281208,2.25,30185.663489457587
2025-09-24 18:49:40.380001,61.7445238114519,1.75,15.430247937807088,2.9910060342071736,415.5949324609502,2.25,32447.099229280855
2025-09-25 18:49:40.380001,63.50386079947814,1.75,16.217298239101062,2.9488835064219066,414.5692682047371,2.25,32754.008147259185
2025-09-26 18:49:40.380001,61.41335993864506,1.75,16.714642832312922,3.0106290512844307,416.281201849351,2.25,33598.35362375117
2025-09-29 18:49:40.380001,57.73974456312991,1.75,17.354763700403524,3.040428159908745,418.7165429405874,2.25,33109.566519938046
2025-09-30 18:49:40.380001,56.30707069556434,1.75,17.218123568383174,2.9696663437970603,418.0002316014013,2.25,33601.4360570055
2025-10-01 18:49:40.380001,58.488469238187584,1.75,18.165819589484958,2.8762741410411756,412.50161345656727,2.25,34775.104046397406
2025-10-02 18:49:40.380001,61.11464532702454,1.75,18.700445175632755,2.8637998778347673,419.57622604974205,2.25,35574.63592506274
2025-10-03 18:49:40.380001,57.50265158784977,1.75,18.7425413492689,2.982852633566258,429.2478227438289,2.25,35212.51032384905
2025-10-06 18:49:40.380001,56.420901111485115,1.75,18.539916807439102,2.980029432212526,417.6577153033676,2.25,33845.229085129125
2025-10-07 18:49:40.380001,60.00958501969877,1.75,18.928352137282182,2.967167604707127,411.36550182464856,2.25,32930.19138853253
2025-10-08 18:49:40.380001,58.5191085436372,1.75,19.37192868123089,3.022341352115774,417.14679297089475,2.25,33591.960081115496
2025-10-09 18:49:40.380001,60.8737678863878,1.75,19.506433820562357,3.077853017578835,423.1779459809198,2.25,32022.555079733622
2025-10-10 18:49:40.380001,61.98282495727068,1.75,18.01792015990467,3.1540973876215213,426.54513927576505,2.25,31915.045001792576
2025-10-13 18:49:40.380001,65.26672797947361,1.75,19.080796692511225,3.164140234660962,435.0601973943791,2.25,31847.739257806206
2025-10-14 18:49:40.380001,65.97754526878884,1.75,19.455795859971126,3.1649011938855303,448.7441203812377,2.25,31761.496617200715
2025-10-15 18:49:40.380001,68.62839314032973,1.75,18.569667860446785,3.198903445185055,452.56277106192084,2.25,31960.766367115804
2025-10-16 18:49:40.380001,72.88850234489318,1.75,19.298627918701634,3.190671900581182,474.1055265862974,2.25,32492.384700101244
2025-10-17 18:49:40.380001,74.62098567913122,1.75,19.011197288349848,3.236425352969099,472.5400506860956,2.25,32328.987999792138
2025-10-20 18:49:40.380001,77.01927062324619,1.75,19.367399430193093,3.245137815075457,469.98857157957923,2.25,29934.39721191199
2025-10-21 18:49:40.380001,77.64167182772687,1.75,19.180270568184962,3.247352281731293,464.07522240864256,2.25,31763.30303622182
2025-10-22 18:49:40.380001,81.60206194462441,1.75,19.255359500888364,3.1940326435637822,458.15888611942677,2.25,31973.450520386097
2025-10-23 18:49:40.380001,85.6239353515116,1.75,19.636869381799,3.115684237058132,458.44300728125876,2.25,32308.493633711256
2025-10-24 18:49:40.380001,89.21090847475021,1.75,21.20649279719414,3.0054348083961835,473.0223998898587,2.25,32343.746872153082
2025-10-27 18:49:40.380001,90.10349163409498,1.75,21.824866905445493,3.0265036642447725,481.3892364837724,2.25,33797.122385750656
2025-10-28 18:49:40.380001,92.04718475312939,1.75,23.18228614484435,3.0800938848345285,470.4154205384567,2.25,33096.47526473233
2025-10-29 18:49:40.380001,92.11838334776778,1.75,23.512603660494925,3.0330848849215486,468.93808060807055,2.25,33386.09915623887
2025-10-30 18:49:40.380001,86.3238718457583,1.75,23.10959160239752,3.0653727560247295,463.2359736866768,2.25,33750.013859089355
2025-10-31 18:49:40.380001,86.55838090128394,1.75,22.100660838794894,3.0369085060130496,471.1259163355744,2.25,34213.729590778574
2025-11-03 18:49:40.380001,90.3162741056208,1.75,21.722980403259726,3.039937179647107,457.196219757803,2.25,34541.8660506801
2025-11-04 18:49:40.380001,89.20307755446301,1.75,21.669141207800802,3.000641799340358,466.460703285307,2.25,32688.672963898076
2025-11-05 18:49:40.380001,85.48196648893182,1.75,20.72611873771959,2.9968111451468253,464.33909382539025,2.25,29935.02315455521
2025-11-06 18:49:40.380001,86.77001789475126,1.75,20.995706439293077,2.9578981518384357,461.8959608809607,2.25,30964.278142770094
2025-11-07 18:49:40.380001,88.59875291101781,1.75,21.373881640282384,2.959311068414433,474.9463065289451,2.25,30251.66644855945
2025-11-10 18:49:40.380001,90.20559019088286,1.75,20.279056887306467,2.940532240675591,477.64385341365943,2.25,30366.69250728742
2025-11-11 18:49:40.380001,89.76663031051471,1.75,21.068894035128082,2.8732605843392522,482.07181699649925,2.25,31575.336347540342
2025-11-12 18:49:40.380001,90.48360502756334,1.75,21.082054840409608,2.9416387027151716,483.74193448576534,2.25,31872.53855200417
2025-11-13 18:49:40.380001,87.14953316432549,1.75,20.859647185094133,2.890965688975645,477.08150088692497,2.25,30578.885176158044
2025-11-14 18:49:40.380001,85.06516241927939,1.75,20.374300685985528,2.9632044049224477,493.43242816839535,2.25,30304.56415982772
2025-11-17 18:49:40.380001,86.74136240993877,1.75,19.873939776365514,2.922813861201451,485.40748194580567,2.25,30927.085610626644
2025-11-18 18:49:40.380001,87.41112371135307,1.75,21.44962320292918,2.9772558039111123,486.31124966279737,2.25,29686.49182916957
2025-11-19 18:49:40.380001,87.6242118510324,1.75,20.87794900054396,2.915911718979834,497.5282869995564,2.25,31923.16871191241
2025-11-20 18:49:40.380001,90.22763330119705,1.75,21.33133986751985,2.8958055218588568,500.0477618039536,2.25,31624.26618157412
2025-11-21 18:49:40.380001,96.28586225187507,1.75,20.466459155754265,2.75001606841162,497.1784177198128,2.25,33023.04333991012
2025-11-24 18:49:40.380001,96.00117670667055,1.75,20.86395904520867,2.691644039046605,501.75946326752455,2.25,32920.85387480705
2025-11-25 18:49:40.380001,92.40549683661698,1.75,20.828677136370946,2.6444558086227046,503.9483161506161,2.25,34660.13403397393
2025-11-26 18:49:40.380001,94.6066152318074,1.75,20.075993424155538,2.65510141700828,487.0791762384895,2.25,33834.344524893844
2025-11-27 18:49:40.380001,97.06361752763874,1.75,18.645339150871067,2.608300652628274,477.5731703935629,2.25,33589.1696806977
2025-11-28 18:49:40.380001,96.44570394944581,1.75,18.42650669323039,2.637971163708586,467.79995385250714,2.25,33298.39772363048
2025-12-01 18:49:40.380001,94.87669877547202,1.75,18.96773859733094,2.5308970853297272,463.5049578059381,2.25,33765.92123623537
2025-12-02 18:49:40.380001,94.9679360156046,1.75,18.152195060449923,2.4856179699440775,461.8049979745454,2.25,34604.56037121966
2025-12-03 18:49:40.380001,98.38402807239612,1.75,18.234024332984767,2.5363091431245475,462.7852971304789,2.25,34754.27453929487
2025-12-04 18:49:40.380001,102.52956934406397,1.75,19.34755521334539,2.391540882101722,472.64389006796154,2.25,35502.05552201535
2025-12-05 18:49:40.380001,103.40301789049084,1.75,19.79870845983432,2.357418764339811,496.4203884791069,2.25,33720.2098354393
2025-12-08 18:49:40.380001,102.40500894172773,1.75,20.30114987672663,2.3074622492461665,507.5980088681993,2.25,32349.302266653394
2025-12-09 18:49:40.380001,98.11305937961565,1.75,20.382189893205506,2.32561347696833,513.924617690384,2.25,31851.89418451056
2025-12-10 18:49:40.380001,101.37003315872562,1.75,20.095899127436862,2.3725070970463378,517.2502149580453,2.25,31610.298592362633
2025-12-11 18:49:40.380001,93.26546024874143,1.75,19.795156865284238,2.3988320015152604,510.980600972494,2.25,30537.4411276939
2025-12-12 18:49:40.380001,89.71371511480555,1.75,20.783041425089312,2.364314963031536,538.0233983138338,2.25,32249.38309226051
2025-12-15 18:49:40.380001,90.76591462509803,1.75,21.338074943445772,2.340717723953116,545.7138258916798,2.25,33118.317364871335
2025-12-16 18:49:40.380001,89.74006863088859,1.75,21.06056080153593,2.319651551039751,565.5208837360711,2.25,32737.028029256213
2025-12-17 18:49:40.380001,98.66689190137737,1.75,22.25823196338197,2.236059515436526,552.4178154501194,2.25,32630.861103226027
2025-12-18 18:49:40.380001,96.41714835967088,1.75,23.212608596822484,2.2030936689829144,568.441774184622,2.25,31079.008707851564
2025-12-19 18:49:40.380001,101.1857742495851,1.75,23.972074040630872,2.162610132745188,563.962289312038,2.25,30400.29959766073
2025-12-22 18:49:40.380001,102.70443693662232,1.75,24.288922314219363,2.2267234525643884,563.1384177392368,2.25,30478.408304546698
2025-12-23 18:49:40.380001,104.8566458522761,1.75,24.894538874527335,2.25703631853317,581.5314405162102,2.25,29148.05152887247
2025-12-24 18:49:40.380001,102.62074277597723,1.75,22.80789128310075,2.1531489512004227,602.0192695735537,2.25,28368.657653750204
2025-12-25 18:49:40.380001,101.61692085954995,1.75,22.476104226990802,2.1714392879995508,623.4891576624387,2.25,29118.465654340136
2025-12-26 18:49:40.380001,98.18749699633442,1.75,21.838434194739598,2.150208500710514,610.6831669360758,2.25,30854.09654863057
2025-12-29 18:49:40.380001,93.75931044254291,1.75,23.026339314166073,2.1793018466508287,600.627824474834,2.25,31564.111097457666
2025-12-30 18:49:40.380001,94.16772908677159,1.75,23.652654711226827,2.0530373136153726,575.7013486793148,2.25,33786.898977169905
2025-12-31 18:49:40.380001,96.63378713583127,1.75,23.686705778155382,1.9870316195834996,540.9680262117575,2.25,31574.9412765116
2026-01-01 18:49:40.380001,93.36738024178105,1.75,23.183898770657564,2.025634111181016,535.2155005833753,2.25,30154.352518410135
2026-01-02 18:49:40.380001,97.42969568349316,1.75,24.28597811286409,2.023539723282879,521.6618217725801,2.25,30687.073793891406
2026-01-05 18:49:40.380001,99.21904160439789,1.75,23.09297000191067,2.1324406525812636,534.1152276128223,2.25,32777.38907695211
2026-01-06 18:49:40.380001,98.34290795219182,1.75,22.604010813146648,2.210154573353209,520.4789698957023,2.25,32554.595198503688
2026-01-07 18:49:40.380001,92.33858815185152,1.75,22.897395532462877,2.1642902849154497,514.2524711507583,2.25,33600.685084327764
2026-01-08 18:49:40.380001,88.47156656665966,1.75,21.598689897147256,2.291712513319622,511.76802433707303,2.25,33526.477215539526
2026-01-09 18:49:40.380001,85.82140005973805,1.75,21.99278542354225,2.3576658027342634,503.06735231214515,2.25,32510.758752562815
2026-01-12 18:49:40.380001,81.34848865632965,1.75,21.53442064914157,2.409436582015116,488.8222810169441,2.25,31051.782793153197
2026-01-13 18:49:40.380001,83.90954123226274,1.75,23.798078261785356,2.4817321102295926,474.55343096194974,2.2899575092134694,30778.504037553077
2026-01-14 18:49:40.380001,87.66763130313898,1.75,23.919251655816343,2.598734044094932,463.67250689395775,2.393256595008349,31739.863210879405
2026-01-15 18:49:40.380001,82.97034107372818,1.75,24.30479701512361,2.6250095989547977,460.010028866348,2.256045240211424,31894.51558931814
2026-01-16 18:49:40.380001,83.59677006704817,1.75,25.391932120857025,2.7693911991496862,458.793486475456,2.25,32542.016001129396
2026-01-19 18:49:40.380001,81.9776059453954,1.75,24.053669074009157,2.6420073666597546,459.3717087538471,2.25,33145.60043642902
2026-01-20 18:49:40.380001,78.3228510665486,1.75,25.244671734403724,2.642888493643266,459.4550411536092,2.25,34647.13760295195
2026-01-21 18:49:40.380001,82.04749100503061,1.75,25.151130882358615,2.6526967716605103,463.9805102513847,2.25,34454.470299529756
2026-01-22 18:49:40.380001,85.96701754788731,1.75,24.646304598876235,2.5685570176558024,449.97121916785375,2.25,35177.58756001454
2026-01-23 18:49:40.380001,90.45054982483542,1.75,24.78708347136674,2.6599958943708724,459.8256567831354,2.25,36844.6203507639
2026-01-26 18:49:40.380001,95.81220386416688,1.75,26.024902739869148,2.6642006090309596,465.264691212275,2.25,35460.28533903635
2026-01-27 18:49:40.380001,101.82812586527616,1.75,26.984087391023664,2.7422647898575816,451.2172093412602,2.25,35094.504031045086
2026-01-28 18:49:40.380001,97.54749993359144,1.75,26.583224790191018,2.73344489631254,454.78772871596954,2.25,36002.80129871764
2026-01-29 18:49:40.380001,93.80743779757792,1.75,25.673778003301823,2.8084801527643157,451.47908783594005,2.25,38404.56679550861
2026-01-30 18:49:40.380001,91.79304136078278,1.75,23.584511779933685,2.9191474578846597,469.8345549246611,2.25,37612.47212241034
2026-02-02 18:49:40.380001,96.79020619322789,1.75,24.175979772286563,2.779565612677344,467.7216244631778,2.25,37194.43453334541
2026-02-03 18:49:40.380001,97.29964518456352,1.75,24.74398073045475,2.691840226257994,466.1477519824678,2.25,36357.01211470237
2026-02-04 18:49:40.380001,93.44555040565288,1.75,25.658556469005976,2.821002938080307,463.204185268672,2.25,35783.9631933855
2026-02-05 18:49:40.380001,88.70709979218663,1.75,22.883646226046313,2.833903029873694,456.69580712389666,2.25,37402.84511279381
2026-02-06 18:49:40.380001,91.9578356279949,1.75,21.716083424068803,2.7404303395131966,447.74974181974466,2.25,36252.70982500678
2026-02-09 18:49:40.380001,90.9040172399459,1.75,23.569208723808167,2.749695443107147,437.53379134632047,2.25,35956.88512012492
2026-02-10 18:49:40.380001,88.89920920634606,1.75,24.440897519478995,2.89296414437352,426.0496439666352,2.25,35807.8355965066
2026-02-11 18:49:40.380001,87.2644553905901,1.75,27.017903815971373,2.9136562203132614,407.4241580405028,2.25,35308.56810864397
2026-02-12 18:49:40.380001,81.41084093296075,1.75,27.319572255473826,2.8749792443300404,412.6945902148922,2.25,35746.81625008782
2026-02-13 18:49:40.380001,82.62639294021187,1.75,24.120400027044433,2.9677128745728973,425.84432659352757,2.2516340235407455,34817.59168515883
2026-02-16 18:49:40.380001,85.50244839852165,1.75,25.09121541194808,2.827801466015093,439.23907330798056,2.3382688302907715,36124.20318489409
2026-02-17 18:49:40.380001,88.11505075982339,1.75,25.559247562313566,2.8987063677990785,438.3850937761999,2.311183177893514,38458.086961495035
2026-02-18 18:49:40.380001,90.12040158795186,1.75,27.32818761330431,2.8613894410737,432.90010082995383,2.25,40344.40344091925
2026-02-19 18:49:40.380001,90.65720417174282,1.75,29.940272961906196,2.6620684244983654,427.25512244296783,2.25,40061.34517524865
2026-02-20 18:49:40.380001,88.57143333702506,1.75,29.80797707151112,2.6115869853873694,416.5442812366234,2.25,41078.910580379306
2026-02-23 18:49:40.380001,88.96017664072366,1.75,27.69172704110975,2.593404416170878,428.1492380759841,2.25,41749.74096076248
2026-02-24 18:49:40.380001,89.00898171695042,1.75,26.032523853374162,2.6336362808951015,416.541271624186,2.25,41968.15921180523
2026-02-25 18:49:40.380001,94.01725651588744,1.75,26.878083621389035,2.5335383014156347,415.18444101685924,2.25,42652.74244552731
2026-02-26 18:49:40.380001,96.75173967551837,1.75,27.598535356836813,2.5903335232557696,408.396834628729,2.25,42863.78966624702
2026-02-27 18:49:40.380001,97.14234579160828,1.75,26.91967886098616,2.635443669458082,391.181854250747,2.25,41974.962827440984
2026-03-02 18:49:40.380001,97.53824815061074,1.75,25.513123709027322,2.751880949385694,380.64945805279604,2.25,42359.28343257503
2026-03-03 18:49:40.380001,91.80530248176512,1.75,23.193959235238317,2.781295500801161,388.18814112598824,2.25,43496.70790519523
2026-03-04 18:49:40.380001,89.25567328820351,1.75,22.884189451262998,2.7410570166104966,390.5416578146341,2.25,42853.42764305118
2026-03-05 18:49:40.380001,90.06555073262595,1.75,24.076591164280405,2.75241500441281,395.83646421314774,2.3108642587237878,42939.064367915154
2026-03-06 18:49:40.380001,88.46370745060078,1.75,23.04288878775474,2.6285895371120436,399.0453304955326,2.403347198840034,42253.734188720344
2026-03-09 18:49:40.380001,89.17953101191769,1.75,23.38592470698112,2.5983792203776126,402.1732868614843,2.371852187054342,41084.251407106596
2026-03-10 18:49:40.380001,88.00795439378257,1.75,24.224553438057253,2.5796574418003075,399.1165292909265,2.345009192287034,41662.445097288735
2026-03-11 18:49:40.380001,88.14596987573985,1.75,23.281341175709176,2.4787563538914927,400.6842415172475,2.395748836261716,40952.66663178921
2026-03-12 18:49:40.380001,86.30650136308388,1.75,23.326026425145653,2.4623769724904725,415.3341384346671,2.273990241565094,39501.93238167884
2026-03-13 18:49:40.380001,87.64310873130665,1.75,25.508373719054838,2.5892096394244204,411.1564769267596,2.3449022826478036,39789.5413149108
2026-03-16 18:49:40.380001,87.28143568273079,1.75,26.352537310603502,2.5193215399876503,410.4785264373513,2.44555792791722,40130.583869543625
2026-03-17 18:49:40.380001,87.87006600578864,1.75,25.886357058393962,2.470423187154123,413.42721410564207,2.381311456240601,40698.520303527934
2026-03-18 18:49:40.380001,88.74197896213764,1.75,23.389918649307802,2.4828403508858057,428.67783358801444,2.3533285179414976,39753.57732879886
2026-03-19 18:49:40.380001,91.34838404719146,1.75,22.356757066769433,2.574825552706587,451.0104372768692,2.369832816762492,41406.94557534719
2026-03-20 18:49:40.380001,90.07572405175547,1.75,23.4639817500183,2.49705225273902,461.7005369785165,2.4043273346300973,40400.30918855427
2026-03-23 18:49:40.380001,90.6397527454993,1.75,22.70195130175793,2.4648927872026025,453.5764724724372,2.4061897678559303,40211.14852969363
2026-03-24 18:49:40.380001,87.62231533524191,1.75,24.7328139137773,2.4565288307112803,439.09808304617934,2.3751441860387765,41102.03725517472
2026-03-25 18:49:40.380001,87.01258558346582,1.75,23.93854280370203,2.4433781353458106,434.2845644069259,2.368036384869456,41718.32205173369
2026-03-26 18:49:40.380001,87.23466650859386,1.75,24.082626419818684,2.4223548046125716,419.80486631223465,2.3350383825668697,43223.92073096141
2026-03-27 18:49:40.380001,89.37446090468865,1.75,23.409006156702226,2.394031969059843,415.46356824510684,2.5182863648460234,42728.55965504233
2026-03-30 18:49:40.380001,85.79368863432747,1.75,24.642782119348468,2.4633819358644558,424.13100583296415,2.5334369572263316,41587.75649229272
2026-03-31 18:49:40.380001,83.83574141510243,1.75,22.62685495473175,2.4348816770627852,427.23203530095554,2.593400680105112,42405.111954125765
2026-04-01 18:49:40.380001,82.84814689944447,1.75,20.71114809025905,2.5137680823459765,427.7189074526795,2.5126328661891693,42066.74110410814
2026-04-02 18:49:40.380001,81.72866107902591,1.75,22.60098585991378,2.414426120763008,408.73105878866835,2.4860152568123555,43082.69519041586
2026-04-03 18:49:40.380001,82.39892968273985,1.75,21.887171095380225,2.4179738542457265,404.76410298411514,2.3246190321449447,43809.857900078896
2026-04-06 18:49:40.380001,83.26890446024034,1.75,21.33923066314144,2.515052273058219,416.5886526127895,2.362910243928874,43327.56247084377
2026-04-07 18:49:40.380001,81.043996654773,1.75,22.345533979034535,2.5750587172751924,403.4899956733525,2.25,44638.68650475538
2026-04-08 18:49:40.380001,80.56510906516593,1.75,22.230715699864167,2.466688256811876,421.4863399734425,2.25,45787.477553471086
2026-04-09 18:49:40.380001,83.30268896226715,1.75,21.000474334204952,2.436857030630323,434.18744558550895,2.25,45873.01982683064
2026-04-10 18:49:40.380001,80.57637882247025,1.75,22.196075444718236,2.4034387592026274,417.1747943142787,2.25,46015.8985497912
2026-04-13 18:49:40.380001,81.33842939042786,1.75,19.691773659980512,2.499933281851015,433.43266702048925,2.25,47564.75570593949
2026-04-14 18:49:40.380001,83.22597942883563,1.75,20.17120305835499,2.3785876389381646,437.3381428655818,2.25,46281.39582705221
2026-04-15 18:49:40.380001,83.52773791724668,1.75,18.991573597999455,2.3900356676102077,438.6786352552663,2.25,44865.97184693287
2026-04-16 18:49:40.380001,83.10935423609455,1.75,18.69016457649289,2.4813576209366732,436.7012374633476,2.25,44970.532365908
2026-04-17 18:49:40.380001,79.70307205001208,1.75,20.36534093558953,2.4187189086268934,419.5132283078872,2.25,45464.1851898569
2026-04-20 18:49:40.380001,80.99177396535084,1.75,19.926914574525213,2.5219174397042985,407.31581692993115,2.25,43310.51249993245
2026-04-21 18:49:40.380001,79.92810903443812,1.75,19.10015323157237,2.5052314703875624,418.180227187594,2.25,43915.70647244322
2026-04-22 18:49:40.380001,79.62615429922737,1.75,17.44518035006905,2.512872417941313,427.93672369966055,2.25,43629.70561788449
2026-04-23 18:49:40.380001,80.23545204702327,1.75,15.684582408700326,2.5054149281368776,421.6479432148367,2.25,41779.716381642145
2026-04-24 18:49:40.380001,83.24969777417458,1.75,16.069991241981807,2.619034204183368,421.6397900696927,2.25,42123.73823466688
2026-04-27 18:49:40.380001,79.51416710177506,1.75,15.72350160776089,2.675989085196905,408.0904770553133,2.25,41945.65455940154
2026-04-28 18:49:40.380001,81.55207142314738,1.75,17.261084871380138,2.6501621650713925,412.03773052712614,2.25,41889.48782353393
2026-04-29 18:49:40.380001,83.17033499640615,1.75,15.16905242198709,2.8335539198845296,395.0598815922616,2.25,41125.34510253323
2026-04-30 18:49:40.380001,79.74250247682811,1.75,15.05037042461393,2.839814877136924,404.56706760622615,2.25,41813.208235247635
2026-05-01 18:49:40.380001,77.30419128289692,1.75,13.715777726777779,2.7510309170418545,401.0864128500779,2.25,41990.59842424755
2026-05-04 18:49:40.380001,78.27733621504053,1.75,13.187178196551372,2.6982521766697696,406.7281468063672,2.25,41455.90137737821
2026-05-05 18:49:40.380001,81.13653696331065,1.75,12.97452281168148,2.753478520382963,415.8196650105996,2.25,42206.737507937585
2026-05-06 18:49:40.380001,81.54303796958186,1.75,11.844221784958853,2.662268674070256,412.654944240507,2.25,42069.429202396335
2026-05-07 18:49:40.380001,79.25660000701573,1.75,12.389655028538977,2.6836106770845745,411.71167877204925,2.25,40911.91443221599
2026-05-08 18:49:40.380001,78.32438925783094,1.75,12.374958007371717,2.566041977903017,418.2430796109852,2.25,41263.861155164006
2026-05-11 18:49:40.380001,76.32594420669669,1.75,12.82173331116581,2.556339568034507,416.1636063523583,2.25,40702.19405248645
2026-05-12 18:49:40.380001,75.5284025242854,1.75,13.44788993215961,2.491856783656785,426.30459788601763,2.25,39581.08338497486
2026-05-13 18:49:40.380001,74.59974104393706,1.75,13.050089829363102,2.5150279750464337,409.0333017833712,2.25,39428.28611169212
2026-05-14 18:49:40.380001,74.40843180574291,1.75,12.67425754578079,2.533021615574334,400.74670623783993,2.25,38672.28356376402
2026-05-15 18:49:40.380001,76.52976284887438,1.75,11.681061148072097,2.519575942016914,393.54727651633016,2.25,38879.51051812551
2026-05-18 18:49:40.380001,76.35571971231535,1.75,12.56557557028701,2.545585507130364,391.0961231067909,2.25,38249.183770458105
2026-05-19 18:49:40.380001,78.07949993691676,1.75,12.243949119419444,2.4648178018441507,398.0377611503518,2.25,37591.00699963672
2026-05-20 18:49:40.380001,77.09545850464569,1.75,12.243182579915919,2.50510131117476,388.2723860151811,2.25,36603.86961559382
2026-05-21 18:49:40.380001,79.03136359845635,1.75,12.994649089027707,2.553159052601193,390.8166524382965,2.25,37161.382074648915
2026-05-22 18:49:40.380001,81.67083690696502,1.75,13.017728668633895,2.780589026533771,406.6778822307815,2.25,35745.5227176611
2026-05-25 18:49:40.380001,84.18972722494013,1.75,12.470270326946084,2.8020827864227944,406.1995729023373,2.25,34977.209555572335
2026-05-26 18:49:40.380001,86.22850412810712,1.75,12.238142479035979,2.7026715887943173,408.26322614495894,2.25,36457.12935132267
2026-05-27 18:49:40.380001,85.91625539880187,1.75,12.526381814294302,2.6246056583122286,422.50098025473795,2.25,35196.11038343574
2026-05-28 18:49:40.380001,87.13844139868819,1.75,11.750635942746152,2.7986581762788845,447.23059469386106,2.25,36123.35056983181
2026-05-29 18:49:40.380001,83.72475915217964,1.75,11.586159423368073,2.7252025668691946,439.59201959417396,2.25,36352.4623940549
2026-06-01 18:49:40.380001,83.01436775890038,1.75,11.860462236714499,2.694197140830072,429.7729244689543,2.25,35985.22926809694
2026-06-02 18:49:40.380001,81.28280872757676,1.75,12.180808074074992,2.5617596044294397,434.09030573011717,2.25,35770.39441651928
2026-06-03 18:49:40.380001,82.59246869337754,1.75,11.352909888981545,2.4769078684028636,434.02363647945634,2.25,35496.70074606577
2026-06-04 18:49:40.380001,84.72794419583875,1.75,11.718961171294769,2.4891712469976857,441.6858295058725,2.25,36263.8361526699
2026-06-05 18:49:40.380001,84.4745234424676,1.75,11.605651470636445,2.679676154531132,453.84512634621035,2.25,37324.34042360117
2026-06-08 18:49:40.380001,85.89963988347279,1.75,11.76409574149762,2.6771562755234073,459.8025428427434,2.25,37310.096445415955
2026-06-09 18:49:40.380001,87.83836439625595,1.75,11.852323512687214,2.6555961205296947,444.2019821202912,2.25,37661.442300040886
2026-06-10 18:49:40.380001,88.1019180188865,1.75,11.464132793381637,2.5401388027542517,437.1986645635354,2.25,37743.75481168505
2026-06-11 18:49:40.380001,89.56871575671353,1.75,11.622822070938703,2.4161340370181383,431.5223601445083,2.25,37408.48373885573
2026-06-12 18:49:40.380001,90.08792753604006,1.75,11.439846732148686,2.272694062453287,435.1857017444619,2.3194049091982083,37781.62789679576
2026-06-15 18:49:40.380001,91.77574310069053,1.75,12.04385919154803,2.2892756520629725,443.1172931165528,2.25,37902.272062901444
2026-06-16 18:49:40.380001,94.9123437175955,1.75,11.63434430414527,2.3948117061772183,448.8002900564112,2.25,38951.670853993455
2026-06-17 18:49:40.380001,97.14821781701401,1.75,11.950205600239974,2.2550270504958387,456.4330372017918,2.25,38794.52342929844
2026-06-18 18:49:40.380001,100.89247938603552,1.75,12.268411905958299,2.1247981340624396,434.01098673737886,2.2802026856848716,39651.97001228847
2026-06-19 18:49:40.380001,103.31004029516687,1.75,12.989749119520532,2.2100504538698296,437.3190782446162,2.25,40257.44303521157
2026-06-22 18:49:40.380001,104.76434949397297,1.75,12.934219158169059,2.2543145306005994,411.75754607159223,2.25,40203.23350169441
2026-06-23 18:49:40.380001,106.39252326717343,1.75,13.785537237765794,2.2624159528606276,392.77445206297176,2.25,39406.01075538534
2026-06-24 18:49:40.380001,107.40138798824137,1.75,14.398054920795364,2.3700186188952856,392.39198207206624,2.25,39023.01729052945
2026-06-25 18:49:40.380001,104.18612425151312,1.75,14.366504747055782,2.2704011138019586,390.7513264334771,2.25,40320.47125622184
2026-06-26 18:49:40.380001,106.10053693279356,1.75,14.772687353151378,2.329503614939292,378.24965966203155,2.25,39149.86607609219
2026-06-29 18:49:40.380001,110.82169897184983,1.75,14.740389774752343,2.3453523372865,377.43349895766835,2.25,39644.24603935747
2026-06-30 18:49:40.380001,107.61362658453518,1.75,14.4233625648216,2.3588735463305452,372.2803785319178,2.25,39390.11088284335
2026-07-01 18:49:40.380001,109.21025419880431,1.75,13.6455679432744,2.4684907988107434,377.18272472290136,2.25,39675.51782450643
2026-07-02 18:49:40.380001,107.1807783188256,1.75,14.859584516508136,2.3814473812333694,385.27723646614976,2.25,39407.90516912476
2026-07-03 18:49:40.380001,109.33179397713612,1.75,15.07282048291557,2.312908734406012,385.1468476664378,2.25,39519.08563413912
2026-07-06 18:49:40.380001,109.41189169272918,1.75,16.154076821191637,2.4176940281386496,389.7020881013543,2.25,39915.367906375584
2026-07-07 18:49:40.380001,116.90886749762392,1.75,17.028295031505277,2.347321039955219,395.3694040866883,2.25,39466.55973722864
2026-07-08 18:49:40.380001,118.3580556770941,1.75,17.913647049065503,2.3715047441427033,398.9466735018938,2.25,40011.06808371688
2026-07-09 18:49:40.380001,117.71523363528459,1.75,18.954035414768146,2.4642825352307636,407.0289088550704,2.25,40493.52302807088
2026-07-10 18:49:40.380001,117.48291887976167,1.75,19.439930772938975,2.2945341741766545,414.89594883761765,2.25,39382.40335209063
2026-07-13 18:49:40.380001,124.71094148744908,1.75,19.626374193384024,2.1975235710220478,405.03620203566203,2.25,40622.71349836981
2026-07-14 18:49:40.380001,125.90251837525764,1.75,20.0998022026153,2.1714610331615507,401.7075802243084,2.25,41711.84446875484
2026-07-15 18:49:40.380001,116.04386552782398,1.75,18.992412925841588,2.1306370535912245,397.8682989504432,2.25,41707.948894274086
2026-07-16 18:49:40.380001,115.45392613852468,1.75,18.180093297319726,2.1544325410545713,398.08433311040477,2.25,42582.79257560595
2026-07-17 18:49:40.380001,109.24513045574865,1.75,17.350200470915905,2.240257327107084,395.3042335694779,2.25,41358.4671652732
2026-07-20 18:49:40.380001,108.5209817316044,1.75,18.978955951580353,2.2941136841660947,399.0677148717633,2.25,40710.65391531219
2026-07-21 18:49:40.380001,105.95565209769846,1.75,18.206191898645738,2.19815891824556,396.34949674733656,2.25,40558.09118084553
2026-07-22 18:49:40.380001,107.7267258716255,1.75,18.39337638621017,2.210707432755919,383.26454450956703,2.25,41162.68942379083
2026-07-23 18:49:40.380001,112.86727253309205,1.75,19.546850421418565,2.2621185085974846,394.1741735956952,2.25,41226.68923307131
2026-07-24 18:49:40.380001,112.71396389804042,1.75,18.523395145115874,2.2660162049156267,391.4797998202552,2.25,41953.02459207981
2026-07-27 18:49:40.380001,117.4433060531012,1.75,18.748363331354035,2.2495855036513324,403.8336312006867,2.25,41926.23936415155
2026-07-28 18:49:40.380001,121.85503498327357,1.75,19.970042374162333,2.2184931263187786,407.1074794236307,2.25,42889.88230065598
2026-07-29 18:49:40.380001,115.63944679652124,1.75,18.13884058349424,2.2712540358688385,395.81657145327944,2.25,43877.252686047534
2026-07-30 18:49:40.380001,121.60546051113283,1.75,18.384189648339696,2.3007595514338326,405.54968511448226,2.25,44153.547052099326
2026-07-31 18:49:40.380001,121.20277544992182,1.75,17.93900808252976,2.255278911916063,408.3041922071142,2.25,44654.12353594884
2026-08-03 18:49:40.380001,120.82189241349775,1.75,18.342272736601196,2.2641514847111037,417.2552928792225,2.25,45147.38444132626
2026-08-04 18:49:40.380001,126.65126386317404,1.75,19.056886643110015,2.2478057492310444,422.79788793817096,2.25,46224.37438430777
2026-08-05 18:49:40.380001,120.63661953912037,1.75,19.09995582708719,2.25253959469168,433.1689078587894,2.25,46476.108447413084
