Date,Ticker,Close,Open,High,Low,Volume
2021-08-06 18:49:40.380001,AAPL,150.0,149.94529065408653,152.1882313787979,148.2762678895012,116700799
2021-08-09 18:49:40.380001,AAPL,152.67067601012144,152.86729349093224,155.10958953346855,152.54556661709347,162758948
2021-08-10 18:49:40.380001,AAPL,147.09945991722174,148.51792322903222,149.05464624408998,146.93579476088846,138061291
2021-08-11 18:49:40.380001,AAPL,155.89064533999613,156.224910521747,158.52938452194743,155.0018095378356,181372494
2021-08-12 18:49:40.380001,AAPL,156.7852863388068,156.55004376881374,159.89935212988536,153.86575287777637,199550922
2021-08-13 18:49:40.380001,AAPL,145.1691765848847,144.79169133962898,146.38907049734263,143.9884870020019,140313173
2021-08-16 18:49:40.380001,AAPL,138.6977713841489,138.46925097387023,140.95553721265136,138.66747406277787,102825368
2021-08-17 18:49:40.380001,AAPL,133.07741391535959,132.06176465219332,135.0591488923672,132.93612889451538,113435890
2021-08-18 18:49:40.380001,AAPL,133.77644079538717,134.56505440793828,134.98810797361458,131.38452470277457,173810849
2021-08-19 18:49:40.380001,AAPL,128.04952969489813,128.91441939211592,130.4234373642362,126.50260763970573,113995249
2021-08-20 18:49:40.380001,AAPL,114.6842538857762,114.18972881063452,115.58894275470094,113.11431073360893,127960784
2021-08-23 18:49:40.380001,AAPL,117.9473803647575,117.48454686721243,119.28128483496431,115.89445456484462,79100006
2021-08-24 18:49:40.380001,AAPL,120.51086369588928,121.41309058672664,120.76620779474847,119.77526131363217,198509772
2021-08-25 18:49:40.380001,AAPL,119.00620332903075,117.87319371581704,119.54357630206479,117.27787234505767,147619844
2021-08-26 18:49:40.380001,AAPL,122.44309487698182,122.49319233154445,124.50184369640942,120.83876170448013,99531326
2021-08-27 18:49:40.380001,AAPL,130.2946773343035,130.200020113604,131.32805151564398,127.92424940129945,137760313
2021-08-30 18:49:40.380001,AAPL,128.98435757468837,129.47482515932495,130.00097123676105,127.68927093643664,110170823
2021-08-31 18:49:40.380001,AAPL,131.7626217274245,130.8755738857541,132.41084380446404,129.54418154063242,73229661
2021-09-01 18:49:40.380001,AAPL,122.3917195621975,122.80376533861944,123.59510024558173,121.00157096991859,181212232
2021-09-02 18:49:40.380001,AAPL,123.91119240155123,123.60571168021555,125.90818721231824,121.78820266676638,182849437
2021-09-03 18:49:40.380001,AAPL,120.40601853819376,120.69189801381478,122.56168148538157,120.29488351806972,175234037
2021-09-06 18:49:40.380001,AAPL,114.20926995663659,113.1587616931997,114.36942431858041,112.25625154296205,105270230
2021-09-07 18:49:40.380001,AAPL,113.50579438229848,113.41891068456229,114.81070405683492,112.42042281416715,88460278
2021-09-08 18:49:40.380001,AAPL,118.2090027489917,118.26160786875027,119.31372112558601,116.31051846826442,57460814
2021-09-09 18:49:40.380001,AAPL,114.05972550385734,113.40804846237614,115.46102188879313,111.95272712064148,159730749
2021-09-10 18:49:40.380001,AAPL,111.29840171395848,110.49621548785088,112.29402309552654,109.52276619828099,99182138
2021-09-13 18:49:40.380001,AAPL,110.87420079011657,110.18339753653467,111.7581893083414,108.77817748193237,183833035
2021-09-14 18:49:40.380001,AAPL,117.56424087120644,117.19777215439669,118.67376682597717,115.54071900430334,180478507
2021-09-15 18:49:40.380001,AAPL,121.6623118658534,120.68125167872529,123.07845905602176,120.42983409858927,69227075
2021-09-16 18:49:40.380001,AAPL,123.74228337234473,124.84933083076938,124.98213950163037,122.88058052316181,187543487
2021-09-17 18:49:40.380001,AAPL,119.15367732982703,118.92727119100813,120.2788322812267,116.9787409860927,71043222
2021-09-20 18:49:40.380001,AAPL,128.67824810928616,129.47340145267796,130.7830004078326,127.23967322525183,123559762
2021-09-21 18:49:40.380001,AAPL,127.5925983365948,128.8032406052514,129.49538162952484,126.5240027282883,121089493
2021-09-22 18:49:40.380001,AAPL,125.93225856914846,124.87627950659613,126.7920698651319,124.00354476616839,193450990
2021-09-23 18:49:40.380001,AAPL,124.57182415209755,124.94969899787434,126.56641119016379,123.00739739805891,148596289
2021-09-24 18:49:40.380001,AAPL,124.25791314583248,125.18092350666973,126.37937015955335,121.95127590299985,181286271
2021-09-27 18:49:40.380001,AAPL,125.8093849735068,126.14714400509922,126.19560017263389,123.84708839039024,139370201
2021-09-28 18:49:40.380001,AAPL,122.59715607028674,122.42313215674956,124.02586032429123,121.28966457498395,173784607
2021-09-29 18:49:40.380001,AAPL,110.64003598526885,110.48752169984536,111.27137457004577,110.61888643191598,177817940
2021-09-30 18:49:40.380001,AAPL,104.4843335864249,103.51450767418012,106.02897213566578,104.47652873822905,178956509
2021-10-01 18:49:40.380001,AAPL,110.06514152718196,110.14130825893398,110.59078034859152,110.02028267615914,111742605
2021-10-04 18:49:40.380001,AAPL,112.10098409297571,113.20751720561574,113.60628400864148,110.80753241632834,107281311
2021-10-05 18:49:40.380001,AAPL,119.4474199750915,120.54324858510161,120.05689961385386,117.2512128364746,197723217
2021-10-06 18:49:40.380001,AAPL,120.6579699995955,119.54888007843243,121.8914413770637,119.02564488128951,163470341
2021-10-07 18:49:40.380001,AAPL,114.7699963125503,115.24238273950412,116.9475193450434,113.02024594599465,187595702
2021-10-08 18:49:40.380001,AAPL,108.23797667822284,107.8088452835176,109.06341580731639,106.1037977823711,136600850
2021-10-11 18:49:40.380001,AAPL,108.41386048031968,109.2876526773688,110.31270428100892,106.45207613749011,189353669
2021-10-12 18:49:40.380001,AAPL,111.130421280884,110.1193894820082,113.32401262268549,109.91508106852835,157952600
2021-10-13 18:49:40.380001,AAPL,116.99820078642999,118.01813050052394,119.0453202917637,115.45303471349716,161384771
2021-10-14 18:49:40.380001,AAPL,122.32705831092196,123.15270661069893,122.73285638071731,120.32175994916298,76667916
2021-10-15 18:49:40.380001,AAPL,124.5231521692576,123.57056096900094,126.5644806732168,123.81610963816725,135032812
2021-10-18 18:49:40.380001,AAPL,124.02306147844651,122.93122281296226,124.10280680654753,122.42841163897354,159709086
2021-10-19 18:49:40.380001,AAPL,125.5002724099815,126.3403904709963,126.48746228085393,125.12845992085184,164149988
2021-10-20 18:49:40.380001,AAPL,118.21051341837324,117.39665216928461,120.26911020058158,116.41602382674186,193638865
2021-10-21 18:49:40.380001,AAPL,116.90887710070321,116.99047517824916,118.51930205659096,115.82955912597626,99041755
2021-10-22 18:49:40.380001,AAPL,118.9983197577506,119.98777854846041,120.26622407215525,117.05659851144078,95399498
2021-10-25 18:49:40.380001,AAPL,119.32913476184241,119.4901052624656,120.2548043322095,118.12462794661215,195421986
2021-10-26 18:49:40.380001,AAPL,122.63838322141,122.3863203862825,124.6307589056261,120.55958048011223,197924198
2021-10-27 18:49:40.380001,AAPL,126.96701985402407,126.82739690092396,128.76883017325773,124.83798258511489,76982108
2021-10-28 18:49:40.380001,AAPL,120.69562166959896,119.64102477602556,121.82631109448617,119.75956285806193,106756402
2021-10-29 18:49:40.380001,AAPL,129.7123587719999,130.92841815767318,132.02768374293052,127.80243779139488,192213492
2021-11-01 18:49:40.380001,AAPL,123.66015598129418,123.19186532114861,124.22886413631502,121.61325202412826,79958524
2021-11-02 18:49:40.380001,AAPL,121.06026440109284,120.3081496444785,121.47281722410173,120.89021891693285,167474680
2021-11-03 18:49:40.380001,AAPL,123.90467354136926,123.37447875699405,125.49760135278757,121.53314614542515,66842934
2021-11-04 18:49:40.380001,AAPL,125.50817205302538,126.67382466985043,127.94803671699302,124.41662274323843,76746738
2021-11-05 18:49:40.380001,AAPL,128.7292326876452,127.68468778714191,129.36581566682037,127.56619970728383,167744286
2021-11-08 18:49:40.380001,AAPL,131.27844386715995,132.24282329885338,131.9339706436831,129.31086585083543,141120109
2021-11-09 18:49:40.380001,AAPL,130.09352144176353,130.6343043244206,130.45647936913295,128.66970442754945,133223810
2021-11-10 18:49:40.380001,AAPL,126.1238147589699,126.9562803153531,128.29456592764294,123.82265494180804,178487963
2021-11-11 18:49:40.380001,AAPL,131.65575508642863,132.90884808684683,132.25188586907993,130.9218272983582,125494526
2021-11-12 18:49:40.380001,AAPL,130.33840986856748,131.2303277431514,131.6500796496341,128.30955474703276,141267555
2021-11-15 18:49:40.380001,AAPL,132.5707202412088,133.74631059423172,135.19793380272765,130.43205056511084,160980256
2021-11-16 18:49:40.380001,AAPL,130.39266716954427,129.4197690316652,130.4243288586056,128.6059707184912,99815178
2021-11-17 18:49:40.380001,AAPL,127.90576352163143,128.6624247670044,129.32931908755046,127.65601452380301,145045244
2021-11-18 18:49:40.380001,AAPL,126.76347249712026,126.87927268892886,128.06226325663036,126.24746060846915,117253663
2021-11-19 18:49:40.380001,AAPL,126.84189320498241,126.95223447750254,128.89025628272762,126.70716755825495,131293704
2021-11-22 18:49:40.380001,AAPL,126.38888078408455,127.39726581512,127.28695350703099,125.50911899297262,179399618
2021-11-23 18:49:40.380001,AAPL,125.45973016251486,126.64357775805607,126.48935648575474,124.61393463712481,109048069
2021-11-24 18:49:40.380001,AAPL,124.67783707399224,125.18861305532998,125.09659995766505,123.38126486725095,150224971
2021-11-25 18:49:40.380001,AAPL,126.0438122737043,126.00080206501418,127.91131579342033,125.80479872853405,191298763
2021-11-26 18:49:40.380001,AAPL,119.32370182465255,119.21966076344403,121.19638926263484,118.15642284073071,164360275
2021-11-29 18:49:40.380001,AAPL,119.71652144080076,119.44438533333533,120.04373858824455,118.17232214354685,198308483
2021-11-30 18:49:40.380001,AAPL,115.9283241242792,115.6074322731029,116.84058050832537,115.09450967601009,137524032
2021-12-01 18:49:40.380001,AAPL,113.43177322205088,113.18564179544697,115.45744916090722,112.40212918087114,92292724
2021-12-02 18:49:40.380001,AAPL,108.77713698561477,107.88462761507505,108.78302677520453,106.87140465468038,198709707
2021-12-03 18:49:40.380001,AAPL,105.60491096549093,104.71241447362492,106.23591946655566,104.32228739358327,146686471
2021-12-06 18:49:40.380001,AAPL,109.15297838072752,109.76395092107977,110.36466875154211,107.65392684957953,86211509
2021-12-07 18:49:40.380001,AAPL,106.10563457960974,105.9911951812549,106.81461939937715,105.78059858963759,97578397
2021-12-08 18:49:40.380001,AAPL,103.55046844408386,104.44242005489178,104.11387657963,102.26404556002458,89343674
2021-12-09 18:49:40.380001,AAPL,106.80027465099245,107.03997934178135,107.78291724574073,106.41911564770848,175041105
2021-12-10 18:49:40.380001,AAPL,105.09812239450387,104.12107976417813,105.47967715117474,103.92604626033092,63883840
2021-12-13 18:49:40.380001,AAPL,106.07749853276098,105.35091718758298,107.20112494717685,105.55453766037249,160985883
2021-12-14 18:49:40.380001,AAPL,106.85939947458631,106.23068106946752,108.36974150983973,105.01133439790398,133102925
2021-12-15 18:49:40.380001,AAPL,102.82887969569592,103.80726774407339,104.01201840516346,102.67391702573917,61020890
2021-12-16 18:49:40.380001,AAPL,104.75063215671426,104.16131395404169,104.94569738205666,103.66239856058695,142003885
2021-12-17 18:49:40.380001,AAPL,96.30447494131757,96.3348217839629,97.93088150578038,94.87878011520556,162972704
2021-12-20 18:49:40.380001,AAPL,89.79301557659245,90.57632841693082,90.10725133033391,88.43083686477861,158894235
2021-12-21 18:49:40.380001,AAPL,87.61027344926934,88.44641316038535,88.9503812194858,86.32253785502884,129277114
2021-12-22 18:49:40.380001,AAPL,86.72782819611065,86.27053045879558,87.35324877572823,85.62937545347225,100316888
2021-12-23 18:49:40.380001,AAPL,84.75661628696007,83.99231102977531,86.08350035138916,84.2777745154086,74576590
2021-12-24 18:49:40.380001,AAPL,86.02426533392254,85.42829237654341,86.37915483339735,85.93755810973205,51838520
2021-12-27 18:49:40.380001,AAPL,83.54045007670595,82.81085536820858,83.85232679980558,82.98747483578565,103933011
2021-12-28 18:49:40.380001,AAPL,89.6184830444269,89.07203298382043,90.50933709186457,88.80683760704008,144834430
2021-12-29 18:49:40.380001,AAPL,88.2603054545937,88.38134513388742,88.31844430894839,87.2869669367389,55648454
2021-12-30 18:49:40.380001,AAPL,90.86516273445116,91.6147072743518,91.27459632149308,90.55293998022505,199804323
2021-12-31 18:49:40.380001,AAPL,84.6241606900174,84.68715302590647,85.8495392734252,84.36970802884159,137892701
2022-01-03 18:49:40.380001,AAPL,82.21232144250425,82.41947932117911,83.58918623628601,81.04990116335885,94182403
2022-01-04 18:49:40.380001,AAPL,80.40892279217734,79.92947212923437,80.5388400740096,80.33401423958323,194315986
2022-01-05 18:49:40.380001,AAPL,80.23943501168527,80.721808209618,81.65498335251957,79.2687229816139,77590167
2022-01-06 18:49:40.380001,AAPL,84.49194000378712,84.69098427159842,85.8396155189241,84.15410416812091,193639750
2022-01-07 18:49:40.380001,AAPL,80.30429830814913,80.88913335927866,81.70108605047642,80.25100817998143,92265043
2022-01-10 18:49:40.380001,AAPL,77.85383200294693,78.55271511991711,78.94133879003178,77.39240495431851,106959645
2022-01-11 18:49:40.380001,AAPL,79.03030272541841,78.78989377069325,80.09587314524865,77.70504472724902,113812321
2022-01-12 18:49:40.380001,AAPL,75.82423532046623,75.20335472425151,76.62053117827274,75.1966183424395,199225565
2022-01-13 18:49:40.380001,AAPL,71.8856117242199,71.49157643389897,72.82413190338617,70.61866681278687,87636939
2022-01-14 18:49:40.380001,AAPL,71.94451081596523,71.85507165295446,73.26700872003464,71.64110936009959,195930697
2022-01-17 18:49:40.380001,AAPL,68.91666986557522,69.53098431085462,69.05522269729245,67.92608256758457,102044003
2022-01-18 18:49:40.380001,AAPL,68.32152581880484,68.15524464655266,68.75299603732131,67.90505805209497,92777605
2022-01-19 18:49:40.380001,AAPL,68.25245554367824,68.62207427824052,68.35136014096365,68.12972353329131,145731010
2022-01-20 18:49:40.380001,AAPL,72.83325216722605,72.8922131497814,74.20951683396804,71.64025784585378,154062337
2022-01-21 18:49:40.380001,AAPL,74.44841492062321,73.97612723526046,75.11140108387416,73.54439948967072,70110041
2022-01-24 18:49:40.380001,AAPL,70.69306088605121,70.4396038091789,71.64790424174261,70.19413582604604,109408841
2022-01-25 18:49:40.380001,AAPL,71.33822879276698,71.55679754762605,72.53830910484291,70.51021823108555,131063048
2022-01-26 18:49:40.380001,AAPL,70.46444026043513,70.70804061450687,71.86104581600837,69.30152183259656,56004689
2022-01-27 18:49:40.380001,AAPL,74.25478806636264,74.15790004288084,74.49505050868704,72.8128664360124,61797912
2022-01-28 18:49:40.380001,AAPL,76.08188318326164,75.66898011207113,77.29845167669764,75.17894056902968,187691375
2022-01-31 18:49:40.380001,AAPL,75.9107105457247,76.24761257187912,77.25800860076681,75.37813470482084,55379553
2022-02-01 18:49:40.380001,AAPL,79.70742155742359,79.17955603619953,79.7853361627522,79.0282891512054,111032893
2022-02-02 18:49:40.380001,AAPL,78.11328279986402,78.79547686247983,79.2913725835537,76.79510746679523,164584012
2022-02-03 18:49:40.380001,AAPL,75.34831591625458,74.87799712179273,75.88287502755482,74.52052943772757,99221527
2022-02-04 18:49:40.380001,AAPL,75.21394873270083,74.62323697650322,76.18961924913786,74.2654572845607,124215922
2022-02-07 18:49:40.380001,AAPL,75.22334225851382,75.21980330471256,75.99671072627389,74.13140383646001,62972629
2022-02-08 18:49:40.380001,AAPL,71.93381988086664,71.96194542624995,72.30750492840765,71.54432880925228,169165666
2022-02-09 18:49:40.380001,AAPL,71.61886892106818,71.63060426685988,71.81255694108202,70.63003010564002,145127482
2022-02-10 18:49:40.380001,AAPL,72.43643691927912,72.34468529101018,72.60586173673012,71.77022735004608,177748137
2022-02-11 18:49:40.380001,AAPL,68.89372738914179,69.5755202358356,69.0360933249825,68.78793905252104,179573742
2022-02-14 18:49:40.380001,AAPL,69.55266912885298,69.53358472870151,70.43986912155614,68.91177742553234,102620735
2022-02-15 18:49:40.380001,AAPL,73.03636939299167,73.00415535948238,73.54968484802212,72.47694426894036,56172979
2022-02-16 18:49:40.380001,AAPL,76.72196643664739,76.601921206435,77.05437730414911,75.29991862976176,101952469
2022-02-17 18:49:40.380001,AAPL,81.00101360380356,80.29926254507868,82.12188147993434,79.66957425573801,71790870
2022-02-18 18:49:40.380001,AAPL,87.33448477200638,87.49685116175824,88.53419783084819,85.76412549612259,129994491
2022-02-21 18:49:40.380001,AAPL,88.25010627571598,87.76996881548149,89.201739457736,87.83500062967059,71958474
2022-02-22 18:49:40.380001,AAPL,87.22693128450308,87.46699546575448,88.85800130941642,86.94068927250103,188285211
2022-02-23 18:49:40.380001,AAPL,84.75888330308698,83.99746621943977,85.41222890040882,83.37978048576767,140341228
2022-02-24 18:49:40.380001,AAPL,86.55526161826096,87.38859334803315,88.00222838136557,85.20373886122857,87955044
2022-02-25 18:49:40.380001,AAPL,85.35022832316926,85.29731985150673,85.47849163563089,84.1949400757843,188184575
2022-02-28 18:49:40.380001,AAPL,83.99683684282157,84.6633607671019,85.23970627676553,83.30987310901943,165453146
2022-03-01 18:49:40.380001,AAPL,83.7116802183598,83.67076391333508,85.36657209474707,83.07847869672023,115665255
2022-03-02 18:49:40.380001,AAPL,82.28345752471016,81.55990751641471,83.67667809211844,81.76795817776741,71976069
2022-03-03 18:49:40.380001,AAPL,83.1721497734512,83.70813363974618,84.13638899050802,83.01444332785475,101570967
2022-03-04 18:49:40.380001,AAPL,81.43042470301884,81.67175798383629,82.45118123917086,80.2823210878599,137601158
2022-03-07 18:49:40.380001,AAPL,81.84661643751085,82.30783365753786,82.42492752239379,81.28802799504801,164876102
2022-03-08 18:49:40.380001,AAPL,79.94868866013486,79.83383415575999,81.03516770340848,79.24469703759307,89289082
2022-03-09 18:49:40.380001,AAPL,77.61873289967137,77.83286240584599,78.81467516915721,76.54113222316505,161385359
2022-03-10 18:49:40.380001,AAPL,75.9570622088077,76.4982243808469,77.47351226558516,75.8164128001778,92425494
2022-03-11 18:49:40.380001,AAPL,75.58170016611271,75.77982314621835,76.32612385682583,74.21440213506123,87013420
2022-03-14 18:49:40.380001,AAPL,78.59925949300485,78.35980470294167,78.69562857647891,78.14652937248992,117052716
2022-03-15 18:49:40.380001,AAPL,78.01794107714845,78.27154556347955,78.94769328695806,77.59332642468954,74123954
2022-03-16 18:49:40.380001,AAPL,81.59233161985895,81.87277129881215,81.7865607781813,81.45415749921645,110698331
2022-03-17 18:49:40.380001,AAPL,80.58604155392581,81.32837915592091,80.98053447334503,79.810127866133,103671504
2022-03-18 18:49:40.380001,AAPL,78.13823004697613,77.936496392664,78.65203565386477,77.07808545107704,92006260
2022-03-21 18:49:40.380001,AAPL,77.52009528552279,77.40394191510423,78.65348539398336,77.25302409179736,166340508
2022-03-22 18:49:40.380001,AAPL,77.96730154005793,78.45400924070687,78.25392200845688,77.60991546273284,99759218
2022-03-23 18:49:40.380001,AAPL,80.8433334287455,80.85265032338687,81.11133384371297,80.035410400893,154259508
2022-03-24 18:49:40.380001,AAPL,79.86044854551334,80.23830521211377,79.93226583700265,79.48966826334501,158043345
2022-03-25 18:49:40.380001,AAPL,81.57640974566577,81.51067460093365,83.00112532275145,80.38192814827089,149878055
2022-03-28 18:49:40.380001,AAPL,80.3245703403221,79.86751573044951,81.43868084512377,79.66511578756682,90399406
2022-03-29 18:49:40.380001,AAPL,82.10155428570367,82.50418661788665,82.16714762401222,81.88018132759679,85482736
2022-03-30 18:49:40.380001,AAPL,83.99219692764167,83.37259517433006,84.03972358577553,82.84651733172261,91569546
2022-03-31 18:49:40.380001,AAPL,83.97198407952877,83.46577352338359,84.91024386211367,83.1046374264648,181248276
2022-04-01 18:49:40.380001,AAPL,82.7956289321514,83.00564001642996,83.26348120114145,82.71456349038698,100952558
2022-04-04 18:49:40.380001,AAPL,80.52371251718503,80.921934163282,81.48472493905723,80.19873788465623,154552738
2022-04-05 18:49:40.380001,AAPL,82.59918922333652,83.2512072123676,83.317148274223,82.41257951664512,56350917
2022-04-06 18:49:40.380001,AAPL,81.66878986350542,81.29733815241212,83.17690625609843,80.66466729146322,142148616
2022-04-07 18:49:40.380001,AAPL,79.0604845527451,78.4449579779517,79.51557095637499,79.05495863541154,180311866
2022-04-08 18:49:40.380001,AAPL,77.04109441066801,77.74378108570706,78.08753645963738,75.73534894553997,156305602
2022-04-11 18:49:40.380001,AAPL,77.24688469183104,76.71298989439678,77.330395235365,76.5034152264589,137364460
2022-04-12 18:49:40.380001,AAPL,80.32772185738828,79.84200740623321,81.86336383988393,79.49114619917538,177354417
2022-04-13 18:49:40.380001,AAPL,80.61394387424744,80.2775087598665,82.1951984236917,80.28896035309359,94718343
2022-04-14 18:49:40.380001,AAPL,79.52711155160796,79.57385974141398,80.70264096094299,79.3817642596273,106517117
2022-04-15 18:49:40.380001,AAPL,80.6065390150001,81.2237038934894,81.35652235978716,80.17310052890295,60412479
2022-04-18 18:49:40.380001,AAPL,82.53364229466703,82.96371853949273,82.89677949123923,81.91763798911904,154755996
2022-04-19 18:49:40.380001,AAPL,83.15959723197294,83.50580319873987,84.5109678639613,82.20730207445648,158511425
2022-04-20 18:49:40.380001,AAPL,82.48274926374933,81.9469092681988,83.69747947103556,81.67495597169335,162706730
2022-04-21 18:49:40.380001,AAPL,86.60108611307136,86.35458933941926,86.98551533093459,85.75118359646987,162310627
2022-04-22 18:49:40.380001,AAPL,85.94354186971096,85.90642272692997,86.71912268022415,84.25968180773505,69107541
2022-04-25 18:49:40.380001,AAPL,89.2281609965825,88.59897032087041,90.05405495923378,88.34131481788724,149926797
2022-04-26 18:49:40.380001,AAPL,89.74619386976613,89.33951743220472,91.22953789844355,89.48767241995652,164499430
2022-04-27 18:49:40.380001,AAPL,86.3164690444882,85.98558902313098,87.4970102150194,85.81458022813483,80567145
2022-04-28 18:49:40.380001,AAPL,82.49014003791861,81.87521926601255,83.55123965260788,82.15309955052966,121472093
2022-04-29 18:49:40.380001,AAPL,86.2989643313265,86.38567699892666,87.42055300255262,85.246954048779,186982408
2022-05-02 18:49:40.380001,AAPL,88.7257369171706,89.08956247367874,89.20569005931571,87.88989298391844,112221497
2022-05-03 18:49:40.380001,AAPL,88.82135293682208,88.05736784987094,89.48167087682027,87.10440699607516,162973702
2022-05-04 18:49:40.380001,AAPL,86.62211223045101,86.5894090944983,86.70121950272696,85.55319180045448,129551916
2022-05-05 18:49:40.380001,AAPL,90.89506049185334,91.40809256516022,92.32564173471675,89.93960078399273,148663448
2022-05-06 18:49:40.380001,AAPL,87.68628794832055,88.12119462543386,88.44564807185033,86.38012861049852,143975901
2022-05-09 18:49:40.380001,AAPL,84.00459740537177,84.53394917739418,84.74087814046644,82.37699317451751,147641588
2022-05-10 18:49:40.380001,AAPL,85.62698711988563,85.53834714714895,86.04716947463072,85.09679870224551,166906291
2022-05-11 18:49:40.380001,AAPL,84.81796736638044,85.36174736986864,85.17323129286956,83.85967319211302,185653654
2022-05-12 18:49:40.380001,AAPL,85.81799566788537,85.37303463165645,86.82690966399024,84.81508914204247,94349921
2022-05-13 18:49:40.380001,AAPL,87.07681743563252,86.83441396898422,87.48181696461245,85.7706421057572,189246069
2022-05-16 18:49:40.380001,AAPL,86.58645751521988,86.02599303256912,86.69764985518336,85.78610494478019,144179330
2022-05-17 18:49:40.380001,AAPL,89.5792661233102,89.5210119013972,90.95432114466554,88.57244315301575,139345612
2022-05-18 18:49:40.380001,AAPL,90.50910832549373,90.31371730301669,91.19058658189219,89.55692439926369,99159451
2022-05-19 18:49:40.380001,AAPL,92.0786333477299,91.6015318065694,92.77886480604238,91.3067774790728,112500411
2022-05-20 18:49:40.380001,AAPL,88.29796394836241,88.74259842809347,89.05965446979343,86.54317373887436,147743798
2022-05-23 18:49:40.380001,AAPL,87.09059388093038,86.7663499775374,88.51024863513416,86.92981750936076,104560096
2022-05-24 18:49:40.380001,AAPL,86.41130815747766,86.01866265668141,86.96578687514454,84.80593709359879,93092667
2022-05-25 18:49:40.380001,AAPL,82.6856930925214,82.07529131610585,83.93926808286308,81.77767973595884,172861826
2022-05-26 18:49:40.380001,AAPL,81.3236169709434,81.22411216115155,82.85176066611504,80.03443087704714,112314326
2022-05-27 18:49:40.380001,AAPL,78.89308305813208,78.58218850008151,79.93584164756355,78.14167751639108,146690800
2022-05-30 18:49:40.380001,AAPL,81.13549178896163,80.92335954280215,81.8359849253074,79.967514107009,54678393
2022-05-31 18:49:40.380001,AAPL,77.82677356063063,77.4158439354023,78.99073478971667,77.6088687091258,61589904
2022-06-01 18:49:40.380001,AAPL,76.59741487137798,77.0005554759663,77.29888996736517,75.67266934675783,177225853
2022-06-02 18:49:40.380001,AAPL,77.02314060094115,77.6855447665847,77.66155040036968,76.46665696855402,71327901
2022-06-03 18:49:40.380001,AAPL,76.75060630989769,76.74743167884986,77.55692233566938,75.59762758437158,169370317
2022-06-06 18:49:40.380001,AAPL,78.29216862428257,78.5160817577467,78.78967203653436,76.75671224393344,185027884
2022-06-07 18:49:40.380001,AAPL,80.02134011345325,80.60897246598478,80.1881849537301,79.06773306223828,122209410
2022-06-08 18:49:40.380001,AAPL,81.81073004134969,82.62692237728027,82.48951694997396,81.05232246788438,182674722
2022-06-09 18:49:40.380001,AAPL,82.57522142968011,82.76269440692981,82.77977161737695,81.68266115654286,114084038
2022-06-10 18:49:40.380001,AAPL,80.79005523623276,81.41986132886686,81.45324702262846,80.7286780033276,192774867
2022-06-13 18:49:40.380001,AAPL,80.6642154800124,81.32341675295389,81.56270791393334,80.19126371898875,85567303
2022-06-14 18:49:40.380001,AAPL,81.7844326035894,82.26115649482577,83.3067863210438,81.77734974561115,114177645
2022-06-15 18:49:40.380001,AAPL,81.74628402425667,81.68240975222126,81.80550484348966,80.5937596627121,108337089
2022-06-16 18:49:40.380001,AAPL,79.34158590679492,78.67694778965323,80.32773581773439,79.0068489600388,167609136
2022-06-17 18:49:40.380001,AAPL,78.86277077072157,78.09907246092594,79.58473607269114,78.16177295682438,56557736
2022-06-20 18:49:40.380001,AAPL,79.80469485160572,79.76830492153239,79.83703351467932,79.18502792275505,174233754
2022-06-21 18:49:40.380001,AAPL,84.4101336139528,84.40053539427278,84.8314215114349,84.38625094913533,53514683
2022-06-22 18:49:40.380001,AAPL,87.87457640414841,87.71176658563576,88.08281323136475,87.26646183910273,97354535
2022-06-23 18:49:40.380001,AAPL,88.52035723548215,88.6410412012443,88.90417114001633,88.3412219387515,139410240
2022-06-24 18:49:40.380001,AAPL,87.89159986603907,87.98329313497435,88.37424822550682,87.40951485337085,71800656
2022-06-27 18:49:40.380001,AAPL,85.69802762771255,86.27496910151791,86.38585085604775,84.20240186273739,123517534
2022-06-28 18:49:40.380001,AAPL,83.00025677611269,82.35062555777789,83.87846488619783,82.5012985916315,199553954
2022-06-29 18:49:40.380001,AAPL,83.79895087621146,83.33835441105732,83.80061008525955,82.934674623184,54532880
2022-06-30 18:49:40.380001,AAPL,85.94292644379009,86.44656055087792,86.22115697487047,85.80335168146595,138764349
2022-07-01 18:49:40.380001,AAPL,83.10269886077668,83.68082250936794,83.25821124411148,82.78164728546855,139600387
2022-07-04 18:49:40.380001,AAPL,81.46144827584904,82.26763021751933,82.35699209950208,80.0018785596968,60233740
2022-07-05 18:49:40.380001,AAPL,77.15457016488863,77.73000749156198,77.66236276844616,75.81812284007975,147531841
2022-07-06 18:49:40.380001,AAPL,76.92552338970826,77.52538709347161,77.76923904711231,75.49411017685489,128150055
2022-07-07 18:49:40.380001,AAPL,76.45973881321828,76.1758406568852,76.7989498481575,75.68481152283256,152268401
2022-07-08 18:49:40.380001,AAPL,75.4936557090339,75.3451772541322,75.53023895934471,74.10573770246548,94625304
2022-07-11 18:49:40.380001,AAPL,74.40968691449872,74.06455261967649,75.81062324240254,73.9984667452353,88344161
2022-07-12 18:49:40.380001,AAPL,73.44763758207999,73.60378637555301,73.6067370947257,72.79007348855286,160393792
2022-07-13 18:49:40.380001,AAPL,71.53541504116775,72.16321750387749,71.71691290490864,71.30061437349156,158236886
2022-07-14 18:49:40.380001,AAPL,69.63913774913091,69.4227562550349,69.84324564189167,68.63604974352646,74257745
2022-07-15 18:49:40.380001,AAPL,72.1426704783189,72.22491569365792,73.55850865669004,71.44886111922439,82459934
2022-07-18 18:49:40.380001,AAPL,71.60826099469891,71.31652841015483,72.49285250838173,70.34434609501008,137954022
2022-07-19 18:49:40.380001,AAPL,71.02001575968305,70.55099953835284,71.88687179944272,70.85611577107731,174355738
2022-07-20 18:49:40.380001,AAPL,74.33694391146891,73.88376438800341,75.80390648874551,73.1103917145589,80269463
2022-07-21 18:49:40.380001,AAPL,78.96833743935767,78.27017101537463,79.10801469085372,77.55063822668434,82867501
2022-07-22 18:49:40.380001,AAPL,77.38057599866626,78.07590783072477,78.88872480618899,76.15030314714484,171166734
2022-07-25 18:49:40.380001,AAPL,76.57269096866509,76.42395557417507,76.88512768115763,76.27594344199561,154505904
2022-07-26 18:49:40.380001,AAPL,77.68202279801105,78.20112653300704,78.65005189290099,76.29278007309007,185342860
2022-07-27 18:49:40.380001,AAPL,79.95586261256574,80.24582970068546,80.62762548922866,79.33928696756769,167512022
2022-07-28 18:49:40.380001,AAPL,77.89619208502054,77.4162287172595,78.49435976930076,77.50076188177947,192991690
2022-07-29 18:49:40.380001,AAPL,76.59035978982224,76.09323052382447,78.01684502142452,76.2090641202806,78341862
2022-08-01 18:49:40.380001,AAPL,77.0982401961643,77.57931502213289,77.3283441011886,75.8493425899932,90790673
2022-08-02 18:49:40.380001,AAPL,76.40321122771357,76.04367561025471,77.92679671295089,74.96931243045412,85697973
2022-08-03 18:49:40.380001,AAPL,73.68826828970293,74.29735367963873,74.24700967404421,72.87593822825964,58315189
2022-08-04 18:49:40.380001,AAPL,73.85817047830496,73.3264734926412,74.8165170273739,72.68011101170745,166865560
2022-08-05 18:49:40.380001,AAPL,71.46209491381923,71.7160835112822,72.84546776807899,71.03228015402719,149263138
2022-08-08 18:49:40.380001,AAPL,70.78113020208005,71.22630652937,70.86267155101307,69.87044998792955,62899845
2022-08-09 18:49:40.380001,AAPL,71.43894851040204,71.06068840567339,72.757517704504,70.65219700132224,79719972
2022-08-10 18:49:40.380001,AAPL,71.99586749775531,71.67362459760422,72.81346896302908,70.71935907193185,78614142
2022-08-11 18:49:40.380001,AAPL,70.69445393877568,71.35123211877286,71.69039299308545,70.08301801180657,118329635
2022-08-12 18:49:40.380001,AAPL,72.73020510463797,72.38778781573204,72.94720903048642,71.54546524982122,93348827
2022-08-15 18:49:40.380001,AAPL,73.28667505028059,73.18401075180982,74.06847887666495,72.81615357918044,189527289
2022-08-16 18:49:40.380001,AAPL,74.28140451780851,74.18114778746835,75.28199541164447,72.90150682938706,81915155
2022-08-17 18:49:40.380001,AAPL,75.08232899909746,74.71147447595497,75.76745120786214,75.04613119603763,134281675
2022-08-18 18:49:40.380001,AAPL,74.68068234318908,75.0926076735749,74.9121703202699,74.2094875331875,115697108
2022-08-19 18:49:40.380001,AAPL,74.51292350575406,74.91804929209654,74.876724025117,73.29348906334106,108151677
2022-08-22 18:49:40.380001,AAPL,75.44378517016663,75.26018217828704,76.73295769365969,73.95617653484878,173868486
2022-08-23 18:49:40.380001,AAPL,77.55457318228957,78.07438393608244,77.60804084501586,76.52226425564957,196755533
2022-08-24 18:49:40.380001,AAPL,77.8862224892594,77.4392722993165,78.99043428037218,76.56653899713982,50881355
2022-08-25 18:49:40.380001,AAPL,80.3674857758686,79.57073180540444,81.97385506675111,79.1111994545067,119556695
2022-08-26 18:49:40.380001,AAPL,83.42854593971755,83.54729373041108,83.44103184940676,83.21622072152292,67873387
2022-08-29 18:49:40.380001,AAPL,85.73417371576502,86.58136070721564,86.0103160867062,85.05379530366889,115060246
2022-08-30 18:49:40.380001,AAPL,83.98583856826815,83.21089167791952,85.11821005679872,82.60252067613119,142555003
2022-08-31 18:49:40.380001,AAPL,84.21534884011244,83.72352795841991,84.31639182134873,83.46862717559061,111746647
2022-09-01 18:49:40.380001,AAPL,85.42770695208473,85.46002364279454,86.43539507016699,84.15616790713909,96364366
2022-09-02 18:49:40.380001,AAPL,86.66197358236643,87.19917510064411,87.8475095604693,86.62072398108079,96827010
2022-09-05 18:49:40.380001,AAPL,88.26099238802844,87.53556117879103,89.2991999951073,86.55359625328701,94980078
2022-09-06 18:49:40.380001,AAPL,84.98092824103239,84.80286711361114,85.60160294187551,84.52597166188832,98854221
2022-09-07 18:49:40.380001,AAPL,86.66208165468578,87.09032371886745,87.870640360109,86.26863064964468,106097966
2022-09-08 18:49:40.380001,AAPL,88.34178562148499,88.1148235745932,89.39180624059779,86.69361547896123,153175558
2022-09-09 18:49:40.380001,AAPL,87.64929633381938,87.10383095801893,88.0132813743549,86.19759498386738,64400625
2022-09-12 18:49:40.380001,AAPL,86.14738228330575,85.62273753602318,87.11763534231663,85.0865748911566,56125339
2022-09-13 18:49:40.380001,AAPL,87.54701727169348,87.38951806358223,89.09118419911134,87.31616423811249,127511651
2022-09-14 18:49:40.380001,AAPL,86.95994763473176,86.92414983279077,88.11970338682652,86.15469841253166,152272508
2022-09-15 18:49:40.380001,AAPL,86.09398558862107,86.71698649408522,86.90635381338906,85.5004654468617,88807594
2022-09-16 18:49:40.380001,AAPL,86.8925616301229,87.13977517107196,87.45142695967994,86.51547021876266,80180674
2022-09-19 18:49:40.380001,AAPL,86.1855005326275,86.51369828767369,86.33354345161204,85.88923406228183,143714045
2022-09-20 18:49:40.380001,AAPL,88.23124766170608,89.08353887669031,88.66292280441078,87.30708629803713,107631200
2022-09-21 18:49:40.380001,AAPL,90.23865068296897,90.07954810304712,90.25884023305063,89.35213379570303,160410147
2022-09-22 18:49:40.380001,AAPL,85.29877874743491,85.13390371995158,86.98193846434384,84.81770362734807,71980845
2022-09-23 18:49:40.380001,AAPL,84.35854957137593,85.07280829463173,84.73391517327501,83.11568216842126,68166880
2022-09-26 18:49:40.380001,AAPL,84.42443307476798,83.99534688481685,85.80034186451758,84.17874064448996,132912656
2022-09-27 18:49:40.380001,AAPL,85.50211586426984,85.89510966060512,85.79050574874995,83.82761989648012,108873243
2022-09-28 18:49:40.380001,AAPL,83.94345062761366,84.37084558079628,84.41957980961065,82.593256491549,159402566
2022-09-29 18:49:40.380001,AAPL,80.28059905829686,79.63480264802651,80.9521901334999,79.95979769299863,125919082
2022-09-30 18:49:40.380001,AAPL,79.90276454088152,79.85199657066832,80.42118272883421,78.84846068582313,103198336
2022-10-03 18:49:40.380001,AAPL,82.3860890011597,81.8926992633999,83.70154902344335,80.98525004292618,73951664
2022-10-04 18:49:40.380001,AAPL,80.42107783424548,79.91502864075488,81.96145255639253,79.11303665246021,74512486
2022-10-05 18:49:40.380001,AAPL,81.66412334688043,81.60504443390344,83.09372648043457,80.8977160054399,163377129
2022-10-06 18:49:40.380001,AAPL,80.87808268232097,80.5374722517889,81.12650435074445,80.62927182256688,83975837
2022-10-07 18:49:40.380001,AAPL,80.75257493139998,81.23072780102261,82.0069671421053,79.25162797715724,125367038
2022-10-10 18:49:40.380001,AAPL,78.43732010886153,79.07674881574017,78.66941129682152,76.91639052320868,172716937
2022-10-11 18:49:40.380001,AAPL,77.70296517551398,78.17341094852662,79.12241358181734,76.87180474119748,184675259
2022-10-12 18:49:40.380001,AAPL,79.7463252237706,79.3731616612859,80.5723034902044,79.67644737081005,90147310
2022-10-13 18:49:40.380001,AAPL,80.33347532097685,79.97058393876738,80.87392855769377,79.17508235769489,66442823
2022-10-14 18:49:40.380001,AAPL,83.08835246503995,82.68076811913751,83.34929226240999,83.02050341222086,166205388
2022-10-17 18:49:40.380001,AAPL,84.16527517155544,83.5509327901042,84.18515347467766,83.97620827797047,153091485
2022-10-18 18:49:40.380001,AAPL,83.85618304433798,84.60048778814765,84.27202081069815,82.6539119192877,99679910
2022-10-19 18:49:40.380001,AAPL,86.26405086228876,86.09505578785172,87.8409923268498,85.94823483237978,139035065
2022-10-20 18:49:40.380001,AAPL,85.99897985219116,85.52545136555865,87.37025455639382,85.45867802184519,78309883
2022-10-21 18:49:40.380001,AAPL,87.81588784572257,88.42475236753837,89.51915375518907,86.95849283882792,155102326
2022-10-24 18:49:40.380001,AAPL,87.83045029609427,87.65337585690371,88.00744889154646,86.81673959579125,159096283
2022-10-25 18:49:40.380001,AAPL,89.38072586253503,88.54969392524886,90.43931318123303,89.05091591063463,94905336
2022-10-26 18:49:40.380001,AAPL,90.00654341582691,89.39799400113866,90.46944792193194,89.63405931533164,120281754
2022-10-27 18:49:40.380001,AAPL,91.61835925678956,91.8735170109772,92.61322782188857,91.17297737487183,100110215
2022-10-28 18:49:40.380001,AAPL,87.62071137817432,88.11647860568559,88.18228107892796,87.61765508227045,54691587
2022-10-31 18:49:40.380001,AAPL,87.6799610345382,87.17305580346351,88.17704600253762,86.76548089244505,69096517
2022-11-01 18:49:40.380001,AAPL,87.76238114818278,88.4950137640777,88.76962175051032,87.4234831639523,193991362
2022-11-02 18:49:40.380001,AAPL,91.83764568528483,92.48234066824295,92.17435585323388,91.58505242514416,118405079
2022-11-03 18:49:40.380001,AAPL,94.63366661022597,95.29303757289068,95.52158295562855,93.14148784096447,72163016
2022-11-04 18:49:40.380001,AAPL,97.01896461269607,96.49052394146908,98.28178725493238,95.1602101735007,56640478
2022-11-07 18:49:40.380001,AAPL,98.76871988648581,97.88086018576423,99.02192747209904,97.59287511996143,103011046
2022-11-08 18:49:40.380001,AAPL,93.77542718605528,94.46453317351911,95.52076469182283,93.50673561371464,197423026
2022-11-09 18:49:40.380001,AAPL,94.03921605495773,93.6739681700082,94.99037514048364,92.70217265230752,107719195
2022-11-10 18:49:40.380001,AAPL,91.65325764907375,91.8712391235216,93.15550581622851,91.10335671624647,199919019
2022-11-11 18:49:40.380001,AAPL,90.02512358004971,90.49319459668729,91.20248192407624,88.23785145099558,123414484
2022-11-14 18:49:40.380001,AAPL,90.84918786563972,90.17380275387076,92.13924804351788,89.67789550977947,164593517
2022-11-15 18:49:40.380001,AAPL,94.01524000599478,94.54330171205473,95.361784451858,93.29229420158256,167816603
2022-11-16 18:49:40.380001,AAPL,92.3562994160847,93.16628532810854,93.97271917832458,90.74885130571721,54224453
2022-11-17 18:49:40.380001,AAPL,93.15129576515595,93.57676424474798,94.29445859241922,92.9586717630234,50913541
2022-11-18 18:49:40.380001,AAPL,92.77368658716433,92.66462694094594,93.28991120390381,91.20817511491684,188371089
2022-11-21 18:49:40.380001,AAPL,89.42671444939236,90.10041621646191,89.60469085774217,89.26537711154397,189870807
2022-11-22 18:49:40.380001,AAPL,88.3124287388365,88.3609257388189,89.38321803139783,86.928377472118,69894023
2022-11-23 18:49:40.380001,AAPL,88.94808562503222,89.38352373395148,89.06612472245716,88.93790760498378,146898419
2022-11-24 18:49:40.380001,AAPL,90.84556356351064,91.42789442541644,91.28397235556903,90.12742704571333,188560211
2022-11-25 18:49:40.380001,AAPL,91.88457919517685,92.34281285054338,91.99614027740228,90.20188751392783,192597331
2022-11-28 18:49:40.380001,AAPL,88.43139350068017,88.05618772197145,89.40217138810175,86.77821676684295,94456286
2022-11-29 18:49:40.380001,AAPL,90.16125290291569,89.47213944893926,90.45037862757476,88.49312852494468,172608430
2022-11-30 18:49:40.380001,AAPL,89.7027092143506,89.23327435808591,90.79781301989964,88.9669545816215,146949900
2022-12-01 18:49:40.380001,AAPL,89.58441324682349,89.58956423767363,91.00139702093865,89.24323853823363,189175732
2022-12-02 18:49:40.380001,AAPL,91.70708843376309,91.7167670573509,93.21453419259969,90.61203746098901,72007958
2022-12-05 18:49:40.380001,AAPL,87.72443703826153,87.86943561862176,88.26752763806597,86.75040762864607,140150082
2022-12-06 18:49:40.380001,AAPL,86.94264377426134,86.76024130284837,87.89719494194783,86.22847551678143,53673487
2022-12-07 18:49:40.380001,AAPL,87.79507018164361,88.29882316102189,88.78366156553966,86.97513552414841,103596347
2022-12-08 18:49:40.380001,AAPL,85.28696394680125,85.9916965270082,86.093586187907,84.75487859234886,51711222
2022-12-09 18:49:40.380001,AAPL,86.76640534437726,86.32689021090975,87.90324289337913,85.8497802581168,116437109
2022-12-12 18:49:40.380001,AAPL,86.339702858506,86.74812974521637,86.70248005541244,85.8455991899519,171662962
2022-12-13 18:49:40.380001,AAPL,87.87966245916162,88.19246458573943,89.60077376636768,87.87493583841628,148704846
2022-12-14 18:49:40.380001,AAPL,87.80969337567761,87.85024476890976,87.9819405665415,86.66869043052456,97530952
2022-12-15 18:49:40.380001,AAPL,88.71006348326164,88.15745342873883,90.18126868481745,86.95753490341036,114039778
2022-12-16 18:49:40.380001,AAPL,90.63898363486801,91.17417467195128,91.7159487636442,89.05393449112836,105116664
2022-12-19 18:49:40.380001,AAPL,90.96466785621615,91.80268219777753,91.41013047124603,90.15237917891268,159750917
2022-12-20 18:49:40.380001,AAPL,91.1075200528415,91.51173921458995,92.46625205435271,89.91265911669723,89931388
2022-12-21 18:49:40.380001,AAPL,92.57169259413745,93.34533273723794,92.72810338423136,92.46057433642066,63777202
2022-12-22 18:49:40.380001,AAPL,92.38622972910503,93.28087075148369,93.81714060829906,91.69785270698871,126009364
2022-12-23 18:49:40.380001,AAPL,92.6049789928562,92.33096210877456,93.69769037509441,91.7166290343022,174497997
2022-12-26 18:49:40.380001,AAPL,91.36435031200357,91.61692441422221,91.56672292974626,90.99531051690415,121570577
2022-12-27 18:49:40.380001,AAPL,91.54682685008981,91.49909934701176,91.69239649045055,90.18935195609039,80628295
2022-12-28 18:49:40.380001,AAPL,94.36483507171955,95.28324790049767,95.78188600713129,94.0246282133987,56909228
2022-12-29 18:49:40.380001,AAPL,93.13157576251287,92.37498941426158,93.67720741391531,91.27464595765396,191592141
2022-12-30 18:49:40.380001,AAPL,92.77002250694545,92.60744288348906,94.4200335611683,92.06437171345404,164108745
2023-01-02 18:49:40.380001,AAPL,94.23857566182107,94.94638095505404,95.67490918286477,94.11560779866977,73331869
2023-01-03 18:49:40.380001,AAPL,92.54384362922671,92.1441491942153,93.83610780583886,92.15119852069724,61089442
2023-01-04 18:49:40.380001,AAPL,91.97594793711713,92.50534834205783,92.48844905295674,91.70670525866056,69374629
2023-01-05 18:49:40.380001,AAPL,92.45951458075875,92.24275834335816,93.77048790262731,91.34436905766577,106479783
2023-01-06 18:49:40.380001,AAPL,94.07693417676485,94.98003236683498,95.86091072288393,93.7462329547933,171781416
2023-01-09 18:49:40.380001,AAPL,92.84509478269403,93.55727206298904,93.01511241270249,92.01103325002103,73981026
2023-01-10 18:49:40.380001,AAPL,95.69923482354041,95.31896502860636,96.32350512889573,94.96912667388816,172805274
2023-01-11 18:49:40.380001,AAPL,97.4022031797004,97.9285512705518,97.85935509332302,95.56892879315411,50283424
2023-01-12 18:49:40.380001,AAPL,99.44810126571629,99.12361512672213,100.23026084948897,97.86001791221948,160813912
2023-01-13 18:49:40.380001,AAPL,100.47525350078936,100.68899016746376,101.96697473435665,99.57291421714635,92362272
2023-01-16 18:49:40.380001,AAPL,103.88637224125925,104.21565208322697,104.87171906819152,101.9308173680587,194079569
2023-01-17 18:49:40.380001,AAPL,102.38158089344755,103.05647087419588,103.55022692782488,101.85215919971556,121376822
2023-01-18 18:49:40.380001,AAPL,97.61231100168139,96.68392195335313,98.22561869443743,97.3000629011474,90580944
2023-01-19 18:49:40.380001,AAPL,101.09108382928551,100.52529298759578,101.3767455321511,100.93007072507925,86438795
2023-01-20 18:49:40.380001,AAPL,99.34509291179768,99.76615280344943,99.87546387489776,97.5603949942159,173997310
2023-01-23 18:49:40.380001,AAPL,100.17741577367119,100.30468764809493,101.89982679307025,100.05664237814011,110449728
2023-01-24 18:49:40.380001,AAPL,102.92385553790453,102.91480869197801,104.16391706562975,101.00457266508063,102806079
2023-01-25 18:49:40.380001,AAPL,98.79646839681031,97.917594687704,99.54334731692798,97.75724062797858,160350225
2023-01-26 18:49:40.380001,AAPL,95.49613907216231,95.20635772549099,97.00479850187739,95.19103085714706,130609793
2023-01-27 18:49:40.380001,AAPL,91.31039733077753,91.97714627560394,91.42811000614513,89.61259214414397,149575359
2023-01-30 18:49:40.380001,AAPL,90.43188893685596,89.58344399964314,90.89108595015705,88.65622456547362,116840004
2023-01-31 18:49:40.380001,AAPL,90.1621485957853,89.97539796506176,90.57708049115483,88.40389242229269,59600252
2023-02-01 18:49:40.380001,AAPL,91.15477098228847,91.9663187866042,92.95118460225862,90.26376999435973,50877503
2023-02-02 18:49:40.380001,AAPL,92.26832147618757,91.43953186086458,93.57133209606947,91.92064843345327,55865767
2023-02-03 18:49:40.380001,AAPL,89.40886693879462,89.85538510417466,90.51357775045908,87.8485510855864,136169329
2023-02-06 18:49:40.380001,AAPL,85.1700630006171,84.75718002561048,85.17855439678083,83.6789230044143,127043724
2023-02-07 18:49:40.380001,AAPL,86.23301710044369,86.8652928142893,86.55088925168364,85.48890697191305,162125883
2023-02-08 18:49:40.380001,AAPL,86.9057456561328,87.33344008000401,88.01038945535456,85.57486342086037,184195689
2023-02-09 18:49:40.380001,AAPL,87.20854851576915,87.88128427788085,87.87084394188618,86.73799514441902,76182857
2023-02-10 18:49:40.380001,AAPL,87.34530430513026,86.84905159262377,88.95993533264446,87.25732205821203,193593295
2023-02-13 18:49:40.380001,AAPL,88.24382062846213,88.2990484733258,89.59346436494585,87.83089850644203,189748379
2023-02-14 18:49:40.380001,AAPL,89.87162747580793,90.37359636249082,90.67577017040117,89.65085848145499,142390574
2023-02-15 18:49:40.380001,AAPL,91.59905249189518,91.13317924009307,92.97214972731497,90.71894325328856,129559930
2023-02-16 18:49:40.380001,AAPL,93.65438131464202,93.15004555070442,95.48139908423346,93.3403006782037,76498992
2023-02-17 18:49:40.380001,AAPL,91.59814111417742,90.73195636103357,92.44264084681613,90.10125012503477,76736900
2023-02-20 18:49:40.380001,AAPL,91.48807605335247,92.3270496950895,92.66374519930035,89.78337487217745,52799447
2023-02-21 18:49:40.380001,AAPL,90.5576883366379,90.93806120002628,92.22153121457025,89.93456651610752,146892135
2023-02-22 18:49:40.380001,AAPL,92.58026351728138,92.83126778321656,93.04071083210899,90.82485377670181,78788406
2023-02-23 18:49:40.380001,AAPL,90.65928873990714,91.10169650022353,92.26678293750155,90.46433757856472,70077147
2023-02-24 18:49:40.380001,AAPL,90.59227046171686,90.64954818332768,90.7690063908786,90.03341425915607,59530002
2023-02-27 18:49:40.380001,AAPL,89.74762403675038,89.70478537971096,90.91155768917476,89.66182661024577,146143664
2023-02-28 18:49:40.380001,AAPL,88.46093075825151,88.37164225978158,89.84594259483765,87.24704625848776,152797286
2023-03-01 18:49:40.380001,AAPL,91.34304706049288,91.5996099716993,92.4658471566698,90.4043297456081,144745343
2023-03-02 18:49:40.380001,AAPL,87.58733882246484,87.06450367772558,88.4553903182575,87.13484575210684,66604232
2023-03-03 18:49:40.380001,AAPL,84.28935148695311,84.94353580178664,85.33006722085486,83.0128381219971,56203718
2023-03-06 18:49:40.380001,AAPL,81.70473241397379,82.21416529537163,81.9525652688285,80.95607002281534,65932617
2023-03-07 18:49:40.380001,AAPL,77.86352657218141,77.62925641743887,78.19922848682103,77.33322499455524,162739719
2023-03-08 18:49:40.380001,AAPL,76.75487130258996,76.87554423179061,77.1691930907904,76.72234052257704,160991534
2023-03-09 18:49:40.380001,AAPL,77.93221757078663,77.37270679954126,78.86394296345266,77.53430080242249,94224656
2023-03-10 18:49:40.380001,AAPL,78.13450352958115,78.8726343211082,78.82505794970635,76.75641536575118,58280334
2023-03-13 18:49:40.380001,AAPL,78.4217722989055,79.05368347111022,78.80521687594565,77.59886668673607,97960104
2023-03-14 18:49:40.380001,AAPL,79.66389274125945,80.3360926953706,81.07045330019842,79.00869033653963,171465376
2023-03-15 18:49:40.380001,AAPL,80.99856698536283,80.72667593289862,81.60430964992844,79.61612093483363,71512532
2023-03-16 18:49:40.380001,AAPL,81.68712642303267,81.14657772329245,82.41582741178095,80.75910521271346,169422313
2023-03-17 18:49:40.380001,AAPL,84.51182371373322,84.02465051152271,85.20431541686592,83.30162422913551,119500027
2023-03-20 18:49:40.380001,AAPL,85.65976347598898,84.95735579861774,85.97146728629156,84.15014298976116,71209014
2023-03-21 18:49:40.380001,AAPL,84.12245338638428,83.4833088701587,85.35337857641927,83.30148879224966,190083928
2023-03-22 18:49:40.380001,AAPL,81.60704229256093,80.9073509123728,82.33898934006939,80.24523796365415,127757097
2023-03-23 18:49:40.380001,AAPL,79.72831547614932,80.50937083993055,79.75423851587445,79.07540022287013,150732683
2023-03-24 18:49:40.380001,AAPL,78.93751911641469,78.26506252118381,80.45945611758493,77.62667783074318,64493823
2023-03-27 18:49:40.380001,AAPL,78.73492559527232,78.15629015695863,80.01950734051822,78.29967093278657,105746490
2023-03-28 18:49:40.380001,AAPL,80.4702848558702,80.99697026642178,81.63478540254815,79.1751021391712,144885682
2023-03-29 18:49:40.380001,AAPL,83.678563963729,83.81285168591276,85.13305115727985,83.50498968715512,146803027
2023-03-30 18:49:40.380001,AAPL,81.65451736095903,82.10266544885208,83.13541553361058,80.06422926092654,59439501
2023-03-31 18:49:40.380001,AAPL,83.6744799850856,83.8935598685692,84.23926549872634,82.87454758367639,140641174
2023-04-03 18:49:40.380001,AAPL,82.06200998013314,82.68925106884299,83.06473992344674,80.94613859038787,191672128
2023-04-04 18:49:40.380001,AAPL,82.56370757425998,82.79235542367796,83.56901617282351,81.28409647189245,167957587
2023-04-05 18:49:40.380001,AAPL,82.58553152266563,82.62207577381353,83.02703322715674,81.71277221591072,81159610
2023-04-06 18:49:40.380001,AAPL,78.70472728699019,79.03961541954767,79.05410111540769,78.45605110078476,186890401
2023-04-07 18:49:40.380001,AAPL,79.9932891912242,79.90912465483524,80.17552551073854,79.8577440912363,152434198
2023-04-10 18:49:40.380001,AAPL,80.4920040824272,80.24419145452349,81.55339450141338,79.37034578097759,58541792
2023-04-11 18:49:40.380001,AAPL,79.53499544340451,79.48354020246495,80.77720321127053,78.18965085014653,69243713
2023-04-12 18:49:40.380001,AAPL,77.8132481299011,77.29923576402565,78.99749259010798,77.37771251400018,188188902
2023-04-13 18:49:40.380001,AAPL,77.0013097549732,77.45803798759532,77.48838212070302,76.35757684259046,81439467
2023-04-14 18:49:40.380001,AAPL,76.99558155120422,76.62708652082337,77.31166358231785,75.76521702555237,64513969
2023-04-17 18:49:40.380001,AAPL,76.63611808251751,76.10507813598188,77.33138267739656,76.26871807673736,117642447
2023-04-18 18:49:40.380001,AAPL,77.28995468015442,76.89786620540848,78.13521843136418,76.5463177829917,128840910
2023-04-19 18:49:40.380001,AAPL,77.44830430066051,77.97815936479311,78.87193909197508,76.9114252194481,135964421
2023-04-20 18:49:40.380001,AAPL,80.00662015132222,79.73491974241624,81.40645302739394,78.98147778021281,148829720
2023-04-21 18:49:40.380001,AAPL,79.53224269796777,79.82818196547714,80.98936616857962,78.64004612028015,199829486
2023-04-24 18:49:40.380001,AAPL,76.89615137889788,77.4442819571339,78.20378948048186,75.63558061725247,163886247
2023-04-25 18:49:40.380001,AAPL,79.10895252702379,78.4408689850536,80.63509270122802,78.72371703367322,53888934
2023-04-26 18:49:40.380001,AAPL,79.5785374453341,80.00034253636187,80.31941362444452,78.23686132719452,63286069
2023-04-27 18:49:40.380001,AAPL,82.19618057579297,81.87999729466357,82.27422337914446,81.83172697669244,50047162
2023-04-28 18:49:40.380001,AAPL,82.94066752219099,82.47059691668228,83.0792813367091,82.60560025518876,109285404
2023-05-01 18:49:40.380001,AAPL,81.6011471407185,81.9094386450527,82.23808675812403,81.18759410036941,102555064
2023-05-02 18:49:40.380001,AAPL,82.3554316803959,83.03041123572318,82.77987031320096,80.74031448868827,190031192
2023-05-03 18:49:40.380001,AAPL,83.82714890299218,83.48348979672178,84.11206160812593,82.60852549460299,104923455
2023-05-04 18:49:40.380001,AAPL,86.43360932332699,86.55260040818351,88.08138617635501,85.51453956669718,54598085
2023-05-05 18:49:40.380001,AAPL,86.51875795292615,86.15509212424979,86.85690715430535,85.8188979929161,182575585
2023-05-08 18:49:40.380001,AAPL,87.96261647991679,88.05811852306962,89.65040669970571,87.82050777005172,89040852
2023-05-09 18:49:40.380001,AAPL,89.46948648959254,89.687545155697,90.83092369649006,88.35220222877626,186887382
2023-05-10 18:49:40.380001,AAPL,87.63611755943128,87.82950486149093,88.75951736486279,87.41706813686902,166167169
2023-05-11 18:49:40.380001,AAPL,89.63573350601092,89.85721689530956,90.84764261304257,88.1360009182609,182078746
2023-05-12 18:49:40.380001,AAPL,88.62169169050445,87.97489476758977,89.20920799679719,87.50732795458816,172957950
2023-05-15 18:49:40.380001,AAPL,89.89905106580835,90.24703315698189,91.06131461190277,88.19507210770517,71476812
2023-05-16 18:49:40.380001,AAPL,89.018739071039,89.32986019858264,89.35112101031697,88.56027349888863,143927097
2023-05-17 18:49:40.380001,AAPL,85.75673958872869,86.06990282970766,87.36503080050718,84.29999458270407,111815725
2023-05-18 18:49:40.380001,AAPL,81.89044874529246,81.19285767389123,82.38472858604673,80.6735894587461,144316578
2023-05-19 18:49:40.380001,AAPL,79.25990788654265,79.17563691747473,79.66442907570813,78.90360805200018,161882774
2023-05-22 18:49:40.380001,AAPL,78.95900847315826,78.81535855756705,80.0820626613264,78.22424234012948,125143418
2023-05-23 18:49:40.380001,AAPL,78.22448711578474,77.57790147132765,79.25149440155558,76.68185754967149,96891660
2023-05-24 18:49:40.380001,AAPL,81.82485801536029,81.37051391775321,82.56340741367882,80.19201876127491,187449981
2023-05-25 18:49:40.380001,AAPL,83.86995293371865,83.77092370787007,84.93081765245113,83.04913553802683,149485704
2023-05-26 18:49:40.380001,AAPL,82.59454668656329,82.99580141756397,82.85801184579799,81.44640900118567,182831384
2023-05-29 18:49:40.380001,AAPL,84.19793754821083,83.7551609317888,85.33179464373228,82.81761583462921,85571429
2023-05-30 18:49:40.380001,AAPL,82.93542393230328,83.48238290406024,83.38428818683586,82.29448892059276,175738804
2023-05-31 18:49:40.380001,AAPL,83.33421752554156,83.41054881166374,83.78894897812455,82.04826466752807,98512888
2023-06-01 18:49:40.380001,AAPL,84.1571670920972,84.59549411758695,84.43013916977819,83.47079327123866,119072950
2023-06-02 18:49:40.380001,AAPL,85.47201002493485,85.42509611958772,86.04018886129225,84.41090228704867,179064447
2023-06-05 18:49:40.380001,AAPL,85.49753241770526,85.49615458294356,86.0639553830526,84.10690858533329,103207698
2023-06-06 18:49:40.380001,AAPL,88.13750223070392,88.34853758967404,88.93810630384488,86.61819631892939,87576355
2023-06-07 18:49:40.380001,AAPL,85.94925497511662,86.68493007357863,86.27658326629269,84.63742972304922,187332346
2023-06-08 18:49:40.380001,AAPL,85.79827494697942,85.78422561915859,86.12946922006319,84.13350031615074,96661537
2023-06-09 18:49:40.380001,AAPL,89.49666646529552,89.5479615478914,90.46634239048612,88.2582598549961,95938934
2023-06-12 18:49:40.380001,AAPL,90.01119029820403,90.19480766008233,90.24319847014269,89.83468679740616,84150909
2023-06-13 18:49:40.380001,AAPL,92.16180832953965,92.5996048207196,93.43160820972085,91.85096890091026,53529216
2023-06-14 18:49:40.380001,AAPL,90.85341987029051,90.07544264554265,92.56863636151748,89.71230774293623,132932343
2023-06-15 18:49:40.380001,AAPL,92.42871249595729,92.45771189085619,93.21767589214429,91.64460944558623,88235135
2023-06-16 18:49:40.380001,AAPL,91.43732118810941,91.40365687270281,93.0852143069668,90.64613335762789,177362384
2023-06-19 18:49:40.380001,AAPL,91.64544035081148,92.41835047220702,91.8256456965619,91.33153187808837,75680741
2023-06-20 18:49:40.380001,AAPL,90.52454463836344,90.51278836138052,90.60231903150192,89.14185482244369,145290986
2023-06-21 18:49:40.380001,AAPL,90.93386191158466,90.87624718911388,92.24579906948782,89.65421785291747,126024044
2023-06-22 18:49:40.380001,AAPL,90.32646973173522,91.16144759722299,91.70127757327744,89.06512459403454,141788842
2023-06-23 18:49:40.380001,AAPL,91.65586841260487,91.56526926963122,93.20129311656726,89.89767053244351,66907409
2023-06-26 18:49:40.380001,AAPL,94.28317931068204,93.68143470114659,94.39031833789409,92.99091116929621,119982995
2023-06-27 18:49:40.380001,AAPL,94.87317938164263,94.33603803242067,96.34733222939829,94.64152521816676,143907331
2023-06-28 18:49:40.380001,AAPL,94.73560454615661,93.96860148048731,95.44903703588717,94.56884647785971,101141205
2023-06-29 18:49:40.380001,AAPL,95.08733215617943,94.13753927252868,95.66420348086585,93.39408416383887,181234860
2023-06-30 18:49:40.380001,AAPL,95.44913950916718,95.3192249472198,95.77943919730157,94.41458259182991,129430155
2023-07-03 18:49:40.380001,AAPL,97.34458578977394,97.86877194084285,99.28372061218484,96.14013909130715,104377832
2023-07-04 18:49:40.380001,AAPL,94.18158300145107,94.6213477846632,94.30150175388317,93.21972381730824,54623012
2023-07-05 18:49:40.380001,AAPL,93.65929364948894,92.78292193009587,95.20843337930198,92.8252005524375,75273907
2023-07-06 18:49:40.380001,AAPL,90.1073468988817,90.23346637430447,91.25980983765469,88.34170922323726,110003749
2023-07-07 18:49:40.380001,AAPL,88.02465087709133,87.41601873333536,89.3187548665459,87.74691945609344,180727174
2023-07-10 18:49:40.380001,AAPL,90.65411404460932,91.45382164103795,91.94451574374715,90.60636484232903,167895023
2023-07-11 18:49:40.380001,AAPL,92.27931677415911,91.66541016279898,93.86363172971771,91.63964543124881,73845522
2023-07-12 18:49:40.380001,AAPL,92.17432380229603,92.40778148745837,92.51314199748025,91.54837209598689,138723151
2023-07-13 18:49:40.380001,AAPL,89.38853394004167,89.07788797881815,89.39000816583996,88.544670170068,118161056
2023-07-14 18:49:40.380001,AAPL,84.7678604147088,85.00785742909817,85.78258000297774,83.63921604450569,65171481
2023-07-17 18:49:40.380001,AAPL,84.72036671247197,84.57169703480336,85.31994738622896,83.27838849615283,149886982
2023-07-18 18:49:40.380001,AAPL,86.89207796550673,87.34329645239092,87.10720073403819,86.16924595640339,130578073
2023-07-19 18:49:40.380001,AAPL,86.20653768619688,85.74219328355481,86.52746523660785,84.55989178837868,63118666
2023-07-20 18:49:40.380001,AAPL,84.35404629175268,85.0386499866636,84.91373422896154,84.05796792117262,120212807
2023-07-21 18:49:40.380001,AAPL,84.41020918963129,84.41056312047922,84.52877746020408,83.43258989789221,159750135
2023-07-24 18:49:40.380001,AAPL,80.40910924323136,80.82095368104908,80.50063604097792,79.46792741276136,99066838
2023-07-25 18:49:40.380001,AAPL,80.61307255204807,81.17692905790945,82.08994637085584,79.52829606403178,103533569
2023-07-26 18:49:40.380001,AAPL,81.61402047390646,82.42824864325517,82.12345967742075,81.56399742680249,66524089
2023-07-27 18:49:40.380001,AAPL,82.47197544234275,82.01664051658501,84.09210556155789,81.11105086616303,80650759
2023-07-28 18:49:40.380001,AAPL,83.88767670829154,83.53013470199008,85.5056468647508,82.46378040635267,197166790
2023-07-31 18:49:40.380001,AAPL,85.0726845061586,84.64805796064591,85.31526294057964,83.65287500017084,143119869
2023-08-01 18:49:40.380001,AAPL,85.96440403184309,85.5567115396481,87.19356486437013,85.37731440324333,76406497
2023-08-02 18:49:40.380001,AAPL,85.1410347351904,85.28142334725317,86.16409773387521,85.12723391619917,122412755
2023-08-03 18:49:40.380001,AAPL,87.1712966551514,88.03171662057429,88.37538867302463,85.83840424072864,78911433
2023-08-04 18:49:40.380001,AAPL,91.3916142977995,92.28776041448438,91.56743531324436,91.2190987289269,116411079
2023-08-07 18:49:40.380001,AAPL,88.46428055883138,88.51165005184541,88.79789719280184,87.18794721689731,71837403
2023-08-08 18:49:40.380001,AAPL,87.11481869374059,87.35704529805466,87.24834595568507,86.50135600133386,142820265
2023-08-09 18:49:40.380001,AAPL,88.9981380703822,89.63887223337471,90.0734744585612,87.29026193529198,135528955
2023-08-10 18:49:40.380001,AAPL,89.16263542444685,89.93466518682955,90.92197663262576,88.2632590085942,145015197
2023-08-11 18:49:40.380001,AAPL,90.75872479035361,90.2211801538779,91.97849398468702,90.13170900305744,116550436
2023-08-14 18:49:40.380001,AAPL,90.71721805143473,90.76900257639548,92.00678423453786,89.87594245391807,92896582
2023-08-15 18:49:40.380001,AAPL,93.67105965926231,94.29460365134256,95.51560214258268,92.24320431660398,87433577
2023-08-16 18:49:40.380001,AAPL,93.91415117927438,93.54450898074026,95.18764877127009,93.5920199087129,82271779
2023-08-17 18:49:40.380001,AAPL,92.94250058124054,92.83061461915564,93.01719209798807,92.88698883480858,114413507
2023-08-18 18:49:40.380001,AAPL,94.31869051680061,95.2347534444394,95.95418717567114,93.29853219518667,117719231
2023-08-21 18:49:40.380001,AAPL,94.26290538086316,95.17734359842915,94.95041808447179,93.57651922373395,151028277
2023-08-22 18:49:40.380001,AAPL,92.09660733742449,92.84462852718639,92.10464483216869,91.71056279885825,57865186
2023-08-23 18:49:40.380001,AAPL,91.70057021659251,92.24792788461114,92.63084348290595,90.30945250346242,92255079
2023-08-24 18:49:40.380001,AAPL,92.25760070358557,91.83161138200653,93.98653581966781,92.00749105279482,177893704
2023-08-25 18:49:40.380001,AAPL,90.50410786146347,90.17983177706354,90.96989754686264,89.2012123633753,187286866
2023-08-28 18:49:40.380001,AAPL,91.35256907881174,91.43895725915996,92.25058890070085,90.94300043866741,189635892
2023-08-29 18:49:40.380001,AAPL,90.83078227557377,90.94119140509623,91.14646808874755,89.21780784953795,95951935
2023-08-30 18:49:40.380001,AAPL,92.9746552796408,92.98488773429658,93.08193440484779,91.65141526079127,70569637
2023-08-31 18:49:40.380001,AAPL,89.03550959136517,89.27887975173202,89.1789367988774,88.20502185446679,79726854
2023-09-01 18:49:40.380001,AAPL,87.3877333958898,87.22750453075601,88.6583701004109,86.55741377103242,69781167
2023-09-04 18:49:40.380001,AAPL,84.91051015343552,85.33366024972982,86.37789023586103,84.65651086486938,193185177
2023-09-05 18:49:40.380001,AAPL,83.9376854862158,83.65825680780745,84.17824894421011,83.9311841056098,182508124
2023-09-06 18:49:40.380001,AAPL,84.53748568239028,84.25120286346335,85.02496021835518,83.02800267568044,171584091
2023-09-07 18:49:40.380001,AAPL,84.3285718667015,83.6998618214486,84.65750299626971,83.09971590262158,159470264
2023-09-08 18:49:40.380001,AAPL,83.53483049392166,83.01476303852043,83.5796983493883,82.4615720015615,101470643
2023-09-11 18:49:40.380001,AAPL,82.60517086599293,83.18426760790086,83.51949672343522,81.74429018683337,121353184
2023-09-12 18:49:40.380001,AAPL,82.83672701173826,82.74773110664384,83.99631224648137,81.99826980274587,176214777
2023-09-13 18:49:40.380001,AAPL,81.89320929279884,81.44749368657601,82.9543446155631,81.65767633698036,172155092
2023-09-14 18:49:40.380001,AAPL,82.9352284706325,83.36539873827614,83.57889466271952,82.55465413775292,127822137
2023-09-15 18:49:40.380001,AAPL,83.61842165129097,83.70869798208628,84.54660326660677,81.97758000396092,175634260
2023-09-18 18:49:40.380001,AAPL,83.57292174809065,82.77255392435336,83.73020482789181,82.66201327294678,102012874
2023-09-19 18:49:40.380001,AAPL,83.39095921462173,83.0846833301924,83.64830991691508,82.75397543506205,112025240
2023-09-20 18:49:40.380001,AAPL,83.49006569205191,82.95072222397353,85.0459775720115,82.58903353442543,175941738
2023-09-21 18:49:40.380001,AAPL,85.68309382113269,85.95020720056792,86.98806061717212,84.19331373929676,106463718
2023-09-22 18:49:40.380001,AAPL,86.61048926804983,86.22079583522708,88.20886695917333,85.56678797988516,117992854
2023-09-25 18:49:40.380001,AAPL,87.42158405535173,86.66092322115475,89.02433690621665,86.39290423331767,94681226
2023-09-26 18:49:40.380001,AAPL,86.35971520390885,85.59100145230657,87.48134243328775,84.95674277187068,82825163
2023-09-27 18:49:40.380001,AAPL,85.23991357615425,85.37924213245051,86.8223732190168,84.82446636612187,141001777
2023-09-28 18:49:40.380001,AAPL,84.37536897395225,83.56827377602117,85.0785602229631,83.23022761398322,121948929
2023-09-29 18:49:40.380001,AAPL,82.84910781301589,83.42705012072672,82.8550998660972,82.16806708749188,105408533
2023-10-02 18:49:40.380001,AAPL,83.56939402831432,82.9934289498327,83.67397463301309,82.75999132184478,161473491
2023-10-03 18:49:40.380001,AAPL,84.22975105706428,84.40927217475578,84.41419286081795,84.02326532498546,50157795
2023-10-04 18:49:40.380001,AAPL,83.97544681601362,83.88254986477217,84.13559379274322,82.50086304812149,63829018
2023-10-05 18:49:40.380001,AAPL,83.31223074458582,83.21700739958922,83.8982529593846,81.83637625187777,194272361
2023-10-06 18:49:40.380001,AAPL,83.73393074622649,83.01682857768729,84.9083339701634,82.56219105882349,149529484
2023-10-09 18:49:40.380001,AAPL,83.94880685037556,84.4571206539072,85.27628732941125,82.99383035477179,132444361
2023-10-10 18:49:40.380001,AAPL,82.8679499469995,83.51937901966103,83.8461452285284,81.70538263059265,52210124
2023-10-11 18:49:40.380001,AAPL,82.0577631207667,81.25526555121093,82.29808761924885,81.66911635483171,139764890
2023-10-12 18:49:40.380001,AAPL,83.26067962362733,82.72548692843425,84.50609553735646,82.00388604686962,115219454
2023-10-13 18:49:40.380001,AAPL,83.10996009448169,83.78132931473742,83.69971156130113,81.58867340236847,139983713
2023-10-16 18:49:40.380001,AAPL,81.41005190837332,81.49063746011703,81.43120769217,80.45560015025272,56150067
2023-10-17 18:49:40.380001,AAPL,81.63066577745856,81.0593157329914,82.0887584955319,81.26068178569422,132596219
2023-10-18 18:49:40.380001,AAPL,82.51544608406833,82.02495851640035,83.06103912808,82.2688271263308,136680295
2023-10-19 18:49:40.380001,AAPL,82.47807039643213,82.74197753072511,82.93045524762464,82.03820634906695,93507176
2023-10-20 18:49:40.380001,AAPL,81.72877603261429,82.09625610688987,83.05583911096295,81.0061084199357,58176880
2023-10-23 18:49:40.380001,AAPL,81.5816542398053,81.74388231020002,82.82157529212974,81.13163629531795,195736418
2023-10-24 18:49:40.380001,AAPL,83.62875805331296,84.38668277783208,84.79212110261035,83.09585810400642,156407948
2023-10-25 18:49:40.380001,AAPL,84.51255994290491,84.50252594187734,84.74751344350764,83.21844722559392,143250261
2023-10-26 18:49:40.380001,AAPL,83.80467825002115,83.4699152872134,85.15868346766898,83.05170812010927,165063392
2023-10-27 18:49:40.380001,AAPL,84.91830244776449,84.87963559503388,86.06839511022213,84.5287131263704,150638204
2023-10-30 18:49:40.380001,AAPL,82.93470745555922,82.70193675794094,83.25788358615227,81.80201949286258,70159075
2023-10-31 18:49:40.380001,AAPL,83.05545127801511,82.59767603003606,84.13200595501658,82.48066294894038,118218913
2023-11-01 18:49:40.380001,AAPL,82.79160831426411,82.03979965784586,83.5922224422114,81.93302692730124,183300469
2023-11-02 18:49:40.380001,AAPL,82.0744266308477,81.8318351337708,82.79561471918925,81.25886758214172,93179210
2023-11-03 18:49:40.380001,AAPL,83.29834905650944,83.65055004929614,83.4851425446743,81.78241079480875,195831291
2023-11-06 18:49:40.380001,AAPL,87.02544316774416,86.18727989539178,87.9275563537674,86.44449118552245,59652347
2023-11-07 18:49:40.380001,AAPL,83.713074694067,83.61124362072708,83.88038667384333,83.48819966923203,99608459
2023-11-08 18:49:40.380001,AAPL,83.41939145376321,83.6596549864146,83.69342980594261,81.98696586428073,102534529
2023-11-09 18:49:40.380001,AAPL,82.97504046322628,83.15825617174718,83.19500117903027,81.92309229668628,142612635
2023-11-10 18:49:40.380001,AAPL,86.2769103737976,86.75427781996204,87.92326066340203,84.63534971911012,76414614
2023-11-13 18:49:40.380001,AAPL,85.89967743733183,86.433148305594,86.38907313778013,84.23259127752982,84371123
2023-11-14 18:49:40.380001,AAPL,86.89570785776087,87.26363440108884,87.5130224804211,86.87773521272042,149313240
2023-11-15 18:49:40.380001,AAPL,90.76942024646577,90.04834378963574,91.3541216445882,89.84987429587885,92694717
2023-11-16 18:49:40.380001,AAPL,87.57500357537577,87.53125538426333,89.14828929433695,86.44619509043018,181850582
2023-11-17 18:49:40.380001,AAPL,85.59451691575288,85.77153657530013,86.55825282016781,84.35318598913648,180528902
2023-11-20 18:49:40.380001,AAPL,82.62886055449688,82.20838878850604,84.1478432568218,82.59582990702296,95413228
2023-11-21 18:49:40.380001,AAPL,82.84698500622015,82.08902095212935,83.34394248974247,81.6080096470142,133992295
2023-11-22 18:49:40.380001,AAPL,84.78446434140206,84.315759409736,84.97918826859271,84.31935100658767,99932393
2023-11-23 18:49:40.380001,AAPL,84.60029991634899,84.52398097352248,85.54142487473845,83.3884143181995,101730832
2023-11-24 18:49:40.380001,AAPL,84.17994391062095,84.03503709233317,84.76168960237952,82.61502108455319,150554675
2023-11-27 18:49:40.380001,AAPL,84.86051280963238,84.31174869417511,86.22151731194386,84.32296663141618,93968755
2023-11-28 18:49:40.380001,AAPL,85.09606237948691,85.6481920846283,86.59277176474147,83.39691670613001,72390715
2023-11-29 18:49:40.380001,AAPL,88.0256601709293,88.77508717175958,88.85763207646707,87.45481114430355,88867379
2023-11-30 18:49:40.380001,AAPL,89.83084871494742,89.2942860355546,91.5760088257579,88.48406258836083,189415613
2023-12-01 18:49:40.380001,AAPL,90.04948950516159,90.82314594020303,91.04546028338216,89.59222581937195,88898476
2023-12-04 18:49:40.380001,AAPL,90.4208562275188,89.5489477296769,90.91079330630852,90.00446848723085,104577017
2023-12-05 18:49:40.380001,AAPL,91.85546029835425,92.63616276915471,92.7537617190857,91.34861516692627,144322648
2023-12-06 18:49:40.380001,AAPL,93.46726260480155,94.3120735428248,93.53700842275927,91.64368535776796,65179916
2023-12-07 18:49:40.380001,AAPL,91.13390459053392,90.24453221131321,92.59933989113577,90.59391181775284,90268791
2023-12-08 18:49:40.380001,AAPL,92.8620958283521,93.35058629119186,93.05048525660804,92.84379384971443,76202600
2023-12-11 18:49:40.380001,AAPL,88.25654829712464,89.08651565310252,88.80152981486924,86.91968288228993,188654415
2023-12-12 18:49:40.380001,AAPL,88.51118350334856,89.2297212188325,89.51192023593724,87.22642344508026,189911911
2023-12-13 18:49:40.380001,AAPL,87.44554896904735,88.26877913806958,87.52070863813148,87.1194235042457,163360114
2023-12-14 18:49:40.380001,AAPL,87.73023748802817,87.81853535014984,87.86940729606822,86.25706573426541,87067893
2023-12-15 18:49:40.380001,AAPL,84.06781589360101,83.35854605424178,85.23823552944769,83.49713611202168,142462253
2023-12-18 18:49:40.380001,AAPL,79.46804092451329,80.02398217023575,79.5821206238892,79.07868944734908,149340320
2023-12-19 18:49:40.380001,AAPL,79.79498463314302,79.97664311160497,80.55636103276193,78.25838962925681,180406784
2023-12-20 18:49:40.380001,AAPL,78.48338486495075,78.66348342599638,79.01502445994753,77.7829396390085,73424783
2023-12-21 18:49:40.380001,AAPL,77.24416266919832,77.11632915679102,77.59651872699192,76.58894254853111,160438107
2023-12-22 18:49:40.380001,AAPL,80.23846747425002,80.35375727617752,80.54141406337118,79.12065398581828,79115253
2023-12-25 18:49:40.380001,AAPL,80.54981011626934,79.99172845596836,81.77966281128485,80.35060184827145,135303972
2023-12-26 18:49:40.380001,AAPL,78.88523243774692,79.26351872329244,80.38648497936659,77.56429877771492,181885732
2023-12-27 18:49:40.380001,AAPL,79.49713419806788,78.82143607508127,79.72001195362365,78.4862402280228,59310972
2023-12-28 18:49:40.380001,AAPL,79.00266350618006,79.36572935855912,80.51901095481233,78.7635519704351,171969565
2023-12-29 18:49:40.380001,AAPL,80.54658460458116,81.10876500544369,81.50470637069695,79.24276537097383,52812587
2024-01-01 18:49:40.380001,AAPL,79.92275660700467,79.87874902336301,80.94842197504866,79.63723117848468,152768972
2024-01-02 18:49:40.380001,AAPL,80.68410387208876,80.6999669576097,81.82969934480059,79.19801430904371,125184978
2024-01-03 18:49:40.380001,AAPL,82.36944624222193,82.0600901151899,83.52940390396581,81.52800786437825,179409021
2024-01-04 18:49:40.380001,AAPL,79.62734756676527,80.37498240305564,80.9329352477772,78.15476823224994,177343865
2024-01-05 18:49:40.380001,AAPL,77.47570122310184,77.83693086587719,78.22484267875284,76.9766083109257,98898656
2024-01-08 18:49:40.380001,AAPL,78.23200919086179,78.02702341681548,79.06652346927129,77.90437586620669,50664130
2024-01-09 18:49:40.380001,AAPL,81.98741483931185,81.45418080475996,82.51840961505464,81.74122064952253,69224340
2024-01-10 18:49:40.380001,AAPL,82.02183705621228,81.56182511629954,82.19450548033643,81.99109896388674,66104683
2024-01-11 18:49:40.380001,AAPL,78.39985408093413,78.34328433084322,79.44200796063294,77.88557569068307,197334624
2024-01-12 18:49:40.380001,AAPL,75.74233177096036,76.41275502311939,75.7932457196987,75.39249598815076,139533724
2024-01-15 18:49:40.380001,AAPL,74.10897014281835,74.45601703375927,74.51751073823938,73.37641524291395,151510794
2024-01-16 18:49:40.380001,AAPL,76.4115386751357,75.97636540815579,76.55554365376523,76.27818052212949,84635720
2024-01-17 18:49:40.380001,AAPL,75.70041934881436,76.24479792044127,75.98918186462511,75.16106655167435,177603594
2024-01-18 18:49:40.380001,AAPL,76.80721446940693,76.62011289837778,77.78839731370991,76.62833262711266,158400419
2024-01-19 18:49:40.380001,AAPL,78.8057060693482,79.3600603683895,79.79625696117587,77.60069119688586,162820740
2024-01-22 18:49:40.380001,AAPL,76.93953667033641,76.54206640527454,77.58745206870958,76.16512143083166,120236493
2024-01-23 18:49:40.380001,AAPL,77.27992199424547,77.46332365093004,77.41929166042897,76.86233054015527,154736341
2024-01-24 18:49:40.380001,AAPL,79.37017375245448,80.04747196793559,80.05811301343778,78.10457149506624,131607718
2024-01-25 18:49:40.380001,AAPL,77.03072884800139,76.65773682932513,77.57417273953416,75.81570743723248,107684610
2024-01-26 18:49:40.380001,AAPL,76.22777362429105,76.52190091375674,77.32615356848008,76.19429856401567,139174053
2024-01-29 18:49:40.380001,AAPL,75.71432614869033,76.4522570815665,76.5911383379294,74.85816423772566,98650998
2024-01-30 18:49:40.380001,AAPL,78.03935218671663,77.49401052038692,78.80658166751954,76.76234034625641,192926972
2024-01-31 18:49:40.380001,AAPL,73.16669682892586,72.56439193269019,73.87931423646845,72.18840523960094,157543789
2024-02-01 18:49:40.380001,AAPL,72.04502727050509,72.29602521830664,73.43736498238671,71.17670623386432,157506951
2024-02-02 18:49:40.380001,AAPL,71.5380605602095,71.30876097069842,72.62013699688066,70.99878556666688,117251595
2024-02-05 18:49:40.380001,AAPL,74.599136981779,73.95944114248651,75.34062190793719,74.48427618187328,192588257
2024-02-06 18:49:40.380001,AAPL,74.30430316086722,74.26760518376427,75.01646920706013,74.28437485958624,81179243
2024-02-07 18:49:40.380001,AAPL,74.89398703641827,75.27410499624783,74.93364954581567,74.37227366372068,135298972
2024-02-08 18:49:40.380001,AAPL,72.27701817629007,71.9664039328727,73.63945335941582,71.84324383663166,60412125
2024-02-09 18:49:40.380001,AAPL,70.82255211151502,70.58890408923803,71.27464641647764,69.86195633212157,94193165
2024-02-12 18:49:40.380001,AAPL,71.22235854064503,71.71478907384832,71.5869302417305,71.01888850605705,136182145
2024-02-13 18:49:40.380001,AAPL,69.24448496513241,69.27228234966866,70.62855609129292,68.16122193680164,123429319
2024-02-14 18:49:40.380001,AAPL,71.02609554168498,71.51295381291776,72.04700996714703,69.75668967408622,191174159
2024-02-15 18:49:40.380001,AAPL,73.56086255326615,73.48198984926961,73.63054495361962,73.52151630453515,142057072
2024-02-16 18:49:40.380001,AAPL,72.5476995348195,73.20494565317146,72.63749251467591,72.35057100577096,111721084
2024-02-19 18:49:40.380001,AAPL,68.48370805147673,68.69024750463616,68.51863688469885,67.52992878534641,114009469
2024-02-20 18:49:40.380001,AAPL,67.57224773849705,67.05315619791133,68.38259967502842,67.13325884198869,141739013
2024-02-21 18:49:40.380001,AAPL,65.215937775305,65.71822178246309,65.30928069496422,64.52075982253858,168669968
2024-02-22 18:49:40.380001,AAPL,64.99024452094568,64.97629136348984,66.20346727183279,64.11044325310694,91479630
2024-02-23 18:49:40.380001,AAPL,64.27893176773766,63.81823048121995,65.48339879891495,63.36202393090706,137691981
2024-02-26 18:49:40.380001,AAPL,61.542917418469855,61.11542817023751,62.21503262518779,60.47948958665797,136208466
2024-02-27 18:49:40.380001,AAPL,59.7782240047166,60.00243291634628,60.515455608136925,59.2394047120648,51415359
2024-02-28 18:49:40.380001,AAPL,61.62490519496355,61.06704266773497,61.98466449138223,60.9428366648418,186915770
2024-02-29 18:49:40.380001,AAPL,59.398511790676785,59.14499153525737,59.47450926696713,58.81900377736746,135475983
2024-03-01 18:49:40.380001,AAPL,55.477260583715676,55.07758862953585,56.295506289477466,54.60666388601788,86311618
2024-03-04 18:49:40.380001,AAPL,58.12357440371673,58.055078595642776,58.24189771352292,58.05221105881862,145040567
2024-03-05 18:49:40.380001,AAPL,57.30092597676214,57.20277381333934,57.39897661785697,56.886744794633856,151672029
2024-03-06 18:49:40.380001,AAPL,56.15479601756959,56.179365352120485,56.50432942183593,56.04203792547085,187289187
2024-03-07 18:49:40.380001,AAPL,52.68153350781783,52.44935158557201,52.69466770934676,51.74303428955733,55111150
2024-03-08 18:49:40.380001,AAPL,54.532233804775736,54.021859636886276,55.00561243833619,54.12089821859221,112058251
2024-03-11 18:49:40.380001,AAPL,55.52955781953853,55.656594017870475,56.31550197982004,55.36237144662559,77023330
2024-03-12 18:49:40.380001,AAPL,59.26643024504518,59.11674458157761,60.21629205596638,58.473351506414474,136170148
2024-03-13 18:49:40.380001,AAPL,61.413142045231886,61.59902120071264,62.15539025097537,60.42456630763335,125241190
2024-03-14 18:49:40.380001,AAPL,60.229501257874944,59.758105394391094,61.24963747550917,59.344153254145105,121249617
2024-03-15 18:49:40.380001,AAPL,60.05330583533613,59.469320291604284,60.54154185864742,59.18005116993508,197303937
2024-03-18 18:49:40.380001,AAPL,59.84153516133491,59.540285989025264,60.85737165277703,59.1799259097799,129748464
2024-03-19 18:49:40.380001,AAPL,62.10973956815862,62.05576287911105,62.73887807642417,61.27245506634191,111651938
2024-03-20 18:49:40.380001,AAPL,64.08558321550815,63.94981402922253,64.37145122232614,63.15156669441275,60095610
2024-03-21 18:49:40.380001,AAPL,64.28353362352684,64.6824805184346,65.49739399197892,63.83163619385225,93441250
2024-03-22 18:49:40.380001,AAPL,63.96867304279781,63.812381766862465,64.3204634812934,62.757147790825115,184592550
2024-03-25 18:49:40.380001,AAPL,64.76409784474095,64.80352775542741,64.79803615445326,63.90968294845107,117750575
2024-03-26 18:49:40.380001,AAPL,67.27518887651178,67.40101445940073,67.6017077180163,66.85774897471336,186561850
2024-03-27 18:49:40.380001,AAPL,68.72920564188769,68.07192266958629,69.23324853796737,67.59634180065811,129894122
2024-03-28 18:49:40.380001,AAPL,68.05383225368179,68.07442993946823,68.53204610186081,66.99345536211219,132208941
2024-03-29 18:49:40.380001,AAPL,68.07455065425026,67.86328980841006,68.78888075321538,66.98626544829104,114481244
2024-04-01 18:49:40.380001,AAPL,69.475491417911,69.36610938163977,70.70260490018727,68.08726842395818,133483327
2024-04-02 18:49:40.380001,AAPL,69.49418282801585,68.9386288158632,69.90049895206344,68.76278122673156,60002798
2024-04-03 18:49:40.380001,AAPL,70.75971567319019,71.15996172942677,71.49670727619308,69.39965561696751,58633405
2024-04-04 18:49:40.380001,AAPL,66.77275539307931,67.36356640956123,67.22699569616529,65.8017991509913,121366155
2024-04-05 18:49:40.380001,AAPL,65.54510411115365,64.9188453133741,66.6223681258008,65.53829190963083,139692576
2024-04-08 18:49:40.380001,AAPL,63.99196294779979,64.12170378943459,64.19366755177725,63.88752321545755,132630059
2024-04-09 18:49:40.380001,AAPL,59.72226190346248,60.03740919322788,59.845899250536704,58.78471294026946,114372768
2024-04-10 18:49:40.380001,AAPL,58.16153083283143,57.91121243147681,58.746630311430366,57.3589045362151,94103796
2024-04-11 18:49:40.380001,AAPL,56.96795390965165,57.29558297575066,57.73347513001877,56.356920856866,156356544
2024-04-12 18:49:40.380001,AAPL,56.77681624195036,56.9271102098714,57.680164005113774,56.60014217252906,140706719
2024-04-15 18:49:40.380001,AAPL,57.98638532494958,58.48409712018838,58.670189603304266,57.757508355193124,57068737
2024-04-16 18:49:40.380001,AAPL,58.136559251993006,58.695838546308245,59.03633850201426,57.120612922092995,117857415
2024-04-17 18:49:40.380001,AAPL,56.22722083934693,55.71256871702332,56.66884074311768,55.24262468014569,156633152
2024-04-18 18:49:40.380001,AAPL,57.32291786263146,57.259791298591836,57.36059927789188,56.65422568059239,167626066
2024-04-19 18:49:40.380001,AAPL,57.6904532278383,57.74466816306952,57.82440966168387,57.540568110846955,93034073
2024-04-22 18:49:40.380001,AAPL,56.428012937962855,56.02934138982322,56.471713726825676,56.294938754030476,188745771
2024-04-23 18:49:40.380001,AAPL,55.4807832295325,55.29912342245925,55.84578425686884,54.49030239359611,147755799
2024-04-24 18:49:40.380001,AAPL,56.39305337725136,56.94305194826358,56.95189877037398,55.91291986199938,115650786
2024-04-25 18:49:40.380001,AAPL,55.630414515980775,55.09216851110327,56.02685630228331,54.691011740579704,144068896
2024-04-26 18:49:40.380001,AAPL,55.98360030384543,55.93042476426259,56.61128784269868,55.632168078727496,180728798
2024-04-29 18:49:40.380001,AAPL,55.27067202617744,55.649447050482244,55.801943838559936,55.17829621525715,84026222
2024-04-30 18:49:40.380001,AAPL,56.128599525544516,55.930916015508856,56.88963912608545,55.51653880491118,72555182
2024-05-01 18:49:40.380001,AAPL,54.75267213977647,54.73055042066888,55.48303135320094,53.74859877544448,116067851
2024-05-02 18:49:40.380001,AAPL,55.83406667245254,56.36789143330871,56.1892429683682,55.36422768688097,62588718
2024-05-03 18:49:40.380001,AAPL,55.55476032257549,55.52684609601275,55.93943754433142,54.89756603006746,175344988
2024-05-06 18:49:40.380001,AAPL,54.33127188207675,53.930221591363775,54.967108389852726,54.125789656073074,195566298
2024-05-07 18:49:40.380001,AAPL,52.02916973986816,51.562698567851676,52.649807462073376,51.34274314274381,140838746
2024-05-08 18:49:40.380001,AAPL,53.24937587394056,53.7237389636673,53.58452735371576,53.11614295404221,196977448
2024-05-09 18:49:40.380001,AAPL,52.32518235550195,52.08010105237547,52.67086122767161,51.56510718319722,60310745
2024-05-10 18:49:40.380001,AAPL,51.13731277379773,51.141469119019234,51.84714471216563,50.275667090598354,144881620
2024-05-13 18:49:40.380001,AAPL,51.580866288397004,51.158627138889194,52.24874651016564,50.865419429878806,116436324
2024-05-14 18:49:40.380001,AAPL,53.00839109512702,52.927452710567735,53.15156761257055,51.9852398721912,91604883
2024-05-15 18:49:40.380001,AAPL,49.561362486135266,49.98769479707212,49.99853521553844,48.84891390265292,96765718
2024-05-16 18:49:40.380001,AAPL,47.136703349695935,47.138978160995265,47.97828778190897,46.816284664386025,131776920
2024-05-17 18:49:40.380001,AAPL,45.26617362941591,45.692703341104014,45.29904201018148,44.48966227706465,146246851
2024-05-20 18:49:40.380001,AAPL,46.497406114566424,46.273135768251755,47.29266422085066,45.671021639607005,142184591
2024-05-21 18:49:40.380001,AAPL,47.58510860200946,47.58943431650814,47.74040560851693,46.75939779920221,188981287
2024-05-22 18:49:40.380001,AAPL,49.60203703024514,49.95870622322193,50.10524833926329,48.68693071000973,51559715
2024-05-23 18:49:40.380001,AAPL,48.858409325000615,48.80784317214425,49.2730573837172,48.73590703773986,181753817
2024-05-24 18:49:40.380001,AAPL,47.60207983550518,47.39214264254421,47.61172338600136,47.548875100830536,141154326
2024-05-27 18:49:40.380001,AAPL,48.74487319097539,49.0914252212218,49.637291343332215,47.81536807588879,101332922
2024-05-28 18:49:40.380001,AAPL,48.22353522848538,48.117336846948405,48.66229728301903,47.992131490584526,160227448
2024-05-29 18:49:40.380001,AAPL,48.40267076486562,48.432412551705646,49.326453429293615,48.14821961557027,142668058
2024-05-30 18:49:40.380001,AAPL,48.39203747547028,48.85323978859103,48.66955990751126,48.38904629066845,165309504
2024-05-31 18:49:40.380001,AAPL,48.63552045256793,48.330559489965474,49.47815591447866,48.001187457176236,62193298
2024-06-03 18:49:40.380001,AAPL,48.84426915378225,48.65026033870607,49.745338046119954,48.14629333142563,58846365
2024-06-04 18:49:40.380001,AAPL,50.50308630382659,50.029437654663376,51.065521415441424,49.95066548674965,146302161
2024-06-05 18:49:40.380001,AAPL,51.73515081554394,51.62323496773678,51.944862133989886,51.586748718726355,95548762
2024-06-06 18:49:40.380001,AAPL,49.65002755122848,49.352309532592955,50.33047862889763,49.380520888717044,85740638
2024-06-07 18:49:40.380001,AAPL,46.13115198154408,46.297256360889854,46.637651793976175,45.6436599387182,113191034
2024-06-10 18:49:40.380001,AAPL,47.95917532647854,47.65350412584184,48.86515260339226,47.23457246553875,158782186
2024-06-11 18:49:40.380001,AAPL,49.39761680930744,49.570323476441956,49.83159666899442,49.12792137315149,76965756
2024-06-12 18:49:40.380001,AAPL,48.18634185622564,47.9583967787323,48.44511566459033,48.04614549487735,195979238
2024-06-13 18:49:40.380001,AAPL,45.63206012683186,45.49992595685838,45.75826654217063,45.084430896772666,113110080
2024-06-14 18:49:40.380001,AAPL,46.09374017710577,45.95440862040356,46.73779286098673,45.78821745008099,72586962
2024-06-17 18:49:40.380001,AAPL,47.552215968814004,47.75835648952197,48.47863738839528,46.981791018723825,60669430
2024-06-18 18:49:40.380001,AAPL,50.938370757860596,50.90425148643634,50.96724646774143,50.407076865848474,178589492
2024-06-19 18:49:40.380001,AAPL,52.8010453646951,52.65457410201885,53.58297114004945,52.29934079308917,66982592
2024-06-20 18:49:40.380001,AAPL,52.65316059896793,53.02449461209651,53.6292768638462,52.41698570431817,112844441
2024-06-21 18:49:40.380001,AAPL,52.85457668632907,52.930635083540714,52.93362761303989,52.830798452592255,150304214
2024-06-24 18:49:40.380001,AAPL,52.322014723307326,52.02255576365834,52.43730109774953,51.740577086923125,126964432
2024-06-25 18:49:40.380001,AAPL,52.41585659808451,52.83527913931099,53.141247078971844,51.72639415169976,89385869
2024-06-26 18:49:40.380001,AAPL,50.17377823139696,50.01588164836528,50.82399364588221,49.545192112928824,66189218
2024-06-27 18:49:40.380001,AAPL,53.076003118345284,52.58662047843627,53.14906480054433,52.156608989251765,156710877
2024-06-28 18:49:40.380001,AAPL,55.56128448177494,55.55528411193707,56.488516479981655,54.78002474585044,123543340
2024-07-01 18:49:40.380001,AAPL,58.08234987689072,57.64549864694373,58.69038361817943,57.021124257421526,57216279
2024-07-02 18:49:40.380001,AAPL,57.504774429369874,57.20398586617313,58.54813803570265,56.84679820245736,77179734
2024-07-03 18:49:40.380001,AAPL,59.48412237198661,59.77810583979433,60.52865271211578,58.493541930297674,134405457
2024-07-04 18:49:40.380001,AAPL,60.78403889583189,60.335150973072906,61.77178897257411,59.98947814033699,75257757
2024-07-05 18:49:40.380001,AAPL,62.67112436987263,63.055855163054744,63.31776364764892,62.41239007906087,108717299
2024-07-08 18:49:40.380001,AAPL,65.51326802225627,66.08573250762026,65.84307575699597,64.52523314355373,68678333
2024-07-09 18:49:40.380001,AAPL,65.79898416633941,65.9391782460984,66.4648376497475,65.28824537303572,169545708
2024-07-10 18:49:40.380001,AAPL,65.828486271186,66.10543881486784,65.96121147917808,65.69838471945938,144561426
2024-07-11 18:49:40.380001,AAPL,66.59241353344265,66.87687849048586,67.46989663692382,66.0156289201108,57867624
2024-07-12 18:49:40.380001,AAPL,66.00512424043669,66.65568124936291,66.18198790044866,64.94084786528639,106333946
2024-07-15 18:49:40.380001,AAPL,62.79775911989711,62.598738279097454,63.43976945125161,61.97481482552632,90142440
2024-07-16 18:49:40.380001,AAPL,62.39023846553641,61.96954926223519,62.4580965522663,61.87909920860415,143407102
2024-07-17 18:49:40.380001,AAPL,62.0564422778568,62.080231285998536,62.42817586914131,61.4440831313362,173224334
2024-07-18 18:49:40.380001,AAPL,59.94054893317003,59.98040917023474,60.218769537354234,58.91990504588254,84132330
2024-07-19 18:49:40.380001,AAPL,63.191917473563606,62.7848509243865,63.97553711512445,62.49275747891586,165460174
2024-07-22 18:49:40.380001,AAPL,63.5401677611357,63.68390759030074,64.54001895461856,62.959495383914636,137061025
2024-07-23 18:49:40.380001,AAPL,66.3398193068139,65.69516175907793,66.4158486598132,65.36771900011593,173608772
2024-07-24 18:49:40.380001,AAPL,67.25758864701365,67.83286755680547,68.4013492536026,66.7362690448621,62189704
2024-07-25 18:49:40.380001,AAPL,70.25206779030552,69.92128491442386,71.46148199945863,68.9456042758036,198638377
2024-07-26 18:49:40.380001,AAPL,71.95156664012444,71.28897935312888,72.44410256227421,70.99692337546443,115190642
2024-07-29 18:49:40.380001,AAPL,72.10439150102953,71.53945278817665,73.05473324449942,71.82214150352497,92012290
2024-07-30 18:49:40.380001,AAPL,70.02990220673901,69.66609539173753,70.59380123148603,68.99245794763007,77409152
2024-07-31 18:49:40.380001,AAPL,70.41388532202532,70.0954824197095,70.63102890394937,69.85786468189805,197736664
2024-08-01 18:49:40.380001,AAPL,71.53877528244938,70.87033127324659,72.29517252168662,70.69466024776537,182507177
2024-08-02 18:49:40.380001,AAPL,69.7270150421408,69.41931643555793,69.84744708860096,68.77379116350652,69678767
2024-08-05 18:49:40.380001,AAPL,70.02446523271075,69.59443341876418,71.25475609077938,69.90700855862934,116735122
2024-08-06 18:49:40.380001,AAPL,69.36263628661354,69.19425283735022,70.64485977472094,68.45157431492783,160030546
2024-08-07 18:49:40.380001,AAPL,72.45327384883862,72.28687438139802,73.64384508111243,71.34716724993905,138616062
2024-08-08 18:49:40.380001,AAPL,75.090313876348,74.84853469055216,75.93512213938477,74.95410202281313,78355198
2024-08-09 18:49:40.380001,AAPL,74.85776947315536,74.60014478798547,75.69258120901587,74.47740869642115,104057279
2024-08-12 18:49:40.380001,AAPL,76.0476866353557,75.42368689082328,77.54522890004785,75.56371872215651,105220593
2024-08-13 18:49:40.380001,AAPL,76.18925532015173,75.46576968998873,76.56700422296863,74.74095082071673,93311155
2024-08-14 18:49:40.380001,AAPL,76.0366858378956,75.58368101040351,76.15218307866033,74.71547992870407,194105239
2024-08-15 18:49:40.380001,AAPL,75.07262786345439,75.4579748025707,75.91635550022953,74.52961247725437,80437967
2024-08-16 18:49:40.380001,AAPL,73.42213087737909,74.1428568542229,73.9049336612393,72.26122836250055,186780737
2024-08-19 18:49:40.380001,AAPL,73.357527670329,73.98624008521358,73.83044717923872,72.22142201240956,169222016
2024-08-20 18:49:40.380001,AAPL,73.52836515332754,73.5345699996214,73.5387846435005,73.20357347548513,169919867
2024-08-21 18:49:40.380001,AAPL,73.56793683860995,73.61476114684659,74.44521890305622,72.51727627337013,73821591
2024-08-22 18:49:40.380001,AAPL,74.75874316386833,74.4815101867024,75.15351971856889,73.37060383529835,69989171
2024-08-23 18:49:40.380001,AAPL,71.1676841153634,71.5575968240775,71.43507327168635,69.79618597941325,167437959
2024-08-26 18:49:40.380001,AAPL,72.05658569456499,72.43813495400954,72.11485343314932,71.25413183299138,162008731
2024-08-27 18:49:40.380001,AAPL,75.0340117363754,75.55065445876242,75.58080195248651,74.45944416046474,161284032
2024-08-28 18:49:40.380001,AAPL,77.90620813085073,78.52245336900681,79.27575076910429,77.7019150449226,112779616
2024-08-29 18:49:40.380001,AAPL,79.73617468433173,79.63147988809843,80.27307153084571,78.31815356260738,128516560
2024-08-30 18:49:40.380001,AAPL,77.88218086314474,78.29787788841033,78.93993647218537,76.63088341843886,52309498
2024-09-02 18:49:40.380001,AAPL,76.77843464448019,77.2489309399603,77.94016447618085,76.05641118317388,93654232
2024-09-03 18:49:40.380001,AAPL,75.73788111196062,75.44774386517251,76.23487431354432,74.77465940674847,129255098
2024-09-04 18:49:40.380001,AAPL,77.03230914119318,77.693619565928,78.29816680324208,76.23508244070024,68858568
2024-09-05 18:49:40.380001,AAPL,78.34343220916287,77.70781862940245,79.4275167534432,78.22454550078983,56782101
2024-09-06 18:49:40.380001,AAPL,80.82786393921305,81.62687837846818,81.7319110346231,80.09215522963254,81490146
2024-09-09 18:49:40.380001,AAPL,83.64593418233983,84.09777399102738,83.64759449399298,82.66747852415284,198931588
2024-09-10 18:49:40.380001,AAPL,84.12609752321356,83.44176689352928,84.18513850713728,84.10832993443692,154406144
2024-09-11 18:49:40.380001,AAPL,81.4930861726502,81.74771889616507,83.10806048503561,79.96951697333579,192238197
2024-09-12 18:49:40.380001,AAPL,80.45547315648089,79.70591683848494,81.71425362064463,80.3462362638357,88571305
2024-09-13 18:49:40.380001,AAPL,80.95687964193898,81.39434948887849,82.47492679815787,80.15000159648118,139827451
2024-09-16 18:49:40.380001,AAPL,80.90767921899095,81.39186786220216,82.36774438422646,80.10468075822307,183783230
2024-09-17 18:49:40.380001,AAPL,79.52549993659369,79.6883844681083,79.55801470568615,79.4013834298862,102804581
2024-09-18 18:49:40.380001,AAPL,80.24890330869046,80.82165641040274,81.5198008405643,79.45816910220753,148575463
2024-09-19 18:49:40.380001,AAPL,78.5129390388436,77.88151172870379,79.22135460478722,77.63109284152654,153925171
2024-09-20 18:49:40.380001,AAPL,77.67024219854164,77.32216120934947,78.89674573723316,76.54012245349246,174842522
2024-09-23 18:49:40.380001,AAPL,78.47367808190789,78.33898197105333,78.48421832759799,77.9382000177536,195421873
2024-09-24 18:49:40.380001,AAPL,77.69981308429435,76.98879445342511,78.1476737209805,77.03104316447873,142278430
2024-09-25 18:49:40.380001,AAPL,79.51268295931668,79.43033340308975,80.70747834300249,78.26329291556645,137380056
2024-09-26 18:49:40.380001,AAPL,82.39091384122138,82.00402828305123,83.69766799058081,81.91207913165029,180327438
2024-09-27 18:49:40.380001,AAPL,79.95085885771387,79.77934029955732,80.94179314998937,79.3817476290202,152678484
2024-09-30 18:49:40.380001,AAPL,80.35876589964438,80.23839269839979,80.84293741171501,79.3901757933505,104252701
2024-10-01 18:49:40.380001,AAPL,81.80765103457875,82.42842668841047,82.31545172582405,80.1786985955535,144520830
2024-10-02 18:49:40.380001,AAPL,79.98144184973629,79.61407264351607,81.5279053645454,79.09617709862167,132371086
2024-10-03 18:49:40.380001,AAPL,75.68543770212139,76.28145012290327,76.35027702271026,74.18089917301204,84313501
2024-10-04 18:49:40.380001,AAPL,71.3517403262124,71.24609831630693,71.98980404929665,70.0317309743546,127383560
2024-10-07 18:49:40.380001,AAPL,69.20182496742595,68.96350456796041,69.96627365354463,68.41376829009181,143534981
2024-10-08 18:49:40.380001,AAPL,69.111786355979,69.11525860031833,69.67781511633191,67.84278321954189,185568606
2024-10-09 18:49:40.380001,AAPL,68.0988006699714,67.98676899905651,68.85152608424102,67.11227436511344,137070840
2024-10-10 18:49:40.380001,AAPL,69.26570191602117,68.92958637521126,69.86462224644427,68.78844927256335,74737311
2024-10-11 18:49:40.380001,AAPL,63.724781231182256,63.72819601891178,64.77842577902634,62.84361451040604,198146769
2024-10-14 18:49:40.380001,AAPL,62.46340681842342,62.028413818420084,63.59905529179068,62.46046928198376,136709114
2024-10-15 18:49:40.380001,AAPL,65.80191278524617,65.60704692574,67.02860554569826,65.6917630599536,93065741
2024-10-16 18:49:40.380001,AAPL,63.93032237231455,64.01444217098518,64.65183513935747,63.40009694262548,163164679
2024-10-17 18:49:40.380001,AAPL,64.0055332988861,63.89468626894383,64.57153238324307,63.9632219785116,107705407
2024-10-18 18:49:40.380001,AAPL,63.830094396258836,64.24360152789858,64.73040518675296,63.66160502515792,105507464
2024-10-21 18:49:40.380001,AAPL,62.901918706925855,62.59586534734427,63.95656195472172,62.045066906944605,175915664
2024-10-22 18:49:40.380001,AAPL,63.36180057964035,63.95711204155782,64.07523195067412,63.04447992511491,180137228
2024-10-23 18:49:40.380001,AAPL,67.45001389605241,67.83410398131112,68.3942884890301,66.28559973278112,128588851
2024-10-24 18:49:40.380001,AAPL,71.12575995373714,71.79091814019989,72.19226135033057,70.67702956038943,105952215
2024-10-25 18:49:40.380001,AAPL,70.68519004866377,71.16321498147538,71.64141050176367,69.96573049239478,75996313
2024-10-28 18:49:40.380001,AAPL,73.58675038151323,73.06002220009566,74.68486125584771,72.1397786977176,162079496
2024-10-29 18:49:40.380001,AAPL,72.18312741454088,72.22132685641503,72.48434086702765,71.13536019045948,137607253
2024-10-30 18:49:40.380001,AAPL,75.03537494518207,74.54010923714131,75.78328936516039,74.96841670425617,178108531
2024-10-31 18:49:40.380001,AAPL,73.82965733752243,74.29954966552037,74.6982906537011,72.81941879718165,113085201
2024-11-01 18:49:40.380001,AAPL,76.28832088369208,76.41673266455521,76.29210162737905,75.03941158025447,174803966
2024-11-04 18:49:40.380001,AAPL,78.12168164942425,77.75208690226899,79.45906626177194,76.85225345580317,52278515
2024-11-05 18:49:40.380001,AAPL,87.67085100822469,88.42411715758723,88.74047836404948,86.75769468257198,163740130
2024-11-06 18:49:40.380001,AAPL,89.82743207029594,89.13609509718363,90.05943177156449,89.5447437773984,60475788
2024-11-07 18:49:40.380001,AAPL,87.08721889587328,87.19845087807974,88.50910423740538,86.66571983082834,146360408
2024-11-08 18:49:40.380001,AAPL,90.30090610965324,90.70010935712097,91.59592398568965,89.28385062978981,194520258
2024-11-11 18:49:40.380001,AAPL,87.89127435322159,87.11580706848879,89.2242326175513,86.50035430169817,165399493
2024-11-12 18:49:40.380001,AAPL,87.46616239734011,87.63734423117957,88.15197139005735,85.79742155005641,65692516
2024-11-13 18:49:40.380001,AAPL,91.18401977243997,91.76012262597847,92.74181213764284,90.20402922097205,183805927
2024-11-14 18:49:40.380001,AAPL,90.28463800202456,89.50372520475398,91.03224460953804,89.95017918986284,87791288
2024-11-15 18:49:40.380001,AAPL,90.75750606157693,90.77972889206535,91.79306581970981,90.2668382994786,131846131
2024-11-18 18:49:40.380001,AAPL,88.95157117577602,88.52203680872037,88.95271385424154,87.89945335754194,62791133
2024-11-19 18:49:40.380001,AAPL,91.52855140364956,91.82679618439772,92.70903744416204,90.78662585710653,65834819
2024-11-20 18:49:40.380001,AAPL,93.44143554550585,92.72880886098297,94.78358308531516,92.38787685797469,86197177
2024-11-21 18:49:40.380001,AAPL,87.10232498549945,87.86368890049225,88.09025587060195,86.36895147312514,130162842
2024-11-22 18:49:40.380001,AAPL,88.60126005133755,89.3007290457016,89.48117478893086,87.74626718503967,131434311
2024-11-25 18:49:40.380001,AAPL,86.49944666527291,85.95618588688306,87.90062780147463,85.94752241413462,178340819
2024-11-26 18:49:40.380001,AAPL,83.93015659003869,83.63349015003791,85.07391096699587,83.10379511303556,74770991
2024-11-27 18:49:40.380001,AAPL,84.87891938844712,85.0276866274308,85.35097186847543,84.7781019024652,162421644
2024-11-28 18:49:40.380001,AAPL,85.06270790202214,85.43368735893317,86.69433540629645,84.08963846765603,50882020
2024-11-29 18:49:40.380001,AAPL,83.49501840964335,83.39925966824582,84.67608415764089,81.85169668175676,93664724
2024-12-02 18:49:40.380001,AAPL,84.53176040215953,83.95067440975679,86.20200473877536,83.24074661532842,68583591
2024-12-03 18:49:40.380001,AAPL,80.2579122494511,79.62251275596219,81.81694035929895,79.45630723025002,137678701
2024-12-04 18:49:40.380001,AAPL,79.31849100100287,80.11130364857594,80.77622165259179,78.58966805237134,185102254
2024-12-05 18:49:40.380001,AAPL,78.62922392410974,78.5590113632946,79.81710948532783,77.92531119144934,150046499
2024-12-06 18:49:40.380001,AAPL,77.4181497479199,77.99496412274856,78.36176763014147,76.97617277989278,178113311
2024-12-09 18:49:40.380001,AAPL,78.88256833053417,78.85476381015215,79.15419361338381,77.73821598146111,138716491
2024-12-10 18:49:40.380001,AAPL,76.6555216527265,77.30304255486165,77.48853937959383,76.1417819869868,58057304
2024-12-11 18:49:40.380001,AAPL,79.1118650682758,78.45960258655901,80.32287235159752,78.64357389080466,101898242
2024-12-12 18:49:40.380001,AAPL,80.34094998356001,79.72074868668791,81.17787316228288,79.39498471139902,173551173
2024-12-13 18:49:40.380001,AAPL,76.75233695420235,77.41184244297396,78.08512459700663,75.83463857932323,56631391
2024-12-16 18:49:40.380001,AAPL,71.63691687218045,72.2780573135555,71.79402508287924,70.46053093466571,64581895
2024-12-17 18:49:40.380001,AAPL,70.36155596762812,70.1008205938283,70.89762708001915,69.53690076716124,175070368
2024-12-18 18:49:40.380001,AAPL,70.83437152611502,70.62918544202095,71.55116495822818,70.53235684618421,59492544
2024-12-19 18:49:40.380001,AAPL,70.17748689873132,70.11074843829289,70.78427695446821,70.04972598452224,193916639
2024-12-20 18:49:40.380001,AAPL,69.81407929257105,69.69701739026029,69.96569668976547,69.2466488748754,163790134
2024-12-23 18:49:40.380001,AAPL,70.378167674216,69.94188667896358,70.5942684746362,69.39198704515721,149767304
2024-12-24 18:49:40.380001,AAPL,72.16834443086911,72.74334626928744,73.37733349671005,71.70977193060926,130446593
2024-12-25 18:49:40.380001,AAPL,71.02280272033497,70.67238700818118,71.71084927397698,70.65369182921667,63400986
2024-12-26 18:49:40.380001,AAPL,66.91603785425555,67.19075818071637,66.98124408931427,66.02232435478152,112182203
2024-12-27 18:49:40.380001,AAPL,65.721525412316,65.15258162980965,65.74320202623561,65.49353462973728,171163548
2024-12-30 18:49:40.380001,AAPL,67.1969468144829,66.5770567696122,67.83326884259847,65.95205057644623,185579329
2024-12-31 18:49:40.380001,AAPL,69.43592993288861,69.64941829933663,69.66420572680356,68.06214522186671,117047230
2025-01-01 18:49:40.380001,AAPL,69.4859370895214,69.2622144096599,70.46586383199921,68.26711313515018,175895535
2025-01-02 18:49:40.380001,AAPL,63.83029632356321,64.02875670563519,64.84561096928779,62.75285157850753,166489252
2025-01-03 18:49:40.380001,AAPL,61.91267469984113,61.409970034938056,62.19536389675612,61.762758151867075,58643520
2025-01-06 18:49:40.380001,AAPL,60.488473682460906,61.0326901495621,61.20487127337774,59.79283409901848,143026271
2025-01-07 18:49:40.380001,AAPL,60.20457566318459,60.503809823693814,60.390541147674384,59.33152706694966,142413086
2025-01-08 18:49:40.380001,AAPL,60.4313847205345,60.88615171886876,60.79830312079412,59.74134909428796,131431856
2025-01-09 18:49:40.380001,AAPL,60.3202151793099,59.88165169122889,61.3924618884984,59.59014862790956,165840110
2025-01-10 18:49:40.380001,AAPL,59.66850569936498,59.45389117431329,60.3178161008175,58.83489093046734,183424790
2025-01-13 18:49:40.380001,AAPL,61.27845732553136,61.11710399522459,62.364175177542656,60.22189365254154,132573586
2025-01-14 18:49:40.380001,AAPL,60.459254784518215,60.50420339684235,60.731621072169055,60.04319288947953,98058095
2025-01-15 18:49:40.380001,AAPL,60.201239578796056,59.95666419939661,60.598597069891014,59.16168987480526,197450824
2025-01-16 18:49:40.380001,AAPL,61.04738022384342,60.51093338103879,61.622388109115526,60.77318524731004,194544240
2025-01-17 18:49:40.380001,AAPL,58.80844248223129,58.65422131813974,59.373097712010164,57.869492791153846,152907125
2025-01-20 18:49:40.380001,AAPL,58.61831317959972,58.33055507669321,59.78792199926702,58.30338196264999,146095487
2025-01-21 18:49:40.380001,AAPL,58.14114400246965,58.00849067005659,58.274223637883836,57.91507507797284,65621451
2025-01-22 18:49:40.380001,AAPL,57.332921112860134,56.985437220120716,58.30983399640135,56.32996881523869,110242397
2025-01-23 18:49:40.380001,AAPL,58.84901414270169,58.56877087028832,59.8655508737564,57.77413191874366,79744701
2025-01-24 18:49:40.380001,AAPL,58.557357936256146,58.706037809046904,59.205234941792256,58.4983002298848,127234084
2025-01-27 18:49:40.380001,AAPL,60.84465810479286,60.708553270884266,61.263314582354255,60.191243435564544,173936843
2025-01-28 18:49:40.380001,AAPL,60.78522267304807,60.59725457554519,61.41644816038453,60.33569831755494,83679537
2025-01-29 18:49:40.380001,AAPL,57.620669362113624,57.65974266716581,57.95771306046873,56.49506161746083,199513500
2025-01-30 18:49:40.380001,AAPL,57.716333327047906,58.0301491989243,58.638764364213635,56.883729254159576,69429505
2025-01-31 18:49:40.380001,AAPL,56.473635235992326,56.336819899020405,57.036427945086416,55.91499538712674,64750890
2025-02-03 18:49:40.380001,AAPL,56.03823654272566,56.13632530324453,57.07588780314901,55.91071404135536,196170816
2025-02-04 18:49:40.380001,AAPL,56.191011113257304,56.714939051319156,56.89080423827409,55.37223999757088,65049397
2025-02-05 18:49:40.380001,AAPL,57.022703158778484,57.04777046923348,57.60926073199888,56.76631918607422,160277561
2025-02-06 18:49:40.380001,AAPL,55.83700538137516,56.29464277108085,56.63108504826678,55.4597850105236,164508058
2025-02-07 18:49:40.380001,AAPL,56.6938191164669,57.026807569247936,57.26521680311155,55.690645535325466,99516289
2025-02-10 18:49:40.380001,AAPL,57.84336673906206,57.33286279641392,58.88976058996451,57.025895558519686,59653142
2025-02-11 18:49:40.380001,AAPL,58.864543628283975,58.78107237681012,59.081690174517654,57.96728791472911,96272633
2025-02-12 18:49:40.380001,AAPL,60.64668986597367,60.88723696550807,61.82729738106551,59.97051273586809,60284017
2025-02-13 18:49:40.380001,AAPL,62.23309520438375,62.83888698007368,63.243997843132874,61.779209628979785,150836070
2025-02-14 18:49:40.380001,AAPL,59.67517940406713,59.62550135821914,60.70246775983417,58.99896384933053,183322472
2025-02-17 18:49:40.380001,AAPL,60.23853976102021,59.747939568763165,60.82033301424407,59.32837949062879,199562727
2025-02-18 18:49:40.380001,AAPL,59.538159311059665,59.6119975535157,60.53506809545822,59.176022944117655,170067471
2025-02-19 18:49:40.380001,AAPL,60.475452042691316,60.02377757308308,60.8464980702776,59.972866075008774,166195049
2025-02-20 18:49:40.380001,AAPL,60.73744235360655,61.04297544947203,61.6630180250461,60.153529476836155,182234479
2025-02-21 18:49:40.380001,AAPL,61.08261247734794,61.09199109856689,61.25419372929313,60.53826817621378,165481061
2025-02-24 18:49:40.380001,AAPL,63.64103867029939,63.92542675740053,64.03186072745058,62.65065764912839,147577010
2025-02-25 18:49:40.380001,AAPL,62.55444578811754,63.01655027563099,63.11209698264013,62.15463663082838,199438135
2025-02-26 18:49:40.380001,AAPL,63.23547895563484,63.39856074814819,63.643119790707736,62.460845015729326,98380463
2025-02-27 18:49:40.380001,AAPL,62.56299271894291,62.703683537690694,63.04725169868096,61.76652555575083,111914239
2025-02-28 18:49:40.380001,AAPL,60.79509780150082,61.10463032167301,61.79226476483282,59.76125796218698,185946978
2025-03-03 18:49:40.380001,AAPL,60.66618603936377,61.081694815928536,60.9776169878541,60.177019214038005,96653559
2025-03-04 18:49:40.380001,AAPL,61.59868519009206,62.05334975007384,62.51685199612511,61.10917819230075,94808528
2025-03-05 18:49:40.380001,AAPL,63.80901035187126,63.21741174302154,63.90308023549132,62.967115090723155,72812710
2025-03-06 18:49:40.380001,AAPL,65.99704691353588,66.07121478661287,67.0077773095799,65.81205726609639,91326625
2025-03-07 18:49:40.380001,AAPL,67.19664924874606,66.81533421533328,68.2610754096518,66.98895502126238,139046494
2025-03-10 18:49:40.380001,AAPL,68.54315842462898,69.0371433342194,69.0938324807939,67.32179378825867,182960062
2025-03-11 18:49:40.380001,AAPL,66.92547000414957,67.12410170074483,67.89251336181073,66.51727601956868,70439501
2025-03-12 18:49:40.380001,AAPL,66.49637682262883,66.39027850070416,67.71344458543469,65.69022097323881,152123388
2025-03-13 18:49:40.380001,AAPL,67.88987223152434,67.46638094947645,68.97707826089915,67.88948505702619,164950954
2025-03-14 18:49:40.380001,AAPL,69.38066764412409,69.15729467795184,69.92245643553727,68.30530008450611,184350812
2025-03-17 18:49:40.380001,AAPL,70.25038362573669,70.53669285005307,70.9307073284355,69.23951461415541,162507200
2025-03-18 18:49:40.380001,AAPL,72.74368078502287,72.3135612876176,73.87754751412884,71.93201595260663,73385193
2025-03-19 18:49:40.380001,AAPL,73.91845980745283,73.31762535305145,74.35102263604566,72.83735080965188,123336949
2025-03-20 18:49:40.380001,AAPL,76.25949937410597,76.85131695100976,77.48557328073476,75.78973074044062,192844519
2025-03-21 18:49:40.380001,AAPL,75.84321990570635,76.24399117859772,76.34085934190566,75.05582790172458,186261819
2025-03-24 18:49:40.380001,AAPL,74.33158595000938,73.88529157172111,75.52979711499916,73.17331971295232,141911323
2025-03-25 18:49:40.380001,AAPL,74.84566272881001,74.53477112534789,74.97559546296479,74.10674753062194,194478481
2025-03-26 18:49:40.380001,AAPL,70.22551835952937,70.8885458173512,70.28787482331553,70.06931962443065,150205256
2025-03-27 18:49:40.380001,AAPL,71.4605065131141,71.75804589055369,72.88639436920901,71.16379626850565,59733614
2025-03-28 18:49:40.380001,AAPL,66.19235431025241,66.33866854349242,67.34338258942687,65.5288804421646,187109087
2025-03-31 18:49:40.380001,AAPL,61.59404528891251,61.35706649329086,62.68160827114652,60.717552912403086,75221899
2025-04-01 18:49:40.380001,AAPL,61.87106121395362,61.62249440392127,63.04819521135313,60.85623531905798,107112946
2025-04-02 18:49:40.380001,AAPL,62.50188300453998,61.92627018632043,63.049794898340096,62.349857020911706,85715254
2025-04-03 18:49:40.380001,AAPL,59.48635039216138,59.75818144001705,59.82760639837405,59.14152817350684,157936249
2025-04-04 18:49:40.380001,AAPL,59.286566874718744,58.74489542332488,59.44074158596903,58.779267495930604,54497882
2025-04-07 18:49:40.380001,AAPL,61.3832996874735,60.77542987900809,61.99861709647531,61.235285702286454,146051093
2025-04-08 18:49:40.380001,AAPL,61.47141079804364,61.75355853448435,61.74194441211238,60.39159205498886,179657214
2025-04-09 18:49:40.380001,AAPL,65.15814938945789,65.74310505596449,66.377324639155,64.74438117874928,168162907
2025-04-10 18:49:40.380001,AAPL,64.3708053772844,64.70103153256309,64.37595911309435,63.362388191442975,96048632
2025-04-11 18:49:40.380001,AAPL,64.01456673449105,63.97825791629399,64.19790027697942,62.888649652693076,184541418
2025-04-14 18:49:40.380001,AAPL,67.08593308942898,67.0672097403442,67.41663434119127,66.36893005460428,104306133
2025-04-15 18:49:40.380001,AAPL,66.288187495276,66.20351947948491,66.55195709130666,65.47601524862176,152009128
2025-04-16 18:49:40.380001,AAPL,64.32182384446594,64.09623906138313,64.61227346097712,64.24614742969811,126000701
2025-04-17 18:49:40.380001,AAPL,64.72026756154325,64.74837455658317,65.56945909219664,63.84522306931729,60145933
2025-04-18 18:49:40.380001,AAPL,64.77672208303888,64.6875257767398,65.20102526055346,64.53692158456714,50440342
2025-04-21 18:49:40.380001,AAPL,62.144467134180864,62.26647894607739,62.90887438393914,61.83228688989309,77471051
2025-04-22 18:49:40.380001,AAPL,61.31333031308834,61.80153167308909,62.40502388807839,60.90611644420448,190198003
2025-04-23 18:49:40.380001,AAPL,59.922394759972946,60.515637754268575,60.644527647355424,59.82699887433306,193096727
2025-04-24 18:49:40.380001,AAPL,61.052288736887334,60.537915010918944,61.90034506710439,60.32933756453053,111515808
2025-04-25 18:49:40.380001,AAPL,61.794878705893446,61.6523592894999,62.246603345497306,61.04057480523543,195297570
2025-04-28 18:49:40.380001,AAPL,62.43112592753642,62.03244849353713,62.63057897528892,61.383465986372286,57418384
2025-04-29 18:49:40.380001,AAPL,63.18217716832069,62.99531016000061,63.587281148941685,62.26699859115894,195111997
2025-04-30 18:49:40.380001,AAPL,62.99510387709579,62.727340691631234,64.21000558953571,62.84363398431743,84637433
2025-05-01 18:49:40.380001,AAPL,63.84388855412043,63.42831225218196,64.63786568873462,63.17273878355121,55519910
2025-05-02 18:49:40.380001,AAPL,61.98393089360389,62.31130033052231,62.32795549458798,61.16742069039124,163680097
2025-05-05 18:49:40.380001,AAPL,60.297866736431,60.293391118624854,60.841651310206245,59.352531319652,107367225
2025-05-06 18:49:40.380001,AAPL,61.991208956826696,62.51099976665579,63.02709822261745,61.3526502218623,93849802
2025-05-07 18:49:40.380001,AAPL,60.73885857615076,60.171062546409885,61.55086856629547,60.39467013628914,163950905
2025-05-08 18:49:40.380001,AAPL,58.638426952506094,58.13059238959032,59.29594296544234,57.80188180130858,99959150
2025-05-09 18:49:40.380001,AAPL,59.78438179130173,59.668727210353794,60.84276009858502,59.49468643087251,162932870
2025-05-12 18:49:40.380001,AAPL,59.5006513907468,59.001175933958216,60.300863242103084,59.0600940196131,79286701
2025-05-13 18:49:40.380001,AAPL,57.35337058847176,57.08120544074183,58.09062491723756,57.10969052692125,62886335
2025-05-14 18:49:40.380001,AAPL,57.459994300811104,58.01853962615525,57.67807582246323,56.5991397316983,98738160
2025-05-15 18:49:40.380001,AAPL,58.75011784428965,58.40814469713511,58.8751247975752,58.316575044726456,141423333
2025-05-16 18:49:40.380001,AAPL,58.72344291482721,58.36889160324348,59.85697227514153,57.729531354711824,83746698
2025-05-19 18:49:40.380001,AAPL,59.74384560946789,59.83183714441006,60.45940764957215,58.98366131199122,71430442
2025-05-20 18:49:40.380001,AAPL,58.4959061171676,58.49356428129085,58.98222167068547,58.17342999688319,162372542
2025-05-21 18:49:40.380001,AAPL,58.94273354886778,59.037558611250816,59.6371034949007,58.508524104740054,123981399
2025-05-22 18:49:40.380001,AAPL,58.748338046589474,58.603506095689006,58.82096504627675,57.79410139361381,114718517
2025-05-23 18:49:40.380001,AAPL,57.89447630094781,58.27283101496741,58.84640886045589,57.73045276467992,85952855
2025-05-26 18:49:40.380001,AAPL,58.54823490370254,58.125025488244276,58.801919177843736,57.43974232256227,52654289
2025-05-27 18:49:40.380001,AAPL,60.46835531435684,60.38175573566925,61.44134678989246,59.97882248290779,57974175
2025-05-28 18:49:40.380001,AAPL,63.37208500421222,63.61259708401533,64.04937852683061,63.35157843151925,152224356
2025-05-29 18:49:40.380001,AAPL,64.63290131883409,65.10890510897015,64.99041435215885,64.02729715013112,62002913
2025-05-30 18:49:40.380001,AAPL,63.842894595513116,63.67635607176056,63.8814684063402,63.58838083574819,87039182
2025-06-02 18:49:40.380001,AAPL,64.12604014485667,64.21292528499913,65.17236339476042,63.60685132156313,186633942
2025-06-03 18:49:40.380001,AAPL,65.86587581026669,65.29829631279156,66.09832984553627,65.58013424804513,101596385
2025-06-04 18:49:40.380001,AAPL,66.33797709366998,65.90056979804882,66.40671002516302,65.88103332647545,161696894
2025-06-05 18:49:40.380001,AAPL,67.259104593487,66.67951696556632,68.27589778063711,66.84362091069099,101498384
2025-06-06 18:49:40.380001,AAPL,67.5742837541741,67.88226151533536,68.04736215487124,66.53068158640815,189773597
2025-06-09 18:49:40.380001,AAPL,67.45814661746631,67.17220498338527,67.98342162611365,67.10982096415107,173279313
2025-06-10 18:49:40.380001,AAPL,66.114079558527,66.40993383685877,66.4407724809632,65.10638183085017,120498489
2025-06-11 18:49:40.380001,AAPL,65.52185448905759,64.95364671172295,66.64775383428375,65.49648478755648,111993874
2025-06-12 18:49:40.380001,AAPL,66.09371637516247,66.57295900501502,66.48674864253141,65.07294808752492,191660983
2025-06-13 18:49:40.380001,AAPL,65.96559044470442,66.40825939731295,66.24289998411874,64.95853863673305,103761093
2025-06-16 18:49:40.380001,AAPL,65.9260966457308,65.38409017745181,66.33384919265286,65.73975405537838,175468657
2025-06-17 18:49:40.380001,AAPL,67.42838804696444,66.7861414252155,67.7023490146837,66.40750318583225,142446064
2025-06-18 18:49:40.380001,AAPL,67.02011716070456,66.4253656459153,67.44590296300605,66.1634697675587,146552950
2025-06-19 18:49:40.380001,AAPL,68.24733658368783,68.73002293274568,68.36054011002909,67.85783560433819,102733908
2025-06-20 18:49:40.380001,AAPL,68.37041313935256,68.00764449819356,68.58718841107039,67.22007899682954,174930929
2025-06-23 18:49:40.380001,AAPL,67.4353917330415,67.50049833504191,67.99787422434578,66.30122522038977,161940985
2025-06-24 18:49:40.380001,AAPL,69.25120061483513,69.14904706519343,70.46928332784617,68.53979469734546,172293771
2025-06-25 18:49:40.380001,AAPL,68.81459994875198,69.22132936599328,68.89344874508116,67.77370584280362,170197598
2025-06-26 18:49:40.380001,AAPL,67.0464919501738,67.0316053513522,67.33167381046964,66.0215628955914,73641216
2025-06-27 18:49:40.380001,AAPL,66.25200813022258,66.25288377063984,67.45560263184326,64.93920990955681,176276521
2025-06-30 18:49:40.380001,AAPL,65.41836323031119,66.05827511333564,66.5828292950012,64.59468008401511,86420139
2025-07-01 18:49:40.380001,AAPL,65.50641579105206,65.0480406164804,66.39658356696128,64.61323653836234,197247845
2025-07-02 18:49:40.380001,AAPL,65.74914345276595,66.18401346694597,66.06536205686203,64.47512994121924,129053307
2025-07-03 18:49:40.380001,AAPL,65.96699387839116,65.37559944263644,66.5208666926162,65.46727170610883,98286901
2025-07-04 18:49:40.380001,AAPL,66.6022320874563,66.57245925072948,66.88358788132231,66.10492012311907,83516692
2025-07-07 18:49:40.380001,AAPL,66.80735542277499,67.32355558066877,66.97916858742323,65.56580815995714,104707464
2025-07-08 18:49:40.380001,AAPL,67.04395739377178,67.26548935518815,67.5534893172016,66.12819266661147,55633373
2025-07-09 18:49:40.380001,AAPL,68.34636154429919,68.59953645106894,69.13346777640231,68.17249596236563,153605814
2025-07-10 18:49:40.380001,AAPL,67.8915773313304,67.57020207063694,68.38030527273823,67.3242305953734,156173795
2025-07-11 18:49:40.380001,AAPL,65.99802076985694,65.8905427176386,66.80428499722477,65.22185068229977,150166695
2025-07-14 18:49:40.380001,AAPL,66.7155313732015,66.53750906832333,67.11082721505466,66.00181119174113,132347191
2025-07-15 18:49:40.380001,AAPL,65.31618951731035,65.34420129288112,65.76798228962807,64.28194683874881,104411594
2025-07-16 18:49:40.380001,AAPL,65.10416596964285,65.05498358754397,66.13368886440773,64.85922000964543,158589091
2025-07-17 18:49:40.380001,AAPL,66.04968764817549,65.82102145237731,67.2099359208221,65.93608840129195,180707372
2025-07-18 18:49:40.380001,AAPL,66.9651165833488,66.70459631394309,67.39641757961958,66.84546872683258,63143436
2025-07-21 18:49:40.380001,AAPL,68.59984553779911,68.25801647482615,69.38396345169306,67.53508592065698,107432108
2025-07-22 18:49:40.380001,AAPL,68.83577059854737,68.64997906344571,69.2187209018109,67.88685610234424,199328926
2025-07-23 18:49:40.380001,AAPL,67.67803807827069,67.20421259855065,67.75022975651801,66.54189000210123,179295369
2025-07-24 18:49:40.380001,AAPL,67.91212834823334,68.41753625056526,68.91431738029762,66.97113943758788,77494090
2025-07-25 18:49:40.380001,AAPL,66.81767533431106,66.95414294168833,67.04619643878925,65.92606745370489,119749973
2025-07-28 18:49:40.380001,AAPL,67.38849560441349,66.8949239674306,67.96225813511874,66.8940065559114,69553192
2025-07-29 18:49:40.380001,AAPL,68.43244931864162,68.69777469990568,69.09904363947246,67.3233596601439,179908807
2025-07-30 18:49:40.380001,AAPL,68.30232701776572,68.77725559357191,68.55432378712744,68.19221946515627,127822641
2025-07-31 18:49:40.380001,AAPL,68.88785642365553,68.52624432485563,69.0181307320673,67.65214532503425,86535283
2025-08-01 18:49:40.380001,AAPL,70.63544440509945,70.14184475922215,71.12708548410043,69.23245214431813,63548603
2025-08-04 18:49:40.380001,AAPL,69.55892145397324,68.87532038167582,70.8837210668736,69.35712424589114,160634924
2025-08-05 18:49:40.380001,AAPL,70.44440958189938,69.80653593054618,71.31106685089034,70.02705436205432,171776584
2025-08-06 18:49:40.380001,AAPL,70.9722299655652,71.34448122557673,71.51362065439379,70.05719901504268,181883878
2025-08-07 18:49:40.380001,AAPL,70.16811089237457,70.85180978381358,70.22271686811455,69.60045046254064,195706678
2025-08-08 18:49:40.380001,AAPL,69.90335669802381,69.2670688348592,70.74257904413129,68.81781922443741,172199939
2025-08-11 18:49:40.380001,AAPL,68.3481492211796,68.68725303975226,68.4742620013685,67.21136865341433,167947476
2025-08-12 18:49:40.380001,AAPL,67.90209393986606,67.3206648311805,68.63889150944179,67.18389231774626,171766111
2025-08-13 18:49:40.380001,AAPL,68.7096029556413,68.83621115200755,69.74292737295418,67.82075880750631,199804969
2025-08-14 18:49:40.380001,AAPL,67.25286120657557,67.59729711512719,67.82260773933574,66.73532360641936,119453994
2025-08-15 18:49:40.380001,AAPL,67.49616963248256,67.30610635477207,67.90035221336359,66.4407309271593,163786532
2025-08-18 18:49:40.380001,AAPL,66.62087579933946,65.96923665528634,66.68401138245963,66.17175476341248,172998492
2025-08-19 18:49:40.380001,AAPL,66.50519207953081,66.63180380247137,66.53814922646971,66.195093692063,67442147
2025-08-20 18:49:40.380001,AAPL,66.8142006659524,67.47064300916479,67.38883829627214,65.70058986660345,153605721
2025-08-21 18:49:40.380001,AAPL,70.23579099680887,69.8953123561932,71.47664007303115,68.89268360142508,100824999
2025-08-22 18:49:40.380001,AAPL,68.22263431742849,67.79895985645192,68.55564643159055,67.45797780619475,69867709
2025-08-25 18:49:40.380001,AAPL,67.92688048436084,67.41596966563694,68.70675647901346,67.61988370629811,75554583
2025-08-26 18:49:40.380001,AAPL,68.44809245210152,68.52373528768986,69.38488101232055,67.97002337008634,67127660
2025-08-27 18:49:40.380001,AAPL,68.52105629074805,68.65322669239269,68.60441882625244,68.1125087024126,184661767
2025-08-28 18:49:40.380001,AAPL,69.75746225214732,70.16522368997369,69.9710601258652,68.92433400816972,165788320
2025-08-29 18:49:40.380001,AAPL,71.45180759893994,71.81345845604326,71.92521411304811,70.35851712487414,65322340
2025-09-01 18:49:40.380001,AAPL,72.87376017739982,73.44587967242731,73.85040436278813,72.19133945171058,143819613
2025-09-02 18:49:40.380001,AAPL,75.41795789050786,75.87917294026079,76.08018052263732,74.21785559840653,149064423
2025-09-03 18:49:40.380001,AAPL,74.93384412528057,74.55507914524352,76.03416530126889,74.52354940235865,127906417
2025-09-04 18:49:40.380001,AAPL,74.92556146983551,75.00929438851139,76.22566661399756,73.72220668650856,140916411
2025-09-05 18:49:40.380001,AAPL,76.20352450413398,75.89476604934484,77.35933731139464,75.1233597636957,186089268
2025-09-08 18:49:40.380001,AAPL,76.97348991637767,76.71144964896342,78.50102452451128,76.2138305057789,127827943
2025-09-09 18:49:40.380001,AAPL,74.57506866696899,75.21931428688174,75.700199236976,73.80949582882255,148938553
2025-09-10 18:49:40.380001,AAPL,74.28702511715173,74.55727523052022,75.55314226242838,73.69399086914417,135664744
2025-09-11 18:49:40.380001,AAPL,77.95035347893389,78.69024328834664,79.24801851626029,77.0733256340836,109422011
2025-09-12 18:49:40.380001,AAPL,77.40980947709393,77.28117378304319,78.5404041476088,77.28513836017284,183628244
2025-09-15 18:49:40.380001,AAPL,77.21154120817073,77.2693534629258,78.44970828832098,76.96436250253238,112089771
2025-09-16 18:49:40.380001,AAPL,75.6560622934952,75.63656636162662,77.07035134373963,75.47314628822147,169992682
2025-09-17 18:49:40.380001,AAPL,74.63544258295059,74.0492364975552,75.34478884325046,74.08241868969152,140786654
2025-09-18 18:49:40.380001,AAPL,72.5449002395689,72.162881688762,73.47098960904783,72.0153339529267,152743458
2025-09-19 18:49:40.380001,AAPL,71.52744733910683,71.56698250566245,72.26409381545905,70.9683869276956,164041292
2025-09-22 18:49:40.380001,AAPL,72.22869449081988,71.60373470795135,73.45808030178556,71.41234289557559,160390693
2025-09-23 18:49:40.380001,AAPL,74.59088355874695,75.23454608932919,75.23439343694167,73.57958931195564,142322742
2025-09-24 18:49:40.380001,AAPL,78.0225285453857,77.43555520412369,79.30167165340684,77.3858692181766,126314132
2025-09-25 18:49:40.380001,AAPL,75.56385225903442,75.10741749389169,76.77189847927845,74.09116089324236,159035105
2025-09-26 18:49:40.380001,AAPL,76.96024409327842,77.36862781642732,78.4407838763036,75.43251618706167,181832147
2025-09-29 18:49:40.380001,AAPL,76.22834869701805,75.6138484110939,76.60784497423604,76.00216672507597,155789682
2025-09-30 18:49:40.380001,AAPL,76.26759228828236,76.8781572263503,77.35001171747815,74.81305344490616,165825395
2025-10-01 18:49:40.380001,AAPL,75.37542507110528,75.71567120324872,76.51648764870103,74.65904972031589,174552026
2025-10-02 18:49:40.380001,AAPL,74.67907478591293,74.03477488045192,76.07748301760496,74.10402763302943,105104161
2025-10-03 18:49:40.380001,AAPL,74.81696517219528,75.10403347024722,76.1739989047201,73.61715726844723,59382767
2025-10-06 18:49:40.380001,AAPL,74.56897698529373,74.76528509992934,75.42432172093788,74.4134720908601,100635743
2025-10-07 18:49:40.380001,AAPL,72.12207463409459,72.49328613399679,72.9574692200037,70.95383517016595,163242819
2025-10-08 18:49:40.380001,AAPL,69.40749204837871,69.86307984511768,69.63971734048332,69.24718154645763,172358136
2025-10-09 18:49:40.380001,AAPL,70.17177605131043,70.47821698770372,71.54007333956767,69.83914817646355,127064067
2025-10-10 18:49:40.380001,AAPL,71.83368142527661,71.95748863609471,72.20005828875101,70.74287684934781,166788468
2025-10-13 18:49:40.380001,AAPL,69.4290734459948,69.18254930012392,70.43542872879135,68.24981253291367,61203967
2025-10-14 18:49:40.380001,AAPL,68.95129744810164,69.22334294681188,70.04871940978254,68.00836461239702,146618955
2025-10-15 18:49:40.380001,AAPL,71.27515748406303,71.92657191726904,71.90411157557476,70.41693412001749,151851504
2025-10-16 18:49:40.380001,AAPL,70.4875983264004,70.61098232861502,70.78532908852974,69.4243417909092,126176004
2025-10-17 18:49:40.380001,AAPL,69.99491147957018,70.22497756993371,70.25943678690223,69.99335976063391,157481029
2025-10-20 18:49:40.380001,AAPL,71.23931650066864,71.14973739465374,72.45964029446435,70.14173567998506,123720092
2025-10-21 18:49:40.380001,AAPL,73.74625545040699,74.12401446363656,74.49958301730116,73.4964545041325,128544075
2025-10-22 18:49:40.380001,AAPL,74.41690232289842,75.15759963739755,74.55105662265888,73.16538527330188,140594953
2025-10-23 18:49:40.380001,AAPL,75.34505094404328,74.83329127045813,76.4255283181071,75.31528154974323,169069846
2025-10-24 18:49:40.380001,AAPL,74.97745199161982,74.53119411424049,75.35259575364745,73.8160864371155,87305815
2025-10-27 18:49:40.380001,AAPL,75.85086503648319,75.91069279867905,77.18037103564093,74.97355656887993,95037216
2025-10-28 18:49:40.380001,AAPL,75.07467786412259,75.04671314310403,75.53949790636301,74.41186465442163,112826500
2025-10-29 18:49:40.380001,AAPL,75.57484782420242,75.68302533566055,75.8775565743562,74.24516236008532,80286082
2025-10-30 18:49:40.380001,AAPL,76.78777390621322,76.09526190477737,76.91809572576781,76.50645432136182,100133551
2025-10-31 18:49:40.380001,AAPL,76.45172356901988,76.30535897102645,77.23387231012323,75.34269274589795,102610092
2025-11-03 18:49:40.380001,AAPL,77.89527690021816,78.02454919422408,78.59748348446699,77.19308198377814,97135562
2025-11-04 18:49:40.380001,AAPL,76.10934008128244,76.2390172318515,77.2529775116984,75.42379861202126,111507576
2025-11-05 18:49:40.380001,AAPL,76.19258258047856,76.43233619797357,76.90056800031475,75.5870658822427,125717379
2025-11-06 18:49:40.380001,AAPL,77.65957055201991,78.00160819684027,78.19358256193178,76.19255949868219,154390040
2025-11-07 18:49:40.380001,AAPL,78.3870713080142,78.60898072244879,78.79727855861044,77.08368050000512,95440978
2025-11-10 18:49:40.380001,AAPL,81.80354491369735,82.27840329365321,82.25861270941039,80.43119595309783,176827990
2025-11-11 18:49:40.380001,AAPL,80.27479073535225,80.47509341217857,81.76444665842153,79.15423695346435,121914117
2025-11-12 18:49:40.380001,AAPL,78.54728157009313,78.60620406870005,78.8066110788809,77.20398820033616,158137728
2025-11-13 18:49:40.380001,AAPL,78.52928102503411,78.69607160919382,80.08129670796134,78.40665177417452,67221015
2025-11-14 18:49:40.380001,AAPL,79.36484082641793,78.7318163270551,79.88375903690573,78.59175497621021,76098133
2025-11-17 18:49:40.380001,AAPL,80.19968821006454,79.83583271593842,80.3414655964905,79.59590509428925,118034629
2025-11-18 18:49:40.380001,AAPL,79.70302621188051,79.74670312060042,80.09945373065207,78.67882347592678,104932562
2025-11-19 18:49:40.380001,AAPL,79.9491546743529,80.54555492586705,80.04255827967727,78.79188449002011,124418307
2025-11-20 18:49:40.380001,AAPL,79.90630224205115,80.19244919752431,81.16886939235175,79.11231673812763,73762056
2025-11-21 18:49:40.380001,AAPL,79.64792609838543,78.9954631564581,80.46440162837716,78.52381186739174,121041270
2025-11-24 18:49:40.380001,AAPL,79.79744391451129,79.94471001816733,80.33525733089057,78.74993636591849,153008629
2025-11-25 18:49:40.380001,AAPL,79.88394145814704,79.43936813203455,80.94168409532259,79.00961311569165,159268265
2025-11-26 18:49:40.380001,AAPL,79.84120483292033,80.21488811460806,80.8482364020317,79.0519484744498,87225781
2025-11-27 18:49:40.380001,AAPL,81.30315297221921,81.83559244663665,82.83144425711501,81.27764656622678,101664527
2025-11-28 18:49:40.380001,AAPL,81.39401297574199,81.54614859701904,82.95882999520772,80.12967514899972,128808039
2025-12-01 18:49:40.380001,AAPL,80.37039539317722,80.51725237457516,81.4645318769362,79.54736423159497,127696649
2025-12-02 18:49:40.380001,AAPL,83.67734266894254,83.40721788661958,85.04599594062513,82.25401071672927,168774476
2025-12-03 18:49:40.380001,AAPL,83.45434174054293,83.36462835849191,84.77696804308606,82.36943401723885,108543485
2025-12-04 18:49:40.380001,AAPL,81.51147855210763,82.1050587575609,82.31241609947249,81.05063012632615,150640891
2025-12-05 18:49:40.380001,AAPL,77.99084863461647,78.33918747720631,79.08967462884478,76.70316067485417,182563143
2025-12-08 18:49:40.380001,AAPL,76.02367038184424,76.05370529611528,76.14266112193516,75.38712617783213,94756098
2025-12-09 18:49:40.380001,AAPL,75.57643335202593,75.37726282645282,76.72220394942872,74.69476022769358,173445835
2025-12-10 18:49:40.380001,AAPL,75.02781510845745,74.3531345911634,76.47109968903426,73.60465681670745,99930012
2025-12-11 18:49:40.380001,AAPL,77.34860191733434,76.79634434928953,77.48005548438528,77.24507118722838,100158884
2025-12-12 18:49:40.380001,AAPL,75.7717987808567,75.30659810947641,77.03887872060854,74.88315188366762,148004642
2025-12-15 18:49:40.380001,AAPL,76.92578511734811,76.73098371047605,78.36118953832411,76.59335269974078,143267910
2025-12-16 18:49:40.380001,AAPL,77.40913018170029,78.09674564961834,77.75931188602713,76.50547687897904,132420162
2025-12-17 18:49:40.380001,AAPL,75.9725296883522,75.98036001723024,76.7699543589806,75.8773517917817,84683976
2025-12-18 18:49:40.380001,AAPL,74.75880425702248,74.36234361038794,76.14611568613559,73.69793246936287,64459023
2025-12-19 18:49:40.380001,AAPL,73.95968730804262,73.3765153769509,75.38004760883402,73.09026256087563,186341777
2025-12-22 18:49:40.380001,AAPL,75.94329194094992,75.69769972594361,76.13752812592938,75.57703907296208,181098738
2025-12-23 18:49:40.380001,AAPL,72.10770700295727,72.56303924616074,72.6110248917402,71.16117410443341,183000641
2025-12-24 18:49:40.380001,AAPL,71.54848818707609,71.38155525172398,72.54751205928113,70.63890237562062,126891987
2025-12-25 18:49:40.380001,AAPL,71.20810610053617,71.5961985475013,71.52364132317115,71.20073346020048,182680730
2025-12-26 18:49:40.380001,AAPL,72.01262145873774,72.44859303592776,72.48037314555317,71.37259419987329,121004151
2025-12-29 18:49:40.380001,AAPL,71.57851207897448,71.02137467423434,71.61185486737205,71.13383837999574,61325218
2025-12-30 18:49:40.380001,AAPL,71.55824970642875,71.71375974065887,71.77796456201726,71.04798533686458,79765900
2025-12-31 18:49:40.380001,AAPL,71.0535880606416,71.70599651198226,71.85269862565575,70.80905592537918,90890351
2026-01-01 18:49:40.380001,AAPL,72.91902720105566,72.77630727349454,73.87148104724714,72.71751561440944,106549072
2026-01-02 18:49:40.380001,AAPL,73.12880587701812,72.47202742615362,74.07788882356827,72.49003472688699,190858061
2026-01-05 18:49:40.380001,AAPL,74.64075397958275,75.27266661883142,75.80270222771854,73.58765665048627,99923729
2026-01-06 18:49:40.380001,AAPL,76.5246576009018,77.11185621750872,77.16024296078939,75.02906007166158,141892573
2026-01-07 18:49:40.380001,AAPL,76.60176646638102,76.63568794574765,77.02076390590558,76.01101862413769,90610352
2026-01-08 18:49:40.380001,AAPL,77.35258639976149,77.43342467988285,77.37669054868566,77.08257765667604,146491044
2026-01-09 18:49:40.380001,AAPL,77.87525247862155,77.42628779061118,78.19707947609041,77.01946545116691,135110986
2026-01-12 18:49:40.380001,AAPL,78.60371856383641,79.10591890951312,79.09481543729845,77.29057449481728,72564369
2026-01-13 18:49:40.380001,AAPL,75.94422387265179,75.94209749269656,76.21489950073567,74.86290278401319,119341304
2026-01-14 18:49:40.380001,AAPL,77.87012143498701,77.14418158107115,77.90149448382068,77.10697700371904,65809355
2026-01-15 18:49:40.380001,AAPL,73.97849340045278,74.24927681540971,74.21144813802388,73.73685185317217,183379652
2026-01-16 18:49:40.380001,AAPL,70.62549779942978,71.26182826566182,71.56637005052355,69.45559087223519,155619664
2026-01-19 18:49:40.380001,AAPL,70.38180088589816,70.84512497135837,71.26802799435495,69.83584908147049,191201596
2026-01-20 18:49:40.380001,AAPL,68.49019495649274,68.18500010021975,69.77189805409219,68.15235832223439,181343182
2026-01-21 18:49:40.380001,AAPL,68.26123262197855,67.6514210163032,69.35091165018973,68.17392312015501,82921014
2026-01-22 18:49:40.380001,AAPL,66.70644211467977,67.29392763489167,67.46390192554622,65.52801103345709,156084021
2026-01-23 18:49:40.380001,AAPL,65.23339005434,65.80361171854581,65.4128553917495,65.13735558954389,65015814
2026-01-26 18:49:40.380001,AAPL,62.83187637850435,62.872610685723714,63.54071019441042,62.33106552724959,194089988
2026-01-27 18:49:40.380001,AAPL,65.22392502469295,65.40957502846439,65.3042744573921,64.91959226129902,167800632
2026-01-28 18:49:40.380001,AAPL,68.25606039460605,68.2050049443085,68.84427050622203,66.9643481831942,152072205
2026-01-29 18:49:40.380001,AAPL,68.67267350894859,68.56247497396184,69.2086755771434,67.99439097955889,199229210
2026-01-30 18:49:40.380001,AAPL,70.55300423237365,70.01602311016248,71.15667522242668,70.02051202833866,177036192
2026-02-02 18:49:40.380001,AAPL,67.98659572692344,67.43828777337988,68.36708395867986,67.04407557692045,179540010
2026-02-03 18:49:40.380001,AAPL,64.31030150404256,63.96653997945071,65.19242076138937,63.57928657450719,65019041
2026-02-04 18:49:40.380001,AAPL,63.04294524969046,63.46740173258092,64.1032575698894,62.480978084585395,53554610
2026-02-05 18:49:40.380001,AAPL,64.7094654940054,64.25110544371269,65.70407197028821,64.13037782097575,194166419
2026-02-06 18:49:40.380001,AAPL,66.14285280948559,65.7813141927048,66.97327909894044,64.87537256756318,87689532
2026-02-09 18:49:40.380001,AAPL,61.03915323702563,61.09850045735447,61.6963554510425,60.35488207018687,113960075
2026-02-10 18:49:40.380001,AAPL,58.61009205735923,58.27616834670523,58.6465289903952,57.6885282509302,56501341
2026-02-11 18:49:40.380001,AAPL,55.61610700542651,55.241484344197545,56.42024249800872,55.52344509640083,143459594
2026-02-12 18:49:40.380001,AAPL,55.89965340349478,55.97044052280934,56.5089405521599,55.87346999479854,173116906
2026-02-13 18:49:40.380001,AAPL,60.08046106404627,59.9219607221268,60.40578600710329,59.2389103165502,176261878
2026-02-16 18:49:40.380001,AAPL,56.274746685542716,56.41673832259674,56.6437312393297,55.346422028898054,137211046
2026-02-17 18:49:40.380001,AAPL,57.21941080028261,57.6911337344209,58.290108181533505,56.326220547986566,149198947
2026-02-18 18:49:40.380001,AAPL,53.45571913775228,53.08259087488921,54.12323379405634,52.89737656258874,127057781
2026-02-19 18:49:40.380001,AAPL,51.410776119964005,51.83587502646614,51.90011667258171,51.281740828997975,116921764
2026-02-20 18:49:40.380001,AAPL,51.57068279161855,51.98581644035407,52.211109953157,51.05501331628359,133167482
2026-02-23 18:49:40.380001,AAPL,51.559365099664646,51.89871603684429,51.98601093148704,50.5852973883434,190384210
2026-02-24 18:49:40.380001,AAPL,52.91194447251026,53.050876335840705,53.409509639143785,51.89591407898026,87867688
2026-02-25 18:49:40.380001,AAPL,52.53994184564876,52.66619181357254,52.84499847494225,51.728085149920815,120528775
2026-02-26 18:49:40.380001,AAPL,52.73840307312746,52.88524014057973,53.202346286320406,52.57256323840532,140245755
2026-02-27 18:49:40.380001,AAPL,53.273397454121294,53.47636435838667,54.00387400392376,52.87009712007044,135521787
2026-03-02 18:49:40.380001,AAPL,57.126478310287325,56.574044928681694,57.1721131406298,56.62714473656015,54600046
2026-03-03 18:49:40.380001,AAPL,61.97186010470913,62.53963708932412,62.95724664999647,61.127765681998696,93100311
2026-03-04 18:49:40.380001,AAPL,62.00973952028212,62.11590485929086,62.3606892726497,61.92221327528541,146901758
2026-03-05 18:49:40.380001,AAPL,61.564666898976895,61.91123391190191,62.40509822540302,60.741151127702985,154114428
2026-03-06 18:49:40.380001,AAPL,67.03954228078724,66.87500289400992,67.90130249895577,66.81823726025459,160165074
2026-03-09 18:49:40.380001,AAPL,71.06764833953875,70.37459267292252,71.99526315339662,70.91969049598129,198705417
2026-03-10 18:49:40.380001,AAPL,66.21242796780808,66.22531907712529,67.01774180906266,65.52823510338978,150953939
2026-03-11 18:49:40.380001,AAPL,65.79857535491001,65.80803734706241,67.06072604621502,65.65946304555213,136950104
2026-03-12 18:49:40.380001,AAPL,69.31645303859486,69.2290994578411,70.02118532421325,68.31386441925036,99817627
2026-03-13 18:49:40.380001,AAPL,62.14477963368844,61.94556466672571,63.054975834793225,61.72024804448695,105562941
2026-03-16 18:49:40.380001,AAPL,57.2684627402578,56.98192123288074,58.076462715076744,56.22384445854989,173939437
2026-03-17 18:49:40.380001,AAPL,56.95265264059456,56.9840277139799,57.221773945773904,56.35343580117661,120305597
2026-03-18 18:49:40.380001,AAPL,62.24580900217049,62.09054074026981,62.598501025274935,61.271452699072,157331599
2026-03-19 18:49:40.380001,AAPL,64.28612696696072,64.89032898095199,64.83129530712635,63.0811005886997,68618681
2026-03-20 18:49:40.380001,AAPL,59.982921223650926,59.59054571299845,60.31606388538983,58.78773213632867,69244598
2026-03-23 18:49:40.380001,AAPL,59.88328628642994,59.66730591760818,60.32252192616584,59.07456503992032,82321234
2026-03-24 18:49:40.380001,AAPL,53.86949184466326,53.647506950039116,54.29070883673516,53.42725627886155,79271633
2026-03-25 18:49:40.380001,AAPL,53.26262959978002,53.308764812022574,53.90589788853388,52.682312315574876,141048568
2026-03-26 18:49:40.380001,AAPL,58.34833386040403,58.347493944276714,58.60493821292571,57.53352189877266,145566261
2026-03-27 18:49:40.380001,AAPL,60.62344206538741,60.79772290094941,61.598620892080156,60.612772376899144,133685128
2026-03-30 18:49:40.380001,AAPL,60.36281441409668,60.90608188136039,60.89103293216105,60.289805638328545,136500665
2026-03-31 18:49:40.380001,AAPL,63.23880927096539,62.96716201476783,64.13205000451498,62.13295639565333,67914941
2026-04-01 18:49:40.380001,AAPL,67.21506912951608,67.47421221658969,67.32455236964971,66.42879723451972,120925319
2026-04-02 18:49:40.380001,AAPL,60.03860762850233,59.468289130680624,60.60292898643848,59.616952805552266,73245348
2026-04-03 18:49:40.380001,AAPL,54.28106847093702,54.023112319316425,54.31170419810373,53.99174038558878,61512298
2026-04-06 18:49:40.380001,AAPL,51.920461621992686,51.88278785258892,52.62233279779232,51.26249661771973,74842577
2026-04-07 18:49:40.380001,AAPL,45.16195112222928,44.73832731345557,45.472403476180475,44.932782954787946,66670284
2026-04-08 18:49:40.380001,AAPL,40.05857336805121,40.15284678242655,40.81908763802496,39.35686734870673,131873324
2026-04-09 18:49:40.380001,AAPL,39.77576952138561,39.917618354645704,40.03361532251134,39.244216181088625,141107817
2026-04-10 18:49:40.380001,AAPL,40.33789796216504,40.53695073690838,40.79275285785915,40.10912816972876,115957313
2026-04-13 18:49:40.380001,AAPL,44.813156855589085,44.82801197329576,45.04384385163473,44.47767013891292,76460341
2026-04-14 18:49:40.380001,AAPL,46.89726306579062,46.99475747174638,47.47889476759387,46.74457515822949,53133450
2026-04-15 18:49:40.380001,AAPL,50.7992232096322,50.69362711964138,51.273730981487596,49.83084475250771,156874491
2026-04-16 18:49:40.380001,AAPL,53.86209630500014,53.36791483814497,54.26135260729156,52.97271644890372,197412409
2026-04-17 18:49:40.380001,AAPL,46.30123494501022,45.93078048270823,46.489856313161376,45.42011742705671,92151891
2026-04-20 18:49:40.380001,AAPL,48.89121442500852,49.04277320431124,49.00026270382999,48.101244091145595,80705574
2026-04-21 18:49:40.380001,AAPL,53.24773370248009,53.77547763502402,53.37539954650826,52.1873400276321,96733720
2026-04-22 18:49:40.380001,AAPL,56.646537456490954,56.097976057509996,57.778380611934196,56.084842062161144,82158256
2026-04-23 18:49:40.380001,AAPL,64.87839860776259,64.95311710896921,65.41339980150859,64.26635447452527,83524793
2026-04-24 18:49:40.380001,AAPL,65.35366892628625,65.68175578495597,65.35619119607581,64.90650838118717,124180343
2026-04-27 18:49:40.380001,AAPL,64.86401379786021,65.28793233692191,66.10022952233109,64.06607284762734,167780920
2026-04-28 18:49:40.380001,AAPL,53.50363439403284,53.55200692418953,53.52501436525709,52.436994168345564,156844221
2026-04-29 18:49:40.380001,AAPL,57.51026854539026,57.64819654985569,57.99172855519057,57.13517639968938,193972074
2026-04-30 18:49:40.380001,AAPL,58.460682015805496,58.69069550521094,59.29956659594347,57.35494625583185,103603585
2026-05-01 18:49:40.380001,AAPL,66.01533832778155,66.48928389621688,67.22288989881226,65.83864224202499,123874977
2026-05-04 18:49:40.380001,AAPL,65.82224982794988,65.32501477905254,66.76072541942116,64.5356275601611,107046381
2026-05-05 18:49:40.380001,AAPL,67.30511627090468,67.87880111636206,67.9292039776993,66.67308774247878,56304596
2026-05-06 18:49:40.380001,AAPL,76.75856827696285,76.03092376713127,78.25450379258893,76.59724921897087,108274187
2026-05-07 18:49:40.380001,AAPL,75.54227959216979,76.0502255038832,75.6016851086996,74.89637735228317,89085397
2026-05-08 18:49:40.380001,AAPL,83.27571585398313,82.57077097457727,84.91939894672446,82.62352833902341,121808461
2026-05-11 18:49:40.380001,AAPL,86.58377040533396,86.05496558904066,88.05464086728105,86.0324237411919,73707543
2026-05-12 18:49:40.380001,AAPL,76.02690672840795,75.27255885919797,77.43938024379364,74.69249591482252,161247980
2026-05-13 18:49:40.380001,AAPL,87.3695256216862,87.27386770832051,87.81471253838397,86.80149632179325,176414342
2026-05-14 18:49:40.380001,AAPL,87.5668439422787,87.27675114738837,87.81633601795939,87.35730503477392,194121711
2026-05-15 18:49:40.380001,AAPL,102.68625898447625,102.00030021660237,104.04852627579676,102.63331565975871,62728098
2026-05-18 18:49:40.380001,AAPL,92.51427257797967,92.42377541407701,93.4687597911351,91.48375979511721,67644970
2026-05-19 18:49:40.380001,AAPL,93.126407366807,92.94457038871562,94.10082241947785,91.90552920261415,194971436
2026-05-20 18:49:40.380001,AAPL,81.25498841260475,81.68996429481359,82.75758682527928,80.8540919260803,177232742
2026-05-21 18:49:40.380001,AAPL,73.4137898326483,73.9910135459817,74.32423961985393,72.74260321383089,138277066
2026-05-22 18:49:40.380001,AAPL,64.94536084281754,65.14353154719373,65.3494039031379,63.98066849856355,98230218
2026-05-25 18:49:40.380001,AAPL,73.53020070966537,72.97785711963729,74.11854019347798,72.31277277218354,127660968
2026-05-26 18:49:40.380001,AAPL,84.08335012151453,83.7392655725846,84.30784566235037,82.68795379840485,130347763
2026-05-27 18:49:40.380001,AAPL,75.97542872198021,76.60346941798963,76.26765155516424,75.15364359184942,177102593
2026-05-28 18:49:40.380001,AAPL,84.85957871165243,84.16158235841274,85.10287124297777,83.45112084520167,129409686
2026-05-29 18:49:40.380001,AAPL,81.88519429564366,81.73265174186392,83.21221157386705,80.2797842009645,54132143
2026-06-01 18:49:40.380001,AAPL,75.19614144266613,75.86163424140442,76.25621674260242,73.77055611161673,154938463
2026-06-02 18:49:40.380001,AAPL,76.78832684749968,77.48044283040838,77.60281297858458,76.68064587637966,166572912
2026-06-03 18:49:40.380001,AAPL,83.9957449459345,83.84657384008229,84.62465104732138,82.43839889107582,94710868
2026-06-04 18:49:40.380001,AAPL,91.09751604690273,91.40250486089835,92.31547943370444,89.40889730865511,67490606
2026-06-05 18:49:40.380001,AAPL,89.20910751590345,89.13193378456397,90.65947872716033,88.22992773653607,71331259
2026-06-08 18:49:40.380001,AAPL,94.02496160480295,94.50159395457965,95.68211999017113,92.60537326542445,176116714
2026-06-09 18:49:40.380001,AAPL,93.83816493658546,92.95905396958933,94.86478491749375,93.76815012752574,117131425
2026-06-10 18:49:40.380001,AAPL,102.9736022694999,102.24075386515158,104.66213275831875,102.79028009430178,129376432
2026-06-11 18:49:40.380001,AAPL,98.09595499374052,98.32000380759555,99.0990959096206,96.92810940397925,194092947
2026-06-12 18:49:40.380001,AAPL,99.84172052681797,99.30767168144418,100.78927853774324,98.74092865534426,59169410
2026-06-15 18:49:40.380001,AAPL,92.69833661753621,93.00619205621156,94.30281848697615,91.53981811883814,80890938
2026-06-16 18:49:40.380001,AAPL,91.66104479081477,91.38830355261844,92.36935356437394,89.89724085127207,174986755
2026-06-17 18:49:40.380001,AAPL,92.60034223923607,93.3164124593944,93.33357523075651,91.29068974522464,131021215
2026-06-18 18:49:40.380001,AAPL,93.51160635770877,94.10869551747857,94.08186135159443,91.8708020945724,54097117
2026-06-19 18:49:40.380001,AAPL,90.72341976948351,90.71042418406687,91.66458766210809,89.09469910253189,155433025
2026-06-22 18:49:40.380001,AAPL,99.2614189101728,99.80317798134581,100.34307065891822,98.38962884280649,70755603
2026-06-23 18:49:40.380001,AAPL,100.52355002008221,100.06342937726724,101.85138799962094,98.71164290197248,167321658
2026-06-24 18:49:40.380001,AAPL,93.65750656876047,93.64675426894148,94.46390202749954,91.97716226007498,169673678
2026-06-25 18:49:40.380001,AAPL,95.95119460583771,95.3706554355692,96.36922957355637,94.95428801294906,173661108
2026-06-26 18:49:40.380001,AAPL,89.90057204467854,90.54944950453952,91.45916399034647,88.89778935638094,119730668
2026-06-29 18:49:40.380001,AAPL,90.30794182713252,90.89145325759834,90.9328743509459,88.75037327397234,90173570
2026-06-30 18:49:40.380001,AAPL,89.47348879103109,90.19312346800528,91.1250681456276,87.6919804106378,182208305
2026-07-01 18:49:40.380001,AAPL,101.79311414102396,102.56160528973136,102.21525697094965,100.15012124574697,133815014
2026-07-02 18:49:40.380001,AAPL,94.28252166911375,95.1491595598471,95.33859429189758,92.84168156706136,145314390
2026-07-03 18:49:40.380001,AAPL,91.76483631675585,91.26625269200606,92.74968424121248,91.39823293923087,70477917
2026-07-06 18:49:40.380001,AAPL,91.00445411583574,91.79041279299145,92.51266701693291,90.85054438084764,143529313
2026-07-07 18:49:40.380001,AAPL,75.53509723879829,75.64267914546744,75.7448602987976,74.6376562847783,137013959
2026-07-08 18:49:40.380001,AAPL,61.824195409743176,61.728361828201976,62.94931808152395,61.08852053125561,93835265
2026-07-09 18:49:40.380001,AAPL,60.603308226871846,60.6764853833958,61.24743433324358,60.25481651924594,165028063
2026-07-10 18:49:40.380001,AAPL,58.96184185017403,58.7762327510785,59.65300362619927,58.521894548018,70052078
2026-07-13 18:49:40.380001,AAPL,59.28574146129434,59.03502562605272,59.890653200628705,58.31836438208725,157907025
2026-07-14 18:49:40.380001,AAPL,52.73752448078798,52.4646756521132,52.775521768911894,51.796359145640075,194175858
2026-07-15 18:49:40.380001,AAPL,56.25020004687789,55.78042986433762,56.809429030239016,55.61751117378511,135088494
2026-07-16 18:49:40.380001,AAPL,66.35175502092129,66.34719651886206,66.70149467399709,65.77426698413173,65719653
2026-07-17 18:49:40.380001,AAPL,74.29013565605287,74.86627300587293,74.79930268421278,73.01042507603569,132996258
2026-07-20 18:49:40.380001,AAPL,65.8045719492781,65.97586384180723,66.65884900700013,64.87445524424878,129351589
2026-07-21 18:49:40.380001,AAPL,67.47930239280156,67.5076108141137,68.1509874947978,66.5426127443675,132827973
2026-07-22 18:49:40.380001,AAPL,64.7470239780965,64.65455605741222,64.867736015112,63.79044911627746,90885288
2026-07-23 18:49:40.380001,AAPL,51.7976191824772,51.760740962406445,51.87328646517144,51.23899353093602,143912957
2026-07-24 18:49:40.380001,AAPL,56.82956390804921,56.49913107693566,57.04058082561138,56.435239003910596,89621099
2026-07-27 18:49:40.380001,AAPL,59.57386922169645,59.958640015994355,59.801304556861616,58.9893183634504,133679919
2026-07-28 18:49:40.380001,AAPL,47.65909537735716,47.37159947494913,48.238916653249504,46.897938220100826,139187932
2026-07-29 18:49:40.380001,AAPL,51.91902347290103,52.14396031272683,52.10366253955307,50.98753289944165,146881045
2026-07-30 18:49:40.380001,AAPL,46.0461721869911,46.28559847909888,46.858168274685596,45.88212852025199,169690117
2026-07-31 18:49:40.380001,AAPL,44.21381624622495,44.28002116755986,44.39930263230591,43.75337770465324,182380330
2026-08-03 18:49:40.380001,AAPL,42.96309163673635,43.27494041882781,43.04139740955319,42.15722363324514,166576922
2026-08-04 18:49:40.380001,AAPL,34.370473309389084,34.22683934370706,34.97246941101094,33.86049900548699,169380398
2026-08-05 18:49:40.380001,AAPL,36.0562109024235,36.33140432268609,36.26917876978998,35.91489491409686,180320253
2021-08-06 18:49:40.380001,MSFT,320.0,317.9662340876589,322.54916352642715,315.3300189189527,162165699
2021-08-09 18:49:40.380001,MSFT,324.448563400152,326.0134853645629,329.971988160768,320.981974525072,107277606
2021-08-10 18:49:40.380001,MSFT,322.99350649195287,326.20812360322896,325.3148231943744,319.2019973088661,193107275
2021-08-11 18:49:40.380001,MSFT,331.6906999240076,334.29532227250655,336.4808114146351,331.16074143442626,128410054
2021-08-12 18:49:40.380001,MSFT,323.7204265145645,326.8561032711567,330.15274578242753,321.52428111566894,140495408
2021-08-13 18:49:40.380001,MSFT,305.7475654541725,306.00792325926824,307.98403882761914,304.41986519028114,195447447
2021-08-16 18:49:40.380001,MSFT,308.54277198865645,308.367635456012,309.09178013839687,302.73810531100986,140039028
2021-08-17 18:49:40.380001,MSFT,299.04078084954403,301.7082430390311,301.29594943218063,296.8900815805471,196965707
2021-08-18 18:49:40.380001,MSFT,303.1727095672367,304.9548194259866,303.8210963188921,302.9507506568832,102894686
2021-08-19 18:49:40.380001,MSFT,289.3939756224978,288.24070781024386,291.929663777967,284.4756211225384,93887393
2021-08-20 18:49:40.380001,MSFT,278.25517185419045,277.4032044805342,283.6671883100921,273.50327579727883,136084200
2021-08-23 18:49:40.380001,MSFT,283.8668840124827,285.579771432702,286.6511913820471,283.2482012101591,111789219
2021-08-24 18:49:40.380001,MSFT,282.664900788079,283.9296402042114,284.6800653303454,282.37541874563306,98031108
2021-08-25 18:49:40.380001,MSFT,276.815233667592,274.2446606866191,281.86921169418287,275.4265004283763,133591377
2021-08-26 18:49:40.380001,MSFT,273.8797886056694,275.72990196541343,274.13669090534063,272.38647160949245,191750755
2021-08-27 18:49:40.380001,MSFT,278.70498163160363,278.8654617847536,284.1983937553341,276.9036403891435,198762785
2021-08-30 18:49:40.380001,MSFT,281.8995670333869,279.7309030050201,284.86818078654534,281.7161648751724,177327237
2021-08-31 18:49:40.380001,MSFT,280.38978018694536,278.96038755627546,282.3182777534685,275.20513201102574,81011779
2021-09-01 18:49:40.380001,MSFT,276.1077314985262,274.8299163387225,280.77615474983054,271.90741713163953,109776086
2021-09-02 18:49:40.380001,MSFT,271.7020113902442,272.54749741549807,276.17473704480346,270.26733825509865,187684291
2021-09-03 18:49:40.380001,MSFT,265.6174915757154,268.0348041527201,266.2616128846494,260.6214873139385,113951566
2021-09-06 18:49:40.380001,MSFT,266.01283772837337,265.3487706640338,267.97019252971864,262.2684975733155,192406023
2021-09-07 18:49:40.380001,MSFT,264.8970207060798,263.79379385454246,268.53840455098054,263.29387515768957,128074158
2021-09-08 18:49:40.380001,MSFT,257.9792471482514,255.88351001711834,259.2757513715155,257.09687939184437,180990932
2021-09-09 18:49:40.380001,MSFT,255.13769650622706,256.0531494073542,256.89714277034915,255.0558095414771,108398132
2021-09-10 18:49:40.380001,MSFT,243.89884646671229,244.1255126646257,244.23948382127205,241.37046291018808,182138758
2021-09-13 18:49:40.380001,MSFT,246.30446992447622,244.61928428201645,250.82790903505958,241.9054769436301,188105508
2021-09-14 18:49:40.380001,MSFT,258.1775551039104,255.83633070360275,258.25383532508147,257.90601215436897,64754332
2021-09-15 18:49:40.380001,MSFT,262.7146332337869,261.18518969354176,265.23091522987977,262.3871851135852,176754129
2021-09-16 18:49:40.380001,MSFT,263.58712224258875,265.0098669309554,263.81436448542706,262.962847635467,112139484
2021-09-17 18:49:40.380001,MSFT,243.79609948933745,244.8326841441242,245.3940540377073,241.02981824838065,73102127
2021-09-20 18:49:40.380001,MSFT,250.1143579318215,250.7795005181216,251.16596017380627,249.36150774463326,50338661
2021-09-21 18:49:40.380001,MSFT,253.46990346788937,252.4726644608597,258.18372541968563,251.52382981680088,118101346
2021-09-22 18:49:40.380001,MSFT,247.10579518552007,247.11153027807427,247.92886530415316,244.75597768092885,78563294
2021-09-23 18:49:40.380001,MSFT,261.06744261752624,261.540783760771,264.0192413866826,257.461945336243,133252826
2021-09-24 18:49:40.380001,MSFT,248.37284265668808,248.95950133575548,252.59207143423458,244.33949955303615,81844338
2021-09-27 18:49:40.380001,MSFT,232.76950018537434,232.31945650316675,234.79847574211456,232.6440844359805,58474067
2021-09-28 18:49:40.380001,MSFT,215.86588290371947,213.9926691493751,216.32262410280526,215.00420279691076,115318958
2021-09-29 18:49:40.380001,MSFT,199.12694304805092,199.33256007171946,201.29819815378528,196.60737988124578,169035716
2021-09-30 18:49:40.380001,MSFT,195.81112184382133,194.87374313073295,197.62232537948884,195.5253844729618,152956663
2021-10-01 18:49:40.380001,MSFT,204.45282459371575,206.38735045011038,206.25481933095404,201.78602644486577,79167493
2021-10-04 18:49:40.380001,MSFT,200.83481228552841,202.02571737468725,201.26076522681663,199.4493498024614,182019997
2021-10-05 18:49:40.380001,MSFT,204.5770545828064,202.99292288584496,205.59910099591235,203.5371823775902,110891358
2021-10-06 18:49:40.380001,MSFT,216.08454468827773,217.87544623795227,216.99581601119795,212.08294374666286,113228962
2021-10-07 18:49:40.380001,MSFT,198.34575533465332,197.18308285237342,200.54049348399758,198.297929392937,89391438
2021-10-08 18:49:40.380001,MSFT,177.79376987106573,178.17482456927607,179.39086677576321,177.44347093562376,159889976
2021-10-11 18:49:40.380001,MSFT,186.33092084438735,186.92632600568,187.3797017490938,183.86681001425742,54897986
2021-10-12 18:49:40.380001,MSFT,186.62022728854058,186.0570930058679,188.26840333444494,183.4599907307003,79311896
2021-10-13 18:49:40.380001,MSFT,199.48667557496393,197.8979699325107,199.57984710742355,198.6181877050751,73629400
2021-10-14 18:49:40.380001,MSFT,209.4628015723328,209.13593794918236,212.06591395672902,208.26239463081018,152530812
2021-10-15 18:49:40.380001,MSFT,208.5283918340842,207.0089443773943,210.420856651608,206.7200298731869,127008776
2021-10-18 18:49:40.380001,MSFT,201.08715658606351,199.37990278832328,201.44831722805262,197.8143500318258,59909576
2021-10-19 18:49:40.380001,MSFT,203.921810096411,202.7048658246794,206.81115914687155,201.2152992116942,59582496
2021-10-20 18:49:40.380001,MSFT,196.58379188840655,195.18208870944096,197.29598164338665,193.52224509591412,152901247
2021-10-21 18:49:40.380001,MSFT,198.87108964743808,197.75637294123806,202.58600086534872,197.71875483331607,99732966
2021-10-22 18:49:40.380001,MSFT,205.46810043728615,206.87470319010885,208.99547504274545,204.76504685125212,114333081
2021-10-25 18:49:40.380001,MSFT,202.1455735840872,200.81489662843722,202.37841076629977,198.59043005022684,60088130
2021-10-26 18:49:40.380001,MSFT,216.94192002776026,215.81941518530837,219.959791176889,213.89074914399978,130856748
2021-10-27 18:49:40.380001,MSFT,204.4484525353773,206.4257844234107,207.53086432030162,202.1013647053041,99975031
2021-10-28 18:49:40.380001,MSFT,200.3911312390395,201.82293481848953,201.60825257138822,197.05751318857617,145493383
2021-10-29 18:49:40.380001,MSFT,211.35366355485195,210.07304980526848,211.78667203023394,210.025808946796,120845063
2021-11-01 18:49:40.380001,MSFT,223.05739698937987,222.40357466976624,226.82402016942797,220.27275853971432,86586787
2021-11-02 18:49:40.380001,MSFT,211.50644044664398,211.31124120750266,213.72153016646882,210.7944335693405,193053093
2021-11-03 18:49:40.380001,MSFT,211.6446627418119,211.93358251926364,213.08834842788147,211.29500758834752,198547840
2021-11-04 18:49:40.380001,MSFT,209.52293775774086,210.86160310742855,210.32051221148333,207.24490210873995,183592144
2021-11-05 18:49:40.380001,MSFT,211.67298718061485,211.0204068863387,212.2396103779877,207.6135328317788,128042068
2021-11-08 18:49:40.380001,MSFT,216.8613614976685,217.38184787167953,220.31690891617004,216.75406181898154,184433412
2021-11-09 18:49:40.380001,MSFT,219.48350376690107,221.0113386645314,222.7355552118731,216.57419388109687,176892482
2021-11-10 18:49:40.380001,MSFT,215.5645256209264,214.99050760097933,217.56692915391497,215.55120324863663,161228887
2021-11-11 18:49:40.380001,MSFT,227.06103930142484,226.79073586298733,227.29349278647084,225.90955677649276,100742631
2021-11-12 18:49:40.380001,MSFT,241.47370506859752,240.06529802757694,244.30387492404506,240.02221194922646,183784784
2021-11-15 18:49:40.380001,MSFT,245.67834597600586,243.88317647018988,247.61193400977058,245.26606658987032,174855862
2021-11-16 18:49:40.380001,MSFT,250.12665046034618,248.81488474730645,253.66753163850427,247.6811684059018,117147924
2021-11-17 18:49:40.380001,MSFT,258.14887068350635,258.9657975494462,262.19444560117,256.6572972173829,98614674
2021-11-18 18:49:40.380001,MSFT,252.05233945725996,250.79777678506034,252.93275348603348,250.53289151442704,64075134
2021-11-19 18:49:40.380001,MSFT,262.49314733132843,263.371504025296,263.1444305201846,258.7604134270645,119999765
2021-11-22 18:49:40.380001,MSFT,252.86795710744227,251.40434764253558,257.868734544497,252.74060153523422,93908431
2021-11-23 18:49:40.380001,MSFT,245.88860055887642,247.36236258296037,249.33598590880138,241.24671763973336,174282611
2021-11-24 18:49:40.380001,MSFT,249.40376594010905,250.24439176747248,249.56954428044597,245.5543326246302,73135109
2021-11-25 18:49:40.380001,MSFT,227.1243626831298,228.82422402225959,230.39754010842452,224.82371946222727,160336268
2021-11-26 18:49:40.380001,MSFT,208.43085470187518,209.30894318041527,211.22009662782662,207.0666866222367,81145684
2021-11-29 18:49:40.380001,MSFT,223.9066179250332,225.88935272049594,226.54147149667963,221.47167631632334,193460880
2021-11-30 18:49:40.380001,MSFT,218.74950615916035,220.1441237971576,221.08021268207418,217.89941718619772,140302497
2021-12-01 18:49:40.380001,MSFT,217.48144348773468,216.67212520745807,221.35745269406448,215.96176491931516,92449587
2021-12-02 18:49:40.380001,MSFT,199.72041699409925,199.2266712019477,201.3980833672675,195.95817884355534,83509151
2021-12-03 18:49:40.380001,MSFT,199.73692378988628,200.81445043946889,202.67258522916495,195.9189669835804,83924515
2021-12-06 18:49:40.380001,MSFT,205.07363882902527,205.12159956448303,205.33929498235955,203.29219526019887,83904321
2021-12-07 18:49:40.380001,MSFT,214.1863227471598,216.20495672872767,217.81520951997697,212.9357500715068,190692764
2021-12-08 18:49:40.380001,MSFT,198.6620793661275,198.30217251040028,202.048735309997,197.99779201913248,59885827
2021-12-09 18:49:40.380001,MSFT,183.71746565691987,182.91467798221672,187.05752488578585,180.78698078380995,86185676
2021-12-10 18:49:40.380001,MSFT,178.77191889723238,179.61758203656782,178.81192282427207,175.79609718912158,71246138
2021-12-13 18:49:40.380001,MSFT,187.5171034277816,188.80488937126387,189.54365558513533,185.21734427319598,98836506
2021-12-14 18:49:40.380001,MSFT,185.4502093871901,183.98527450511259,186.14365807840423,183.6748288614087,53063963
2021-12-15 18:49:40.380001,MSFT,164.3816745423474,163.33075648656538,166.60365518542022,162.72705117368017,114111299
2021-12-16 18:49:40.380001,MSFT,162.88789433900132,161.92535713268524,163.4789334447774,161.17745340021958,116158434
2021-12-17 18:49:40.380001,MSFT,154.17066027775024,153.52560379901712,156.8191878053297,153.6568079016512,79999732
2021-12-20 18:49:40.380001,MSFT,144.16454876798716,144.73300233001254,145.42132312812703,143.6621571690389,158103084
2021-12-21 18:49:40.380001,MSFT,147.4479528625246,147.98888242648314,148.36766792051867,144.5887101941791,50556056
2021-12-22 18:49:40.380001,MSFT,137.16363205335853,136.42515875159737,138.87577045982675,134.43401923157018,89414762
2021-12-23 18:49:40.380001,MSFT,127.30637714092346,127.8783797893865,129.58266676937433,125.988208261851,162599831
2021-12-24 18:49:40.380001,MSFT,139.42624533747022,140.79214734110934,141.21990488723102,138.7915455243094,58153629
2021-12-27 18:49:40.380001,MSFT,133.50891353317945,132.78520469510204,134.2689974071146,131.11006177909948,55130824
2021-12-28 18:49:40.380001,MSFT,135.5191614210355,136.5399625296359,136.96322289641458,134.52671827851526,72446981
2021-12-29 18:49:40.380001,MSFT,140.81853980143185,139.90383873972834,143.01110057416918,139.9537646283873,192998811
2021-12-30 18:49:40.380001,MSFT,148.4042999492841,149.5026779336051,149.48374436997273,147.49398230223272,89102542
2021-12-31 18:49:40.380001,MSFT,136.3270913041788,137.2948796290731,138.90755713015204,135.82607849497063,102694273
2022-01-03 18:49:40.380001,MSFT,127.53999743895969,128.53127982541218,127.89607979255517,125.40066548694645,91067325
2022-01-04 18:49:40.380001,MSFT,136.14888675625562,135.81125302290224,136.6968740981211,135.69605231368337,167486856
2022-01-05 18:49:40.380001,MSFT,134.41466429162122,133.26100504668491,135.35976900993256,133.61776552271158,159378648
2022-01-06 18:49:40.380001,MSFT,139.1562382301671,139.2308136507452,139.26312457202673,138.88135233208953,149618456
2022-01-07 18:49:40.380001,MSFT,150.49804421725065,151.65449105039585,152.70773854727634,148.0388145584104,136940603
2022-01-10 18:49:40.380001,MSFT,142.183183465784,141.81486872486101,144.51463862398714,141.080740572402,163701579
2022-01-11 18:49:40.380001,MSFT,140.6668117374791,139.4372926971355,140.9918392810208,138.91810657300454,167665408
2022-01-12 18:49:40.380001,MSFT,123.9583969080666,123.13950426379577,126.22133624804451,122.54262884261932,107096245
2022-01-13 18:49:40.380001,MSFT,122.49144897493986,123.39235049816665,123.42582318801513,122.4610044250752,135181640
2022-01-14 18:49:40.380001,MSFT,121.7365659376766,122.24335079128954,124.08011441388791,119.81045333058464,151740681
2022-01-17 18:49:40.380001,MSFT,113.53864168818532,113.2260817981731,114.10895246793812,113.48068594807943,58472490
2022-01-18 18:49:40.380001,MSFT,115.63384035420374,115.2381087000016,116.03247852522861,113.64956976924358,190145075
2022-01-19 18:49:40.380001,MSFT,108.73160269007498,107.83733148617836,110.26851910471404,106.88021380409762,140468815
2022-01-20 18:49:40.380001,MSFT,104.6351935975115,104.32299575810235,104.73848278278466,103.77063434875545,97289368
2022-01-21 18:49:40.380001,MSFT,105.43246893689673,104.91895971048035,106.17097140847414,104.24346800676499,136393015
2022-01-24 18:49:40.380001,MSFT,102.26676024593559,102.4903487668199,102.59911015861924,101.94929433368924,174887561
2022-01-25 18:49:40.380001,MSFT,96.24785182595004,95.52338350928652,98.02981681981944,95.35979425122333,144140903
2022-01-26 18:49:40.380001,MSFT,88.83216529911667,88.78743464958781,89.3853725766409,88.67948678911164,111559065
2022-01-27 18:49:40.380001,MSFT,87.28508074164671,87.0914214409819,88.435213100885,86.3510381441932,59496830
2022-01-28 18:49:40.380001,MSFT,86.86812761484235,86.87770750791103,87.17869859439541,86.62634014709828,164814293
2022-01-31 18:49:40.380001,MSFT,82.59294904121592,81.8331686275828,83.44077714203763,82.33008392790433,74848737
2022-02-01 18:49:40.380001,MSFT,86.5222122721829,86.84253328260506,86.73231206572652,85.44941854264555,178648542
2022-02-02 18:49:40.380001,MSFT,80.29354331769616,80.52019296758198,80.56370103333361,80.07799724149315,137075018
2022-02-03 18:49:40.380001,MSFT,79.45058554705264,78.92026886587335,79.50481629614444,78.96487721043336,178169693
2022-02-04 18:49:40.380001,MSFT,80.03857299118617,79.77210712342323,80.82336666711113,78.45469659638478,167005280
2022-02-07 18:49:40.380001,MSFT,82.46027123234549,82.90173661669628,83.53182553672603,81.64345770765779,151885979
2022-02-08 18:49:40.380001,MSFT,87.83291141447985,87.9790330356101,89.45957178630933,86.10067370176691,117837241
2022-02-09 18:49:40.380001,MSFT,84.5156526752881,85.30932763950956,86.19383564927156,82.92137361753201,169418956
2022-02-10 18:49:40.380001,MSFT,86.961737076333,86.72764316783368,88.17284419380854,85.79894211113947,151303452
2022-02-11 18:49:40.380001,MSFT,88.2672840105803,87.99597896231357,89.41011019616953,86.8108026119686,176663229
2022-02-14 18:49:40.380001,MSFT,88.06803273585417,88.29724442198575,88.18791186430529,87.2902221970055,117990743
2022-02-15 18:49:40.380001,MSFT,94.81330801175703,95.46348398377457,96.67601933641492,94.62158127657689,176322744
2022-02-16 18:49:40.380001,MSFT,100.91695828673745,100.74642006087463,101.39809667244621,99.17778126524807,173238350
2022-02-17 18:49:40.380001,MSFT,99.76954114966627,99.53794712422149,100.46397953890225,98.84628796190776,55047537
2022-02-18 18:49:40.380001,MSFT,100.74655667828549,100.78421692971337,101.98950296974927,99.68599855561794,147395507
2022-02-21 18:49:40.380001,MSFT,100.54409648876585,101.39503828275642,101.60084376057897,98.67317332426438,114559261
2022-02-22 18:49:40.380001,MSFT,99.72091958452687,98.80255166179106,100.18891416853589,99.0416701333171,61780032
2022-02-23 18:49:40.380001,MSFT,99.0783218318958,99.60397179580286,99.94381975642641,98.2287310870003,103582058
2022-02-24 18:49:40.380001,MSFT,103.51174459584807,103.21719961375699,105.15144883828813,102.91517020898723,169445239
2022-02-25 18:49:40.380001,MSFT,110.72106720592309,109.77307335761958,111.80114447859188,109.14690817464026,174406514
2022-02-28 18:49:40.380001,MSFT,106.77631148367293,105.90195662574638,107.76641458859596,105.27184230903957,165155853
2022-03-01 18:49:40.380001,MSFT,109.69029064271864,109.17638098969081,111.75227936343762,108.49994568784251,138198177
2022-03-02 18:49:40.380001,MSFT,102.95497683195606,103.90633328490937,103.66934675107312,101.92373450197881,117120239
2022-03-03 18:49:40.380001,MSFT,98.43594447250247,99.20354119611436,99.70435684143006,97.7718155084011,86471783
2022-03-04 18:49:40.380001,MSFT,93.1090319936487,93.0332841132321,93.92316638648887,92.37599457767774,189465943
2022-03-07 18:49:40.380001,MSFT,90.17065046442183,89.34520639284094,91.1319218050479,88.92463064432312,157340057
2022-03-08 18:49:40.380001,MSFT,90.09447273081275,90.51442670478164,90.17810426109662,89.51873241196378,85805105
2022-03-09 18:49:40.380001,MSFT,94.57893069391737,94.43218239190891,95.98426364635375,93.59586060413723,165160854
2022-03-10 18:49:40.380001,MSFT,94.98059425633127,95.18799960577903,95.03822379938508,93.21672483863775,117078171
2022-03-11 18:49:40.380001,MSFT,92.58497951037018,93.1653649192127,92.67130162624643,91.80178514445147,95544993
2022-03-14 18:49:40.380001,MSFT,96.27916821803865,95.48950333475814,96.8888848853308,95.42954338294493,194251252
2022-03-15 18:49:40.380001,MSFT,95.3573973226419,94.557894915061,96.9154274415593,94.47115547844082,116931592
2022-03-16 18:49:40.380001,MSFT,103.4198978481679,103.08614664821957,104.89823196518523,101.82687025219329,93463098
2022-03-17 18:49:40.380001,MSFT,98.41310545020633,99.05394599150458,98.58513620076835,96.48992885580688,154455062
2022-03-18 18:49:40.380001,MSFT,108.54666057992947,109.21441231954897,108.84423670069673,106.59981957192088,178954473
2022-03-21 18:49:40.380001,MSFT,110.22752142821926,111.2510467796312,110.3561813604918,108.60985086453073,135644391
2022-03-22 18:49:40.380001,MSFT,108.96047138394675,108.3500512359458,108.97059073724277,108.82195094299962,81026204
2022-03-23 18:49:40.380001,MSFT,101.93252363558997,102.78731686557339,102.14639361424219,101.45028701818515,107188764
2022-03-24 18:49:40.380001,MSFT,106.52705267118526,107.00097556894018,106.88103004904434,104.72138554963226,50519864
2022-03-25 18:49:40.380001,MSFT,110.17493434603983,110.22947066433144,111.37397817884019,109.67379203096007,112790431
2022-03-28 18:49:40.380001,MSFT,114.27135376626639,115.29489646043658,114.88380169763366,112.3260442933731,157016542
2022-03-29 18:49:40.380001,MSFT,116.65249405002774,117.16176751622989,118.38608821001455,114.77334536774684,140285264
2022-03-30 18:49:40.380001,MSFT,114.17001768595493,114.33886611877585,115.30098436243892,112.43343609864729,179359680
2022-03-31 18:49:40.380001,MSFT,113.87592170015296,114.56960328711511,114.43180499498003,112.68769099234535,80767439
2022-04-01 18:49:40.380001,MSFT,102.12069473590047,101.62234753350751,103.57753478863981,100.88939604296824,169759350
2022-04-04 18:49:40.380001,MSFT,95.98152854486464,96.38012551716932,96.25826773446202,94.27929649033506,184472093
2022-04-05 18:49:40.380001,MSFT,100.98067645288313,101.9803961058046,102.54642458357166,100.29981954557573,148667423
2022-04-06 18:49:40.380001,MSFT,92.97207985643962,93.08496807666404,93.15057426496132,91.3648884122865,79066979
2022-04-07 18:49:40.380001,MSFT,100.82684699690103,100.41665724339386,102.06902405108444,99.23990855592263,103580232
2022-04-08 18:49:40.380001,MSFT,106.51287072028241,106.8239672183754,107.37251974961177,105.07446535895328,178042282
2022-04-11 18:49:40.380001,MSFT,100.71127741785998,101.45059851945531,100.89282155020403,99.22986852157536,153315536
2022-04-12 18:49:40.380001,MSFT,104.77197426031658,105.56451509391835,105.23678079641674,104.66878422355552,106894757
2022-04-13 18:49:40.380001,MSFT,106.9605709326052,107.81020371451426,108.762496277411,105.34297990650008,149254072
2022-04-14 18:49:40.380001,MSFT,103.8416047292989,103.75535769079313,105.13498963942578,102.45180180589415,185098594
2022-04-15 18:49:40.380001,MSFT,107.5376333530778,108.60899244259701,107.57017119765057,105.6502245559496,108356813
2022-04-18 18:49:40.380001,MSFT,105.38101642846702,105.6592668877056,105.38835319458656,105.26311405902756,164516269
2022-04-19 18:49:40.380001,MSFT,105.6320259365223,105.97937664466268,107.41722917998256,103.86259999116265,63058492
2022-04-20 18:49:40.380001,MSFT,107.67292047742872,107.04257470526284,107.73705120661018,106.88465608283771,127216347
2022-04-21 18:49:40.380001,MSFT,114.80330564588172,113.86618075827403,116.2758630963592,114.18057894272918,164208762
2022-04-22 18:49:40.380001,MSFT,112.66944858666947,112.72091023718045,113.34143775990283,110.59385794269,139788390
2022-04-25 18:49:40.380001,MSFT,115.00050181385265,114.23994139962534,116.24285399927415,114.28341639839606,57600171
2022-04-26 18:49:40.380001,MSFT,119.24915383102784,119.87410452480374,119.85960366547664,118.15611081634653,109774381
2022-04-27 18:49:40.380001,MSFT,120.19759093686535,119.33148655944179,120.61878892497674,119.54152607398377,131266101
2022-04-28 18:49:40.380001,MSFT,112.49695012930297,112.10071101945893,112.92564950266225,111.88100534686146,153742555
2022-04-29 18:49:40.380001,MSFT,110.6728974536355,110.08555295162286,111.0697111835504,109.49471115291634,116163743
2022-05-02 18:49:40.380001,MSFT,114.10354939100856,114.54563966536878,116.05377801240034,113.69466807816389,154666366
2022-05-03 18:49:40.380001,MSFT,121.15123124812236,121.43539538292002,121.70422544643883,119.0229944630222,86274463
2022-05-04 18:49:40.380001,MSFT,120.6583704509408,120.58406650528832,121.4966906520003,120.26753139778256,90312967
2022-05-05 18:49:40.380001,MSFT,122.09911498770157,121.5704376258678,124.2256826971612,121.25838177304085,186185769
2022-05-06 18:49:40.380001,MSFT,124.16931046282268,123.6819540004879,126.41236287443111,122.95011566665413,154010107
2022-05-09 18:49:40.380001,MSFT,123.75573484355536,124.47228372147887,124.43805433726213,121.66548393416741,84436678
2022-05-10 18:49:40.380001,MSFT,118.00626471065031,118.2410329354704,118.28807917901965,116.86800961401842,64444722
2022-05-11 18:49:40.380001,MSFT,118.34378462604903,117.86616326055265,120.46389304018726,116.50806055819956,148151911
2022-05-12 18:49:40.380001,MSFT,114.89727943531392,114.54769421436623,115.61584371128022,114.4562897972015,168772471
2022-05-13 18:49:40.380001,MSFT,116.00640570895396,115.28402147265918,117.6479915623162,114.8650647898215,61423289
2022-05-16 18:49:40.380001,MSFT,114.08834375477943,113.61664473419214,115.78419434471385,113.37594768846591,159313652
2022-05-17 18:49:40.380001,MSFT,120.21736289274243,119.70901337997202,120.34034012516031,120.0765027656037,150249317
2022-05-18 18:49:40.380001,MSFT,113.68599464633677,113.74035209171676,113.88835782940549,113.49655812200743,82422661
2022-05-19 18:49:40.380001,MSFT,112.78596070033973,113.47105177602327,115.03650947944087,111.98755803476772,123964521
2022-05-20 18:49:40.380001,MSFT,116.0207523651614,117.0739246807056,118.1610870455017,115.59753122166039,189573019
2022-05-23 18:49:40.380001,MSFT,116.50016406609929,117.13015391584526,118.67772188112474,115.29081035768681,166066222
2022-05-24 18:49:40.380001,MSFT,121.18751545678191,121.06766598815557,122.53444605041099,120.03705780558062,83089546
2022-05-25 18:49:40.380001,MSFT,115.11324462276784,114.28954869668075,116.24639230825008,114.97300174409709,188323764
2022-05-26 18:49:40.380001,MSFT,115.28397555973835,115.97532716145585,115.37820127767328,113.04757689564457,199901211
2022-05-27 18:49:40.380001,MSFT,110.4269449873313,109.39786241727901,110.6338893237577,109.03872423007262,84218326
2022-05-30 18:49:40.380001,MSFT,115.77277601287551,114.66365976245157,115.91269888241243,114.47056689433178,96259901
2022-05-31 18:49:40.380001,MSFT,113.79787617795732,113.44562515888545,113.907615991627,111.85274854796417,107104517
2022-06-01 18:49:40.380001,MSFT,111.52080080640056,111.83444695253252,111.76089228794902,109.80688451214124,178865670
2022-06-02 18:49:40.380001,MSFT,114.50341867184552,114.79279237886193,114.9371374752483,113.65641863107594,185699829
2022-06-03 18:49:40.380001,MSFT,110.73613482947609,110.94237695893499,112.49222005576506,110.55458808709713,110966713
2022-06-06 18:49:40.380001,MSFT,112.03732689189499,111.45742368493639,112.97660505259897,110.9703285786355,197110118
2022-06-07 18:49:40.380001,MSFT,109.96964278419834,110.47254936002003,111.38841227208431,108.5575463331481,103665148
2022-06-08 18:49:40.380001,MSFT,109.52506831387404,108.86878248530276,111.21835270624281,107.40900328193217,113312338
2022-06-09 18:49:40.380001,MSFT,109.09157401099651,109.1578385371663,110.19305946383518,108.99948834131384,108478546
2022-06-10 18:49:40.380001,MSFT,111.6670055958526,112.44340823603964,112.34002209285852,111.5849266835115,53400695
2022-06-13 18:49:40.380001,MSFT,112.22196034899125,111.80839606784691,112.35590683282489,110.0224925909728,196070070
2022-06-14 18:49:40.380001,MSFT,118.92150580401503,118.69389777979393,120.53500220837881,117.6748731821593,81929340
2022-06-15 18:49:40.380001,MSFT,111.06237592206699,110.88611187396842,112.90632008371956,110.867930963469,123918819
2022-06-16 18:49:40.380001,MSFT,114.32109812353636,115.17114217077965,114.52658083335102,114.29563800938959,55273377
2022-06-17 18:49:40.380001,MSFT,115.89540029292036,115.06927582222642,117.21987452224215,115.4011335800277,50828833
2022-06-20 18:49:40.380001,MSFT,118.04865259349194,117.13741106913622,118.90845644696566,115.83733468750768,99596105
2022-06-21 18:49:40.380001,MSFT,126.57049681734134,126.13141677459599,128.98326417659112,125.38919736255251,166748894
2022-06-22 18:49:40.380001,MSFT,120.98958002391069,121.31821463452877,122.20444975500762,120.14114421849118,56315858
2022-06-23 18:49:40.380001,MSFT,126.11468671037652,127.20199061100718,128.26711255093522,124.02202117954317,55124975
2022-06-24 18:49:40.380001,MSFT,130.8482790489361,130.3854127587219,131.71528358251197,128.27797648368906,163534391
2022-06-27 18:49:40.380001,MSFT,134.62148253679996,134.5733128723965,137.11169579996448,133.89556266363314,57386259
2022-06-28 18:49:40.380001,MSFT,129.627869337977,129.5062803348095,131.92442408407084,127.31530929742009,66549407
2022-06-29 18:49:40.380001,MSFT,132.64059185823834,132.65187662378003,135.12027440493307,131.1373160938901,106975814
2022-06-30 18:49:40.380001,MSFT,130.85152028300575,130.11224949074432,131.7105867826998,130.11862512300067,176896514
2022-07-01 18:49:40.380001,MSFT,126.55458555406993,125.63872169402579,127.32477057696688,126.33455327148052,54442926
2022-07-04 18:49:40.380001,MSFT,123.25240365201378,122.86224393199431,124.31704495833266,122.35497075650098,130080737
2022-07-05 18:49:40.380001,MSFT,126.10228766823599,125.22002416295477,127.67695631536972,124.3085564165785,191413607
2022-07-06 18:49:40.380001,MSFT,127.35770529336446,127.01950080885109,129.19032061753154,126.13307292469214,90936988
2022-07-07 18:49:40.380001,MSFT,139.06244025435757,138.96403935436052,141.64974419809772,137.55289104450623,177430691
2022-07-08 18:49:40.380001,MSFT,142.6937601772637,142.13236785068838,144.5322224227378,139.91240635580067,123015232
2022-07-11 18:49:40.380001,MSFT,137.0573102980422,135.74586610902998,138.48101348840913,136.8185953989443,178196577
2022-07-12 18:49:40.380001,MSFT,138.37095514344944,137.434012341981,140.12978025371964,137.38587321345622,90175823
2022-07-13 18:49:40.380001,MSFT,136.0582255365518,135.7771102496002,136.84141313723208,133.87337163213704,68765423
2022-07-14 18:49:40.380001,MSFT,135.89559709253177,135.01188939542305,138.29708379055745,133.5781876550881,125401870
2022-07-15 18:49:40.380001,MSFT,134.59592938471366,134.21815437099173,136.67098160279082,133.5702946103614,197204276
2022-07-18 18:49:40.380001,MSFT,134.0714104049012,133.07625050801528,136.48442328761942,131.77939375153898,127789702
2022-07-19 18:49:40.380001,MSFT,134.86829199384758,135.12916636525975,136.84826125416922,134.66519830334335,162119048
2022-07-20 18:49:40.380001,MSFT,133.7176711389168,134.0705692609044,135.5131096975542,131.08304381870857,130603299
2022-07-21 18:49:40.380001,MSFT,133.72095748749203,135.0263997842835,135.23972294183815,133.49223713016204,90586599
2022-07-22 18:49:40.380001,MSFT,134.73632467945006,134.5055595185204,136.53452392132021,134.70479830010737,151555347
2022-07-25 18:49:40.380001,MSFT,134.20288661739463,134.76280650539186,136.55411979550203,133.6372450701706,182800718
2022-07-26 18:49:40.380001,MSFT,140.70756607932088,139.34528973082345,141.94207649140654,137.89431341565782,90765838
2022-07-27 18:49:40.380001,MSFT,140.90820931393773,141.6734185355413,142.3984085731589,138.3109278330753,157822695
2022-07-28 18:49:40.380001,MSFT,142.09225443913613,141.4435555140993,142.82813649004473,140.46836620202131,136287916
2022-07-29 18:49:40.380001,MSFT,144.30220761883137,145.3516325288616,146.7702286782544,143.56296022199453,172801345
2022-08-01 18:49:40.380001,MSFT,149.06211115486295,147.71202295524714,150.02585063131895,146.74836529819035,81100806
2022-08-02 18:49:40.380001,MSFT,151.12205131711278,149.7215110378167,153.94824836729734,150.41471699557596,194081684
2022-08-03 18:49:40.380001,MSFT,142.96217028493288,142.93401622176236,143.13849444424432,141.6263248722706,80060094
2022-08-04 18:49:40.380001,MSFT,145.7324579402071,144.46631071343637,146.94394567564154,144.84744890204945,101429811
2022-08-05 18:49:40.380001,MSFT,148.24268615168018,149.47249629298327,148.6296162213784,147.83501764482685,137961027
2022-08-08 18:49:40.380001,MSFT,151.085893772951,151.87606528020228,153.58040093408337,150.43929893792293,57623271
2022-08-09 18:49:40.380001,MSFT,153.09385310924208,151.7438592247055,153.54527894424032,152.4379943243232,74973251
2022-08-10 18:49:40.380001,MSFT,153.83220756157928,154.08686534817213,154.7057763943192,151.4872069934421,175400470
2022-08-11 18:49:40.380001,MSFT,149.62117075487794,150.8385730074806,151.6484914750374,148.60581972055806,159284183
2022-08-12 18:49:40.380001,MSFT,151.4785176966764,152.8722881314961,152.09660357752185,151.32213853214847,54273291
2022-08-15 18:49:40.380001,MSFT,145.2192104420267,146.57997665127235,146.96125399262237,142.529437874974,152254898
2022-08-16 18:49:40.380001,MSFT,151.28238788775374,151.46527398104027,153.61023137279943,148.4976015845865,151896664
2022-08-17 18:49:40.380001,MSFT,150.02425650137062,148.7890675170093,150.44100413418946,149.0864513643438,60304501
2022-08-18 18:49:40.380001,MSFT,145.57841270829275,145.2874437422331,148.32391459225633,145.0759515683635,165959848
2022-08-19 18:49:40.380001,MSFT,146.21215931090575,144.76905807017846,148.75499504350185,143.81086031023574,125352346
2022-08-22 18:49:40.380001,MSFT,151.23042447310513,151.02155725233703,154.19934419887682,151.1777209758883,82052916
2022-08-23 18:49:40.380001,MSFT,152.8964991744697,153.89935918331315,153.52919428154007,152.84586813007067,197525237
2022-08-24 18:49:40.380001,MSFT,155.3561197606537,156.34223531296624,157.16445558789374,152.64650929678163,153271376
2022-08-25 18:49:40.380001,MSFT,151.6828488245961,150.2087613807775,152.29474516835612,149.48486814909177,106088194
2022-08-26 18:49:40.380001,MSFT,154.73974235460292,155.16537553885507,155.1546725301753,152.44719730380277,175682828
2022-08-29 18:49:40.380001,MSFT,158.0218418973306,156.70443486319817,159.37881943946238,156.2819315830072,101464094
2022-08-30 18:49:40.380001,MSFT,158.00103816589217,159.14735000239918,161.01392020742026,155.98270367165608,150844615
2022-08-31 18:49:40.380001,MSFT,160.9848522260033,162.52556957848978,163.10849373582153,160.3555583281411,88032840
2022-09-01 18:49:40.380001,MSFT,157.0337741519839,155.93816147385675,157.9920030651404,155.9322206395126,60542115
2022-09-02 18:49:40.380001,MSFT,159.4863594767612,160.60018168850394,159.92385338423134,156.65667309204287,95438601
2022-09-05 18:49:40.380001,MSFT,155.73954741181504,156.5256327792621,158.42973165355045,155.16868266267903,96569781
2022-09-06 18:49:40.380001,MSFT,159.78752474420978,158.50666798462942,162.08869923542713,157.39352808261864,131862280
2022-09-07 18:49:40.380001,MSFT,158.4117086121325,158.86306135594202,161.15523070155524,156.89479391424905,69564814
2022-09-08 18:49:40.380001,MSFT,166.97443528848802,165.7932604820896,169.08504274150695,166.16548353263065,56528609
2022-09-09 18:49:40.380001,MSFT,172.2803007783193,171.43133509547255,173.52817773450442,171.4933124807047,196662833
2022-09-12 18:49:40.380001,MSFT,170.3392534490161,171.81591136113133,170.84620013577148,167.94763809084597,160310043
2022-09-13 18:49:40.380001,MSFT,170.21264954596097,171.53713184959295,171.01770381406877,167.45836915885872,182833543
2022-09-14 18:49:40.380001,MSFT,170.67511845647613,171.9495193544421,171.00633537531783,169.3598314375284,165391808
2022-09-15 18:49:40.380001,MSFT,171.53495501172233,172.59203825945394,172.57914699967597,168.47402961094144,91452055
2022-09-16 18:49:40.380001,MSFT,175.2716490173422,175.15660672983805,175.96849006052065,173.39151319864075,121276827
2022-09-19 18:49:40.380001,MSFT,177.67347342543533,178.89413443917357,178.01947705790903,174.56531111717987,169728760
2022-09-20 18:49:40.380001,MSFT,182.3865098973042,182.16735070786095,185.65649094731288,178.88947634505408,131782971
2022-09-21 18:49:40.380001,MSFT,185.88128378123838,186.7144873554479,189.4273196195553,184.10202957426225,187318919
2022-09-22 18:49:40.380001,MSFT,181.39387613199133,183.02501934235895,182.5844672536786,180.24189565799045,139372836
2022-09-23 18:49:40.380001,MSFT,179.54154618237112,179.21731238070103,182.4342427200182,179.1801198370668,136522401
2022-09-26 18:49:40.380001,MSFT,181.31848954874258,181.94957647878104,183.21093437198454,179.6513775546813,186198400
2022-09-27 18:49:40.380001,MSFT,179.7542874638264,180.91023478931317,182.669615672572,176.16045008891297,176691567
2022-09-28 18:49:40.380001,MSFT,177.96799351212618,177.37937263700493,180.67033148291506,177.89375483477255,188874929
2022-09-29 18:49:40.380001,MSFT,181.62942849860758,182.69629070775846,182.6696590916905,181.15514651817912,97623446
2022-09-30 18:49:40.380001,MSFT,180.080140401488,181.09935201711133,181.98654371256757,179.19779650346476,148398729
2022-10-03 18:49:40.380001,MSFT,177.81322482616292,178.7676922809187,178.05184744453408,175.88647780604958,57426978
2022-10-04 18:49:40.380001,MSFT,182.87276185157438,182.28277963291285,184.31304868093193,180.03139131361633,78155835
2022-10-05 18:49:40.380001,MSFT,178.5121497352262,177.96393037659254,180.70115373912543,175.24161804228987,66242847
2022-10-06 18:49:40.380001,MSFT,176.9130891703011,177.77984057384407,178.06836588664518,176.23442541729113,68015988
2022-10-07 18:49:40.380001,MSFT,180.44422617788854,181.31219120767793,182.33234078311207,177.82778646208504,176988752
2022-10-10 18:49:40.380001,MSFT,176.47252869269045,175.59744525926618,177.37502294911766,175.41640325399,117547753
2022-10-11 18:49:40.380001,MSFT,176.90957150880865,177.18156536822482,180.08992331614766,176.55583980968487,196723125
2022-10-12 18:49:40.380001,MSFT,176.82264130832414,176.1998792090475,178.10428176320036,175.10834984456156,90064604
2022-10-13 18:49:40.380001,MSFT,181.20404672850472,181.538096114639,183.9552689318063,178.27917850782245,171178985
2022-10-14 18:49:40.380001,MSFT,176.56925936232716,177.1972485151757,176.6115183113273,175.9031504045736,55402308
2022-10-17 18:49:40.380001,MSFT,173.04601386019743,173.30825110720804,175.04093210144345,170.62745958190445,125514936
2022-10-18 18:49:40.380001,MSFT,169.99901702283057,169.08109642222803,171.3347136699315,169.81950922037868,142741050
2022-10-19 18:49:40.380001,MSFT,170.35917569063855,169.39038281958216,172.22479961818848,167.707515325413,63752791
2022-10-20 18:49:40.380001,MSFT,170.24811182074563,169.65391920448317,170.3590358030542,168.50485135684266,176291299
2022-10-21 18:49:40.380001,MSFT,172.35941554262524,171.60618892623748,174.51456280902516,169.64691647236742,155719784
2022-10-24 18:49:40.380001,MSFT,177.63304956563533,177.35456844493362,181.08425938534432,176.22793842108612,80248056
2022-10-25 18:49:40.380001,MSFT,182.63638387492176,183.07075592002747,184.85046336895877,181.7318589595615,143887819
2022-10-26 18:49:40.380001,MSFT,181.9331052680924,183.25619450220918,183.58305595732733,180.7073184084258,87144435
2022-10-27 18:49:40.380001,MSFT,177.0702790836818,177.3444656716079,177.6659050445015,174.95014334179626,82951096
2022-10-28 18:49:40.380001,MSFT,171.40455261335185,169.94508604204015,174.2197863096512,170.18884061304888,94736954
2022-10-31 18:49:40.380001,MSFT,167.23373166888905,168.4334853755397,170.0715385839796,166.58956931197727,144678678
2022-11-01 18:49:40.380001,MSFT,166.61155936463982,166.10879514992047,168.49557988365726,164.01124514234198,94024509
2022-11-02 18:49:40.380001,MSFT,173.9540534150951,175.52709827438787,174.59984283887533,173.43091379283865,96463005
2022-11-03 18:49:40.380001,MSFT,174.3279975224582,174.74707196155504,177.4462119804905,171.6819771422432,177763286
2022-11-04 18:49:40.380001,MSFT,176.0658547222288,174.4704271415831,178.01804966432562,175.85801572637624,131669703
2022-11-07 18:49:40.380001,MSFT,180.4838150226758,178.9560216189989,182.2330990303348,179.4956004232965,54506925
2022-11-08 18:49:40.380001,MSFT,177.54537599076392,177.9901379345872,180.980201130906,174.17977087131777,66561614
2022-11-09 18:49:40.380001,MSFT,176.43256770123492,175.35302547864006,179.0955706739695,174.63311107951884,136715856
2022-11-10 18:49:40.380001,MSFT,180.8417744869437,182.07711535713952,183.07590380261615,179.43436239052116,50761762
2022-11-11 18:49:40.380001,MSFT,176.8896525600011,177.1398705167504,177.12073849463005,176.84114885283614,66051769
2022-11-14 18:49:40.380001,MSFT,174.82959588491295,173.91324084608044,177.0625497320414,172.15550971003097,89997573
2022-11-15 18:49:40.380001,MSFT,179.11037620704084,179.2557615750896,179.1981660113899,175.59373444472737,88948974
2022-11-16 18:49:40.380001,MSFT,183.2104792550868,182.81912533368313,183.6825523053942,182.8768095481851,168908917
2022-11-17 18:49:40.380001,MSFT,189.50259082128818,188.8177211110717,189.62371024507564,186.2066860013547,144104190
2022-11-18 18:49:40.380001,MSFT,188.75281680033643,190.3815674300582,189.6450246045551,186.7973239850194,71712914
2022-11-21 18:49:40.380001,MSFT,190.6946212094246,189.59844015989407,192.40368356630324,187.56908104662787,148399370
2022-11-22 18:49:40.380001,MSFT,189.6362199100585,189.000270567578,192.68890178077473,188.76113706526544,143438806
2022-11-23 18:49:40.380001,MSFT,191.7871408768142,190.5693244343193,192.60825362609995,191.24134951555718,158743889
2022-11-24 18:49:40.380001,MSFT,191.88029960648274,193.673870008417,195.69543344701006,190.38538357358632,76126672
2022-11-25 18:49:40.380001,MSFT,191.85753604555447,191.6814820125277,193.1708195317562,189.03624694745503,194963679
2022-11-28 18:49:40.380001,MSFT,188.2445851215654,188.15697791297828,188.927955461965,185.30901238580523,67986159
2022-11-29 18:49:40.380001,MSFT,190.38587223508546,191.12540474148932,194.08202090971912,189.4561719160819,108480860
2022-11-30 18:49:40.380001,MSFT,185.9512763424841,187.6447958793609,187.7381984270552,183.02142768112793,111481843
2022-12-01 18:49:40.380001,MSFT,186.14626266263753,186.16259136577685,187.1659602663304,186.08514584337135,134728919
2022-12-02 18:49:40.380001,MSFT,192.51664950786574,193.10395791757827,195.000996693608,191.7870716827485,126533283
2022-12-05 18:49:40.380001,MSFT,191.33246051106875,193.1913258862669,193.7059130542489,189.00781193641026,59381645
2022-12-06 18:49:40.380001,MSFT,195.09879539770637,196.0387965337219,197.23460608676345,193.401269696818,167605640
2022-12-07 18:49:40.380001,MSFT,198.2608579196896,200.1111306487363,200.26280565784725,194.58025216327468,96707675
2022-12-08 18:49:40.380001,MSFT,194.81967897110837,193.52457381288175,197.44388593954034,193.45219384256148,58015062
2022-12-09 18:49:40.380001,MSFT,195.106270969477,194.97375506391265,196.9662485734206,193.93959509278088,179443351
2022-12-12 18:49:40.380001,MSFT,191.9692261739654,190.109056365424,195.33254439900668,190.50149421494598,85738837
2022-12-13 18:49:40.380001,MSFT,190.67570915638265,191.80465611624487,192.91110584768816,189.29278954167611,55794680
2022-12-14 18:49:40.380001,MSFT,195.13160190305368,195.1541863864222,196.5978398554788,191.29170019773602,79746128
2022-12-15 18:49:40.380001,MSFT,192.29570995001302,190.3973183752935,193.06845606766504,190.234871150046,102976925
2022-12-16 18:49:40.380001,MSFT,190.86073271673752,192.5962929803295,192.16656095300516,187.59036375504542,178199698
2022-12-19 18:49:40.380001,MSFT,193.20652295408777,193.00280177627846,194.02890105766105,190.73388834346164,60323704
2022-12-20 18:49:40.380001,MSFT,196.95140699441154,197.49640891333414,198.1235062648545,193.86902572814128,170862264
2022-12-21 18:49:40.380001,MSFT,199.21999761742268,201.13826195588717,201.00621793845764,196.77019028144372,93764662
2022-12-22 18:49:40.380001,MSFT,204.00545382784904,204.26018809619163,205.6618637306227,201.93376722834205,92897682
2022-12-23 18:49:40.380001,MSFT,200.05230200098438,201.60931461177236,200.63264783625633,196.53506444142346,72106010
2022-12-26 18:49:40.380001,MSFT,197.62555461271657,199.30817559104668,199.2050765026897,196.56294974867592,54036755
2022-12-27 18:49:40.380001,MSFT,198.24635982033053,197.9482783349445,199.48690303357478,196.82685331568464,167785085
2022-12-28 18:49:40.380001,MSFT,198.1293804496258,198.30821561604256,199.64690641431685,197.89402965294596,165917504
2022-12-29 18:49:40.380001,MSFT,201.29903250297272,200.5718902241192,204.64077561351476,200.11831653895936,110541740
2022-12-30 18:49:40.380001,MSFT,201.9384620854613,200.5484581775341,203.7510187625932,198.47370626384847,138292961
2023-01-02 18:49:40.380001,MSFT,201.05608076340255,202.18522391964194,204.62241954208864,197.18464237822454,65189298
2023-01-03 18:49:40.380001,MSFT,203.90153936690407,205.54553739062385,205.83752338501046,200.46974865603173,101971440
2023-01-04 18:49:40.380001,MSFT,209.52561822458208,210.94295452028527,213.21319854639282,206.7992318134256,142251114
2023-01-05 18:49:40.380001,MSFT,205.73681953668623,207.63517585991397,209.3358603596266,204.2117780743455,50959781
2023-01-06 18:49:40.380001,MSFT,204.2337206484296,204.74902654862953,204.43102476438324,202.951141724395,94480590
2023-01-09 18:49:40.380001,MSFT,203.39826597969747,204.03212806229314,203.96739135144847,203.2503569538788,146423493
2023-01-10 18:49:40.380001,MSFT,204.15446253989896,205.36280010979502,204.2488252602687,200.75674065220866,198102478
2023-01-11 18:49:40.380001,MSFT,211.14462535095575,211.28759983865297,212.98382540170024,207.51956050125966,61971472
2023-01-12 18:49:40.380001,MSFT,216.41168953626513,214.33000486565095,217.77121720302637,212.1904073065246,76908842
2023-01-13 18:49:40.380001,MSFT,213.5401382693605,215.31273672643366,213.5487692258618,210.682392772984,56943373
2023-01-16 18:49:40.380001,MSFT,209.5436678227785,210.0245656045983,211.5748176096245,207.71825932502773,98666537
2023-01-17 18:49:40.380001,MSFT,202.90878255955627,203.0315127736981,206.75091052456497,199.3389302866913,53176061
2023-01-18 18:49:40.380001,MSFT,202.09556502679015,202.6774595732645,204.00062486448297,201.4113277836299,193533353
2023-01-19 18:49:40.380001,MSFT,200.75494818303144,199.1107286082631,201.88591193981762,200.18456691132567,158860618
2023-01-20 18:49:40.380001,MSFT,197.1014361448442,196.36341049203537,200.14800040613784,197.09005330287115,119916425
2023-01-23 18:49:40.380001,MSFT,193.89275803411633,192.62704079544216,195.27196937842194,192.54181967778297,59856356
2023-01-24 18:49:40.380001,MSFT,197.14154442246522,196.97020518888255,198.4886329712634,194.99385900147703,68979491
2023-01-25 18:49:40.380001,MSFT,193.28362674297378,194.21159397238597,194.94132358832715,190.61223172309764,76551531
2023-01-26 18:49:40.380001,MSFT,189.1603137208248,187.40946431994436,192.84228350443001,187.89414348286186,151809593
2023-01-27 18:49:40.380001,MSFT,181.5366726665022,182.04921764820813,182.28513264430995,178.61411224031974,142992362
2023-01-30 18:49:40.380001,MSFT,184.165963943457,182.64415194315922,184.77719627543652,181.0890971970034,180767475
2023-01-31 18:49:40.380001,MSFT,183.02327467662144,184.66584237193715,186.49905292635455,180.4376842498929,153550644
2023-02-01 18:49:40.380001,MSFT,185.43200769537984,184.74055780171665,186.20293803673326,183.78275855005438,117078084
2023-02-02 18:49:40.380001,MSFT,191.2315780697761,191.50710705207933,191.25543894797522,187.88061024951156,60560330
2023-02-03 18:49:40.380001,MSFT,191.70863853124345,190.43006153428578,193.95189564844864,188.63769106860448,117226778
2023-02-06 18:49:40.380001,MSFT,190.76346865068362,189.8250639683034,192.1694931855923,190.30786144612313,125351619
2023-02-07 18:49:40.380001,MSFT,187.04734493437428,187.06994847847403,189.30685532308738,184.62062300285524,169934253
2023-02-08 18:49:40.380001,MSFT,190.19199733615685,190.89382515082207,193.98736093427146,188.12441045656945,115888016
2023-02-09 18:49:40.380001,MSFT,190.40532099658176,188.69237171380786,190.79016346995206,188.3184766082164,81685031
2023-02-10 18:49:40.380001,MSFT,189.20302526195235,189.78952109576977,191.4723745163069,185.72996230135942,61666238
2023-02-13 18:49:40.380001,MSFT,184.07809214315117,182.40084633275322,186.0011929810496,182.1961225757619,59412426
2023-02-14 18:49:40.380001,MSFT,188.58758209744613,190.3001538789607,189.92968154083079,187.53362719772602,173329078
2023-02-15 18:49:40.380001,MSFT,193.1460495815937,192.79094108473078,193.40993442404232,191.11613044051407,113973844
2023-02-16 18:49:40.380001,MSFT,193.87136126335704,192.392785399669,195.65223345693497,190.724636444824,156109847
2023-02-17 18:49:40.380001,MSFT,191.57485787098724,191.1436890233813,191.88017220372615,190.01657755657874,69336748
2023-02-20 18:49:40.380001,MSFT,185.54959590388586,187.24813316014752,185.77097470370404,185.18494449681896,92153095
2023-02-21 18:49:40.380001,MSFT,184.24755954276182,184.53996300398785,185.46459634154112,181.1501837057589,113164472
2023-02-22 18:49:40.380001,MSFT,184.25186433892793,184.7544753796676,187.2171319226548,180.74715642412954,85933788
2023-02-23 18:49:40.380001,MSFT,178.42832900778038,177.93677956196845,181.40917695685746,177.37386866609265,52632686
2023-02-24 18:49:40.380001,MSFT,183.04054258197309,181.4281581547628,183.9992373515947,182.63803807305698,80654555
2023-02-27 18:49:40.380001,MSFT,187.5160135035129,186.5027323924313,191.1504197530561,186.33030164161315,88913926
2023-02-28 18:49:40.380001,MSFT,187.78367798022953,186.9034109179345,188.92086307118637,187.37741057328512,135762886
2023-03-01 18:49:40.380001,MSFT,190.95267209562485,189.33264615071505,194.01692849885544,189.3934384520289,101347797
2023-03-02 18:49:40.380001,MSFT,186.08911246806082,186.43085071491802,188.83248652282842,186.0689652867116,168944938
2023-03-03 18:49:40.380001,MSFT,184.09141077467962,183.75097261550067,186.42024986326683,182.9925193030852,60865931
2023-03-06 18:49:40.380001,MSFT,185.75797295418903,185.52906585976638,187.4297331169026,185.50735046233993,167540438
2023-03-07 18:49:40.380001,MSFT,185.83915095668104,185.77775392433296,187.9354145554902,184.66857295862584,171635874
2023-03-08 18:49:40.380001,MSFT,185.91050078360425,184.66661002735984,186.50279621754493,182.35900986835517,143419089
2023-03-09 18:49:40.380001,MSFT,186.35195263488473,187.53676062811962,186.72300912904814,184.72319439847914,54921957
2023-03-10 18:49:40.380001,MSFT,184.04627868334106,185.22305884654335,185.13523159273512,183.68301264556095,132240369
2023-03-13 18:49:40.380001,MSFT,186.5336856768223,185.73176709668522,189.70123253718026,183.52326337006062,75865382
2023-03-14 18:49:40.380001,MSFT,188.6660841394041,188.21420274198687,192.09100425416625,185.958909067741,161737916
2023-03-15 18:49:40.380001,MSFT,185.7423201544501,185.48344268164925,187.13525171421662,183.55267420258338,69360900
2023-03-16 18:49:40.380001,MSFT,185.12975765790083,185.8425512844123,188.15705020918494,184.97810090844578,156229198
2023-03-17 18:49:40.380001,MSFT,192.6431052446762,194.1562730209703,194.67352434610913,192.52139231835852,78787727
2023-03-20 18:49:40.380001,MSFT,198.47747971719332,198.33312349100953,199.07447747338998,196.7394647156155,171230429
2023-03-21 18:49:40.380001,MSFT,189.95204546563775,190.03756156980646,191.06620760557115,189.65412420253182,100999945
2023-03-22 18:49:40.380001,MSFT,186.2968764481789,186.72713271292938,187.96906075698794,183.69758966180626,161014475
2023-03-23 18:49:40.380001,MSFT,183.91804650358236,183.30093646995874,184.6076191158366,182.31988253437825,195826417
2023-03-24 18:49:40.380001,MSFT,182.1471355489897,180.87669925041055,184.44184912217938,180.42839456356137,163686056
2023-03-27 18:49:40.380001,MSFT,180.58592707587638,182.1178649065528,184.1040350255874,178.00938364403237,152429487
2023-03-28 18:49:40.380001,MSFT,181.8027366430018,182.73360881165297,183.77443406743413,180.97401677123273,197823267
2023-03-29 18:49:40.380001,MSFT,182.37489116339967,181.72005237207995,184.44315200525605,179.89814193244928,146422206
2023-03-30 18:49:40.380001,MSFT,178.86913562844097,180.5148200945588,179.55643356945419,178.63823980677105,194147015
2023-03-31 18:49:40.380001,MSFT,177.97199401892567,179.63149167859459,181.03391881683817,176.67325934052457,120844884
2023-04-03 18:49:40.380001,MSFT,171.89721232675532,173.21681052740834,172.7465474622879,168.63052835876496,153984327
2023-04-04 18:49:40.380001,MSFT,171.0670776903667,172.25369259148874,173.41899765036695,168.4970364498051,136430119
2023-04-05 18:49:40.380001,MSFT,172.3656497728169,172.9767647887791,172.71306908917927,170.58071114902444,171512605
2023-04-06 18:49:40.380001,MSFT,173.36767244134973,173.08863022147617,176.40740997735733,171.10719284067366,69400910
2023-04-07 18:49:40.380001,MSFT,175.88578771213568,175.58794064547422,177.3954571730397,174.58999305006904,120634358
2023-04-10 18:49:40.380001,MSFT,178.96653762050494,180.68367645341775,179.39180646968225,177.81528114617052,68868444
2023-04-11 18:49:40.380001,MSFT,177.60314841661344,177.56324849557055,178.7182715758457,176.68095827568823,135137514
2023-04-12 18:49:40.380001,MSFT,184.12715378326484,184.1220771349562,187.37286976795798,183.21442115331212,67636279
2023-04-13 18:49:40.380001,MSFT,181.520496778861,180.7101842859421,184.69620819718511,179.41497966992603,195207441
2023-04-14 18:49:40.380001,MSFT,175.71171373661414,174.35241568963244,178.58061772047017,175.17721580322151,134419048
2023-04-17 18:49:40.380001,MSFT,174.05659404260226,175.49503896301349,176.65151065153162,171.32579876415224,104440874
2023-04-18 18:49:40.380001,MSFT,175.0751111604412,175.0850383962568,175.97399843630114,174.08411740097785,195466010
2023-04-19 18:49:40.380001,MSFT,178.5501536585001,179.1893603510205,179.8668322977012,175.33497448694098,57431407
2023-04-20 18:49:40.380001,MSFT,178.58575814672614,176.84168336340156,181.8269030868957,177.9390608178767,135014067
2023-04-21 18:49:40.380001,MSFT,173.59170859923603,174.09385361892697,176.61630273643476,170.93150308652523,171562151
2023-04-24 18:49:40.380001,MSFT,174.97627364922258,175.7635060948728,176.36937345325308,172.55915477661475,59780555
2023-04-25 18:49:40.380001,MSFT,174.90843069615957,173.60582740298838,177.17763797095202,173.3287824551075,151356042
2023-04-26 18:49:40.380001,MSFT,173.6008755857281,173.44995100818997,174.85007632188658,170.95182307601718,95039716
2023-04-27 18:49:40.380001,MSFT,172.66709806563128,172.56004421811767,172.72953836994196,171.18001161921464,85634215
2023-04-28 18:49:40.380001,MSFT,173.2877767460792,172.1563378933762,176.46877220190416,170.38209023625438,171583264
2023-05-01 18:49:40.380001,MSFT,166.21221776372064,166.8234071593674,166.50642665959435,162.972233410538,86860562
2023-05-02 18:49:40.380001,MSFT,171.03781761674819,171.71046539009657,172.97743834406464,169.90736056266417,88556110
2023-05-03 18:49:40.380001,MSFT,167.32580517662723,168.301059550839,169.00636118385833,164.69821007904252,138683178
2023-05-04 18:49:40.380001,MSFT,166.13827800120083,165.1918528383295,166.504583594958,162.8450620814495,80552685
2023-05-05 18:49:40.380001,MSFT,169.27248508397315,170.70452903242347,169.45844320742503,168.01887553147841,176216259
2023-05-08 18:49:40.380001,MSFT,169.19129902277865,169.63884386503776,169.35637529348304,167.49617500162125,86554135
2023-05-09 18:49:40.380001,MSFT,168.8792576174393,170.15742810426394,170.29868092503148,166.39060759657602,198268575
2023-05-10 18:49:40.380001,MSFT,167.90654274799252,166.61870276754937,169.25822511178112,166.91773155171012,100233385
2023-05-11 18:49:40.380001,MSFT,171.8601179323896,170.76054799763506,173.8285375203525,169.28144902405617,66560872
2023-05-12 18:49:40.380001,MSFT,177.49348846533468,177.73149071590737,178.14046933594662,174.19133294166662,68253154
2023-05-15 18:49:40.380001,MSFT,175.44030874014368,173.7861053824624,177.10731206071478,174.24129076008558,105264496
2023-05-16 18:49:40.380001,MSFT,176.18400912888882,177.1409607724871,178.69351914597323,173.6880143467783,131749634
2023-05-17 18:49:40.380001,MSFT,181.43995675108215,180.3793489860841,182.6207058661718,178.18639309416858,94181508
2023-05-18 18:49:40.380001,MSFT,177.5202219103772,178.77223867130618,178.81487309207944,174.54188560874482,83836389
2023-05-19 18:49:40.380001,MSFT,181.31290594754643,180.72871095096494,184.22469536686035,179.12826920852763,88356335
2023-05-22 18:49:40.380001,MSFT,182.5174596931241,183.62670625335315,183.19953101356109,179.29920508044577,86517331
2023-05-23 18:49:40.380001,MSFT,185.3957330221347,184.3566972979897,187.83243317146028,183.32818559021615,158423299
2023-05-24 18:49:40.380001,MSFT,188.45579029201681,189.21432538674526,188.8152203137778,187.83192598608807,137245198
2023-05-25 18:49:40.380001,MSFT,189.74878978794848,188.025067873007,190.74742138613465,187.32665265779065,175103353
2023-05-26 18:49:40.380001,MSFT,187.65235542036118,187.01769610164936,190.77746587353587,184.99622071325965,128035604
2023-05-29 18:49:40.380001,MSFT,189.04656237757465,188.66324462361086,191.60292542243062,185.45755076045123,186075905
2023-05-30 18:49:40.380001,MSFT,190.29533265859183,191.66014921892958,191.00005020101398,188.695314674009,99713683
2023-05-31 18:49:40.380001,MSFT,190.7405464167652,191.20020539153683,192.22966362405603,187.86239556429692,59412456
2023-06-01 18:49:40.380001,MSFT,188.29479881337022,186.55528723534167,191.9480815330901,187.68986593168825,88407829
2023-06-02 18:49:40.380001,MSFT,185.79550935314242,185.85396794739512,189.19444124391114,185.64327719910966,85610137
2023-06-05 18:49:40.380001,MSFT,191.1825903978608,190.9354406844247,194.0901406851463,187.4305675950499,130615446
2023-06-06 18:49:40.380001,MSFT,198.10266290380653,196.58743369974403,201.52178873697315,196.98064494754607,175177402
2023-06-07 18:49:40.380001,MSFT,195.16631538206826,194.30216310679947,195.36030647685078,193.56401524988814,187846269
2023-06-08 18:49:40.380001,MSFT,194.78587742802887,194.2256337334855,197.1034239651735,191.69234324243925,62611391
2023-06-09 18:49:40.380001,MSFT,197.7281686224577,197.1825165476906,198.17770076192156,194.69753942477686,97444240
2023-06-12 18:49:40.380001,MSFT,198.94960165248426,197.7617211970208,199.41126329473195,195.98040855139868,137238157
2023-06-13 18:49:40.380001,MSFT,198.33849936955747,199.1096136150874,199.94188840460487,197.62836414758362,90916740
2023-06-14 18:49:40.380001,MSFT,197.79252198728662,196.05334589886522,199.1795069800646,195.56977015085045,174591386
2023-06-15 18:49:40.380001,MSFT,195.1302584201296,193.6934319021222,195.51124738288715,191.57239430441106,60121887
2023-06-16 18:49:40.380001,MSFT,191.4221001149319,193.02439491787112,191.86549620223462,190.01588133079395,64138509
2023-06-19 18:49:40.380001,MSFT,194.77461374560923,194.02512959688175,197.55653815616247,191.32980983953254,65435720
2023-06-20 18:49:40.380001,MSFT,195.90560216609515,196.64956078711222,199.36420073919678,195.5559502243753,104089067
2023-06-21 18:49:40.380001,MSFT,196.79938441144384,198.08696307166488,198.81631399520685,194.5630546831324,90450648
2023-06-22 18:49:40.380001,MSFT,198.6665083209372,199.4977805055016,199.60778823414628,194.8701140754556,129438404
2023-06-23 18:49:40.380001,MSFT,195.073339260179,194.12750084132043,197.13054147334097,192.58289188795783,53869981
2023-06-26 18:49:40.380001,MSFT,197.98678468243912,198.49958454774386,201.33550923652123,197.05692500455902,196059811
2023-06-27 18:49:40.380001,MSFT,202.0301858754358,202.31986172412928,205.8484512998472,200.9209574527256,105810564
2023-06-28 18:49:40.380001,MSFT,204.41701445767046,206.21370796867862,204.6661779803198,202.66322017656918,126600218
2023-06-29 18:49:40.380001,MSFT,206.04263513028064,204.09153076218502,207.68750926512163,204.3118674287869,114474740
2023-06-30 18:49:40.380001,MSFT,204.72562492249997,204.38840710162643,205.17675181500715,201.74979187843402,194711557
2023-07-03 18:49:40.380001,MSFT,204.66161194222823,206.47087202468413,206.4108385350994,200.69805324948,118217045
2023-07-04 18:49:40.380001,MSFT,203.09743730975913,202.94053241322126,205.2067550311006,199.90983305065225,85352855
2023-07-05 18:49:40.380001,MSFT,201.65130181870697,203.61965839848227,204.90167452059507,201.57523266199925,190389091
2023-07-06 18:49:40.380001,MSFT,199.33226561136064,200.15675521576603,199.9725000252093,198.64480650958663,132785133
2023-07-07 18:49:40.380001,MSFT,201.91361110014768,201.14152327802844,203.9682170416256,201.23569145268397,78422045
2023-07-10 18:49:40.380001,MSFT,204.28510482839786,206.28153919625296,206.22936389205344,202.0369904355508,130970532
2023-07-11 18:49:40.380001,MSFT,206.99932233406298,207.234097514391,210.3217943948518,205.38090780753728,162779264
2023-07-12 18:49:40.380001,MSFT,214.62947469165212,212.54717174910405,218.84155514879657,211.7984198022919,89511650
2023-07-13 18:49:40.380001,MSFT,214.9010161090131,216.6538926484401,216.08604438199785,214.0613498003391,87668435
2023-07-14 18:49:40.380001,MSFT,217.49729274185066,216.918266496282,218.71540105992096,214.68294314384002,133118213
2023-07-17 18:49:40.380001,MSFT,219.94320910969304,220.75866315455568,221.2789532445165,216.2080886388955,57518692
2023-07-18 18:49:40.380001,MSFT,210.3160169458582,210.67674678493898,211.7854642198368,207.20876681132333,172517843
2023-07-19 18:49:40.380001,MSFT,203.45650020560885,204.34469822747388,204.86077604226915,202.29075139931194,73428026
2023-07-20 18:49:40.380001,MSFT,203.39643189635754,204.51741309264105,204.48149904516274,200.89841951751126,103223270
2023-07-21 18:49:40.380001,MSFT,200.2654912851801,202.26635687716558,201.48496948088416,200.0121381914636,117060940
2023-07-24 18:49:40.380001,MSFT,197.20047553671313,198.07999360833685,200.26502691282028,195.8387183928632,193502482
2023-07-25 18:49:40.380001,MSFT,193.72771311583844,195.61195322276663,195.1705756370497,193.02303545549543,178334162
2023-07-26 18:49:40.380001,MSFT,196.4311569228393,194.58038557649868,196.97921033851296,195.75541103700837,80674377
2023-07-27 18:49:40.380001,MSFT,197.49673633776115,198.69178252630144,198.03450278499523,196.52932830380203,122678523
2023-07-28 18:49:40.380001,MSFT,198.36164469972292,200.08956905414394,199.0117476500985,197.52116321128372,64811000
2023-07-31 18:49:40.380001,MSFT,200.24681149797934,199.7814364078381,203.51036336405448,197.1239240923184,64752279
2023-08-01 18:49:40.380001,MSFT,194.39101563546862,194.33422290393415,195.09578148449307,191.26174203046781,182942577
2023-08-02 18:49:40.380001,MSFT,198.78162387612332,196.94450547285433,201.6228397172971,195.9934022106315,73096454
2023-08-03 18:49:40.380001,MSFT,195.6244347533139,194.54925723890415,197.5366024838468,191.83329520829966,111159941
2023-08-04 18:49:40.380001,MSFT,197.64609290206,196.64707081150252,198.04584815629536,193.8557528975952,127439235
2023-08-07 18:49:40.380001,MSFT,194.2065114630837,195.32541850804398,196.6166500662616,192.27603408741996,115127721
2023-08-08 18:49:40.380001,MSFT,198.25988789055663,199.40193492646765,200.22633602953155,195.99086634083253,75365366
2023-08-09 18:49:40.380001,MSFT,197.61310870353785,195.9193189324021,200.18309088882515,196.98527714952064,59771426
2023-08-10 18:49:40.380001,MSFT,201.82113226104286,203.50382190474957,203.59280993622065,199.357748396829,157009310
2023-08-11 18:49:40.380001,MSFT,200.73063923519996,202.66334053558737,204.44517728714106,198.75056287206579,80246872
2023-08-14 18:49:40.380001,MSFT,202.11005281731445,203.89279383458202,205.91029426238603,201.4940990175106,102791285
2023-08-15 18:49:40.380001,MSFT,200.05782013564183,200.59288155335295,203.05110921266487,196.63694126427018,139872748
2023-08-16 18:49:40.380001,MSFT,198.53493492432864,200.09098895880635,200.89925524494112,197.22663350315463,159156825
2023-08-17 18:49:40.380001,MSFT,196.19150179009773,196.44961757406716,197.5046494098761,194.2390142633308,141902696
2023-08-18 18:49:40.380001,MSFT,194.48703703324995,195.51895418590885,197.5950119068234,191.97767345290265,63288650
2023-08-21 18:49:40.380001,MSFT,193.56106646801368,191.9996286322256,194.40218579537785,192.06752286822527,169882102
2023-08-22 18:49:40.380001,MSFT,197.05178217563812,198.97683695510625,197.82670972489242,196.15780299144504,144459476
2023-08-23 18:49:40.380001,MSFT,198.72323664560892,197.77961522478887,199.8365981063487,195.38816612059696,179648890
2023-08-24 18:49:40.380001,MSFT,194.92474887184278,196.28038201915868,195.86048733886116,192.66187446613048,119950462
2023-08-25 18:49:40.380001,MSFT,201.16607595135946,199.58301905617415,202.74863636425061,198.21125508542795,112565392
2023-08-28 18:49:40.380001,MSFT,195.14117372686903,195.94842418457637,195.5782332034461,191.2947007632735,90074137
2023-08-29 18:49:40.380001,MSFT,197.25429230362366,195.39466458110093,199.30005666544423,195.77583228964846,149216761
2023-08-30 18:49:40.380001,MSFT,196.0688014910686,195.96652464748558,199.3293437974264,192.75622183991524,123068555
2023-08-31 18:49:40.380001,MSFT,201.39794370657222,199.65667535140466,202.31384520090447,198.14746532554557,121757851
2023-09-01 18:49:40.380001,MSFT,203.7407548389571,203.51465331501385,205.16219229666333,199.92662051549038,196515289
2023-09-04 18:49:40.380001,MSFT,200.456020368317,199.2438603175243,204.40379181962516,196.47010962572418,78584436
2023-09-05 18:49:40.380001,MSFT,204.74952283859142,203.2237891024982,207.08208164365132,203.42119644753623,183238642
2023-09-06 18:49:40.380001,MSFT,198.1148373656231,197.61426739266932,200.0429495761992,197.0242929664289,116959632
2023-09-07 18:49:40.380001,MSFT,201.28918303594634,202.53920420761366,202.95345528993883,197.59999301972667,65154221
2023-09-08 18:49:40.380001,MSFT,200.24434703407164,200.7113010835162,202.15844361268267,197.21347684544506,180379864
2023-09-11 18:49:40.380001,MSFT,195.49970888398013,196.75842870219395,199.117667073269,195.09391297322927,76887569
2023-09-12 18:49:40.380001,MSFT,198.7745404460152,199.55646321938897,199.51582330352605,197.26407177951904,134031510
2023-09-13 18:49:40.380001,MSFT,202.8131753232721,201.31313646075125,205.19819412026328,200.69977348113696,168925522
2023-09-14 18:49:40.380001,MSFT,203.62420332195214,205.48208023570186,206.57751661385308,200.18203256433566,80625128
2023-09-15 18:49:40.380001,MSFT,204.01472910846041,204.6427677945334,206.8733043047385,202.31402429137822,164218734
2023-09-18 18:49:40.380001,MSFT,204.0022836634483,205.2339935997689,204.66716937719704,203.6299755098054,127826918
2023-09-19 18:49:40.380001,MSFT,200.4676235881425,200.78225966151408,203.39750043917556,199.18332953210626,192947210
2023-09-20 18:49:40.380001,MSFT,201.6347685427575,200.26551734368078,205.51730134072702,200.25957405190763,74112853
2023-09-21 18:49:40.380001,MSFT,194.0849832669627,195.38289108288646,195.99409203603952,190.6603623760475,198834296
2023-09-22 18:49:40.380001,MSFT,185.0262080036236,184.5214376054566,186.490482101868,183.16859883174058,55121982
2023-09-25 18:49:40.380001,MSFT,189.8675267046901,190.66935106191755,193.6148546605342,187.40198148769136,151793781
2023-09-26 18:49:40.380001,MSFT,191.36265988678275,191.0862610164924,194.2335385451621,190.0712593192935,51155852
2023-09-27 18:49:40.380001,MSFT,189.76420719060542,189.43585651000348,192.74388870703675,189.24208552520307,71897511
2023-09-28 18:49:40.380001,MSFT,188.1036882219015,188.15189915807355,188.6872227373538,187.13782932626034,177586990
2023-09-29 18:49:40.380001,MSFT,191.87820313451562,190.05277904885148,192.67040593391147,190.7048446242548,134543306
2023-10-02 18:49:40.380001,MSFT,192.2532537458369,193.43650656509573,195.647839944764,191.3580240054651,119190666
2023-10-03 18:49:40.380001,MSFT,190.72732849287144,189.57720533463558,191.9913752849266,188.32219647496473,69664940
2023-10-04 18:49:40.380001,MSFT,186.58770377735902,187.34411466180296,188.10770869252673,184.48472098581257,168404931
2023-10-05 18:49:40.380001,MSFT,190.14581492019727,191.4166433269331,190.6927430045853,188.55472790389922,143112074
2023-10-06 18:49:40.380001,MSFT,180.60362625996655,181.34077112467494,182.03839768358532,177.6034855206524,130111177
2023-10-09 18:49:40.380001,MSFT,177.86174732977875,178.60393420081192,179.2153761382767,176.5115410009448,153727581
2023-10-10 18:49:40.380001,MSFT,172.8422285838042,174.43712417827751,172.91390103130257,171.98099538357445,94617323
2023-10-11 18:49:40.380001,MSFT,172.31620501322882,173.44562390796037,174.1564383556458,169.43606933156255,124884036
2023-10-12 18:49:40.380001,MSFT,176.10185296251242,175.62188878247997,179.40319135279057,175.2943226479364,101656526
2023-10-13 18:49:40.380001,MSFT,173.3375874488887,173.27381044821408,174.68109306903648,170.2738983759441,129737091
2023-10-16 18:49:40.380001,MSFT,172.55075150329668,170.84096090498463,174.51126420989394,171.16898259606793,141630814
2023-10-17 18:49:40.380001,MSFT,167.2166146586521,165.72058944011226,169.35870754175258,167.08784182435014,180143182
2023-10-18 18:49:40.380001,MSFT,166.98543450170726,167.11240334824387,167.80456050370762,166.48328966815419,70594005
2023-10-19 18:49:40.380001,MSFT,166.3857272727157,167.1674653050272,166.40461768928444,163.89454931203252,102747084
2023-10-20 18:49:40.380001,MSFT,164.54303812394656,164.93202794208267,167.23220251628285,161.4979585958609,163858841
2023-10-23 18:49:40.380001,MSFT,167.87518199216944,167.92388310860701,170.35822826058768,167.6979843703237,155614142
2023-10-24 18:49:40.380001,MSFT,167.87525036049325,168.9434157343959,170.013175360953,167.56782368473722,81432009
2023-10-25 18:49:40.380001,MSFT,166.74174884089055,166.21494713578065,169.81062073871294,165.35217962580901,61046032
2023-10-26 18:49:40.380001,MSFT,163.11589114559817,162.20195250404834,165.6025222477443,159.91408170909693,166644036
2023-10-27 18:49:40.380001,MSFT,161.40849729804486,160.08478048177201,162.40776361268385,159.87733650988488,169369387
2023-10-30 18:49:40.380001,MSFT,156.2939621188069,157.1823652661163,157.0727783233131,155.60140767346888,93438623
2023-10-31 18:49:40.380001,MSFT,159.67747507116368,161.09676099644787,161.502412182145,158.47669432623258,88381541
2023-11-01 18:49:40.380001,MSFT,159.88849590922902,158.87786124767737,159.906087046188,158.93448316305646,142706884
2023-11-02 18:49:40.380001,MSFT,161.091318237176,161.64590705700272,161.84224014109958,159.27495826440565,67644441
2023-11-03 18:49:40.380001,MSFT,160.31067255182785,159.42196591335207,160.57777982549806,158.47294817805505,143636519
2023-11-06 18:49:40.380001,MSFT,166.24224570500417,165.45857513418625,168.65343199585627,165.41952132801754,63780658
2023-11-07 18:49:40.380001,MSFT,160.49633340250054,159.86573342795285,163.53057685116485,159.0157212915493,149835860
2023-11-08 18:49:40.380001,MSFT,167.9630232011713,167.94501442820467,168.73007967485253,166.3180681585012,58712122
2023-11-09 18:49:40.380001,MSFT,165.0480872480931,163.71186518270488,167.40740144768566,162.57543842002113,123330522
2023-11-10 18:49:40.380001,MSFT,164.6236314423651,165.7687211697373,165.56730040055476,164.54215173421215,134594016
2023-11-13 18:49:40.380001,MSFT,166.54411381937578,165.9788134553192,167.16302117868366,163.32838794225373,115328952
2023-11-14 18:49:40.380001,MSFT,167.55724911196586,168.60977903464774,168.69664079900716,167.41405117947676,132754963
2023-11-15 18:49:40.380001,MSFT,170.95124021730987,172.42705222314962,171.0390824160135,168.12609489942574,184444757
2023-11-16 18:49:40.380001,MSFT,176.57841742630987,176.9269289606399,179.33692882405035,173.42183046063093,58290420
2023-11-17 18:49:40.380001,MSFT,177.57087442022592,178.5334406082733,179.78421120827966,174.22736136610152,60222023
2023-11-20 18:49:40.380001,MSFT,175.49392512286414,174.26558101278894,177.46119342468955,174.07085229397774,95709340
2023-11-21 18:49:40.380001,MSFT,180.74959616607524,180.41920377940647,183.77765982385168,177.51863751541717,82487173
2023-11-22 18:49:40.380001,MSFT,183.48553331989154,181.95929661476006,184.7430836399905,182.10669088720766,185324370
2023-11-23 18:49:40.380001,MSFT,189.0494321342386,187.96420059034594,192.0471943195805,186.09072402215182,172756623
2023-11-24 18:49:40.380001,MSFT,193.47673759062457,194.56480208705605,196.35114177034563,190.54456503519685,182553885
2023-11-27 18:49:40.380001,MSFT,190.64194461540725,189.77822419674922,192.68202760555232,189.9013382520403,104543787
2023-11-28 18:49:40.380001,MSFT,188.74166237582818,189.0403221865284,190.61157838475012,186.12149737709814,184850691
2023-11-29 18:49:40.380001,MSFT,189.76913025699542,191.64782708924687,191.889477606274,186.71266741269426,81748707
2023-11-30 18:49:40.380001,MSFT,188.22102872103272,189.8931244769934,190.70569949404094,187.9108896167746,163412025
2023-12-01 18:49:40.380001,MSFT,193.04193624844768,192.37727875314096,193.24653927806636,191.08741926662384,173187621
2023-12-04 18:49:40.380001,MSFT,189.27427663233172,190.86838655607707,190.15383720579536,187.6445271537363,107805918
2023-12-05 18:49:40.380001,MSFT,191.8576979770273,192.9544542207804,195.15318334699384,191.23268651178637,175064028
2023-12-06 18:49:40.380001,MSFT,194.88740033437105,194.42107116665287,197.65840661805498,191.56392853304374,195532123
2023-12-07 18:49:40.380001,MSFT,191.7066380589728,192.97520361360708,195.2701910260618,190.17293669907917,102264238
2023-12-08 18:49:40.380001,MSFT,200.76189609413714,200.2023598388789,204.58260769943817,198.0111594325068,176111149
2023-12-11 18:49:40.380001,MSFT,191.04031615855226,191.52980054055558,191.30441567265015,188.41521755147895,112232454
2023-12-12 18:49:40.380001,MSFT,187.09743994644282,185.60069679595554,187.51465515404738,186.53798043162854,143628780
2023-12-13 18:49:40.380001,MSFT,188.69403362702033,189.30731087233642,190.65711076681293,186.50120921598534,124759453
2023-12-14 18:49:40.380001,MSFT,189.41561334333508,187.7347457120132,191.56872193422393,188.04784246917075,140858277
2023-12-15 18:49:40.380001,MSFT,179.88106176566822,180.16449493692357,181.06091220828085,179.52476778557298,145493193
2023-12-18 18:49:40.380001,MSFT,177.47299672957152,179.0319555864563,180.00892938448118,174.07964012984635,190519958
2023-12-19 18:49:40.380001,MSFT,175.90947129411316,174.25580943807813,178.0207769348968,174.3883899969042,77730143
2023-12-20 18:49:40.380001,MSFT,171.44789675660414,172.23438301598173,172.07010697181704,168.6447498606549,70248341
2023-12-21 18:49:40.380001,MSFT,167.13334816807708,167.3982629848214,167.74102172356262,165.89833719569103,55524649
2023-12-22 18:49:40.380001,MSFT,168.76517970434762,168.6427731653595,171.41328693374427,165.56242935917146,84424003
2023-12-25 18:49:40.380001,MSFT,169.96175761278997,170.34637955362146,173.1628484266322,168.7110162485162,178745712
2023-12-26 18:49:40.380001,MSFT,159.3340686544869,160.4291802443004,161.64785732498362,157.076872090437,155150360
2023-12-27 18:49:40.380001,MSFT,160.77998896520566,161.28690851463963,161.72701876204178,159.306804391526,180534820
2023-12-28 18:49:40.380001,MSFT,158.47462244137427,158.30183115999566,158.49880187858062,156.9964689500496,133119332
2023-12-29 18:49:40.380001,MSFT,158.98990290909805,158.041443917152,160.82551571826613,156.826321160246,103223556
2024-01-01 18:49:40.380001,MSFT,156.40313609814987,156.14644269141417,158.17586485452108,156.10215650976062,123946023
2024-01-02 18:49:40.380001,MSFT,158.15101201822335,157.64603412716326,160.40312961389023,156.99897323052826,150258526
2024-01-03 18:49:40.380001,MSFT,155.5221154891132,154.81414385551156,157.11715167408113,154.97593839242037,131406479
2024-01-04 18:49:40.380001,MSFT,152.08793990171176,151.00525520988637,155.0677133580481,151.0692010510058,165716270
2024-01-05 18:49:40.380001,MSFT,154.00815374689876,155.31631980476914,154.52006171474497,151.71220333389147,157655986
2024-01-08 18:49:40.380001,MSFT,148.18990803350002,148.43016238127208,150.14008857042805,145.26457321826715,126843135
2024-01-09 18:49:40.380001,MSFT,150.80900484158306,150.09688881966332,151.27747902810057,150.36633129629465,95655269
2024-01-10 18:49:40.380001,MSFT,153.5029442147093,152.93265986508453,153.53266648687594,150.4406400975566,175955701
2024-01-11 18:49:40.380001,MSFT,154.63139296268338,154.6989197166041,157.56425905882338,153.07008062708735,178358646
2024-01-12 18:49:40.380001,MSFT,154.85152546708304,154.386451158123,155.60813355751176,154.10704290832896,100334401
2024-01-15 18:49:40.380001,MSFT,151.01371809333347,151.86867933042564,151.26029898174588,150.09873616836828,157336781
2024-01-16 18:49:40.380001,MSFT,157.04417471928784,157.88070814084165,159.7499986432644,156.9350361536257,173260449
2024-01-17 18:49:40.380001,MSFT,157.47771571820275,157.11504382373747,158.05718566729655,155.82406335152558,71154730
2024-01-18 18:49:40.380001,MSFT,154.87436167950264,154.11931999052075,156.91269668508372,154.01971931061482,55937830
2024-01-19 18:49:40.380001,MSFT,161.01663464352126,162.1990589679163,162.99150420631514,159.46420665302108,185144014
2024-01-22 18:49:40.380001,MSFT,159.37205746358111,160.03411909486812,160.46812090184278,159.1482296168121,157094492
2024-01-23 18:49:40.380001,MSFT,165.85109785875594,166.3009609389493,166.10954943426498,163.65779777419942,63920322
2024-01-24 18:49:40.380001,MSFT,171.4798049710942,170.35533496111546,174.88737093627952,170.80195128535632,177171401
2024-01-25 18:49:40.380001,MSFT,157.23325918719814,155.7308662143118,157.23717162053177,155.107338123542,191888572
2024-01-26 18:49:40.380001,MSFT,160.33338258296203,160.7728608159176,162.63614722180122,160.24270233106435,126409806
2024-01-29 18:49:40.380001,MSFT,155.9016127135481,157.02414534161736,157.18661028446442,153.08512174480327,70516467
2024-01-30 18:49:40.380001,MSFT,161.56801040439882,162.15194125315625,163.68508286099103,160.87963975927116,114591455
2024-01-31 18:49:40.380001,MSFT,157.05717220327165,156.51813367420607,158.77194132199463,155.21119627250718,131335115
2024-02-01 18:49:40.380001,MSFT,143.15551057838226,142.84797157120406,145.38801499587476,142.00983990022038,192237540
2024-02-02 18:49:40.380001,MSFT,143.88673308707072,143.11431898460637,143.90324864875925,141.32451663389176,102029267
2024-02-05 18:49:40.380001,MSFT,149.49416033722542,148.01527830078348,150.58273945736153,146.64553658003,97217676
2024-02-06 18:49:40.380001,MSFT,150.51765541760878,151.31341726691468,150.66055442328383,149.68702671706444,191321465
2024-02-07 18:49:40.380001,MSFT,152.87407474955805,152.04178283766046,153.7938876227402,150.3789061899024,134261374
2024-02-08 18:49:40.380001,MSFT,147.73573168637725,148.4695927707,150.43779808899535,146.6816065342237,56309094
2024-02-09 18:49:40.380001,MSFT,149.507961532727,150.43983107173383,152.24970858212814,148.1846525162807,72951286
2024-02-12 18:49:40.380001,MSFT,149.07719021139684,147.66157857714083,150.51927052855984,146.91758062811684,123910268
2024-02-13 18:49:40.380001,MSFT,142.2136917388209,141.95279021514494,143.5331061124206,139.82532121310453,116723590
2024-02-14 18:49:40.380001,MSFT,148.1512576395609,149.36602808735353,151.07027709847225,147.0177269077854,130110998
2024-02-15 18:49:40.380001,MSFT,156.81257058815575,156.62340011627342,157.9807782776033,155.87670008662042,140577177
2024-02-16 18:49:40.380001,MSFT,156.34705235437883,155.5615727021644,157.5035423424869,154.6135340317724,177970947
2024-02-19 18:49:40.380001,MSFT,153.74334157922965,152.51492426180613,156.21219322608817,152.91053579393235,64251975
2024-02-20 18:49:40.380001,MSFT,151.9105005239612,153.3743979735321,153.51772704974988,150.91728797024868,119984193
2024-02-21 18:49:40.380001,MSFT,140.4481571943013,140.85467987398022,140.7552885588018,139.87673215259522,120257017
2024-02-22 18:49:40.380001,MSFT,149.92201940807544,151.41769590545965,151.1398152379897,148.6177772484889,172674329
2024-02-23 18:49:40.380001,MSFT,157.22098391141753,158.18620185730992,157.49126016424873,157.11109719134615,128712651
2024-02-26 18:49:40.380001,MSFT,164.16840575378106,163.91540844666451,165.81953258063496,160.95912567886575,127021914
2024-02-27 18:49:40.380001,MSFT,168.71018157087056,169.8092754507512,168.78359860853857,168.66857856757704,183873697
2024-02-28 18:49:40.380001,MSFT,173.6473849418986,174.33032593267282,175.0988970719866,170.5505242906526,171212618
2024-02-29 18:49:40.380001,MSFT,166.51136086610808,167.3394117888657,166.89988683669782,164.25703129714987,137013084
2024-03-01 18:49:40.380001,MSFT,174.1925586240904,175.56555271885694,174.1993221016213,172.76682249736248,183841125
2024-03-04 18:49:40.380001,MSFT,184.39587329806835,185.84900001114158,187.00291916835357,182.0604712676983,122916335
2024-03-05 18:49:40.380001,MSFT,172.5279015734382,171.65124560380622,173.17380510418656,169.7886685689957,120593195
2024-03-06 18:49:40.380001,MSFT,169.63077626936482,169.01871901905443,170.20715028081258,168.06672176364282,152358808
2024-03-07 18:49:40.380001,MSFT,165.9206279520678,164.80897996003372,166.16583716535996,164.30145993769435,67488014
2024-03-08 18:49:40.380001,MSFT,165.12554995830206,164.53272496101397,167.63553480459362,165.1190603437792,148174132
2024-03-11 18:49:40.380001,MSFT,170.43037285210886,171.65824746550055,172.27951741854332,167.85071796596094,128029850
2024-03-12 18:49:40.380001,MSFT,181.5485112544223,180.21805040235094,184.30299239021207,179.88733872759815,129435252
2024-03-13 18:49:40.380001,MSFT,198.43950541296581,198.99828944234784,199.25574514079455,197.48166783117668,142806620
2024-03-14 18:49:40.380001,MSFT,196.05560248217017,197.762833460871,196.28318556617117,195.46102727876286,73986692
2024-03-15 18:49:40.380001,MSFT,190.31716777207762,190.9712109580292,192.79920178534425,189.38074710008055,110724989
2024-03-18 18:49:40.380001,MSFT,190.64147793735603,189.34850145940362,193.1297020475202,188.73087097604142,51072356
2024-03-19 18:49:40.380001,MSFT,187.5029994813943,188.24046466051223,189.08086831831665,185.20931777621578,73337343
2024-03-20 18:49:40.380001,MSFT,183.7519226490198,185.26031009852426,183.91541374726322,181.52354144069164,175167950
2024-03-21 18:49:40.380001,MSFT,183.48501611461194,182.42885441591633,186.5349156719183,181.52759710894466,181768200
2024-03-22 18:49:40.380001,MSFT,183.69301673766756,183.3522701572485,186.15280696354455,183.48703677110615,74876437
2024-03-25 18:49:40.380001,MSFT,190.99609381076272,189.4194547548603,193.3664118221166,190.90993051047064,128968574
2024-03-26 18:49:40.380001,MSFT,201.63244980014977,200.73605221291436,203.0879843792728,199.48267990738825,100380984
2024-03-27 18:49:40.380001,MSFT,199.35793146092684,198.37824185364238,201.8422491871537,197.69688901903467,187389094
2024-03-28 18:49:40.380001,MSFT,189.70319178452218,191.23778304232113,191.84883081209128,187.0664398562198,78445479
2024-03-29 18:49:40.380001,MSFT,196.14766385842077,195.71313380125608,199.30410053038125,192.2657539631763,158166302
2024-04-01 18:49:40.380001,MSFT,204.37642125619683,203.0843079993699,205.92392342638323,201.70435211660435,114356767
2024-04-02 18:49:40.380001,MSFT,211.54409367089448,210.1269108585971,214.47578719996594,211.00737765128355,190672663
2024-04-03 18:49:40.380001,MSFT,205.87536779718525,206.24412454013518,205.9386028621701,202.11333602618527,192721546
2024-04-04 18:49:40.380001,MSFT,203.95513246121806,203.04959957381388,207.20477073213445,202.24326609171587,61333357
2024-04-05 18:49:40.380001,MSFT,201.90582717624315,202.2951775502653,202.7982996272381,198.25694634821573,92864928
2024-04-08 18:49:40.380001,MSFT,206.16770886877975,205.62520662770106,209.35066088657234,204.18132948217269,149581824
2024-04-09 18:49:40.380001,MSFT,192.76060340881835,194.60447114858343,194.75727509656897,191.10109496537092,54281371
2024-04-10 18:49:40.380001,MSFT,190.01605959447988,190.5945754217648,193.55543925937675,189.66360708840466,64015914
2024-04-11 18:49:40.380001,MSFT,198.6513764499796,198.63920725397634,201.9855548959251,197.4287277340898,76099566
2024-04-12 18:49:40.380001,MSFT,196.28326886674307,196.87668802484,200.20820727789092,195.73998481877783,66387797
2024-04-15 18:49:40.380001,MSFT,202.59765377774318,201.51359310575984,204.65082636090537,201.28332751672409,75607754
2024-04-16 18:49:40.380001,MSFT,209.6271688975787,210.24059562832124,212.5214359453882,206.7082850322998,69170583
2024-04-17 18:49:40.380001,MSFT,196.13019754057487,196.42801676932507,197.23858630862802,194.44034711948512,193986629
2024-04-18 18:49:40.380001,MSFT,195.9423821592642,196.81765722625,198.13013875073997,192.45677997653604,155825579
2024-04-19 18:49:40.380001,MSFT,202.76281626105575,201.71560494163663,203.94400954052438,201.213859405155,117935830
2024-04-22 18:49:40.380001,MSFT,192.66059113946514,191.89350016577953,195.72312301076542,192.2867002768871,174902772
2024-04-23 18:49:40.380001,MSFT,190.263916230298,188.69326759892726,193.40204783079457,189.79676965433723,129061760
2024-04-24 18:49:40.380001,MSFT,191.68385057240732,191.9574684553446,193.49791888827187,187.9929576281927,160824803
2024-04-25 18:49:40.380001,MSFT,191.11839198627325,190.23538389617184,191.29717235867832,187.30649474166086,82211950
2024-04-26 18:49:40.380001,MSFT,198.1161490379341,196.83192823372949,198.66637947765628,197.9943756177731,146690755
2024-04-29 18:49:40.380001,MSFT,189.34771818679155,190.4257685877853,193.04440090720183,188.25044897673203,52590043
2024-04-30 18:49:40.380001,MSFT,190.10465871119948,189.7071341969589,193.7484165820628,186.34703579082992,171624618
2024-05-01 18:49:40.380001,MSFT,193.6592330445564,193.55444348164914,197.033619643548,190.03219622694243,125819021
2024-05-02 18:49:40.380001,MSFT,196.971142283551,195.9487491421568,200.2758643579282,195.3847859290765,63626571
2024-05-03 18:49:40.380001,MSFT,191.95577656673004,191.5206693778893,195.75290097527235,189.09738436673135,132433507
2024-05-06 18:49:40.380001,MSFT,190.36561198656128,191.64703911316536,192.3736726946228,187.96339310980406,120170262
2024-05-07 18:49:40.380001,MSFT,181.86187785364964,183.1146244014457,184.59049018339977,179.99697412321143,106891031
2024-05-08 18:49:40.380001,MSFT,183.68049871452064,182.96027997545983,184.4219765918324,183.05217069855732,82399539
2024-05-09 18:49:40.380001,MSFT,186.78102764277412,188.39969527916983,188.7028891083004,184.40937490403425,137588009
2024-05-10 18:49:40.380001,MSFT,184.09387543596745,185.07268630469156,184.4140828412945,184.00381959100034,86370780
2024-05-13 18:49:40.380001,MSFT,189.55914371445692,187.9296352353449,190.07424716576202,189.36674661393036,61274716
2024-05-14 18:49:40.380001,MSFT,180.67756351730716,180.0114551881558,181.24273756584464,178.84738378997392,102156155
2024-05-15 18:49:40.380001,MSFT,168.03784613629466,169.4350908143125,168.63998444910095,167.74808675843283,112318969
2024-05-16 18:49:40.380001,MSFT,171.4397854554514,170.56110884978514,174.8545533027158,168.07434418487034,93020741
2024-05-17 18:49:40.380001,MSFT,167.38129392689896,166.9513224592835,167.76832436930093,165.46184165679887,82600105
2024-05-20 18:49:40.380001,MSFT,167.4836164919294,168.53142167784483,169.98774985890435,167.48202305468465,74441690
2024-05-21 18:49:40.380001,MSFT,163.5455216742023,163.31931097508712,164.96297437056649,162.43737986420786,102239689
2024-05-22 18:49:40.380001,MSFT,163.2997228446842,164.3561929225203,166.01661838455166,160.0341386935853,167259480
2024-05-23 18:49:40.380001,MSFT,170.6903950611997,171.8612589984571,172.5049542884714,168.25914490911399,87101205
2024-05-24 18:49:40.380001,MSFT,170.91690268272106,172.49392709783888,172.96876359332686,168.8834744084372,129255805
2024-05-27 18:49:40.380001,MSFT,175.9931220295306,175.83621117763232,178.66442782076786,173.4989550027993,77768419
2024-05-28 18:49:40.380001,MSFT,173.82274883380302,174.03764893644313,175.76757143139523,172.551379310427,128736545
2024-05-29 18:49:40.380001,MSFT,177.22607298383656,176.4163979142379,180.1116223211984,176.32224199738027,134549946
2024-05-30 18:49:40.380001,MSFT,175.48490949496187,176.3624621014482,178.98857403215246,172.45232883336345,58641376
2024-05-31 18:49:40.380001,MSFT,165.19106975631604,166.1750088504751,167.66228875787078,164.25613173663453,121256174
2024-06-03 18:49:40.380001,MSFT,161.0684662204172,160.15726687995783,164.02306924487186,161.022207266971,66790951
2024-06-04 18:49:40.380001,MSFT,166.4937695711589,165.02483626131013,167.68831582759975,165.86772718096768,180314724
2024-06-05 18:49:40.380001,MSFT,168.77455131195794,169.40808767149667,171.09879775841569,165.66979047512083,151360880
2024-06-06 18:49:40.380001,MSFT,166.8259008163545,165.87633854759662,169.28098264442306,166.7937649216687,194160488
2024-06-07 18:49:40.380001,MSFT,168.39216697848184,168.6733711322696,168.41878580647554,167.91164869976936,184417816
2024-06-10 18:49:40.380001,MSFT,167.92154759678013,167.16878794382245,170.5918806231973,167.4331319612998,192432973
2024-06-11 18:49:40.380001,MSFT,162.90206788610783,162.80749449450144,163.3640949952444,161.2389030479513,192422092
2024-06-12 18:49:40.380001,MSFT,166.68294877124495,166.78725078988475,168.93665480789858,164.71177646671012,196565255
2024-06-13 18:49:40.380001,MSFT,163.24758761991166,163.2230185632944,165.7565179261246,163.03474428466464,176510193
2024-06-14 18:49:40.380001,MSFT,165.15472852144495,165.25514414481356,167.6461286923741,163.53672116162699,79331554
2024-06-17 18:49:40.380001,MSFT,160.47864611182072,160.0722585477431,162.7816382448545,158.01610872880195,150383802
2024-06-18 18:49:40.380001,MSFT,158.04722321889275,156.9226013212232,159.20611945151722,156.1891101781414,72213670
2024-06-19 18:49:40.380001,MSFT,158.26009203271124,159.3499827876546,160.97672591925382,158.0489345992457,115324602
2024-06-20 18:49:40.380001,MSFT,167.06697433795117,168.25403153293573,168.03955171177512,166.12350808912873,194181207
2024-06-21 18:49:40.380001,MSFT,173.09057543618184,174.80906122159448,173.44380922879694,170.11274992860373,131203099
2024-06-24 18:49:40.380001,MSFT,170.28850880349233,168.79088702720063,173.39078792667345,169.83890757375082,157302594
2024-06-25 18:49:40.380001,MSFT,170.06643728639665,171.13787989339974,171.7467269921643,167.6227747893087,62712540
2024-06-26 18:49:40.380001,MSFT,168.59314878620083,167.57434370170495,169.73947175942075,166.98812878372811,55223541
2024-06-27 18:49:40.380001,MSFT,169.46467479962294,169.5433198557192,169.58558180975237,167.17026864200105,106586597
2024-06-28 18:49:40.380001,MSFT,171.6673637742612,169.97560999722324,171.92155792050605,169.10966475069173,55755419
2024-07-01 18:49:40.380001,MSFT,181.02890262627224,179.76037664147017,182.36162752400273,180.2688590066647,61641732
2024-07-02 18:49:40.380001,MSFT,182.13737070853807,181.20449919646882,182.84456249055836,179.35661507329004,118432255
2024-07-03 18:49:40.380001,MSFT,194.8702189312038,193.534692189136,197.9102476008734,194.03012403004115,187107156
2024-07-04 18:49:40.380001,MSFT,185.6040797572017,186.00248704333063,187.66569591372988,184.84277341657005,53433035
2024-07-05 18:49:40.380001,MSFT,190.00967736108385,189.10229595594356,190.39185924080167,187.4174671921676,107564199
2024-07-08 18:49:40.380001,MSFT,188.11305834375713,186.89936691681834,190.1792267341129,185.26948226140033,60845737
2024-07-09 18:49:40.380001,MSFT,188.3346193619339,186.8797375651677,189.28889402350987,188.29245394978668,101489339
2024-07-10 18:49:40.380001,MSFT,178.42587719270432,178.81838081171037,179.72131085212882,176.83411841619667,92282341
2024-07-11 18:49:40.380001,MSFT,173.46122368263036,173.20796204386593,176.0360641878787,172.93160632530515,146309882
2024-07-12 18:49:40.380001,MSFT,170.52664147689035,170.66468978580102,171.3110798471137,170.19456856299877,139460447
2024-07-15 18:49:40.380001,MSFT,164.0535871501043,163.18641966321493,164.70803725401666,161.60055753616743,181159375
2024-07-16 18:49:40.380001,MSFT,176.28916645510756,177.4381321982802,177.87433996260225,175.5849055876376,120910570
2024-07-17 18:49:40.380001,MSFT,184.14342576302494,183.03392206250834,185.78625397097326,183.8890792003459,52084728
2024-07-18 18:49:40.380001,MSFT,188.4126940224977,188.84363327928355,192.12279046594318,185.2200644045192,125234112
2024-07-19 18:49:40.380001,MSFT,192.89986542981097,194.5516107902473,193.77071807209938,190.7954138935946,177007503
2024-07-22 18:49:40.380001,MSFT,187.26855320000698,188.1541388380935,187.7593805050852,186.58388786695414,126587307
2024-07-23 18:49:40.380001,MSFT,188.13279426845486,189.54438085473362,189.9303393068737,184.99463074134016,190587618
2024-07-24 18:49:40.380001,MSFT,190.80505309906184,192.11106673543807,191.60440551997436,189.3720757164466,161464193
2024-07-25 18:49:40.380001,MSFT,191.29407103082656,190.1618667153116,194.2052560790923,190.01480624007473,95031751
2024-07-26 18:49:40.380001,MSFT,190.4047088263475,188.51343537880135,191.70911942214516,188.88783341234856,52879181
2024-07-29 18:49:40.380001,MSFT,188.88543151571827,188.57344377304318,192.0788510198578,187.42633960112732,171084401
2024-07-30 18:49:40.380001,MSFT,195.84616674216778,196.64338896981255,196.1995519833484,194.90125751032377,60189026
2024-07-31 18:49:40.380001,MSFT,196.5867972777274,195.18617170012723,197.6905489615478,196.4330112373233,130761828
2024-08-01 18:49:40.380001,MSFT,207.46231116647996,206.8735839856983,209.76845508392068,204.72630846257815,176767832
2024-08-02 18:49:40.380001,MSFT,214.66544929937677,213.77252754513552,218.45386794543978,211.72159776903356,105730963
2024-08-05 18:49:40.380001,MSFT,229.04730416519874,227.2480098544963,233.21729492413235,227.3023215569251,155071111
2024-08-06 18:49:40.380001,MSFT,228.54809147640267,226.31592835893548,232.09544256761708,225.02561658911821,197665379
2024-08-07 18:49:40.380001,MSFT,230.23663088839433,232.1446503959022,233.15928186546557,225.95424117103065,160109095
2024-08-08 18:49:40.380001,MSFT,231.38686218841642,233.53861729042495,235.5377168524726,230.47574853191512,147290412
2024-08-09 18:49:40.380001,MSFT,238.19698636441674,240.1216184539868,240.70096345990586,233.58706412230407,69841081
2024-08-12 18:49:40.380001,MSFT,238.1251446456502,240.29553310383346,238.3706702645731,236.22327259765123,69731827
2024-08-13 18:49:40.380001,MSFT,242.43628362690913,244.18902407325172,245.62137476150204,241.79844225705983,134824798
2024-08-14 18:49:40.380001,MSFT,232.64991392667326,230.4045520240354,235.34596144774497,229.78266086227055,187748170
2024-08-15 18:49:40.380001,MSFT,233.0781310125263,232.34543304394842,234.82060441003165,231.95849831707685,189944471
2024-08-16 18:49:40.380001,MSFT,236.77475053644292,235.71171425454548,239.7019933469798,235.4586980937698,142732755
2024-08-19 18:49:40.380001,MSFT,244.09088465996535,246.17249192787546,244.3272773440436,243.86399351557688,150523213
2024-08-20 18:49:40.380001,MSFT,260.6882272817095,260.7354452901406,262.4398571985875,255.796389065748,78462856
2024-08-21 18:49:40.380001,MSFT,253.6012980053318,254.35857323955852,254.79684160279743,251.15963388271288,177187547
2024-08-22 18:49:40.380001,MSFT,254.8193541120113,254.09897283639143,258.73413339481544,252.34832798062146,190825254
2024-08-23 18:49:40.380001,MSFT,239.68994502250584,241.74926140533492,239.7724545529365,235.02294082104672,133262816
2024-08-26 18:49:40.380001,MSFT,244.3580974644751,246.66154917208615,246.71056589351969,239.5285232198588,129103511
2024-08-27 18:49:40.380001,MSFT,256.23799591560083,256.7317647082338,258.62960565523167,255.47454183733998,52725015
2024-08-28 18:49:40.380001,MSFT,259.3486493802105,258.2908584083382,260.41465528489135,259.05922768505906,131939779
2024-08-29 18:49:40.380001,MSFT,260.06281000383433,258.73227328122624,264.48750545530083,256.39503411804037,113332875
2024-08-30 18:49:40.380001,MSFT,246.01194672487384,244.85340356639804,246.10948676610352,242.57404427226274,171955071
2024-09-02 18:49:40.380001,MSFT,241.68609499252972,243.8007927850339,243.6131309091534,240.3700953823322,76088377
2024-09-03 18:49:40.380001,MSFT,245.0120646640044,243.69200885138133,247.99836597841946,243.69242363688502,131959893
2024-09-04 18:49:40.380001,MSFT,253.1154197428604,254.99879705631102,253.59090457529734,249.1101933167648,141003293
2024-09-05 18:49:40.380001,MSFT,253.42595651575343,251.7501568976177,255.0490047455431,249.20730011540186,173346580
2024-09-06 18:49:40.380001,MSFT,259.4786933242611,259.9390407731815,262.8767882261472,255.13084158601862,178863651
2024-09-09 18:49:40.380001,MSFT,270.79331910500525,270.92762783046555,273.750322540583,267.95423168087734,198581741
2024-09-10 18:49:40.380001,MSFT,270.1985200428766,270.4275554410469,272.4535291287002,269.33958645681935,72251796
2024-09-11 18:49:40.380001,MSFT,260.7450060056206,261.37865951811176,265.9413343879618,260.6862969003076,191416989
2024-09-12 18:49:40.380001,MSFT,243.59529722443258,245.3971948901472,243.79338073016447,242.2722608954573,68569700
2024-09-13 18:49:40.380001,MSFT,245.81535546500004,245.93119201388023,247.53337803673315,243.57110352050395,162258344
2024-09-16 18:49:40.380001,MSFT,242.03059735809114,242.68211439859988,246.18281060607833,241.76846558902147,184838218
2024-09-17 18:49:40.380001,MSFT,241.0293531448688,240.9565479039196,242.69650094120797,237.00531579785854,112361409
2024-09-18 18:49:40.380001,MSFT,237.96274702552088,239.75168221425588,242.04720131365247,233.74439320020414,106013187
2024-09-19 18:49:40.380001,MSFT,232.947389401195,232.78074760744073,237.0521495306838,232.03628471475358,159430055
2024-09-20 18:49:40.380001,MSFT,235.8210851644876,237.50606785162606,239.09425783991065,232.1602743901719,90171891
2024-09-23 18:49:40.380001,MSFT,234.9228349368866,235.70140992497969,239.18006784241047,232.97240289771676,143899389
2024-09-24 18:49:40.380001,MSFT,240.23052539431038,239.84626569557727,243.04421611033013,238.88737994231974,68344388
2024-09-25 18:49:40.380001,MSFT,241.29431224044754,241.1557267740893,243.64773514805444,239.7940865989619,101665081
2024-09-26 18:49:40.380001,MSFT,246.8112126256626,244.51720287964432,248.94894023462047,246.05080378194666,169484016
2024-09-27 18:49:40.380001,MSFT,242.50612242315057,241.64046000394583,246.24932495407302,237.77693530995205,127565442
2024-09-30 18:49:40.380001,MSFT,249.04446501562572,248.6657270257897,252.70714919709093,244.2502021551161,80195748
2024-10-01 18:49:40.380001,MSFT,239.66539068367692,240.1159516479284,242.50986156522237,237.23454753376618,124981106
2024-10-02 18:49:40.380001,MSFT,246.40161598891262,243.94947226888146,250.67842149189724,245.08297086544164,150635355
2024-10-03 18:49:40.380001,MSFT,232.52756610767514,233.85332347947593,233.54411286469727,228.8451089457389,142024404
2024-10-04 18:49:40.380001,MSFT,227.03683570366974,226.22900573598537,230.4644578369333,226.77361108141463,146441272
2024-10-07 18:49:40.380001,MSFT,221.67158777801498,219.89861768586925,222.73416939821828,219.90828819267637,52967508
2024-10-08 18:49:40.380001,MSFT,212.89409521009526,213.08107155769727,215.5181281592041,210.0779285841725,99105650
2024-10-09 18:49:40.380001,MSFT,212.13929622427756,210.64046925575198,212.9386014482984,211.64215626852945,59580346
2024-10-10 18:49:40.380001,MSFT,214.04522343938504,214.96208910495764,217.51570838492358,213.02466189930735,180929224
2024-10-11 18:49:40.380001,MSFT,210.84888701350212,209.74958262057223,211.1846308781132,206.69480279408063,133588202
2024-10-14 18:49:40.380001,MSFT,204.8333605990417,205.61216371483297,206.9613982134592,203.00089120040664,178094343
2024-10-15 18:49:40.380001,MSFT,206.71895961319666,208.77460099685635,210.81657102116773,203.1557788100266,172540696
2024-10-16 18:49:40.380001,MSFT,207.100778422635,207.09119729927937,210.82143052705072,204.61772061756633,76817039
2024-10-17 18:49:40.380001,MSFT,213.6166178422022,211.5304180393407,214.3337482650094,211.22055494929683,71838790
2024-10-18 18:49:40.380001,MSFT,215.54151125356933,214.10136805194674,216.73502777193846,212.69357044892087,67231558
2024-10-21 18:49:40.380001,MSFT,214.80047348383744,214.0562180009155,216.92683971971346,214.3176024837057,53386438
2024-10-22 18:49:40.380001,MSFT,221.8341018281517,221.91262754632513,222.14949404093105,220.0337890509091,147199166
2024-10-23 18:49:40.380001,MSFT,230.59068784270443,231.76771520972542,233.5335521212632,229.10258013957346,198059276
2024-10-24 18:49:40.380001,MSFT,237.15735284860827,237.3084262875324,238.93667902110388,236.85620961184694,102281444
2024-10-25 18:49:40.380001,MSFT,231.6035911527107,232.94047590901758,235.01735199133427,230.0264715970748,193027838
2024-10-28 18:49:40.380001,MSFT,235.36987471776544,233.92252858253758,240.03395294217142,234.31736389982376,118403359
2024-10-29 18:49:40.380001,MSFT,230.6586109354647,229.49735919305613,233.0723388855436,229.38940624997136,82169446
2024-10-30 18:49:40.380001,MSFT,224.28599355237301,223.1821084380032,225.62656171187845,222.0548035431929,194353897
2024-10-31 18:49:40.380001,MSFT,225.74134954619214,225.16754860117024,228.06874966155345,224.52373493577784,158052213
2024-11-01 18:49:40.380001,MSFT,232.86337133577703,233.2097694073445,236.58299765683026,230.06658591911318,86501235
2024-11-04 18:49:40.380001,MSFT,229.96376439452592,228.87077176644564,234.24712641418174,229.047194993609,61014129
2024-11-05 18:49:40.380001,MSFT,235.7008345604022,237.32629492016585,238.49118219761576,235.38670927180843,108869063
2024-11-06 18:49:40.380001,MSFT,238.30773371977503,236.1880571673704,242.71954124527971,234.88762199362108,162930895
2024-11-07 18:49:40.380001,MSFT,228.32669282701747,227.06323406754524,232.361671815557,225.72448134663568,129675523
2024-11-08 18:49:40.380001,MSFT,231.81463443532434,232.62105992248914,231.99883307150185,227.73874626416034,139576086
2024-11-11 18:49:40.380001,MSFT,228.56183028895344,226.65218998433744,229.02834964825257,227.89566613362808,95667141
2024-11-12 18:49:40.380001,MSFT,232.86545793668049,233.20926048947842,235.39683352205242,228.76666004858663,86038305
2024-11-13 18:49:40.380001,MSFT,223.85107757031955,225.4930788780184,224.03716388136903,223.5151660347836,141256035
2024-11-14 18:49:40.380001,MSFT,230.1661660230153,229.85693659243773,233.06367644096437,228.3866202552788,162616773
2024-11-15 18:49:40.380001,MSFT,226.4851898510247,225.87560026616174,227.6188706283521,224.95109537600035,97137004
2024-11-18 18:49:40.380001,MSFT,220.28986884728747,221.0370675067153,223.99339583593903,217.7477580773809,53012977
2024-11-19 18:49:40.380001,MSFT,222.23242811450962,223.8785851679662,226.52619360833535,218.22900272567088,141198478
2024-11-20 18:49:40.380001,MSFT,226.26370509285138,224.0655837519941,227.50519937702674,225.7757430001298,129043811
2024-11-21 18:49:40.380001,MSFT,223.71468325194317,222.75825507483583,225.28117933507448,221.33641673383534,176539789
2024-11-22 18:49:40.380001,MSFT,230.54977085154093,228.3625066842861,230.7817450127717,229.54905439109515,149456410
2024-11-25 18:49:40.380001,MSFT,230.4282807451699,228.7607882480652,234.2003860982346,226.28509098008408,175265813
2024-11-26 18:49:40.380001,MSFT,240.55082201908792,240.53573660863262,241.52082710133286,236.64936979389293,121156900
2024-11-27 18:49:40.380001,MSFT,241.8441704454511,242.70777055164586,242.56094057424272,237.77585462394563,85434216
2024-11-28 18:49:40.380001,MSFT,241.87238697318395,240.626492485674,245.82204489379987,237.8569436152591,113073847
2024-11-29 18:49:40.380001,MSFT,234.0211348134472,236.11026121506552,234.0682083718958,232.97808379342513,86800121
2024-12-02 18:49:40.380001,MSFT,228.10264375880698,228.38485144124365,232.5848785865556,223.77792044224367,56564610
2024-12-03 18:49:40.380001,MSFT,227.00974079218983,225.74843300288452,229.05675711894878,223.5443902522817,121678799
2024-12-04 18:49:40.380001,MSFT,220.06610584395273,221.65662523037065,220.3043094851641,216.31763304174666,64591941
2024-12-05 18:49:40.380001,MSFT,229.28344167089398,229.48303055824366,229.32963934975825,227.35721157768424,57023722
2024-12-06 18:49:40.380001,MSFT,227.7109282042028,228.00375156827636,230.0242235224279,223.42276778462738,123977739
2024-12-09 18:49:40.380001,MSFT,228.17174528164932,226.54950347131106,231.2761124762169,227.15037498922462,138817191
2024-12-10 18:49:40.380001,MSFT,227.34975677859876,229.2085641490966,231.829943445464,226.3896656298144,115801082
2024-12-11 18:49:40.380001,MSFT,237.78254112249616,239.75386406538522,237.9741679706531,235.92192994052152,176384250
2024-12-12 18:49:40.380001,MSFT,244.7588547766089,246.77015714086582,246.6533917525525,240.68756702015298,105026688
2024-12-13 18:49:40.380001,MSFT,235.12045018281182,235.3520778857682,239.44208746614353,231.15377826164658,166328312
2024-12-16 18:49:40.380001,MSFT,229.63892504102904,231.1083570392464,232.81675120343087,225.70280090854035,83144481
2024-12-17 18:49:40.380001,MSFT,231.25153907322772,229.60237990375683,231.27311137467515,227.17755531928907,114737351
2024-12-18 18:49:40.380001,MSFT,229.28632546478153,227.6587610180498,232.47232247408974,228.04870320655576,100268957
2024-12-19 18:49:40.380001,MSFT,229.913515013401,230.7349181783721,232.15131809682453,229.0789285830623,104409057
2024-12-20 18:49:40.380001,MSFT,217.95691880948692,219.18492986921387,221.59636580383307,215.58351527960576,132297087
2024-12-23 18:49:40.380001,MSFT,215.47354945384373,217.41020654341108,217.43910888879265,211.20145172953426,167291976
2024-12-24 18:49:40.380001,MSFT,216.34894357241282,215.9566848727426,216.5835037058973,213.06980839624842,89664946
2024-12-25 18:49:40.380001,MSFT,222.1163636951004,220.2239633115073,223.34039131205515,221.93405545383442,88406202
2024-12-26 18:49:40.380001,MSFT,213.95276916124433,213.50205812921365,216.31122338396938,210.4012249278196,157729748
2024-12-27 18:49:40.380001,MSFT,220.48618132748123,219.2664862449107,221.98925796353197,218.50605640926364,179772978
2024-12-30 18:49:40.380001,MSFT,215.93550103346013,216.62930678338768,216.95905077099783,214.08242038034015,184269252
2024-12-31 18:49:40.380001,MSFT,215.3478749129394,215.98168970698742,216.0317937499279,214.85575235102826,156998532
2025-01-01 18:49:40.380001,MSFT,218.44642605536905,216.3746399975771,220.0388915247478,215.23095205642267,100158816
2025-01-02 18:49:40.380001,MSFT,207.40830475879199,208.08205067987893,209.08538525730233,207.15543810561596,144031466
2025-01-03 18:49:40.380001,MSFT,216.86374535551872,217.9283577669989,218.46989021276593,215.4945705597672,77881875
2025-01-06 18:49:40.380001,MSFT,218.57333429111495,219.38641842775456,219.12354536629329,217.48982804616185,161409787
2025-01-07 18:49:40.380001,MSFT,214.88923728730276,217.03253990341105,218.4349642734583,211.14495932132021,166134489
2025-01-08 18:49:40.380001,MSFT,220.4392291896517,220.28311439288112,224.65104047534766,219.7385456359279,130031903
2025-01-09 18:49:40.380001,MSFT,215.6147611776806,217.0033282244478,217.03780263508185,211.37434758851217,58933887
2025-01-10 18:49:40.380001,MSFT,211.87897619318204,211.38733656878782,213.56541425565547,210.93867190629092,171186786
2025-01-13 18:49:40.380001,MSFT,205.3301340997251,206.48563597014345,206.78307009921784,203.26606965591122,96873259
2025-01-14 18:49:40.380001,MSFT,204.3486673887615,205.52735239298477,207.5382012760843,202.15793113614535,98608912
2025-01-15 18:49:40.380001,MSFT,197.4465591247262,198.44145902964718,201.13357353546454,196.00480734239275,99043964
2025-01-16 18:49:40.380001,MSFT,198.8980836450569,198.39765979920205,200.112632125688,195.06058730227204,57501843
2025-01-17 18:49:40.380001,MSFT,207.1241507063574,206.27773438684332,210.56314493747558,204.36532391702812,76215595
2025-01-20 18:49:40.380001,MSFT,202.4991701483788,201.89271419526955,203.44305285191965,199.8718085812339,170798540
2025-01-21 18:49:40.380001,MSFT,189.71257526346136,188.06483328224775,191.03897816896418,186.03648868365968,146270585
2025-01-22 18:49:40.380001,MSFT,185.23299740505414,185.74547408089796,186.27942687213528,183.60571377895508,161210873
2025-01-23 18:49:40.380001,MSFT,182.95137381927128,182.13555266975152,183.23923467377202,179.85738481772728,167668307
2025-01-24 18:49:40.380001,MSFT,185.46570169696608,186.3701463376642,186.6189266954356,181.8804045919561,142254496
2025-01-27 18:49:40.380001,MSFT,183.8376346419205,184.58609471024366,185.9205754443949,181.26738818000732,84825704
2025-01-28 18:49:40.380001,MSFT,191.24898778864969,189.36440091691307,191.28297824310516,189.18782087990263,87235381
2025-01-29 18:49:40.380001,MSFT,185.5070698241499,186.69466889209696,186.4420058134772,182.39371148301746,101837993
2025-01-30 18:49:40.380001,MSFT,183.73399049995479,185.35275054946962,184.09691339331255,183.06494512115205,63926484
2025-01-31 18:49:40.380001,MSFT,185.94088628901216,185.12144352116428,186.96052318873458,184.67018679165318,133332494
2025-02-03 18:49:40.380001,MSFT,189.69669948053863,190.83921669377236,189.88944833001662,186.52968618203664,91335510
2025-02-04 18:49:40.380001,MSFT,187.56985659695607,187.1066448487267,188.92880457495212,184.53280056681302,192324760
2025-02-05 18:49:40.380001,MSFT,187.03833256207437,188.31725644312556,187.22137948848524,185.6076959407935,91468118
2025-02-06 18:49:40.380001,MSFT,182.98473371623678,182.49565986050268,183.6540879806618,180.33113634684818,179932541
2025-02-07 18:49:40.380001,MSFT,184.81790024789302,185.26460247546004,186.88314061244674,183.81197618264645,119981262
2025-02-10 18:49:40.380001,MSFT,177.83039523674032,176.81676268555083,178.91911782711506,176.86075055630744,152805244
2025-02-11 18:49:40.380001,MSFT,175.93025771334618,174.81224969227324,178.3135521512172,172.85023933534399,56208175
2025-02-12 18:49:40.380001,MSFT,182.851719241044,182.8952255952117,185.5684836441924,181.2166591080848,114385993
2025-02-13 18:49:40.380001,MSFT,182.08904603497402,183.38583202055563,183.91315897629033,181.67981294268034,135860952
2025-02-14 18:49:40.380001,MSFT,174.94523729882687,174.519768770793,175.01503888215422,174.3328944725046,137970150
2025-02-17 18:49:40.380001,MSFT,177.25624936385512,178.98962033315883,178.13859766589007,174.18059608269405,63474956
2025-02-18 18:49:40.380001,MSFT,181.46272136186167,180.1677430169442,183.6754336956,180.17875210199463,113865735
2025-02-19 18:49:40.380001,MSFT,184.88327489261897,186.14886924287708,187.93018112912253,181.9883896943105,173583275
2025-02-20 18:49:40.380001,MSFT,183.64814154435356,181.98909314393933,186.46630509842782,180.14939416737818,123605884
2025-02-21 18:49:40.380001,MSFT,194.44305996439303,192.81361714950006,194.54232298272768,191.81374796327555,86018110
2025-02-24 18:49:40.380001,MSFT,199.6171375841069,197.82495281230055,203.02622058665406,196.6991320948751,181753061
2025-02-25 18:49:40.380001,MSFT,197.3596763912644,196.9479395377471,199.91533621309247,194.02953318670257,143001497
2025-02-26 18:49:40.380001,MSFT,210.54941023381923,210.37685576905977,214.58821034176455,209.0703808160662,151728932
2025-02-27 18:49:40.380001,MSFT,207.4234621286177,207.63761178402274,210.51141815532597,205.90718157432664,123899899
2025-02-28 18:49:40.380001,MSFT,191.75101936246622,189.9944107754144,192.69344790551867,188.00068506761502,83767807
2025-03-03 18:49:40.380001,MSFT,190.23894946074114,191.4297108543805,191.488656378104,189.61065867100032,94104341
2025-03-04 18:49:40.380001,MSFT,192.26317049585742,191.9749672175971,195.4674813750045,190.89378605220742,123658471
2025-03-05 18:49:40.380001,MSFT,187.3895835442198,188.9958914427793,191.11833506649762,185.28078709766137,161126234
2025-03-06 18:49:40.380001,MSFT,190.966874010644,192.80199173617103,194.0118239893155,187.8620481401399,176771356
2025-03-07 18:49:40.380001,MSFT,198.72168368644705,200.2321808427629,202.2865933694078,195.89958464758863,121213699
2025-03-10 18:49:40.380001,MSFT,193.09663772466718,192.4595365027485,194.63512689240272,191.75554821845842,72841439
2025-03-11 18:49:40.380001,MSFT,189.82471401877393,188.17098786046495,190.84597938075729,189.2270063543033,136128670
2025-03-12 18:49:40.380001,MSFT,182.63708709094487,181.2655492055524,185.52393427712846,181.09661375195674,67297685
2025-03-13 18:49:40.380001,MSFT,176.74589733603716,177.6489451952109,176.7834650118613,175.6605589557018,99150631
2025-03-14 18:49:40.380001,MSFT,179.81835932570982,180.24520124785252,181.05818808824287,176.98272710684324,173901987
2025-03-17 18:49:40.380001,MSFT,182.14606568274692,183.61159552768666,185.16857370616333,179.47820619479756,194609095
2025-03-18 18:49:40.380001,MSFT,185.25241109271522,184.75788291585863,187.44694191229172,182.3523508603197,111925384
2025-03-19 18:49:40.380001,MSFT,188.04326032170857,187.89817124555208,191.43331693056746,184.66462404307453,131828059
2025-03-20 18:49:40.380001,MSFT,187.87460395666068,186.55085972102688,188.2876232249417,185.86498351206674,121052798
2025-03-21 18:49:40.380001,MSFT,182.45218637668174,184.12667901398103,185.85525413097628,182.33563475584674,151456608
2025-03-24 18:49:40.380001,MSFT,177.97947675850128,179.55992904454777,179.9157991136991,174.50517130796345,173891844
2025-03-25 18:49:40.380001,MSFT,176.94679703526378,178.0952034969833,180.17229798064122,174.3690551381122,188528004
2025-03-26 18:49:40.380001,MSFT,176.31555400170964,176.5327743673868,176.8309538144084,173.72320444295974,91533016
2025-03-27 18:49:40.380001,MSFT,179.97303551389888,178.46560525639347,180.93167069261656,178.862342031619,147046324
2025-03-28 18:49:40.380001,MSFT,178.41995842069514,176.70180539602117,181.40276722309088,177.82110172886323,91399234
2025-03-31 18:49:40.380001,MSFT,173.45811926929727,171.78699485829821,174.46083693832765,170.81704882188424,140218562
2025-04-01 18:49:40.380001,MSFT,170.13276324573485,168.8178301674261,170.15742755740712,169.21551236065528,123036185
2025-04-02 18:49:40.380001,MSFT,167.40982997423143,167.23080558660575,169.45982698300278,164.38294099974868,100823499
2025-04-03 18:49:40.380001,MSFT,168.0212020304442,167.74915665899746,170.90223854865255,166.02587734801136,143292369
2025-04-04 18:49:40.380001,MSFT,167.62700712513274,168.94922443639055,167.68522748630687,167.05241595751716,183989701
2025-04-07 18:49:40.380001,MSFT,166.896008404779,167.3320178872753,167.85148873791226,164.72375671933838,141007130
2025-04-08 18:49:40.380001,MSFT,165.279336379268,165.0545863186882,166.25488960837995,164.78957985542831,169898724
2025-04-09 18:49:40.380001,MSFT,167.70125251224383,166.4003582637791,169.67044960962127,167.26133476366863,143660262
2025-04-10 18:49:40.380001,MSFT,169.95852535105286,168.30261761088872,171.71032836267338,168.0073558562797,107027198
2025-04-11 18:49:40.380001,MSFT,168.53671440239893,170.15761904717885,169.48054318867298,168.21516327227116,159755068
2025-04-14 18:49:40.380001,MSFT,175.36232831571542,175.21270406356564,177.2116826207657,172.79429810922977,142223259
2025-04-15 18:49:40.380001,MSFT,165.94227909844932,165.85128352693872,167.25282714958482,163.2376409812879,50031919
2025-04-16 18:49:40.380001,MSFT,163.06144842025017,164.58553970484465,165.33658605072526,160.24727251069993,159680419
2025-04-17 18:49:40.380001,MSFT,166.6378612020882,167.97338215530263,166.90665573413162,163.4283704447691,195912470
2025-04-18 18:49:40.380001,MSFT,161.25912515266543,162.39167243121358,164.46275412176044,160.3573266138335,96615113
2025-04-21 18:49:40.380001,MSFT,159.87848090352264,158.50540129635937,160.51476225913447,157.54971956814612,108433420
2025-04-22 18:49:40.380001,MSFT,159.25799977591487,159.9031628198011,161.74711274176204,158.48748732353368,169612878
2025-04-23 18:49:40.380001,MSFT,157.94708064023803,157.32656131004373,159.74092736152403,156.33587485863887,92954622
2025-04-24 18:49:40.380001,MSFT,157.24106369585476,156.8494823962317,160.03519003261857,155.4125231403985,119543860
2025-04-25 18:49:40.380001,MSFT,161.4293566257021,160.90747427555402,163.35083218230753,161.08798240992562,136111197
2025-04-28 18:49:40.380001,MSFT,167.36629328019833,165.77177578190745,167.4140516376406,166.80166478839524,59070473
2025-04-29 18:49:40.380001,MSFT,164.5510369520053,164.7730677872445,167.3139270465404,164.05325796461466,88580310
2025-04-30 18:49:40.380001,MSFT,158.8112469693403,159.67925215031272,159.58253300953675,156.4713029762867,101067192
2025-05-01 18:49:40.380001,MSFT,160.25450226100662,160.10073319953727,160.6311817779373,157.37149380177047,75720077
2025-05-02 18:49:40.380001,MSFT,155.2900625247209,154.99539857183981,158.2704765100747,153.78339562542098,116305983
2025-05-05 18:49:40.380001,MSFT,161.10938413456304,162.1468050321757,161.35761068020273,158.13559570666504,142339935
2025-05-06 18:49:40.380001,MSFT,161.24709664798416,160.6307343790638,162.3858256160631,158.19104606522282,66783496
2025-05-07 18:49:40.380001,MSFT,160.4073816746967,161.19817944915144,161.48783760932204,160.13964170297015,118540683
2025-05-08 18:49:40.380001,MSFT,159.4201730269026,158.93280122894905,160.3004056994908,159.37433213645892,117922026
2025-05-09 18:49:40.380001,MSFT,159.57964004523166,158.72271575242132,160.0313793400792,156.58083761684247,111513364
2025-05-12 18:49:40.380001,MSFT,155.07624185949385,155.32074975253337,156.72951498466546,152.12684122271986,77894140
2025-05-13 18:49:40.380001,MSFT,160.12603133449983,161.6023359728654,162.1703697832298,158.90678947571715,94519814
2025-05-14 18:49:40.380001,MSFT,160.87242849769655,161.05692957052673,163.81874358200258,158.28907160117726,143555051
2025-05-15 18:49:40.380001,MSFT,155.17770142623226,156.64468894087028,158.2505609930743,154.76110995758302,80009573
2025-05-16 18:49:40.380001,MSFT,151.82414298424268,151.7965146194092,152.16610709660415,150.4164198263013,153833373
2025-05-19 18:49:40.380001,MSFT,154.09159026400198,153.63219410575476,155.04131052056678,151.7308306192435,173758283
2025-05-20 18:49:40.380001,MSFT,156.79195388586137,156.48758978410456,157.63347577877155,155.0176102696424,162199194
2025-05-21 18:49:40.380001,MSFT,160.8548545329839,161.31105575634118,162.69846831695955,160.2494249704845,90098233
2025-05-22 18:49:40.380001,MSFT,162.23892305357992,160.9675175471605,164.1022607739366,161.57323166005725,173303480
2025-05-23 18:49:40.380001,MSFT,160.6504549508924,159.21947216147825,162.14568603346694,159.03103572497346,82220725
2025-05-26 18:49:40.380001,MSFT,159.12981372436352,158.05681293636846,161.65214930419646,158.73010568861034,188723157
2025-05-27 18:49:40.380001,MSFT,160.63012183790096,161.78360662137732,161.75648136333695,159.67440491769983,123395916
2025-05-28 18:49:40.380001,MSFT,164.11541680280416,165.17363819678346,164.59186760795427,161.05827088783002,99631669
2025-05-29 18:49:40.380001,MSFT,160.85675596321954,160.79238441617557,163.32086523892792,160.4164995538834,128806965
2025-05-30 18:49:40.380001,MSFT,158.45875471045545,158.60070492421514,160.15934683690895,157.98132825406435,77170588
2025-06-02 18:49:40.380001,MSFT,159.76327814216867,160.11864727262116,161.40540978210748,158.52204746912045,130184602
2025-06-03 18:49:40.380001,MSFT,161.83178390053448,161.68687507775007,162.80140157054794,160.89476282394475,146088279
2025-06-04 18:49:40.380001,MSFT,162.20313887185984,161.23795837304473,164.59185690305654,161.2440106870676,79226347
2025-06-05 18:49:40.380001,MSFT,166.29630451685588,167.13529924220026,168.98464084556852,163.9324480995579,179658849
2025-06-06 18:49:40.380001,MSFT,162.24829867929768,163.28109080229444,162.7591942017436,159.15300194425,101382473
2025-06-09 18:49:40.380001,MSFT,164.00489515632384,165.19810797553419,164.03545924703437,163.46661631157667,129198147
2025-06-10 18:49:40.380001,MSFT,166.79424564975113,165.21718485438157,167.58688574963028,164.3838156222703,135451117
2025-06-11 18:49:40.380001,MSFT,166.64151799500067,168.13664490964786,169.70876004802287,166.10905356816772,94317036
2025-06-12 18:49:40.380001,MSFT,165.87476588746506,164.60273616800941,166.09908029030066,163.7626689111415,195957815
2025-06-13 18:49:40.380001,MSFT,162.50846388014364,163.18392512698205,163.89631061000202,162.39842473313797,90779151
2025-06-16 18:49:40.380001,MSFT,160.40837568135714,161.91727677903117,163.24310744098452,157.6111150907529,124564778
2025-06-17 18:49:40.380001,MSFT,160.25657069780453,161.44589824061066,160.4196623519334,159.2812517952109,182473252
2025-06-18 18:49:40.380001,MSFT,163.1292914823938,163.23345703380875,165.86394584327476,160.01054476617463,74408946
2025-06-19 18:49:40.380001,MSFT,163.18595091464974,161.77040802137847,165.5496013052504,159.99026607438572,179723803
2025-06-20 18:49:40.380001,MSFT,161.66144123982448,161.61527820943635,163.45235071914652,158.78099417154593,122476804
2025-06-23 18:49:40.380001,MSFT,165.79325429012118,165.3468158844234,166.67216966963187,162.5775507299534,179180857
2025-06-24 18:49:40.380001,MSFT,165.9178355581688,164.78689826819394,168.40265538901767,163.98657516076753,147764713
2025-06-25 18:49:40.380001,MSFT,167.86712847239514,167.39079985764252,170.4695303475533,164.91655427499785,194579756
2025-06-26 18:49:40.380001,MSFT,167.38403013661906,166.1302033808427,169.78006003016512,164.4740287723735,67271816
2025-06-27 18:49:40.380001,MSFT,169.48577608592427,168.16173597648358,171.29840572664045,169.04900724495488,123532286
2025-06-30 18:49:40.380001,MSFT,169.85673217644532,169.6642696117663,170.84701177799138,168.6456385897746,163697430
2025-07-01 18:49:40.380001,MSFT,173.42074021488807,174.91620668229052,173.91109636408805,170.89403951476632,112979223
2025-07-02 18:49:40.380001,MSFT,175.46322807869325,173.92524104886095,176.032969942328,174.33790606869016,194334713
2025-07-03 18:49:40.380001,MSFT,173.04161380009452,172.23330776586968,176.21339706411513,173.0146600084479,177626648
2025-07-04 18:49:40.380001,MSFT,171.61934140560467,173.05086412716074,172.05137970179294,168.21781968109167,176814879
2025-07-07 18:49:40.380001,MSFT,167.81125420436575,167.17374407012872,168.92506719013338,166.87438668003037,172524913
2025-07-08 18:49:40.380001,MSFT,169.0256381867529,169.4946724953679,170.40815373378567,168.7368070734719,132299564
2025-07-09 18:49:40.380001,MSFT,173.3518729709839,174.43190551343451,173.78561909523498,172.5187383989478,52086470
2025-07-10 18:49:40.380001,MSFT,171.1724216219339,169.6239484743104,171.62766612586725,169.0176103037112,66927944
2025-07-11 18:49:40.380001,MSFT,170.71162814739873,169.72039393777493,173.63358198544915,167.94751685182624,151275624
2025-07-14 18:49:40.380001,MSFT,170.4355236843284,171.1109003434399,173.41264005554854,167.20158445598446,167506549
2025-07-15 18:49:40.380001,MSFT,172.68985246857,171.504358924688,175.57696810009216,172.2811153680863,142420048
2025-07-16 18:49:40.380001,MSFT,170.2787136303426,169.77822887065327,172.33524740460706,166.95486816837231,97873341
2025-07-17 18:49:40.380001,MSFT,175.17423315271313,176.84072824347714,176.2806882980089,172.64219868989133,122240584
2025-07-18 18:49:40.380001,MSFT,173.55934461632185,172.10572422454425,175.79966079643444,171.87695405229485,139973350
2025-07-21 18:49:40.380001,MSFT,175.79263511389863,177.09733849447233,179.00567900398036,175.2476038344774,118431660
2025-07-22 18:49:40.380001,MSFT,174.48251963808698,173.4730635526093,177.3241018580363,172.7048865217901,183327478
2025-07-23 18:49:40.380001,MSFT,176.01909440047845,174.73387544718798,176.7305275329608,172.67092726272617,153241975
2025-07-24 18:49:40.380001,MSFT,172.49971835854524,173.89603812504177,173.42851659880736,171.34671846960612,59493188
2025-07-25 18:49:40.380001,MSFT,170.22383266181043,170.0343212553966,170.8773596251964,169.87139829082503,122966659
2025-07-28 18:49:40.380001,MSFT,173.23987795238585,173.34696310118727,174.2767514257381,169.95373878541307,110318975
2025-07-29 18:49:40.380001,MSFT,177.85369141620663,176.4210384043092,178.03689397454798,175.70829994393986,107888847
2025-07-30 18:49:40.380001,MSFT,174.97486364208518,174.18761934451393,176.3637184045043,173.55988499355055,172863871
2025-07-31 18:49:40.380001,MSFT,170.6223711940946,170.44381084820313,173.00600201968592,168.48743345030104,88594179
2025-08-01 18:49:40.380001,MSFT,174.76367429985385,175.9853544809211,174.80033965543797,173.76954974938153,78374068
2025-08-04 18:49:40.380001,MSFT,179.4665490774133,177.96758146279666,181.90016967180074,176.80361812314285,158428174
2025-08-05 18:49:40.380001,MSFT,181.58084540084684,180.49868459131238,183.64185811811578,179.33247266347055,94149231
2025-08-06 18:49:40.380001,MSFT,183.1428151448085,184.88274040800508,184.6116780926786,182.67353523771578,150574678
2025-08-07 18:49:40.380001,MSFT,177.2318662746647,178.83807905649834,179.03450736131322,175.27048760838284,64326889
2025-08-08 18:49:40.380001,MSFT,179.70383473286796,181.04054134689483,180.67311439238617,177.53228529992526,148939878
2025-08-11 18:49:40.380001,MSFT,179.43307582058281,179.42919716178972,180.1732225209331,179.22467109263874,81939578
2025-08-12 18:49:40.380001,MSFT,180.4757957060585,180.28144714433876,182.94179569276542,178.3762193380767,75894397
2025-08-13 18:49:40.380001,MSFT,182.1312305142391,181.07848695155894,184.89275281180466,179.851320203587,146951602
2025-08-14 18:49:40.380001,MSFT,183.13927235716793,184.41457612113552,185.28790767853036,179.96661599129305,148064213
2025-08-15 18:49:40.380001,MSFT,175.15395599224186,175.18749166955456,176.71675346726022,173.88994554515025,196480184
2025-08-18 18:49:40.380001,MSFT,169.94018690034704,169.0658471933495,171.778418451628,168.61790216677755,136815601
2025-08-19 18:49:40.380001,MSFT,166.4591942878372,167.30447531710163,167.15091473456982,165.36816585606456,172174789
2025-08-20 18:49:40.380001,MSFT,167.34969540673794,165.92838111516423,170.61956190879204,167.29559632672243,65239684
2025-08-21 18:49:40.380001,MSFT,169.2110915073015,170.32280280088526,169.6778782226443,168.77677290318553,72119462
2025-08-22 18:49:40.380001,MSFT,164.35025436162653,163.4664418486856,166.33857187309312,161.89597936889527,69311302
2025-08-25 18:49:40.380001,MSFT,164.08243820522014,164.68188786767425,167.26678822304459,163.98770071170566,99018960
2025-08-26 18:49:40.380001,MSFT,164.32622007358287,164.09436971946772,165.7977135265159,162.53947756189353,67357566
2025-08-27 18:49:40.380001,MSFT,163.89226997611254,163.6857010405297,165.28775184106738,162.9887237872487,85286574
2025-08-28 18:49:40.380001,MSFT,169.27135968231298,170.7397269760914,172.02498874613397,166.85551243084439,169199121
2025-08-29 18:49:40.380001,MSFT,178.85965602328963,178.7324005196268,179.4073746361401,176.89931315059653,124720902
2025-09-01 18:49:40.380001,MSFT,183.46575337818882,183.63458902284955,184.21268610634698,183.3859784770949,174659456
2025-09-02 18:49:40.380001,MSFT,186.2691048763932,185.84456476649814,189.4145008051086,185.5029575326945,167735319
2025-09-03 18:49:40.380001,MSFT,181.91285128979655,181.12586693836903,182.39889715187704,180.77914037798368,90094571
2025-09-04 18:49:40.380001,MSFT,177.47747171189567,176.93329820752723,179.85806694343796,177.10088463475574,67104966
2025-09-05 18:49:40.380001,MSFT,178.76780712606015,179.62445448868203,181.11822669937982,176.00494268254616,122689155
2025-09-08 18:49:40.380001,MSFT,179.43075022993898,179.97257596240075,182.8257208327433,176.12230180044176,107725853
2025-09-09 18:49:40.380001,MSFT,179.58888989658874,178.01838033258093,181.3502143928575,177.0268492113134,166463392
2025-09-10 18:49:40.380001,MSFT,178.51734101334605,179.95246353624125,179.28660464269043,177.46393917026256,66554788
2025-09-11 18:49:40.380001,MSFT,186.30830356905994,184.8156041311441,188.39704733869465,185.82394545622938,113726200
2025-09-12 18:49:40.380001,MSFT,186.23263412910637,185.17048175785874,188.97695184204903,183.3955624704317,187088080
2025-09-15 18:49:40.380001,MSFT,190.80458596883508,191.29879359594952,193.50511152867116,188.81965882170178,58782133
2025-09-16 18:49:40.380001,MSFT,187.25248312969788,186.8645137231954,190.03128598507976,186.19120254555753,86026811
2025-09-17 18:49:40.380001,MSFT,189.98868362909428,188.77191240353173,192.8096702416714,188.27866952925876,109868966
2025-09-18 18:49:40.380001,MSFT,188.21107792809764,188.4088269135226,191.13654955792217,187.8056747801226,195833974
2025-09-19 18:49:40.380001,MSFT,187.49408585123612,186.89811511032576,189.66381325421767,187.339503058689,111062329
2025-09-22 18:49:40.380001,MSFT,187.4470102234442,188.6898132909698,190.03746800721512,183.72840363864825,185317840
2025-09-23 18:49:40.380001,MSFT,195.38202803657492,197.19888845591242,196.80964728809877,194.07107555240987,71776779
2025-09-24 18:49:40.380001,MSFT,190.9065886883695,189.0435856821667,191.65934017799654,188.21271793841376,186723263
2025-09-25 18:49:40.380001,MSFT,189.18378075852308,188.02840242500196,191.10873356254595,187.30929989568352,150587235
2025-09-26 18:49:40.380001,MSFT,188.70065805068583,186.89282171170592,189.79642943591602,186.73398244395767,70210960
2025-09-29 18:49:40.380001,MSFT,186.5509422239599,188.1349536460159,189.33319390759183,183.32323340118074,187947198
2025-09-30 18:49:40.380001,MSFT,184.41803354800427,185.6228006823537,184.8094574359329,180.91434448307157,174529877
2025-10-01 18:49:40.380001,MSFT,177.03480666253014,177.48365126985885,178.122862366506,173.56449542193056,164763671
2025-10-02 18:49:40.380001,MSFT,171.19276670642986,172.49849039237353,172.95187985041562,169.10086662295686,58590047
2025-10-03 18:49:40.380001,MSFT,174.91672737204894,174.453392404519,175.73089187555047,174.13744166196597,74468427
2025-10-06 18:49:40.380001,MSFT,172.96137544576018,173.8012727641782,176.10656228343694,172.12709924393292,103030044
2025-10-07 18:49:40.380001,MSFT,167.5424991980529,167.4538434147734,168.07023702378032,167.02777022617937,134421533
2025-10-08 18:49:40.380001,MSFT,169.38201102089184,169.10191667152534,170.49018110756083,167.76749019102115,103612748
2025-10-09 18:49:40.380001,MSFT,171.11794535245224,171.02246132139484,174.2895283583592,170.01920085388937,196195244
2025-10-10 18:49:40.380001,MSFT,175.96560050892168,176.12773193092823,177.62627793352598,173.046501060514,164241563
2025-10-13 18:49:40.380001,MSFT,170.28553283429414,169.2280480223474,170.83443880789991,168.44172377214701,181655891
2025-10-14 18:49:40.380001,MSFT,159.57501879889057,158.22450571137853,160.2888990577794,158.3778144439243,74546341
2025-10-15 18:49:40.380001,MSFT,159.96920871669286,159.010473503054,162.2424336743261,158.52799962773344,153046706
2025-10-16 18:49:40.380001,MSFT,156.7266685139181,157.8580833855378,158.27973073888285,154.08108637309974,65924274
2025-10-17 18:49:40.380001,MSFT,154.01750106928827,154.6977166727437,155.32339810380944,153.60693927587732,197143285
2025-10-20 18:49:40.380001,MSFT,149.21966069409825,149.099605377944,151.89944925916473,147.67595388569188,176011037
2025-10-21 18:49:40.380001,MSFT,156.75973776070174,156.95864531800905,159.457933210446,156.48465266868075,122978350
2025-10-22 18:49:40.380001,MSFT,150.1800604975692,149.90480034006987,151.9125741739213,149.06677699149068,113558025
2025-10-23 18:49:40.380001,MSFT,149.93612819657042,148.93663051029313,152.28611395753373,148.44835277223996,100747281
2025-10-24 18:49:40.380001,MSFT,141.66761564531916,140.79132238579066,141.74148154020781,140.14776613437652,107433959
2025-10-27 18:49:40.380001,MSFT,140.39303659687099,140.7126787608863,141.99679962328685,138.66457720922804,157640265
2025-10-28 18:49:40.380001,MSFT,132.03717192545386,131.61377912380095,133.22670406955427,131.57334065161814,154013032
2025-10-29 18:49:40.380001,MSFT,135.32918816196678,136.4126480927992,135.9859993379215,134.31763017521163,104127203
2025-10-30 18:49:40.380001,MSFT,135.31013420199997,135.7201223018478,135.87940255001163,134.7518444026565,134341600
2025-10-31 18:49:40.380001,MSFT,144.18749961606443,144.90047108354685,146.27447798928554,143.18974165333864,152028074
2025-11-03 18:49:40.380001,MSFT,151.02936463429182,152.3264384198959,152.3164408533776,148.60827682424207,178800994
2025-11-04 18:49:40.380001,MSFT,147.30384721180496,146.2241233527959,147.32102617985527,144.5775601751153,111289535
2025-11-05 18:49:40.380001,MSFT,146.55456414072037,145.29041219086056,147.00693801622663,143.93397942970773,161222151
2025-11-06 18:49:40.380001,MSFT,140.2710750564531,140.63824700104044,142.79563297773927,138.7599090340665,125945544
2025-11-07 18:49:40.380001,MSFT,135.02157514189338,135.98259935969807,137.1000793337699,134.02329035302978,136112442
2025-11-10 18:49:40.380001,MSFT,143.41907279810582,144.32439165388345,144.115663913669,142.42470871507842,149950546
2025-11-11 18:49:40.380001,MSFT,147.23696604220228,147.73131217207967,147.38915068001916,144.9487930973625,175679271
2025-11-12 18:49:40.380001,MSFT,144.62997070058572,143.79482734462033,146.3055947631132,142.12769316265712,129321350
2025-11-13 18:49:40.380001,MSFT,150.04323978885697,150.27521807806914,151.5381472161814,149.16161505569053,118050151
2025-11-14 18:49:40.380001,MSFT,151.76418594233002,152.54141276387486,152.88378732721557,148.95138248048505,93836661
2025-11-17 18:49:40.380001,MSFT,152.6199911273034,151.12638974287233,153.4735287942242,150.77438247360098,63545010
2025-11-18 18:49:40.380001,MSFT,145.69804892499167,146.24736078190693,146.05819863028907,143.7336971870361,182932751
2025-11-19 18:49:40.380001,MSFT,151.0596456125264,150.6267367903134,153.05554032504094,150.52299037996184,182364911
2025-11-20 18:49:40.380001,MSFT,140.73067840244246,140.1485958187241,141.25991529131434,138.1751564378328,155134758
2025-11-21 18:49:40.380001,MSFT,142.47685856169042,143.36192901108353,144.79503979681954,141.063238579732,153225438
2025-11-24 18:49:40.380001,MSFT,138.35123034023937,137.69735368016387,138.78630511261994,136.45010480674054,100295406
2025-11-25 18:49:40.380001,MSFT,141.85185400430655,140.52802900556975,143.5670595489285,140.58137509505238,56862847
2025-11-26 18:49:40.380001,MSFT,147.79664184854255,147.08969624864102,147.97340248075,145.6993529202894,151739958
2025-11-27 18:49:40.380001,MSFT,158.10239037912098,157.67491540895068,161.00837295981177,155.65249058493538,195257810
2025-11-28 18:49:40.380001,MSFT,162.46684290791367,162.66236983254194,165.02501727162888,161.54292065831967,72844535
2025-12-01 18:49:40.380001,MSFT,161.54988406075444,160.59113815052115,164.06253551617422,160.99177830454371,68436888
2025-12-02 18:49:40.380001,MSFT,161.61363616457467,161.75383778539793,163.5862438984345,158.7393290367166,114858181
2025-12-03 18:49:40.380001,MSFT,162.54730868417167,162.2637592206192,163.27927798189157,162.1840399314007,140067153
2025-12-04 18:49:40.380001,MSFT,155.53427608683526,154.52315564127144,158.17060108049003,153.93483029321305,97126922
2025-12-05 18:49:40.380001,MSFT,151.26485867817928,152.15828114289903,152.5097161963617,148.31577700818926,162800325
2025-12-08 18:49:40.380001,MSFT,139.59263467025335,139.4728041606489,140.0427569802118,137.6297961858794,129438572
2025-12-09 18:49:40.380001,MSFT,144.11247282747703,144.94991541659337,145.52207655702546,141.4622837514021,161324010
2025-12-10 18:49:40.380001,MSFT,141.02687615622168,141.82199677137143,141.3212619206248,140.03677139107543,159266338
2025-12-11 18:49:40.380001,MSFT,142.20475284523525,143.46456557043197,143.48297158447306,140.94345907260967,191851616
2025-12-12 18:49:40.380001,MSFT,146.34979306264586,147.56777328782883,148.12686934317063,144.81009811633655,133007137
2025-12-15 18:49:40.380001,MSFT,148.19467002202913,149.39579675591668,151.03592142571532,147.88148370411398,165512592
2025-12-16 18:49:40.380001,MSFT,147.33680790860987,147.3386807267517,148.8373916364183,146.0119979630053,123522689
2025-12-17 18:49:40.380001,MSFT,153.38782103747664,153.74287807054864,153.6639520179609,152.5320637819158,129613810
2025-12-18 18:49:40.380001,MSFT,154.53652623171308,154.27768643203382,155.02824222406824,152.13462570306535,96904706
2025-12-19 18:49:40.380001,MSFT,148.38271477870393,147.0273320861118,148.40363361674983,146.17731901648682,161210678
2025-12-22 18:49:40.380001,MSFT,145.55318969386568,145.2436046832162,146.45235889202655,143.0641893343182,84075637
2025-12-23 18:49:40.380001,MSFT,147.9754660381457,148.69747906669136,149.3783092869868,147.90335918550963,132401344
2025-12-24 18:49:40.380001,MSFT,157.84876618005552,157.6446522136094,158.9575452193702,157.63762565547367,80166200
2025-12-25 18:49:40.380001,MSFT,161.14956266257607,160.2253392694913,163.52826593267775,159.25195388440085,118403618
2025-12-26 18:49:40.380001,MSFT,158.19309013406306,159.53854552961008,158.64352307376032,157.43113134526186,53411575
2025-12-29 18:49:40.380001,MSFT,153.32344668159632,152.0559824606919,154.89227169311786,152.65970010822744,69492048
2025-12-30 18:49:40.380001,MSFT,154.91239127592587,156.1260008002413,157.42089623394787,153.06526634742664,177444464
2025-12-31 18:49:40.380001,MSFT,163.0162731789005,162.3130375618479,164.4559537359007,161.26195497700473,172114302
2026-01-01 18:49:40.380001,MSFT,165.79880499741495,165.3101240083055,167.44986640407708,165.62555929669338,66120595
2026-01-02 18:49:40.380001,MSFT,160.8932708684942,159.31812921370928,163.9676075864833,159.78493055229217,151645175
2026-01-05 18:49:40.380001,MSFT,164.22775355663018,162.74455595528795,165.72509468552556,162.78002032606528,157636880
2026-01-06 18:49:40.380001,MSFT,168.47992065849598,169.88343617821621,170.1904438494033,165.29788654078706,58639665
2026-01-07 18:49:40.380001,MSFT,159.26343758302988,158.03631986982575,162.42612264121806,156.6600634154023,162349103
2026-01-08 18:49:40.380001,MSFT,162.42537757632772,161.81731639356968,163.7498664592504,160.71696110255903,98329402
2026-01-09 18:49:40.380001,MSFT,160.45526427878954,161.12599366765483,161.66374985789582,157.98232213474344,96022412
2026-01-12 18:49:40.380001,MSFT,163.88394335774538,163.3148869186171,165.11288997134685,162.88710139949006,147983960
2026-01-13 18:49:40.380001,MSFT,155.01276614246925,154.57183038161963,156.18741901331734,154.19547169288606,90974848
2026-01-14 18:49:40.380001,MSFT,153.66471525549002,153.20972439813886,155.86203195782969,152.6016877768195,83766024
2026-01-15 18:49:40.380001,MSFT,150.41813631246848,150.78005369057993,150.60201426795058,149.26663646838105,54608088
2026-01-16 18:49:40.380001,MSFT,147.4309158284912,147.6053902259155,148.45438781293714,145.58378753786897,65653017
2026-01-19 18:49:40.380001,MSFT,153.51113975184205,154.185204751624,154.01492434791243,150.80693352805002,147285636
2026-01-20 18:49:40.380001,MSFT,151.36395068277653,152.62163687832515,151.4623588117546,150.40796552981274,192118211
2026-01-21 18:49:40.380001,MSFT,155.7327277444094,156.16550721904756,158.8470355318419,154.73739209762542,196739253
2026-01-22 18:49:40.380001,MSFT,155.70999156807508,155.2224200180068,158.72285087006995,153.29759978976534,157126124
2026-01-23 18:49:40.380001,MSFT,157.8650680781784,157.57219885038688,158.5560548241252,157.49339974588085,140437231
2026-01-26 18:49:40.380001,MSFT,148.22457471012444,148.37151996241454,149.79885774467888,148.02493046051356,60503821
2026-01-27 18:49:40.380001,MSFT,144.2540391831574,145.47705316652502,146.48030644066557,144.05498227634877,108006921
2026-01-28 18:49:40.380001,MSFT,150.98204622465806,150.92070110829266,152.92146260876046,149.4895805218262,173255109
2026-01-29 18:49:40.380001,MSFT,150.1355208023243,148.94904975602338,151.03377990049813,149.21652378661315,166034699
2026-01-30 18:49:40.380001,MSFT,159.33428796175443,159.34683397230333,162.46773841893378,156.9348367760496,155301508
2026-02-02 18:49:40.380001,MSFT,154.46941385854458,153.1561969670814,155.53504063991593,152.78379041338113,89914928
2026-02-03 18:49:40.380001,MSFT,153.24189484325765,154.1245508490215,154.57902333978035,152.05053536932056,78444235
2026-02-04 18:49:40.380001,MSFT,143.89852442928404,142.69136760932747,145.01416850420978,142.8960602221494,174537767
2026-02-05 18:49:40.380001,MSFT,160.11763322239648,160.8273133747583,162.62269689487871,157.08424742064363,185111951
2026-02-06 18:49:40.380001,MSFT,174.3901172810266,172.78976700671777,176.84609838549085,172.87010606582774,104091474
2026-02-09 18:49:40.380001,MSFT,159.02372433573504,158.97621612593431,160.81655471474934,158.19698680282116,91313835
2026-02-10 18:49:40.380001,MSFT,148.10284355703362,147.18430518762975,148.835723738909,145.57567371090514,164673920
2026-02-11 18:49:40.380001,MSFT,126.07405810182549,126.93883492561743,127.52720911812874,125.56134266722115,101103764
2026-02-12 18:49:40.380001,MSFT,126.40467691741857,127.40342441354065,128.84743355693075,124.80274724330454,69687707
2026-02-13 18:49:40.380001,MSFT,141.2638769633673,140.1218084820531,143.5299891337013,141.2241868109841,149963721
2026-02-16 18:49:40.380001,MSFT,140.2437534269178,140.2128816531078,142.9130119933043,139.67351766014337,143408158
2026-02-17 18:49:40.380001,MSFT,141.1786382146611,141.4049831576708,141.562084267273,140.1559670312886,105380665
2026-02-18 18:49:40.380001,MSFT,125.8488382194907,124.94694404029144,128.27310212011193,124.57716723653918,81098192
2026-02-19 18:49:40.380001,MSFT,121.4267468686321,120.30597030616865,121.43619489804667,120.69647147026532,156436504
2026-02-20 18:49:40.380001,MSFT,131.76537871763978,131.42291611650904,131.98279846823715,130.29575330082383,188984597
2026-02-23 18:49:40.380001,MSFT,139.0882538713681,139.4627980508508,139.67937430733267,138.1498435779308,175724218
2026-02-24 18:49:40.380001,MSFT,143.31130931778054,142.1316820315034,145.5869888478286,142.48424680326175,189944324
2026-02-25 18:49:40.380001,MSFT,137.72224081043643,137.53339876623107,140.45128688415528,136.7812007258494,157587034
2026-02-26 18:49:40.380001,MSFT,132.03843518613496,130.7930762017779,134.38314732022403,130.73416846295697,57380310
2026-02-27 18:49:40.380001,MSFT,140.83418893912244,141.08296690654527,142.57854834389406,140.0047050964158,90287123
2026-03-02 18:49:40.380001,MSFT,154.0439742498411,152.75635132269366,155.9444386374793,153.10103629650467,125442359
2026-03-03 18:49:40.380001,MSFT,172.47220718797752,173.33765465200986,173.2740328314326,169.947146032384,155199137
2026-03-04 18:49:40.380001,MSFT,172.4094543138458,173.1093145277137,174.8100132643612,170.98060434110116,145353540
2026-03-05 18:49:40.380001,MSFT,164.45409254743367,164.03851779887867,166.90962843494071,163.0866814460086,58957421
2026-03-06 18:49:40.380001,MSFT,180.26989279397773,180.1889536181909,182.1710389743035,176.75768477832483,73732831
2026-03-09 18:49:40.380001,MSFT,184.01943986543412,185.04263077124833,185.47077553132743,183.48198065124626,173500054
2026-03-10 18:49:40.380001,MSFT,180.0758274118894,179.87851535920666,181.33888598044794,178.12622640689654,69919361
2026-03-11 18:49:40.380001,MSFT,190.315113139155,189.6242676746667,191.080768899265,188.93989152002385,93384495
2026-03-12 18:49:40.380001,MSFT,201.27861488345448,201.5744390992444,204.11999478104784,198.24167433293323,56170055
2026-03-13 18:49:40.380001,MSFT,180.44352838488263,179.3255095741375,182.56720125255637,177.80799444630657,93447151
2026-03-16 18:49:40.380001,MSFT,165.51069994178727,164.28069396342795,168.79040944394583,164.41134700881508,86170995
2026-03-17 18:49:40.380001,MSFT,165.83110211665422,166.022570641523,166.85050501467646,165.26213280235217,140184641
2026-03-18 18:49:40.380001,MSFT,197.7849998908115,197.52058460497713,199.23340010563842,194.4362109290964,198678348
2026-03-19 18:49:40.380001,MSFT,198.87281869992174,196.94822573779555,201.48812948701234,197.9763049624688,68478545
2026-03-20 18:49:40.380001,MSFT,202.8058032030111,201.6587252425814,203.07518908556105,201.57897872743928,195208570
2026-03-23 18:49:40.380001,MSFT,197.70198051210505,197.80143669605795,200.20596358283464,194.58989498542,175231415
2026-03-24 18:49:40.380001,MSFT,179.71556550898578,181.107406589056,183.13514337856154,179.71335188060874,118571033
2026-03-25 18:49:40.380001,MSFT,193.35377809866682,194.67530238781865,197.05774723660068,190.64846241558297,197330000
2026-03-26 18:49:40.380001,MSFT,188.45310612898226,187.74103615030782,189.12993050626747,188.44584584226607,111524155
2026-03-27 18:49:40.380001,MSFT,187.86048458838096,186.7145082484188,188.71102585255844,185.08389477578518,109692484
2026-03-30 18:49:40.380001,MSFT,182.371349677051,182.80582447434497,184.76805680689887,182.27383566606014,103092511
2026-03-31 18:49:40.380001,MSFT,187.79863199990265,189.44996168048337,190.51326160707217,187.6978342646458,170160172
2026-04-01 18:49:40.380001,MSFT,214.42317469197357,212.44503383851932,218.43641327901895,211.35067504848465,69348367
2026-04-02 18:49:40.380001,MSFT,186.77586501356313,185.75650412932288,190.1551984999726,186.01973975558215,128092125
2026-04-03 18:49:40.380001,MSFT,199.5419626528998,198.51773306462212,202.2165931363974,197.24403223895953,150142788
2026-04-06 18:49:40.380001,MSFT,198.7663988055052,200.54964291410988,201.07704885522878,198.55389644415848,88234514
2026-04-07 18:49:40.380001,MSFT,187.61134945715332,188.61956902781142,190.87592594847078,186.5453329010124,148368589
2026-04-08 18:49:40.380001,MSFT,187.65421107796115,188.7088851649538,191.3457320567404,185.9985103087045,133651176
2026-04-09 18:49:40.380001,MSFT,209.32731911060353,209.1635036961251,211.8132767617842,207.7557159599362,125590228
2026-04-10 18:49:40.380001,MSFT,203.88774418035513,204.11243193503654,206.05153147271855,200.84589791961216,102988773
2026-04-13 18:49:40.380001,MSFT,215.82944332884858,213.7215466551342,219.4596413298742,215.29430926862796,178168508
2026-04-14 18:49:40.380001,MSFT,193.34934894901872,193.33226936248872,194.01286553508095,191.5232456802794,142063471
2026-04-15 18:49:40.380001,MSFT,193.074744169285,194.57772800918167,195.37987597719095,193.04292210662393,175881872
2026-04-16 18:49:40.380001,MSFT,187.73619105446826,185.88038878990204,188.47398270891586,185.8827188247964,63435438
2026-04-17 18:49:40.380001,MSFT,181.47632863542157,179.75936602286905,184.0685250574799,178.8612259139306,81481221
2026-04-20 18:49:40.380001,MSFT,187.3898631040681,186.66441993656179,188.15635871925858,185.99694189753473,61785472
2026-04-21 18:49:40.380001,MSFT,206.19199782912048,207.12994764696222,208.36398710539356,204.58197508011534,121758177
2026-04-22 18:49:40.380001,MSFT,216.13933808170927,218.0531330207909,220.45023639199982,214.54612089737998,190798374
2026-04-23 18:49:40.380001,MSFT,235.3614378441472,235.3228644446371,238.62762987558256,234.4559529365613,199361983
2026-04-24 18:49:40.380001,MSFT,224.19509674929844,222.99656480704004,224.7186789411968,221.6101785394492,160054039
2026-04-27 18:49:40.380001,MSFT,210.9994463032778,212.05618522453292,211.79992926964144,210.89241269206573,192060238
2026-04-28 18:49:40.380001,MSFT,204.10372774506615,203.3532315555704,208.1544611536039,202.3899252465364,57783372
2026-04-29 18:49:40.380001,MSFT,217.29860992668745,215.91362324345386,221.22691827764694,215.92394006376279,193536795
2026-04-30 18:49:40.380001,MSFT,205.36895977117112,203.3588865599861,207.86422555834605,203.17819816166,133484228
2026-05-01 18:49:40.380001,MSFT,226.55168448772062,226.11549052468357,228.18391976416234,223.62533910891625,154323355
2026-05-04 18:49:40.380001,MSFT,248.2529398243761,247.02144772389278,251.52016931062204,243.98865287050063,132017285
2026-05-05 18:49:40.380001,MSFT,263.8070483971979,261.44009008031566,264.28009096705244,259.3340480606445,176717386
2026-05-06 18:49:40.380001,MSFT,295.38895928983084,298.04669007553525,299.14935027452765,291.1993173934932,192489719
2026-05-07 18:49:40.380001,MSFT,306.9050204437259,305.7235371478404,310.50972387672795,303.9649417353219,175311036
2026-05-08 18:49:40.380001,MSFT,297.5010009244452,300.110708524014,300.94068283331836,292.7306269134003,71260326
2026-05-11 18:49:40.380001,MSFT,259.3817744467785,257.15362307902046,262.5704332198405,257.6615511386559,75025825
2026-05-12 18:49:40.380001,MSFT,254.12109169946126,253.8631269866811,254.52529379065982,252.44575019266506,86346681
2026-05-13 18:49:40.380001,MSFT,257.56954099578513,255.48334294484172,259.39526613264184,252.71223140768336,55758486
2026-05-14 18:49:40.380001,MSFT,274.7115268288474,274.7670047806551,275.8762072990618,273.54630366118107,109312112
2026-05-15 18:49:40.380001,MSFT,326.5367031838496,326.2685001105254,327.9252405939426,321.88550964736055,196155903
2026-05-18 18:49:40.380001,MSFT,319.5619798324384,318.96679527718527,322.0361284413955,319.3977627187685,61863299
2026-05-19 18:49:40.380001,MSFT,336.61506197242375,334.432861919171,339.35965560368624,336.5990958246922,64194005
2026-05-20 18:49:40.380001,MSFT,325.8872791993433,327.45847333553684,329.8190750252159,319.4630912761896,103119381
2026-05-21 18:49:40.380001,MSFT,325.4958278306818,327.506759666636,328.9885892438276,323.3718421540187,119454424
2026-05-22 18:49:40.380001,MSFT,345.7781946565295,348.6476333854146,351.2471979713324,343.6652025931714,148527918
2026-05-25 18:49:40.380001,MSFT,378.620452758775,375.06037334410604,381.2195323071293,371.84163577018114,125569804
2026-05-26 18:49:40.380001,MSFT,393.27376619567224,391.9492940586471,396.5916805022007,385.5655595542929,74951652
2026-05-27 18:49:40.380001,MSFT,364.0692398682671,364.7888496233616,370.6983666841078,359.9105064930165,117340315
2026-05-28 18:49:40.380001,MSFT,395.38673810604985,398.1049176047786,399.3444517714942,392.28291566981903,105500381
2026-05-29 18:49:40.380001,MSFT,431.81394453513974,429.30709518782834,437.3763249026371,428.85530792774125,189005251
2026-06-01 18:49:40.380001,MSFT,404.23272619067416,403.9462356559492,408.4743094184687,399.44438080402796,143317502
2026-06-02 18:49:40.380001,MSFT,408.44969312191733,407.52732907434955,413.6854489413348,401.3409533953906,161074941
2026-06-03 18:49:40.380001,MSFT,486.1026587254838,488.27711818976445,487.2833361210977,478.05254637265335,72998227
2026-06-04 18:49:40.380001,MSFT,490.31387254507774,491.759093426553,494.6528753323926,489.288484703813,78519712
2026-06-05 18:49:40.380001,MSFT,517.1468765296393,518.8845038225426,521.8809593558609,515.5255370053842,170951762
2026-06-08 18:49:40.380001,MSFT,516.550334400193,517.4719185480337,520.159406248621,506.761712294625,81823871
2026-06-09 18:49:40.380001,MSFT,537.836990410391,535.0548674590141,540.1371289428364,536.7506350398443,175073674
2026-06-10 18:49:40.380001,MSFT,645.4043884924691,640.21708008701,655.1502077874787,632.7122101674152,68786848
2026-06-11 18:49:40.380001,MSFT,604.6067333169199,606.0613034986773,616.4595878976368,603.0579012638516,84273529
2026-06-12 18:49:40.380001,MSFT,591.8956138164242,594.405163621195,596.7124550236617,589.9970295701986,90847531
2026-06-15 18:49:40.380001,MSFT,568.3567631219614,564.2955086665538,570.0677847112574,561.7141031706063,155036650
2026-06-16 18:49:40.380001,MSFT,558.163008904546,556.8341780864333,565.6980523880301,554.3019367695751,142263749
2026-06-17 18:49:40.380001,MSFT,514.1923412657162,514.1279066187305,524.3879383657501,507.37210285438493,131876476
2026-06-18 18:49:40.380001,MSFT,468.76190251491914,471.12123362902116,478.13296965783064,459.57651079645234,99512136
2026-06-19 18:49:40.380001,MSFT,438.13208708185954,439.55980761844313,443.75422482237974,434.43516391220606,177044812
2026-06-22 18:49:40.380001,MSFT,386.5137549106837,389.9364803466505,391.8184599727872,385.3588945468552,106562779
2026-06-23 18:49:40.380001,MSFT,339.63173126797204,339.0999823723269,343.76136325479894,335.03907621784134,70241341
2026-06-24 18:49:40.380001,MSFT,295.6818480156094,293.3728376610488,298.8674316268216,293.7810606035735,66639319
2026-06-25 18:49:40.380001,MSFT,288.82724368388614,288.88824286420964,294.3834296940213,288.39590978466924,195295494
2026-06-26 18:49:40.380001,MSFT,287.91051332402265,290.42987787000163,291.93944774578165,287.2146693248424,154762762
2026-06-29 18:49:40.380001,MSFT,297.7286217254244,296.53261172087485,298.5602187177597,296.5943283408355,122116390
2026-06-30 18:49:40.380001,MSFT,307.7248374816638,308.52463477405036,309.11099657353697,303.27680433978566,166305241
2026-07-01 18:49:40.380001,MSFT,338.033104141305,341.1916747638449,344.6106429543406,332.65518037257095,102445472
2026-07-02 18:49:40.380001,MSFT,296.45209088071675,297.87484490992864,299.7449176127741,292.69232286879287,167021283
2026-07-03 18:49:40.380001,MSFT,290.0886367079675,287.9999068602537,295.8509947017152,285.790138036137,189315688
2026-07-06 18:49:40.380001,MSFT,251.62638244344544,251.51965449740544,254.20706699770787,248.80728845843967,65690640
2026-07-07 18:49:40.380001,MSFT,237.37771715726154,239.12355823158867,241.6842129495804,235.80342047253984,166865664
2026-07-08 18:49:40.380001,MSFT,217.24688595967172,216.7271686584246,218.02388328966308,215.67084835359265,138737565
2026-07-09 18:49:40.380001,MSFT,178.38295151195038,180.12494871414344,179.19121450719004,178.34992400234967,101724330
2026-07-10 18:49:40.380001,MSFT,172.7198787664886,171.74174084112022,172.86253759103934,169.37763080039747,92640266
2026-07-13 18:49:40.380001,MSFT,197.73985206826327,195.80482141191305,201.32093455028595,196.19999995446526,161909107
2026-07-14 18:49:40.380001,MSFT,168.90743761896601,167.7620778576559,168.95752419911452,165.7980198143785,123685251
2026-07-15 18:49:40.380001,MSFT,183.3152015821676,183.6263021519936,184.03698221138714,182.00181963516832,159810957
2026-07-16 18:49:40.380001,MSFT,170.10035737136172,169.6735586995405,171.87605767298334,169.96773052945517,93922014
2026-07-17 18:49:40.380001,MSFT,200.8692772094133,200.76585402771866,204.56819170663846,197.19513479765627,94833474
2026-07-20 18:49:40.380001,MSFT,202.53723565130394,202.39338133291037,206.49706770466395,201.31925145151484,193319258
2026-07-21 18:49:40.380001,MSFT,231.6662344562737,233.13815152027,232.14042885233658,227.71335221567537,94624976
2026-07-22 18:49:40.380001,MSFT,255.7042829247345,255.5940488291448,259.73535523375074,255.52406787669116,183117793
2026-07-23 18:49:40.380001,MSFT,228.23144889874317,228.708774945182,230.939746271198,223.8445621163641,92193628
2026-07-24 18:49:40.380001,MSFT,233.98294144544252,233.52421219466405,238.40926324578783,231.98964221201464,137306227
2026-07-27 18:49:40.380001,MSFT,205.49273203451565,204.02489021921897,207.4117670898053,205.48424393144552,136594333
2026-07-28 18:49:40.380001,MSFT,184.86812946948461,183.3473735221628,186.5748801951722,184.45327566642754,115860754
2026-07-29 18:49:40.380001,MSFT,221.84175536338154,220.32699091686553,224.432289430104,217.6395492105518,171091685
2026-07-30 18:49:40.380001,MSFT,225.59402896426758,226.7012852593401,230.00289669514072,223.3817658845969,190991542
2026-07-31 18:49:40.380001,MSFT,230.0624238331819,230.07709196903556,232.56793893533845,229.76433883898488,51580194
2026-08-03 18:49:40.380001,MSFT,253.52806767590434,251.61222439478607,256.77006202940447,251.80398981254976,78420285
2026-08-04 18:49:40.380001,MSFT,212.8919112517796,214.30924356881573,214.50918560605933,210.59764496710656,177584622
2026-08-05 18:49:40.380001,MSFT,197.68839973470492,198.99421047426853,199.67834430903667,196.19268148725706,111582063
2021-08-06 18:49:40.380001,NVDA,450.0,451.0413562439178,453.58488769392847,447.3297057256237,85691369
2021-08-09 18:49:40.380001,NVDA,477.2923611455621,473.97178278781024,486.6456031671758,470.24390484504266,132884428
2021-08-10 18:49:40.380001,NVDA,464.59227632450086,467.64563370925305,467.5747584684872,457.53869343282275,75539610
2021-08-11 18:49:40.380001,NVDA,502.2496105267041,502.6607709020424,510.5672347503014,496.21627658788793,106916729
2021-08-12 18:49:40.380001,NVDA,509.8134273300681,507.955381011954,517.0871751448835,502.57995255382883,52920194
2021-08-13 18:49:40.380001,NVDA,498.0381058104021,496.72192765845506,504.0908150094709,491.19040581984734,169456079
2021-08-16 18:49:40.380001,NVDA,499.48325585668886,495.25520901269937,499.8278144571176,498.8610236495724,167253956
2021-08-17 18:49:40.380001,NVDA,467.8799200750616,463.5829545994171,470.9519168765358,467.0789373829379,181186417
2021-08-18 18:49:40.380001,NVDA,460.4672948143207,457.15716540956686,460.64371395015036,453.5744934244199,59934829
2021-08-19 18:49:40.380001,NVDA,442.081811940155,438.67171566370365,448.2476176037963,441.7451416147104,199609320
2021-08-20 18:49:40.380001,NVDA,391.69163280068364,394.70646250362324,395.51182941318035,389.0160141505121,113490618
2021-08-23 18:49:40.380001,NVDA,403.8882967063815,404.0711008476051,408.62905096875335,401.8628717599855,99901657
2021-08-24 18:49:40.380001,NVDA,405.7259176942577,404.1848877439328,413.116062436652,403.59271891190485,173848142
2021-08-25 18:49:40.380001,NVDA,388.3048338862985,386.6454145419364,389.68050605041316,381.318475012304,124061578
2021-08-26 18:49:40.380001,NVDA,389.6447945785657,386.09298984826427,390.2874478202331,385.6756167512158,103270486
2021-08-27 18:49:40.380001,NVDA,421.67159301258573,422.5695889400219,426.9076848939797,415.0619912132152,51061228
2021-08-30 18:49:40.380001,NVDA,432.90427117655764,435.2434512708327,439.01379562232995,431.5927882942148,96408988
2021-08-31 18:49:40.380001,NVDA,425.8941355879729,430.06895783212053,434.0766921142903,420.5755927166503,75213439
2021-09-01 18:49:40.380001,NVDA,408.92715022238775,409.02778964244163,415.9182387559435,404.4136575125046,191169833
2021-09-02 18:49:40.380001,NVDA,407.03122265003384,403.60597031066345,407.434946903199,403.10213873536753,194504988
2021-09-03 18:49:40.380001,NVDA,406.76795563964856,405.8955175744788,412.91863508537733,404.195706795605,104964924
2021-09-06 18:49:40.380001,NVDA,396.72348550670824,400.5392957643646,398.9730284557851,393.05042149481847,130628881
2021-09-07 18:49:40.380001,NVDA,391.3382021113101,389.30468862256737,392.47835957249964,391.11273486763616,139229966
2021-09-08 18:49:40.380001,NVDA,386.6656698087486,384.25653777571233,390.1196108919964,380.71728389447134,141728610
2021-09-09 18:49:40.380001,NVDA,382.3006868887757,385.28177630937233,385.7939834868732,379.0494967738001,178774294
2021-09-10 18:49:40.380001,NVDA,358.5726026669213,361.36051373075253,364.68568898678956,351.64585340744344,134979186
2021-09-13 18:49:40.380001,NVDA,370.0684621964077,369.0259428219288,376.2700526341609,363.73133553970683,56354115
2021-09-14 18:49:40.380001,NVDA,377.8524385134329,381.33193384324403,380.7188101411724,371.4935492622318,98774018
2021-09-15 18:49:40.380001,NVDA,381.86370070118465,383.47159929149416,383.1826440924609,381.789042889565,131965207
2021-09-16 18:49:40.380001,NVDA,400.16089089103656,401.0383787636023,400.8479339947861,394.09364862487143,114670050
2021-09-17 18:49:40.380001,NVDA,379.11096401293094,380.3716489362009,380.7438349984748,377.09203671405277,192378701
2021-09-20 18:49:40.380001,NVDA,381.59318734049333,378.2513176337923,388.30828241435506,375.2479810962963,66972095
2021-09-21 18:49:40.380001,NVDA,386.7200966616479,390.00140842338465,391.74687493267226,380.0161221046335,52033656
2021-09-22 18:49:40.380001,NVDA,386.9580781747672,385.5050622700055,392.3370264351576,380.6391011874773,166099940
2021-09-23 18:49:40.380001,NVDA,385.27978014467396,384.79737673285393,385.513236026738,383.17065843546567,119105978
2021-09-24 18:49:40.380001,NVDA,380.4683356377278,380.7173061757337,381.23353458164445,374.83431456492286,68707678
2021-09-27 18:49:40.380001,NVDA,395.594215748177,393.70786135880337,396.0730943165431,389.6475128492876,147795986
2021-09-28 18:49:40.380001,NVDA,397.39797748652563,394.7466776473888,404.1336839765625,391.7460077009267,108337646
2021-09-29 18:49:40.380001,NVDA,374.51369856164575,377.0738373207916,380.32410624852054,373.3759145162912,174021848
2021-09-30 18:49:40.380001,NVDA,368.3173074009983,370.14556958061684,369.9839732387999,361.5061505431877,197972424
2021-10-01 18:49:40.380001,NVDA,386.1484231749694,389.39856126569504,386.3629889108243,386.1418638635937,91033055
2021-10-04 18:49:40.380001,NVDA,390.8649134211329,389.1019303555513,397.4253828701668,389.35726942342984,130258224
2021-10-05 18:49:40.380001,NVDA,396.8671391764968,400.56518889443106,403.0894581291288,393.8538263309534,195752062
2021-10-06 18:49:40.380001,NVDA,412.9635061021988,415.1911294085124,416.5943181253213,408.58971487527594,187687108
2021-10-07 18:49:40.380001,NVDA,394.5488104359722,396.64340191728667,400.9412754468128,390.80786599987283,136441007
2021-10-08 18:49:40.380001,NVDA,394.07840784987377,395.84823347392955,398.6058350099136,387.0300072158396,102822244
2021-10-11 18:49:40.380001,NVDA,389.9951596184239,386.7840595438678,390.4383151443501,382.24657202848834,186338583
2021-10-12 18:49:40.380001,NVDA,401.83632683577645,404.5981181333562,407.3946453320891,400.077674329984,63685348
2021-10-13 18:49:40.380001,NVDA,404.01701427123527,401.72310549692,409.3678011809797,397.00854943184993,76513663
2021-10-14 18:49:40.380001,NVDA,414.4076174938189,413.894189138508,417.2859901817707,409.0499853133706,165897402
2021-10-15 18:49:40.380001,NVDA,411.76007608161484,412.2350760444554,417.42466765657593,404.2724328497831,134240053
2021-10-18 18:49:40.380001,NVDA,398.39246426310416,402.05623544561456,399.7634212098531,395.64849890079785,61250044
2021-10-19 18:49:40.380001,NVDA,403.78291674929835,399.75536392031904,404.8224618326023,397.22443973946537,109255494
2021-10-20 18:49:40.380001,NVDA,390.2185520019165,387.08683484356726,392.5226252686292,388.0313407723441,95962072
2021-10-21 18:49:40.380001,NVDA,388.80670309682927,388.95929116220617,395.66888235451177,383.7760463461923,127421013
2021-10-22 18:49:40.380001,NVDA,392.0420949843046,390.03505444230905,396.930342127608,389.18722457071607,54690392
2021-10-25 18:49:40.380001,NVDA,402.7375930877035,405.55670277681,408.9459997454104,397.2383730567581,157960959
2021-10-26 18:49:40.380001,NVDA,416.99047487015207,419.0909887339162,424.31531723383677,414.38581234712166,110922446
2021-10-27 18:49:40.380001,NVDA,391.86207436839715,393.06765665828976,399.49433792067316,386.9018215223255,128569422
2021-10-28 18:49:40.380001,NVDA,391.1536459608549,394.66532306499545,398.3713821898019,387.4625176903036,153382193
2021-10-29 18:49:40.380001,NVDA,399.86199487878866,402.7070625432583,402.24768117716343,395.54435397716844,104911220
2021-11-01 18:49:40.380001,NVDA,422.9898343454811,424.0743701171133,423.1438681006815,416.95481344114046,177487924
2021-11-02 18:49:40.380001,NVDA,429.7772632720899,426.32398025904297,431.2644549553127,426.3853483023047,113836092
2021-11-03 18:49:40.380001,NVDA,447.1062795427665,443.874673362761,449.5438171295575,447.0969192839814,161437014
2021-11-04 18:49:40.380001,NVDA,416.81283370530747,417.4925049528066,422.2030006059179,411.2005813286963,185391672
2021-11-05 18:49:40.380001,NVDA,439.49207419621575,435.55393231307056,440.56292150132793,437.6804619774709,50388660
2021-11-08 18:49:40.380001,NVDA,438.5000444466621,442.38297394551466,440.4995724681415,432.57330636918425,181069483
2021-11-09 18:49:40.380001,NVDA,422.5356749992673,425.4768966947804,429.00056035493776,415.5623173865331,154695416
2021-11-10 18:49:40.380001,NVDA,419.6051961847938,417.8948516524677,421.26625707337814,419.5099786502006,58144420
2021-11-11 18:49:40.380001,NVDA,442.98441783771364,446.4709024279814,445.79383776675235,436.14666831897125,156711769
2021-11-12 18:49:40.380001,NVDA,420.84881510910094,421.85742293798916,425.1757912546434,413.23888377259766,90060751
2021-11-15 18:49:40.380001,NVDA,458.49667480536607,458.77361643719155,460.0371047609315,457.21073263437125,91331394
2021-11-16 18:49:40.380001,NVDA,462.58095420689347,463.4389374572145,468.44277295819563,458.1092227034039,93299251
2021-11-17 18:49:40.380001,NVDA,458.060218701471,462.4392797962202,465.82821334499056,451.84797973879586,186167735
2021-11-18 18:49:40.380001,NVDA,440.18845532950525,440.2942798912662,444.7124915639488,431.8237740963411,73092622
2021-11-19 18:49:40.380001,NVDA,427.4184743031413,423.3077909253211,432.6058968881852,423.1229279734769,114591264
2021-11-22 18:49:40.380001,NVDA,419.1998897777511,418.94546734256267,425.4242555189185,415.01825093633255,191267077
2021-11-23 18:49:40.380001,NVDA,424.5230665637944,421.6361516108575,430.1790263001264,419.1674059490488,132580593
2021-11-24 18:49:40.380001,NVDA,432.70647739700047,435.898406279019,433.4278011935656,424.3054567657968,191211835
2021-11-25 18:49:40.380001,NVDA,448.5015888113984,451.7587091189532,456.1873325531384,445.39163435068957,182287301
2021-11-26 18:49:40.380001,NVDA,418.58065120895674,414.50173824233474,419.9076644311228,415.11885185233285,169409177
2021-11-29 18:49:40.380001,NVDA,428.52550696794043,429.8973719332367,434.476175791476,422.75738128118934,67910723
2021-11-30 18:49:40.380001,NVDA,405.35034818260624,403.5331708809492,413.0860018978691,403.7705694922872,163642435
2021-12-01 18:49:40.380001,NVDA,407.08375446523405,410.81913310305816,410.7513402559062,401.2940832953577,137137226
2021-12-02 18:49:40.380001,NVDA,377.374312083769,374.9716380785586,378.56674781695165,374.98531243036297,161287595
2021-12-03 18:49:40.380001,NVDA,371.12553427113113,368.67699718014535,378.4741368327513,365.38330650192916,150161489
2021-12-06 18:49:40.380001,NVDA,388.82471269815517,391.17154269828336,395.8770588770772,385.8835936597262,135358120
2021-12-07 18:49:40.380001,NVDA,371.7615114934504,375.26750514121846,373.33123227607865,371.3944121436349,103454217
2021-12-08 18:49:40.380001,NVDA,365.95681925024456,365.0085074990346,367.3676106416577,362.1306667679488,70393241
2021-12-09 18:49:40.380001,NVDA,358.71557352764296,360.7960492463203,359.08204847553657,352.9803950147639,89981900
2021-12-10 18:49:40.380001,NVDA,338.8644365642097,336.0365270911916,345.46648401631086,334.3567289151603,84480449
2021-12-13 18:49:40.380001,NVDA,341.6391830848302,341.5670172268072,343.4324363281868,338.1659283688506,90571599
2021-12-14 18:49:40.380001,NVDA,361.9236003521907,363.83886330621027,366.90973526640863,360.8786753505,181469795
2021-12-15 18:49:40.380001,NVDA,334.8282221239679,335.71853919215573,334.93213606122225,331.3341428830165,58351937
2021-12-16 18:49:40.380001,NVDA,362.7812460374224,363.7074589235534,369.7163491331857,357.1418748020722,96047558
2021-12-17 18:49:40.380001,NVDA,343.0955648169298,345.5085401445596,345.64525654507906,340.71358381019746,168871887
2021-12-20 18:49:40.380001,NVDA,358.5744892879367,355.3648102440568,361.40491090563404,353.30938394421264,159834724
2021-12-21 18:49:40.380001,NVDA,361.5522899383441,358.6790171135621,366.9421824739292,354.7028094671716,122307788
2021-12-22 18:49:40.380001,NVDA,363.85274807970455,365.4743357015308,370.5105457666958,357.9410694593607,84559929
2021-12-23 18:49:40.380001,NVDA,352.671237437771,351.53159920908786,358.3967797019276,345.6351135088055,54872786
2021-12-24 18:49:40.380001,NVDA,357.61738740281186,354.1981732647484,358.37255802908794,355.42103058037054,191555305
2021-12-27 18:49:40.380001,NVDA,351.08849041733316,349.8284338239097,351.7488706236369,349.25479128303544,143151748
2021-12-28 18:49:40.380001,NVDA,366.4544752582175,367.0398654762252,372.20048192907194,362.73099552291535,141760059
2021-12-29 18:49:40.380001,NVDA,380.52927049916997,382.4343671672364,385.28716268679386,373.2084303335753,60342541
2021-12-30 18:49:40.380001,NVDA,388.34813836665546,386.8658470054097,394.1871017574348,380.598391587232,131442456
2021-12-31 18:49:40.380001,NVDA,354.94285991140396,353.07250970435183,355.7311380356016,353.03755870906514,91501561
2022-01-03 18:49:40.380001,NVDA,330.0372316484986,332.71487012781813,331.5492778683192,325.4580171604337,64305451
2022-01-04 18:49:40.380001,NVDA,321.68433209589926,318.91643404765995,327.1487578848115,317.2842119627105,85539822
2022-01-05 18:49:40.380001,NVDA,301.60432334669866,303.60459421045675,307.41887343336344,299.9679524279953,192319849
2022-01-06 18:49:40.380001,NVDA,289.18761511489384,286.518510583207,294.33613423230946,283.56565546276863,112238806
2022-01-07 18:49:40.380001,NVDA,312.18490026956886,315.02583562940055,316.9518981983159,308.46501103219197,142749887
2022-01-10 18:49:40.380001,NVDA,285.24101851709906,287.8939801161534,286.45475620266046,283.1415832561569,164162360
2022-01-11 18:49:40.380001,NVDA,303.0440827234571,304.2014555355089,303.59376375517843,299.47845966036647,121786274
2022-01-12 18:49:40.380001,NVDA,284.45419408166015,287.1443457130381,285.9209389814387,284.4101069591124,163769633
2022-01-13 18:49:40.380001,NVDA,276.4825585827445,274.52152440295515,278.4728149874412,276.3265392151056,108957556
2022-01-14 18:49:40.380001,NVDA,257.15569421356724,257.0793105397096,259.2815701205469,255.7302639564377,129261532
2022-01-17 18:49:40.380001,NVDA,261.1631454311436,263.16892308037035,263.02853357891536,257.3155426345454,133042210
2022-01-18 18:49:40.380001,NVDA,251.64698385774366,253.71681494260818,252.57727692643715,251.40476297037614,88154630
2022-01-19 18:49:40.380001,NVDA,267.736315061107,265.40031978123744,271.82524176030444,265.86501137214844,84702758
2022-01-20 18:49:40.380001,NVDA,268.4065899733,270.55787242664917,271.01043505666763,266.3227796999422,174286819
2022-01-21 18:49:40.380001,NVDA,292.27336418184797,294.15978573788067,296.81716267959075,287.2837392764568,136387712
2022-01-24 18:49:40.380001,NVDA,302.3137703243362,302.9923457696424,306.3767935155038,302.27107945100556,153152286
2022-01-25 18:49:40.380001,NVDA,285.5177727495477,284.93183682854453,288.566030402501,283.5354799843467,187251715
2022-01-26 18:49:40.380001,NVDA,283.4899303155407,285.1380047658476,285.8498162792143,281.82092763972184,99142724
2022-01-27 18:49:40.380001,NVDA,277.50192621187756,275.9360647150812,282.63968402610874,276.3981877650841,166833694
2022-01-28 18:49:40.380001,NVDA,264.9855136686531,266.49854419212414,267.146625889997,264.7667939104711,139113228
2022-01-31 18:49:40.380001,NVDA,261.81130604847846,259.6949414361465,264.95362409291874,259.32211930923523,180067926
2022-02-01 18:49:40.380001,NVDA,272.4704960621579,270.00766118233236,276.3890656077146,268.4684097309135,109729075
2022-02-02 18:49:40.380001,NVDA,291.59357152466424,292.69009885729014,292.6337766894457,288.8114989235488,143310799
2022-02-03 18:49:40.380001,NVDA,281.3387426575501,282.9520518840141,281.97211184406467,278.43204905956446,129026926
2022-02-04 18:49:40.380001,NVDA,301.382457183711,304.19035617594284,303.596901207756,296.5497230169528,125194180
2022-02-07 18:49:40.380001,NVDA,312.80663352494895,311.55621818211614,318.8808047926816,306.81738435190925,77610180
2022-02-08 18:49:40.380001,NVDA,310.25658491798987,312.70863618346397,313.0932919149516,307.80923742216225,85569968
2022-02-09 18:49:40.380001,NVDA,289.9050284116968,287.26401758853467,290.010482262974,285.7844087075499,151250039
2022-02-10 18:49:40.380001,NVDA,297.6284922758805,298.7840500639191,300.76394439375804,297.0488329280299,104075480
2022-02-11 18:49:40.380001,NVDA,333.18641753771595,335.0167679331124,334.99751353025613,329.4281538900929,127873763
2022-02-14 18:49:40.380001,NVDA,339.5858830201061,338.8044374997014,344.4943181078831,338.51589575977715,164907614
2022-02-15 18:49:40.380001,NVDA,359.28168604808184,358.6542752868636,364.6125702051165,354.8818669507705,174669328
2022-02-16 18:49:40.380001,NVDA,360.5799388228716,360.82780880756184,365.8378392714363,359.5275195043291,150943564
2022-02-17 18:49:40.380001,NVDA,379.85259880135396,376.6040774712149,385.83037800126465,379.6664493273294,61401094
2022-02-18 18:49:40.380001,NVDA,403.0675712723737,406.16245751333753,410.12799770014965,397.880284811795,82860214
2022-02-21 18:49:40.380001,NVDA,423.7789107959695,420.75168972341106,426.90046240868605,417.5214472292748,181665370
2022-02-22 18:49:40.380001,NVDA,469.4099070428294,471.93527702520834,477.1508096241182,462.76598654001043,74585833
2022-02-23 18:49:40.380001,NVDA,493.6653610862449,497.02186709884523,497.69398965628204,485.93534158313105,94128929
2022-02-24 18:49:40.380001,NVDA,539.7845190163156,541.0355220424726,549.6516247576673,531.2182998090617,105926018
2022-02-25 18:49:40.380001,NVDA,527.8772840927516,533.1012126187765,538.2644170983592,526.186764701877,96798727
2022-02-28 18:49:40.380001,NVDA,561.9588189536042,563.7351382776485,566.6188041260074,551.8385815070006,143599357
2022-03-01 18:49:40.380001,NVDA,612.8270920171341,617.9265900843749,623.2600651511327,605.9407733950159,164458514
2022-03-02 18:49:40.380001,NVDA,580.7594454986234,583.7501513845068,590.8539767799062,575.6153872256073,116675740
2022-03-03 18:49:40.380001,NVDA,587.7409353672144,591.8918275241296,597.5201170012195,580.3773074015822,184531739
2022-03-04 18:49:40.380001,NVDA,533.051367435478,532.1949489993474,542.8260846777255,524.401862602423,142735838
2022-03-07 18:49:40.380001,NVDA,506.2094798008445,507.5745545013224,507.1502594858135,503.44234152953743,162159738
2022-03-08 18:49:40.380001,NVDA,475.994865149393,474.7591916719619,485.09895288970483,468.6759578770273,79775773
2022-03-09 18:49:40.380001,NVDA,463.02667905550356,464.9115508581959,465.9200902051406,461.4959200024347,133042732
2022-03-10 18:49:40.380001,NVDA,430.76835167976776,426.834262211611,432.18807523287177,429.9007245034827,119747358
2022-03-11 18:49:40.380001,NVDA,425.3584346826176,423.44452697719464,427.96813699746554,419.61237116256376,60504291
2022-03-14 18:49:40.380001,NVDA,455.9074823981652,459.9324351809535,460.3610550798383,447.1080430309394,176857345
2022-03-15 18:49:40.380001,NVDA,441.2269816419171,443.5893686031516,442.06140999575496,434.5192829528339,77884681
2022-03-16 18:49:40.380001,NVDA,441.7568532034325,440.9599323976146,446.867735556372,434.80891341798554,95852143
2022-03-17 18:49:40.380001,NVDA,454.88176436092334,451.50952608781654,457.5171301971501,452.9290977552893,196501352
2022-03-18 18:49:40.380001,NVDA,448.9809530006589,449.30499429775773,455.46384203983996,445.1394230655322,171930159
2022-03-21 18:49:40.380001,NVDA,462.5970836220329,466.62249791078375,468.50288205868253,462.4123414043342,186258046
2022-03-22 18:49:40.380001,NVDA,488.1343670569133,489.5923527187383,488.56339565534284,487.1980143148265,199104877
2022-03-23 18:49:40.380001,NVDA,484.8544998198689,480.96258645620037,493.4618738614149,483.24655805084393,69389869
2022-03-24 18:49:40.380001,NVDA,477.3906433801997,476.58064552456125,484.1017721899743,472.2557430604072,137601692
2022-03-25 18:49:40.380001,NVDA,473.69355683205464,471.8105420925107,474.21382445494424,465.75351692314786,119607398
2022-03-28 18:49:40.380001,NVDA,494.6312074938717,491.1404258518003,500.63344824666166,487.0187139184049,140702050
2022-03-29 18:49:40.380001,NVDA,487.7143713740992,491.9201979813097,493.5521066690267,483.9669880260513,60575423
2022-03-30 18:49:40.380001,NVDA,494.20914486589453,496.8796823577148,495.47734346131824,487.1732811681847,123622306
2022-03-31 18:49:40.380001,NVDA,501.90190945127677,505.38827662551137,508.83131971336667,495.49273884348855,100957457
2022-04-01 18:49:40.380001,NVDA,498.57426669686913,498.683453118611,503.2572584095168,497.80590833283696,119956050
2022-04-04 18:49:40.380001,NVDA,482.64288286580665,481.0420756816148,486.75235547071065,478.24539311589825,94590754
2022-04-05 18:49:40.380001,NVDA,503.3244119290365,505.71595021175835,505.1536558280805,498.09545903135967,66860807
2022-04-06 18:49:40.380001,NVDA,501.92669110616634,506.15063486896884,503.04941278365584,500.61127879314654,161239674
2022-04-07 18:49:40.380001,NVDA,475.841687802042,477.9301924548448,480.37095189481204,466.97351667825524,174842438
2022-04-08 18:49:40.380001,NVDA,487.6781019159216,486.36134940167824,494.92439616034113,481.67124785065323,80327214
2022-04-11 18:49:40.380001,NVDA,472.6384576143746,471.6358276406443,480.7604201764958,469.027968680641,128048971
2022-04-12 18:49:40.380001,NVDA,523.6638858674169,526.4239906241369,528.6256759518767,518.1032890891968,122678855
2022-04-13 18:49:40.380001,NVDA,528.9833429252732,533.6779893063164,533.392035010129,524.5799093253457,68262219
2022-04-14 18:49:40.380001,NVDA,513.5370950540031,518.4643320063898,515.614257312694,508.5713923645973,111950126
2022-04-15 18:49:40.380001,NVDA,535.3183996840239,533.7794173180874,541.4792523470558,527.0230125074049,188495821
2022-04-18 18:49:40.380001,NVDA,559.7518294538551,559.7582622860455,565.8293890124223,551.1929684521706,103050091
2022-04-19 18:49:40.380001,NVDA,592.6168460198876,587.4186085700014,603.38014737946,589.2336068172671,110133899
2022-04-20 18:49:40.380001,NVDA,599.2323893545062,596.3596624113684,601.1254374313232,595.4980990155902,81781349
2022-04-21 18:49:40.380001,NVDA,650.7071064596381,656.015391923096,660.3161428544398,638.508126630397,106871959
2022-04-22 18:49:40.380001,NVDA,648.6055410880244,643.4384990126001,660.4937740601465,638.3393883810745,167085056
2022-04-25 18:49:40.380001,NVDA,656.4072143042265,655.9408176524455,665.6424315175049,655.9622688161404,53114412
2022-04-26 18:49:40.380001,NVDA,622.1972483907839,617.5297464525902,629.1344219767936,622.0512598643676,137820328
2022-04-27 18:49:40.380001,NVDA,610.2347231283466,610.9732238744227,613.6549464011546,601.07653321664,141293799
2022-04-28 18:49:40.380001,NVDA,540.8274966477318,543.2971819517737,551.6003073408242,537.3396942509468,77470878
2022-04-29 18:49:40.380001,NVDA,528.3413965521216,526.088663035213,529.3139490163413,524.0116071249056,185331123
2022-05-02 18:49:40.380001,NVDA,544.7625705045549,549.0968986886397,549.7531953103155,537.9501320569713,149734812
2022-05-03 18:49:40.380001,NVDA,553.1255800803125,553.0038947310255,558.5064531866764,549.866111253776,131823693
2022-05-04 18:49:40.380001,NVDA,538.1449480515535,540.4172613749296,540.0788936247396,532.541399408422,195357430
2022-05-05 18:49:40.380001,NVDA,533.024447332231,531.0395400826551,539.7137001844534,530.8601780165097,101230031
2022-05-06 18:49:40.380001,NVDA,510.2335866181215,510.800817824003,516.3870881287612,504.4518142747102,65288974
2022-05-09 18:49:40.380001,NVDA,483.0609704176437,482.23517503760297,484.1817143712693,476.3919511666493,181334876
2022-05-10 18:49:40.380001,NVDA,460.2517266698117,460.4031868666091,463.4226169408638,455.6798446177243,71083535
2022-05-11 18:49:40.380001,NVDA,422.1732051582024,420.86961656511215,424.279505674251,414.6802505356814,52607086
2022-05-12 18:49:40.380001,NVDA,446.7932313003461,449.6615640695743,450.51389680446255,442.3011324019488,195625652
2022-05-13 18:49:40.380001,NVDA,489.1010441518807,489.4766276563981,494.2960768700851,485.37923423222514,90504895
2022-05-16 18:49:40.380001,NVDA,463.909311456591,460.33078876517783,472.99116149320196,456.43114624813785,113982421
2022-05-17 18:49:40.380001,NVDA,480.12744351893446,477.45275449000513,484.754170360288,470.8677342685564,73570635
2022-05-18 18:49:40.380001,NVDA,462.35235636430446,466.8341442484227,471.5692252674124,457.0262325105932,198031836
2022-05-19 18:49:40.380001,NVDA,470.6932318976645,466.15781318841664,478.24496963407415,465.90968651225126,190842546
2022-05-20 18:49:40.380001,NVDA,449.19303084814874,451.2543820650066,456.9929654991676,449.1339688887342,104198336
2022-05-23 18:49:40.380001,NVDA,455.6636581326925,452.99360102175024,463.1748494550332,453.5735661141168,124044572
2022-05-24 18:49:40.380001,NVDA,465.23406710215323,465.83864729010355,471.42721288404067,465.120134285626,194793142
2022-05-25 18:49:40.380001,NVDA,430.619503937689,430.8852276810432,438.87607064522484,426.9759573772784,174149345
2022-05-26 18:49:40.380001,NVDA,442.6179906810754,441.04572862400823,446.10280765185837,442.5764536151499,147792066
2022-05-27 18:49:40.380001,NVDA,454.17069488730806,450.45349635235914,457.8318823599556,447.4060391596804,93060041
2022-05-30 18:49:40.380001,NVDA,459.23896952127114,461.3414842413016,467.1230554746634,451.65583926925564,81736734
2022-05-31 18:49:40.380001,NVDA,451.23000837236737,452.41911702548794,451.5436062604791,443.0970926159017,163061665
2022-06-01 18:49:40.380001,NVDA,440.07917534439065,436.26258335144,443.6873018169769,435.3865352718081,135498677
2022-06-02 18:49:40.380001,NVDA,452.9176158025416,455.14457136405713,460.5569441402959,450.90650932235076,179282004
2022-06-03 18:49:40.380001,NVDA,474.99873735759627,478.00451679611666,478.44258615067815,470.932682319024,123795606
2022-06-06 18:49:40.380001,NVDA,494.2770375899729,497.86536101777654,494.39071620842026,488.7307593608923,102827822
2022-06-07 18:49:40.380001,NVDA,465.5889341705384,465.80507875033624,469.99408946830715,459.91254036590954,163678922
2022-06-08 18:49:40.380001,NVDA,479.84407863517373,481.2000370064561,486.53430903258413,473.9995954774843,98152341
2022-06-09 18:49:40.380001,NVDA,485.8714834217063,488.4535859000845,491.3418829649038,477.5188168863519,59842673
2022-06-10 18:49:40.380001,NVDA,508.20121099657024,513.2091710799965,517.7674939093407,505.37784298274164,158396322
2022-06-13 18:49:40.380001,NVDA,518.5902723940345,517.6603500410713,519.0209177879932,511.2138030963398,90281321
2022-06-14 18:49:40.380001,NVDA,542.3161854109914,547.6723122145934,547.1027173109393,541.3708909435729,71028516
2022-06-15 18:49:40.380001,NVDA,529.0036621881327,526.1053696011205,535.5107808640339,520.8801147299303,61256174
2022-06-16 18:49:40.380001,NVDA,498.8678132993621,498.9193726400716,499.83489750004435,495.5284614092039,139046814
2022-06-17 18:49:40.380001,NVDA,496.17873256012615,494.7321710421239,503.8243902851724,489.5010978141733,140279945
2022-06-20 18:49:40.380001,NVDA,517.6811567311589,517.0743222090776,522.9215361514041,515.9955013532175,88678991
2022-06-21 18:49:40.380001,NVDA,536.7143089412194,535.5527965583108,541.6533307507143,529.9203228671486,120530908
2022-06-22 18:49:40.380001,NVDA,549.789865001639,545.5376009681207,551.913163864892,546.3015980255605,92594622
2022-06-23 18:49:40.380001,NVDA,574.4216067846794,577.0327560111252,584.8996395881644,569.4803078607257,136820490
2022-06-24 18:49:40.380001,NVDA,587.0869752301628,589.2941528113865,595.0664766129211,583.7767657534401,163592796
2022-06-27 18:49:40.380001,NVDA,577.5103623352654,572.751937949324,579.7172407764431,577.4611201693323,61448986
2022-06-28 18:49:40.380001,NVDA,559.5143144235351,557.8320855664713,566.4644295796312,550.3212106339648,103413205
2022-06-29 18:49:40.380001,NVDA,534.2802554051394,539.5008595424906,543.6800510076647,530.0418866047113,178066208
2022-06-30 18:49:40.380001,NVDA,532.5366783871273,537.6119403168566,539.1395460905578,522.7455173410737,134150392
2022-07-01 18:49:40.380001,NVDA,514.5823391968731,519.6732882557146,516.8661517561696,514.1321424475849,157657361
2022-07-04 18:49:40.380001,NVDA,511.5422589715328,511.7092480419346,520.9127969857877,505.45818002794965,187570654
2022-07-05 18:49:40.380001,NVDA,523.2948302228996,522.8096200343314,527.2522225738632,522.5458855917481,126297318
2022-07-06 18:49:40.380001,NVDA,524.6229731753433,528.6422020349162,526.2936304748239,515.5838971714358,110979408
2022-07-07 18:49:40.380001,NVDA,493.1331577157614,495.0440565841002,499.1784536783464,492.76713708308597,143815275
2022-07-08 18:49:40.380001,NVDA,512.6312771930383,512.1397800109811,521.1433274258384,507.6005054747368,107300811
2022-07-11 18:49:40.380001,NVDA,518.2802851999775,517.0337558381755,520.3976774839672,509.9424530410638,189231916
2022-07-12 18:49:40.380001,NVDA,522.3016781817317,525.8378451619149,522.4737809799924,516.9038718925651,196931591
2022-07-13 18:49:40.380001,NVDA,518.4149312514693,515.8433023679472,527.2657402976998,513.040903828077,103746780
2022-07-14 18:49:40.380001,NVDA,533.5423924006257,537.6363002229218,535.1982780074088,531.9453892230213,188244769
2022-07-15 18:49:40.380001,NVDA,549.0569381291714,554.0032240128045,555.1780373147824,547.1638056428429,146561105
2022-07-18 18:49:40.380001,NVDA,538.8304157967573,534.1692434594477,538.8543387624167,537.3036611177255,58802680
2022-07-19 18:49:40.380001,NVDA,566.9282048796383,565.6302866472153,568.8515838565291,565.6374341570885,100248123
2022-07-20 18:49:40.380001,NVDA,557.5288510630008,562.8007358980634,561.3882564018013,548.074148175751,74313426
2022-07-21 18:49:40.380001,NVDA,543.3592836465463,547.3083814591054,553.8087615358111,541.3812955487687,123507665
2022-07-22 18:49:40.380001,NVDA,548.5821715367556,553.0463118177923,553.2542032663314,546.7080887998127,117877666
2022-07-25 18:49:40.380001,NVDA,578.0029407770394,582.3574319432654,587.4327085128036,575.8313012071186,143696113
2022-07-26 18:49:40.380001,NVDA,552.9573298576528,549.9251858970251,562.0737329462672,546.0296049711286,186475571
2022-07-27 18:49:40.380001,NVDA,535.1387060248439,531.0106525719151,541.5223596743955,530.6813263250355,161050502
2022-07-28 18:49:40.380001,NVDA,534.0627318512069,536.6116288776998,544.1583584665373,526.7732842995496,136853732
2022-07-29 18:49:40.380001,NVDA,536.6351480241477,541.463790557934,546.8120306214986,531.6735158542365,82452497
2022-08-01 18:49:40.380001,NVDA,527.7731578038071,525.7991853082508,528.1929953964693,522.5625722659751,180306870
2022-08-02 18:49:40.380001,NVDA,522.0624034153601,517.8934540197945,527.0953355707396,512.5038727549972,182041101
2022-08-03 18:49:40.380001,NVDA,491.71287824681724,490.64095769046025,498.65780211082284,481.8959254197583,58856364
2022-08-04 18:49:40.380001,NVDA,505.0643227040778,503.965407629617,511.56764948199344,499.9455056709172,173302274
2022-08-05 18:49:40.380001,NVDA,518.1455684793701,523.0366795005923,522.058718170514,515.4640841270906,80809548
2022-08-08 18:49:40.380001,NVDA,500.07605771134234,498.25636293300863,501.76003060499056,497.72820359555624,157241303
2022-08-09 18:49:40.380001,NVDA,498.5199816128332,496.25837417966795,507.285561258643,495.80017305127205,169749375
2022-08-10 18:49:40.380001,NVDA,505.235869639245,501.50393527704426,506.68289648767546,497.37707834175853,93476680
2022-08-11 18:49:40.380001,NVDA,505.5525565614779,501.34642838476015,511.9096676217651,504.6646365298525,78050596
2022-08-12 18:49:40.380001,NVDA,523.5253641397431,526.9276536523112,524.9720748216795,519.0842626672368,66028382
2022-08-15 18:49:40.380001,NVDA,498.5080604530266,495.76667917725047,506.1017354964234,496.0660821291197,180573631
2022-08-16 18:49:40.380001,NVDA,499.7032530262001,497.21255804001805,509.6791141281289,489.7432649110601,101794714
2022-08-17 18:49:40.380001,NVDA,495.49882084766,490.6808878390843,503.70152928059366,493.51489000580966,189318866
2022-08-18 18:49:40.380001,NVDA,508.3051922623928,510.756997138502,509.7002967837077,503.07476572760663,173119865
2022-08-19 18:49:40.380001,NVDA,505.5404133900396,500.928749034283,514.6600058080934,505.1799818974363,90077311
2022-08-22 18:49:40.380001,NVDA,515.9787313074055,515.3427868328372,517.6139925768122,509.1774214721029,79700672
2022-08-23 18:49:40.380001,NVDA,518.8350340758886,520.5631933290514,528.8959610547876,509.5303261574073,102372098
2022-08-24 18:49:40.380001,NVDA,522.600446012893,521.4040754951513,523.4005573909782,521.0129676647388,143447348
2022-08-25 18:49:40.380001,NVDA,531.8917971494736,531.6601538316053,534.9336921211986,525.6660029248471,58040074
2022-08-26 18:49:40.380001,NVDA,517.5579005895519,516.5925639102492,517.649979034711,512.1443615016804,71664031
2022-08-29 18:49:40.380001,NVDA,530.1912208369988,534.9343831410839,534.5759565748084,528.0625575368422,192313757
2022-08-30 18:49:40.380001,NVDA,533.534535244622,536.1220951979952,541.0243687596208,532.6299920717368,76888270
2022-08-31 18:49:40.380001,NVDA,571.732595374609,572.4854183635158,578.5444235079649,563.2811675011907,99597931
2022-09-01 18:49:40.380001,NVDA,574.6745346319125,578.1560094483777,584.3172098828919,566.5351512339515,191063204
2022-09-02 18:49:40.380001,NVDA,600.5896738750275,599.5426664322717,612.0743924916618,593.676224152388,132124812
2022-09-05 18:49:40.380001,NVDA,608.2306887606221,602.1497771570661,613.85300467325,606.5947972787664,108784987
2022-09-06 18:49:40.380001,NVDA,584.2469777090579,588.0819881573269,587.7155317949768,581.3444623408109,91300682
2022-09-07 18:49:40.380001,NVDA,563.4489833563866,558.2206924479757,567.4152844727404,563.2201529617888,133071290
2022-09-08 18:49:40.380001,NVDA,560.1282034069984,554.5274303602881,567.0380430365127,549.7571671779392,56576435
2022-09-09 18:49:40.380001,NVDA,572.0484817198887,573.2654586166141,575.2463133081676,562.4695069279443,125684303
2022-09-12 18:49:40.380001,NVDA,562.1340480616338,567.7550475424816,565.7474111874959,551.9078009465004,139637504
2022-09-13 18:49:40.380001,NVDA,563.3257735141558,567.8613148684752,569.7977499551781,555.5456935381121,175549152
2022-09-14 18:49:40.380001,NVDA,582.3411313715516,584.4715073011322,592.1626917525952,577.1497751721329,174108252
2022-09-15 18:49:40.380001,NVDA,545.0545648460867,541.2953163469349,547.9646594587801,537.3358394975266,112469010
2022-09-16 18:49:40.380001,NVDA,538.2784634979682,543.5189762690256,546.4688494048931,534.5731659380451,194787863
2022-09-19 18:49:40.380001,NVDA,569.0017893049301,573.3362941987646,570.9576249729238,564.1938075878112,136734062
2022-09-20 18:49:40.380001,NVDA,591.6373807285507,594.6934279961738,594.1852113191006,585.155957255493,67214228
2022-09-21 18:49:40.380001,NVDA,576.6058645999875,579.761401385481,585.9781810565333,571.0194247389277,121863864
2022-09-22 18:49:40.380001,NVDA,552.1671743873727,552.1646494581904,553.9894950105079,549.843287333368,166545000
2022-09-23 18:49:40.380001,NVDA,559.9314068796488,563.5444545235008,570.5672465544915,552.5257213465771,122882181
2022-09-26 18:49:40.380001,NVDA,568.3841688126415,568.3017347398174,577.0102508648222,566.5500833421607,104056957
2022-09-27 18:49:40.380001,NVDA,585.7991962125914,580.4912481425209,591.1744765394762,577.3998227327857,58402234
2022-09-28 18:49:40.380001,NVDA,556.5796898654077,552.9387936708897,564.8647686743392,552.1081068749057,69419749
2022-09-29 18:49:40.380001,NVDA,551.1814705825462,551.5830543304713,555.5826576215873,544.5901376174052,167168007
2022-09-30 18:49:40.380001,NVDA,539.4859436403301,541.0756926976328,543.5548011220789,536.9017765819664,98378897
2022-10-03 18:49:40.380001,NVDA,542.8302630066518,541.5821747192975,543.4199857019933,541.1559270574529,154112780
2022-10-04 18:49:40.380001,NVDA,525.1612147200065,523.0884194814165,527.5877622948276,524.9734530165099,155581543
2022-10-05 18:49:40.380001,NVDA,531.5475783197734,534.528942952997,541.8172407315815,527.1950155946291,162579796
2022-10-06 18:49:40.380001,NVDA,550.4069565459918,553.8619240911329,558.0961970281712,541.0694769709994,120235576
2022-10-07 18:49:40.380001,NVDA,530.5202299689738,530.9057077735783,531.9520902933692,521.1691235080056,117301706
2022-10-10 18:49:40.380001,NVDA,536.973727225653,534.1437045271567,542.8356874062853,529.1494214149303,97341383
2022-10-11 18:49:40.380001,NVDA,558.0173121404821,559.2710124716467,561.0923109932244,557.0660381511515,156354902
2022-10-12 18:49:40.380001,NVDA,571.2811678413224,575.1173141715269,574.0273163448846,560.7110769649288,153748952
2022-10-13 18:49:40.380001,NVDA,567.3672201109307,570.813471147308,570.7493721497672,566.8158450254538,91650648
2022-10-14 18:49:40.380001,NVDA,569.5164490432308,571.1003769902957,571.9003741290559,568.4692706623114,107751666
2022-10-17 18:49:40.380001,NVDA,554.6468281805032,558.3602934148021,560.7112064962431,548.8299038491084,110033897
2022-10-18 18:49:40.380001,NVDA,549.2014348972684,546.2418806572616,554.8349340044957,548.8570714927121,163602638
2022-10-19 18:49:40.380001,NVDA,532.0176555538499,534.5359328620978,540.7577595399024,524.6037212161162,101260089
2022-10-20 18:49:40.380001,NVDA,525.1393745934414,520.6432896934213,533.6991890532997,516.0908843028118,199986951
2022-10-21 18:49:40.380001,NVDA,517.9116438806751,521.488183885655,520.7997802099164,511.2236044619788,88027266
2022-10-24 18:49:40.380001,NVDA,504.0683643333551,502.00666010445025,509.0312915791383,495.165062357248,97938555
2022-10-25 18:49:40.380001,NVDA,531.6511209998438,527.5752679325741,539.1101249015912,527.6335089290293,114568018
2022-10-26 18:49:40.380001,NVDA,521.0522385085192,524.1824646632197,528.5061401406127,519.9042789855803,108611630
2022-10-27 18:49:40.380001,NVDA,543.6632411960625,545.1026481894194,553.0311183351763,533.4490085695301,143747607
2022-10-28 18:49:40.380001,NVDA,497.3733472903925,493.395071193877,500.3902434678957,491.81483686501764,163743411
2022-10-31 18:49:40.380001,NVDA,500.2221759522447,504.2397095692638,509.59362209922574,495.79872587918555,137091202
2022-11-01 18:49:40.380001,NVDA,506.29605585494676,510.06777103173175,510.163633928502,498.0054457770747,71520817
2022-11-02 18:49:40.380001,NVDA,501.13623248024345,501.94166156292295,506.46968442693736,499.3308809108104,118508227
2022-11-03 18:49:40.380001,NVDA,504.09906263389007,503.8733924981483,504.7126837407292,500.8734981577159,94526594
2022-11-04 18:49:40.380001,NVDA,482.1562776266457,478.7982417041108,489.00541338639835,473.9947011419613,61954966
2022-11-07 18:49:40.380001,NVDA,471.27933502716627,467.8900386150425,477.3912012579492,463.5826254075891,161947117
2022-11-08 18:49:40.380001,NVDA,471.64071359476816,471.9075118353699,472.50750413433354,463.7670967875423,147224320
2022-11-09 18:49:40.380001,NVDA,459.4138726298863,456.3809949785608,467.78104888498547,458.56561102891715,89563939
2022-11-10 18:49:40.380001,NVDA,436.4585665998457,435.3347336930268,441.8761714059017,429.05042911251456,159476006
2022-11-11 18:49:40.380001,NVDA,446.2699107517768,449.80369690645045,452.69220656405815,444.196095405105,154342728
2022-11-14 18:49:40.380001,NVDA,438.0925580454296,435.0895278794254,446.6756796401946,432.3968029623814,148806181
2022-11-15 18:49:40.380001,NVDA,449.6101753450315,445.81722124576453,457.1951348290178,443.7602060645522,149913237
2022-11-16 18:49:40.380001,NVDA,444.9806347169317,441.13559977215795,451.840752576693,444.26377376018104,149081368
2022-11-17 18:49:40.380001,NVDA,468.85957623110494,465.65557684541625,468.93393337171966,466.55261924857996,149087272
2022-11-18 18:49:40.380001,NVDA,470.76857725711113,472.36953845333534,474.9268341398221,467.7201481563037,74103738
2022-11-21 18:49:40.380001,NVDA,462.8430305844219,463.80889080498497,467.06909201145163,456.95933577580655,137778706
2022-11-22 18:49:40.380001,NVDA,456.80721551260393,458.9472232896533,456.90963652120223,456.690753362218,117875116
2022-11-23 18:49:40.380001,NVDA,469.67758225178244,470.4857050540526,471.4611107500464,463.6065222178887,138976522
2022-11-24 18:49:40.380001,NVDA,485.6496026899673,487.45507787555186,492.0403622122381,475.9555733673824,118271548
2022-11-25 18:49:40.380001,NVDA,490.9142888733718,490.0093754204989,491.33921921490133,481.7437797843579,185142547
2022-11-28 18:49:40.380001,NVDA,532.6853306597275,534.7347144550001,540.64299338353,532.5965470297349,123394195
2022-11-29 18:49:40.380001,NVDA,545.9433116925715,541.0920253713323,550.8314367795432,542.1592824621105,97466251
2022-11-30 18:49:40.380001,NVDA,543.9897377047021,542.180894508868,546.1898919078809,535.9521317884145,69516578
2022-12-01 18:49:40.380001,NVDA,560.0341710724753,554.6913903464282,565.3691753034025,553.5841397014319,148877676
2022-12-02 18:49:40.380001,NVDA,558.1850602502922,562.4732415839121,565.5989118702968,556.4322709786898,93985197
2022-12-05 18:49:40.380001,NVDA,560.4832965309399,558.939792406948,570.9680883719725,557.6916741461706,141675929
2022-12-06 18:49:40.380001,NVDA,557.738800417574,558.1808773709311,566.0319610109982,549.9999826315782,134951705
2022-12-07 18:49:40.380001,NVDA,563.0737076265187,560.4160872492739,568.610345776337,561.9182513402702,163883203
2022-12-08 18:49:40.380001,NVDA,541.6721055546501,542.0598661663299,547.8532469320182,537.1678828403694,171007360
2022-12-09 18:49:40.380001,NVDA,522.9029411870557,526.3451992852476,525.0595989265302,521.2276238418019,61642393
2022-12-12 18:49:40.380001,NVDA,500.19968409215824,505.1097310752549,505.1335846069328,500.13516618133843,113100664
2022-12-13 18:49:40.380001,NVDA,471.8130358732759,469.8990110688219,474.6167459851259,468.74470336305984,57982476
2022-12-14 18:49:40.380001,NVDA,493.21636133497253,497.64642164065293,495.7260579483344,485.7464076174926,194561293
2022-12-15 18:49:40.380001,NVDA,484.5997336204223,485.8999175616769,486.0098651774312,481.81930847420034,68460133
2022-12-16 18:49:40.380001,NVDA,473.5777248192049,474.65994737241846,481.0488524606743,467.18129840430294,77576817
2022-12-19 18:49:40.380001,NVDA,478.0115560235492,481.7074534819645,487.04793055841446,474.3620893938189,187630737
2022-12-20 18:49:40.380001,NVDA,460.01738670250336,462.60607706697544,463.57717939510985,454.1851840846666,115156102
2022-12-21 18:49:40.380001,NVDA,478.81898523946506,479.6554689592919,485.75197203507656,477.3729856247199,176126801
2022-12-22 18:49:40.380001,NVDA,507.4067341341962,508.45726361136695,516.8693875723822,499.9458020526081,103152468
2022-12-23 18:49:40.380001,NVDA,490.2438206791277,490.13549621675253,498.0299675166684,488.1910439438441,191712863
2022-12-26 18:49:40.380001,NVDA,498.67087181606774,501.4252184728945,503.9853036040865,494.36458186937546,115154016
2022-12-27 18:49:40.380001,NVDA,497.8330822720744,502.3268757170703,505.1542638412237,497.68376589204433,87317812
2022-12-28 18:49:40.380001,NVDA,524.5969991046569,527.1813954823386,527.0891057916213,521.5669256922085,134314876
2022-12-29 18:49:40.380001,NVDA,532.4776837861338,530.3959650730775,536.195447723458,529.435280369902,74309220
2022-12-30 18:49:40.380001,NVDA,518.2816686522729,513.9196998241184,526.9032548798256,511.9141375016724,109170958
2023-01-02 18:49:40.380001,NVDA,486.9107790915581,489.4831999443923,495.59934499231446,485.68567495962543,50311953
2023-01-03 18:49:40.380001,NVDA,466.50930802760087,466.66929552807204,467.3785212002952,465.91046340117447,82577870
2023-01-04 18:49:40.380001,NVDA,465.9096097481526,466.5728208928425,472.83592441834264,461.56305743241745,195664845
2023-01-05 18:49:40.380001,NVDA,481.7462107841036,484.09411109853255,489.4595178741479,479.8660369223173,93068033
2023-01-06 18:49:40.380001,NVDA,493.561324307274,498.1988015872469,495.0023107840263,491.0680342561402,92858124
2023-01-09 18:49:40.380001,NVDA,486.7361691595278,485.12771172575145,495.28405781135683,483.0150621885181,153651432
2023-01-10 18:49:40.380001,NVDA,514.0056948854108,516.588179206915,522.072078201113,504.9657138148721,125856397
2023-01-11 18:49:40.380001,NVDA,488.7845520499729,488.3726615153204,495.2831572870743,480.47408441117636,161124237
2023-01-12 18:49:40.380001,NVDA,476.9472097477277,481.50435285108483,483.5274816153767,470.20602463819876,166207802
2023-01-13 18:49:40.380001,NVDA,461.3326224262041,460.79394699702004,470.4226864905372,456.4151738563609,169802118
2023-01-16 18:49:40.380001,NVDA,457.57078919193884,461.29422964497684,462.4607109739605,451.8222702311214,169157992
2023-01-17 18:49:40.380001,NVDA,427.8689533331011,428.04478293281244,432.8445843206599,427.1030337445149,121500369
2023-01-18 18:49:40.380001,NVDA,412.4507581907835,413.4902530616593,412.5945865301091,406.54349739390574,68305079
2023-01-19 18:49:40.380001,NVDA,432.47452133601536,434.6233766641945,439.14537513859835,426.41775573221116,53199974
2023-01-20 18:49:40.380001,NVDA,440.7931729296486,442.71173168172805,448.0488180161659,434.5624523807851,99733640
2023-01-23 18:49:40.380001,NVDA,465.84990160856705,467.5345095290034,467.7798106987842,460.95858534056464,157925200
2023-01-24 18:49:40.380001,NVDA,458.7546648475557,460.8056431436165,465.79731691402435,450.8199297550696,181331462
2023-01-25 18:49:40.380001,NVDA,438.56272054064,438.2565115962852,443.3600464276577,434.76295144564074,185307140
2023-01-26 18:49:40.380001,NVDA,437.71925517959295,435.57732063552317,441.85011670213424,435.9560751960974,172854473
2023-01-27 18:49:40.380001,NVDA,419.6783003593037,417.916080087781,423.08325313938775,416.1428800119626,67588702
2023-01-30 18:49:40.380001,NVDA,423.2984245805789,426.5042491693054,423.549977961707,415.68141789860704,94272018
2023-01-31 18:49:40.380001,NVDA,414.568524657531,415.93636703581774,418.67758493386316,407.49205376577527,107846522
2023-02-01 18:49:40.380001,NVDA,421.0682959360247,420.48679899670486,426.5520024173392,417.545189432501,163817508
2023-02-02 18:49:40.380001,NVDA,442.21775444384724,445.7607760829022,450.3820365754079,441.0495053078725,173006075
2023-02-03 18:49:40.380001,NVDA,459.4796798201615,457.0601623321254,462.76854155045817,454.54634046479464,123902673
2023-02-06 18:49:40.380001,NVDA,473.3185402531405,474.1906417485641,478.25330349935695,469.1610650369937,150300406
2023-02-07 18:49:40.380001,NVDA,477.5658776290927,474.0527068548944,480.54857341132754,470.0526163832351,100386389
2023-02-08 18:49:40.380001,NVDA,498.0377450598661,499.9552612947085,501.6096462961563,493.65760795340003,198943748
2023-02-09 18:49:40.380001,NVDA,488.49284971731794,490.06722152308754,492.47786299703534,480.2741120759232,148535902
2023-02-10 18:49:40.380001,NVDA,467.3130893367436,471.475382358861,473.3371415622976,464.93643501938544,133504715
2023-02-13 18:49:40.380001,NVDA,451.6744045687751,451.94721618054825,458.13510195912187,445.2222287857833,65328181
2023-02-14 18:49:40.380001,NVDA,446.30226204729,446.9870098303938,447.75953084273266,445.35688719428094,198871920
2023-02-15 18:49:40.380001,NVDA,461.9247656013507,458.8691252597532,466.3081452441798,454.36399953060595,148358721
2023-02-16 18:49:40.380001,NVDA,478.8001142627336,476.3671592831561,483.2135928644902,477.2473278309796,151489494
2023-02-17 18:49:40.380001,NVDA,474.38592460199095,477.93377442207185,478.90354772932136,471.8153829361618,118848439
2023-02-20 18:49:40.380001,NVDA,483.90066823483517,485.7929271425678,485.3055304887875,476.2468202434307,73841845
2023-02-21 18:49:40.380001,NVDA,467.3604493058374,468.6863777542317,473.7625363271165,458.1780327375806,118000373
2023-02-22 18:49:40.380001,NVDA,493.29919319910107,488.46667432977364,500.06843752328444,489.85283968787724,109662013
2023-02-23 18:49:40.380001,NVDA,486.26565655880916,483.9155725105292,495.55522515012024,479.1682468441522,63253260
2023-02-24 18:49:40.380001,NVDA,474.67963488822653,475.7803916543997,484.00748924613913,473.3893804446068,193161015
2023-02-27 18:49:40.380001,NVDA,480.8232820943229,476.30388245267034,483.11479686053605,479.05830619976894,176942543
2023-02-28 18:49:40.380001,NVDA,470.7470289698666,469.6416434338048,472.2992027918887,467.3146907616932,132213191
2023-03-01 18:49:40.380001,NVDA,486.98116136454945,491.43258926918656,488.19383776294296,481.12907673274145,74403270
2023-03-02 18:49:40.380001,NVDA,504.6825569102539,502.43721790190494,508.6318091509839,499.1003206521486,62761571
2023-03-03 18:49:40.380001,NVDA,486.40881874267546,489.62895418315054,496.0735858340368,482.28602934270543,195779376
2023-03-06 18:49:40.380001,NVDA,483.43739877169594,481.1179511833908,486.0695245799207,477.60642165363413,167018544
2023-03-07 18:49:40.380001,NVDA,483.19562618267594,484.1730855181711,489.48219298242896,479.2517123710229,61045530
2023-03-08 18:49:40.380001,NVDA,484.8918413259005,488.895970341495,490.82671052560073,476.6979598334269,161656046
2023-03-09 18:49:40.380001,NVDA,507.96930341853414,511.24890391684454,508.8592017124053,504.8683880622297,143359684
2023-03-10 18:49:40.380001,NVDA,526.0066832768492,523.4697577349435,526.1919560192091,523.9359109933478,57829086
2023-03-13 18:49:40.380001,NVDA,544.5296887316426,539.5080635236295,551.4209937283325,535.6198645590256,162724118
2023-03-14 18:49:40.380001,NVDA,503.46720151374024,498.8288749323549,506.19076367239666,498.4785156515317,118667700
2023-03-15 18:49:40.380001,NVDA,504.13786073314424,505.5362902058803,504.23481927899644,503.3075857562203,50025821
2023-03-16 18:49:40.380001,NVDA,516.0206853215655,512.0058063891644,517.1539148857606,510.61655666440674,172663756
2023-03-17 18:49:40.380001,NVDA,530.2310879917311,528.8479753641957,533.9584365335014,527.9386976805514,199007750
2023-03-20 18:49:40.380001,NVDA,539.8490532624745,544.751329001396,546.4888792957528,532.3001336582971,115703852
2023-03-21 18:49:40.380001,NVDA,530.2905249328228,530.4062180881091,530.5143818096873,529.9458364568885,138838032
2023-03-22 18:49:40.380001,NVDA,528.9086676430626,527.1549767940526,533.8699436059915,527.3732470707524,61738884
2023-03-23 18:49:40.380001,NVDA,532.0906358638995,533.1871777053902,532.7881642863784,526.543795954439,199808604
2023-03-24 18:49:40.380001,NVDA,538.4569481693862,534.3774134268041,546.4020979104695,529.8667737009438,84859718
2023-03-27 18:49:40.380001,NVDA,534.3560958451453,534.0875626242654,536.0154342412086,528.728509515782,116002435
2023-03-28 18:49:40.380001,NVDA,536.6345021847359,535.1691504846286,546.6189500253685,528.4676503702318,193065612
2023-03-29 18:49:40.380001,NVDA,548.1462090858523,551.0865277719413,556.1653359882483,545.2709760765921,195243197
2023-03-30 18:49:40.380001,NVDA,562.4895454883426,557.8342145599077,573.190659983592,561.9049382155127,60531369
2023-03-31 18:49:40.380001,NVDA,573.506190574264,572.44529945633,577.6168249802433,563.0650344218525,63044839
2023-04-03 18:49:40.380001,NVDA,577.0932797865177,580.5567312135785,585.617567353361,573.6377387761268,158328889
2023-04-04 18:49:40.380001,NVDA,572.9648469890166,572.3198557645068,581.3386218753274,568.9768439035926,80420699
2023-04-05 18:49:40.380001,NVDA,587.136568045295,590.5284535162979,593.1449399721852,582.1454814894397,61831272
2023-04-06 18:49:40.380001,NVDA,575.2249011591781,571.3957761324255,578.3552387499116,571.7436892690982,94160037
2023-04-07 18:49:40.380001,NVDA,570.3191907788571,572.9779344936045,574.2325298660863,565.5880281381908,145073771
2023-04-10 18:49:40.380001,NVDA,583.5680424416926,583.742445886341,589.7835669391087,579.6399196519128,78802451
2023-04-11 18:49:40.380001,NVDA,578.417291627356,583.4355548627141,586.715637174321,573.7229742041151,106244570
2023-04-12 18:49:40.380001,NVDA,582.8498994453207,583.0788309217265,591.7332779638564,575.5874499800987,187981854
2023-04-13 18:49:40.380001,NVDA,605.3470300291318,607.091326985542,611.3738023966176,602.5122748909745,118969586
2023-04-14 18:49:40.380001,NVDA,600.4976541172634,604.5548778033836,602.7388627327589,595.3111956609672,161919607
2023-04-17 18:49:40.380001,NVDA,619.4942434052547,619.2650688426064,628.867064585487,610.7636457667301,177281539
2023-04-18 18:49:40.380001,NVDA,634.4782426399859,638.6603357719191,636.4779429064755,631.6808247512471,51307159
2023-04-19 18:49:40.380001,NVDA,634.5461884402323,635.4079326731223,642.4820618234004,631.0912647430139,106200135
2023-04-20 18:49:40.380001,NVDA,651.2005104287969,650.4473652786876,663.9700113698817,640.2717932738087,189512351
2023-04-21 18:49:40.380001,NVDA,672.6740384270394,674.6328611271124,682.609491815853,671.682423649703,74648585
2023-04-24 18:49:40.380001,NVDA,657.1652991974439,656.2403737837374,667.1242688382364,644.0703134105394,145064747
2023-04-25 18:49:40.380001,NVDA,674.2928494026208,675.6219167963802,686.6698930172199,666.4106495299068,64898848
2023-04-26 18:49:40.380001,NVDA,702.8288378034583,704.6412859057966,714.9801647064086,702.5045687165523,98514155
2023-04-27 18:49:40.380001,NVDA,701.7130885349007,697.108113777498,709.8959487435901,695.4963225593679,136195704
2023-04-28 18:49:40.380001,NVDA,724.9909364330241,722.5591820589631,735.2852372359087,721.0355546183978,175231323
2023-05-01 18:49:40.380001,NVDA,725.8836699978273,722.3575955181439,737.5319337310005,725.1353798233793,143574259
2023-05-02 18:49:40.380001,NVDA,716.4110792664862,709.9582698446301,721.2941204864603,710.8724947774218,83779272
2023-05-03 18:49:40.380001,NVDA,709.3563344831409,707.6893729342913,720.704787290364,706.1375836271993,58900353
2023-05-04 18:49:40.380001,NVDA,682.9008643921353,684.7371145632712,688.0206376192428,673.2061675285131,64484376
2023-05-05 18:49:40.380001,NVDA,665.5825100777464,663.1258575126808,670.943841493491,661.9587812958125,56061453
2023-05-08 18:49:40.380001,NVDA,655.1158686308141,656.2606608829149,659.4925217414866,651.0201181923161,108304413
2023-05-09 18:49:40.380001,NVDA,657.4547956432357,662.3238951625118,662.4059913170622,645.2008509070657,118508996
2023-05-10 18:49:40.380001,NVDA,649.7748609978183,651.054387303429,651.9985296687615,649.2154360983992,180864944
2023-05-11 18:49:40.380001,NVDA,652.1985877057867,648.815473556036,664.8918046045145,641.5971773022698,183368743
2023-05-12 18:49:40.380001,NVDA,638.4511020592449,634.5068697615313,648.3859649683999,637.5564790275806,123271044
2023-05-15 18:49:40.380001,NVDA,643.9674962350033,641.766486644953,652.5058182620866,634.5808015102393,168817905
2023-05-16 18:49:40.380001,NVDA,644.1939968572146,646.0636667371651,655.405161994691,635.8993504397748,174717841
2023-05-17 18:49:40.380001,NVDA,633.2289315699657,628.1854491411696,641.5395059438724,632.4298039032263,150911348
2023-05-18 18:49:40.380001,NVDA,632.2537785226054,626.0509062988431,644.434687370231,631.4478822551447,143816373
2023-05-19 18:49:40.380001,NVDA,616.1004752579354,619.8950673626421,628.1303891555765,614.8809554719573,82520731
2023-05-22 18:49:40.380001,NVDA,613.5330187493806,614.1736727450223,615.7308842858722,609.3038141286062,184174882
2023-05-23 18:49:40.380001,NVDA,625.5941967255591,623.3423857435832,630.1668098465404,618.4099781392898,53065771
2023-05-24 18:49:40.380001,NVDA,634.3561783939695,634.0289931439942,645.4742206902416,626.4293904573606,54900943
2023-05-25 18:49:40.380001,NVDA,614.3295685327429,620.1072473796518,614.8381338834691,611.089677172512,147050620
2023-05-26 18:49:40.380001,NVDA,636.0914628460507,630.7071806547921,647.2990288368718,635.3094521788178,105865479
2023-05-29 18:49:40.380001,NVDA,633.0139186306264,630.47283971452,637.4789004904521,626.4766709396189,128638300
2023-05-30 18:49:40.380001,NVDA,650.2457668586375,652.3508053531169,657.915498293013,643.357199011702,132977727
2023-05-31 18:49:40.380001,NVDA,658.6976182061208,653.4564317944136,666.0520437516764,654.1942844713384,74965483
2023-06-01 18:49:40.380001,NVDA,675.5598918861149,670.443277506564,685.6093107761352,668.4806294224024,174316624
2023-06-02 18:49:40.380001,NVDA,654.728835130634,648.9727736846855,655.2170067665738,647.9213743206786,112502219
2023-06-05 18:49:40.380001,NVDA,649.6676588213966,649.0806554389692,653.8910972819665,645.3866254274734,69131548
2023-06-06 18:49:40.380001,NVDA,648.6542150455139,645.6857436843073,659.9013892706354,640.412192513627,50242180
2023-06-07 18:49:40.380001,NVDA,640.5879946713143,644.1742244582481,643.1588093684642,628.3103101078351,186814459
2023-06-08 18:49:40.380001,NVDA,630.2331139130956,635.5126417197988,638.9341391134029,625.3660813845281,167531949
2023-06-09 18:49:40.380001,NVDA,618.4729845095387,613.1566200477212,628.5339985243734,610.1236698504393,183637614
2023-06-12 18:49:40.380001,NVDA,617.983560300587,618.6708414374438,621.5991266577918,613.6496463335313,120754087
2023-06-13 18:49:40.380001,NVDA,608.3939470924576,607.509661501772,620.1147003696251,605.4416845158362,197982825
2023-06-14 18:49:40.380001,NVDA,598.224567508786,603.1083142665007,599.4083702723959,593.5182043277115,70904237
2023-06-15 18:49:40.380001,NVDA,605.1438160806247,604.8842969160247,608.8606949007703,600.1115445117244,50196764
2023-06-16 18:49:40.380001,NVDA,580.8585407171569,584.3276431861369,588.5914305602656,569.4569379706898,144087190
2023-06-19 18:49:40.380001,NVDA,581.5926358153993,577.434090178447,588.5026437644242,574.7602580134758,64152679
2023-06-20 18:49:40.380001,NVDA,572.7072601586584,567.552873759666,574.4609755712745,566.6462046426979,171005839
2023-06-21 18:49:40.380001,NVDA,569.7879120975521,565.7475466437239,579.2396632300216,565.2513885670643,138491498
2023-06-22 18:49:40.380001,NVDA,581.3557133805917,579.0052486854623,590.5550100786617,572.8833861300479,105604207
2023-06-23 18:49:40.380001,NVDA,568.1612466449142,570.3710536838483,574.7680282187258,565.322780922846,173018662
2023-06-26 18:49:40.380001,NVDA,569.4934328594752,573.2116414788616,575.5184807328267,561.0683205179465,50068994
2023-06-27 18:49:40.380001,NVDA,578.786038265299,577.7639932297449,586.253371980694,576.2930105980146,116632327
2023-06-28 18:49:40.380001,NVDA,591.9360670327205,595.5856078530069,593.5325824691804,582.6266597892344,118171763
2023-06-29 18:49:40.380001,NVDA,583.79981064398,586.7119976012043,589.445014322207,577.7792955203939,80099931
2023-06-30 18:49:40.380001,NVDA,598.7895501960331,600.7794547504321,609.7838021424557,586.8698857347018,133537266
2023-07-03 18:49:40.380001,NVDA,604.5644873023653,609.3064506301805,610.3551003760326,592.9341328665652,76394927
2023-07-04 18:49:40.380001,NVDA,604.7500248146087,605.3808583414057,613.5167788042359,597.0205779896156,131588444
2023-07-05 18:49:40.380001,NVDA,599.854321282121,603.048625944009,605.0800236619503,593.6794879035258,192542543
2023-07-06 18:49:40.380001,NVDA,601.2246615901449,604.6575028165753,601.5531230404627,596.5738884046051,182319764
2023-07-07 18:49:40.380001,NVDA,611.0043595153097,616.4713345405614,616.5201619801284,602.7309493621824,95707689
2023-07-10 18:49:40.380001,NVDA,606.5877514543067,611.5866748528894,615.3120414970107,604.3038794475144,50797591
2023-07-11 18:49:40.380001,NVDA,611.8622904342739,608.3053188867594,616.0558474450219,607.765053843328,66200608
2023-07-12 18:49:40.380001,NVDA,607.0728308406974,607.2748849340719,612.0856071973748,599.8831897667134,151054173
2023-07-13 18:49:40.380001,NVDA,594.5355739680992,596.075119477391,603.1653251728324,583.2415647273999,89357147
2023-07-14 18:49:40.380001,NVDA,602.8006630178492,607.5668137579877,604.330033513546,594.7960170277101,177299416
2023-07-17 18:49:40.380001,NVDA,605.9240360890857,604.7538814056562,615.4493865266724,605.7978418192979,116583441
2023-07-18 18:49:40.380001,NVDA,586.6395938963235,587.2487477792062,594.9490944260583,576.7877321029035,52584081
2023-07-19 18:49:40.380001,NVDA,582.1637210681973,585.7473326624269,591.6227047108164,575.7242568287135,182351281
2023-07-20 18:49:40.380001,NVDA,584.3967380791081,582.3353525733559,585.4537186989205,574.2695835288747,155240864
2023-07-21 18:49:40.380001,NVDA,580.8938098174283,576.2344119320134,584.4212053518456,576.0782804907556,157706254
2023-07-24 18:49:40.380001,NVDA,587.1325494958899,583.1426828397595,595.4951822914489,586.6167181321549,75069428
2023-07-25 18:49:40.380001,NVDA,584.797623854311,589.9883219341692,588.2488303396666,583.8977826388369,123174117
2023-07-26 18:49:40.380001,NVDA,583.5427904160499,577.9552309250339,583.7909819443323,575.8222908387582,162419106
2023-07-27 18:49:40.380001,NVDA,597.4577638833545,603.0145383789092,601.2682546158887,591.3560644854775,145282685
2023-07-28 18:49:40.380001,NVDA,588.6764313019339,587.6470004437152,595.614190870999,577.4026049170715,119159348
2023-07-31 18:49:40.380001,NVDA,598.8779871349657,594.7557788258517,605.7765123233672,588.767767386028,138684192
2023-08-01 18:49:40.380001,NVDA,582.3831546810785,586.1503728064363,593.7344023643129,580.5631337201434,51896756
2023-08-02 18:49:40.380001,NVDA,574.9167683137621,575.4459021763643,580.7230766537972,564.0261440652723,55402010
2023-08-03 18:49:40.380001,NVDA,576.7201834230863,576.2052662436828,585.0940150810674,570.5933111338223,58769474
2023-08-04 18:49:40.380001,NVDA,581.3473807346952,582.3164109555682,591.1431308472256,575.503342809022,60454987
2023-08-07 18:49:40.380001,NVDA,590.3982814729897,595.5174911088625,594.2340353923208,582.4737067862394,139116709
2023-08-08 18:49:40.380001,NVDA,583.236270912621,585.939072153337,589.2423464930066,576.0253418433359,194596140
2023-08-09 18:49:40.380001,NVDA,580.2664506177729,584.5753939628484,580.9395668680418,580.1631671362541,91895556
2023-08-10 18:49:40.380001,NVDA,584.384941990875,584.2695690508873,592.7924754653438,583.336330657254,120387039
2023-08-11 18:49:40.380001,NVDA,578.8265515437881,575.4224347871173,587.3816947546483,572.2307570143556,57323318
2023-08-14 18:49:40.380001,NVDA,592.7180539835151,589.5091257497473,599.2202174054573,583.6487682213713,155605567
2023-08-15 18:49:40.380001,NVDA,589.3329062896686,594.1604010500656,596.4701944568828,584.7922412195087,95052243
2023-08-16 18:49:40.380001,NVDA,584.7776084673221,585.4319996473822,593.1903978934008,581.7235042230578,138307791
2023-08-17 18:49:40.380001,NVDA,569.1920535615676,572.6899991900882,579.7869783128091,562.7488172582871,133970150
2023-08-18 18:49:40.380001,NVDA,569.9277932064656,575.6102538840375,574.8065276239279,566.7673327235694,172866970
2023-08-21 18:49:40.380001,NVDA,575.3555527998036,569.7663863654252,586.434263422627,573.0733187844305,71237920
2023-08-22 18:49:40.380001,NVDA,575.5610329566961,573.7978876117264,581.6775170121572,573.0010392993645,154959654
2023-08-23 18:49:40.380001,NVDA,579.5591587954896,575.0419397481531,584.6268587660372,577.6847121932077,117685799
2023-08-24 18:49:40.380001,NVDA,568.986479848179,570.4182859440226,573.8277413908804,563.4469470558497,112209694
2023-08-25 18:49:40.380001,NVDA,578.0487332782482,583.7340372120768,585.5013589067303,568.3615450475061,142908445
2023-08-28 18:49:40.380001,NVDA,579.9170762206953,575.5946881358782,590.6404301597029,579.860796081178,185432721
2023-08-29 18:49:40.380001,NVDA,594.4688067257475,591.8586018796534,605.2702377331859,593.3062718939739,152222500
2023-08-30 18:49:40.380001,NVDA,600.2409862096116,597.2601456745779,608.5533276563583,597.7629856110246,62862570
2023-08-31 18:49:40.380001,NVDA,593.5643472257462,596.1223974764342,595.0389043333569,583.2173464470687,198682246
2023-09-01 18:49:40.380001,NVDA,589.4646638806851,593.3722469946204,598.7142084205722,584.1677208039496,79305496
2023-09-04 18:49:40.380001,NVDA,607.4737391030295,601.9759247697277,616.4663987752463,599.9248923583737,73675254
2023-09-05 18:49:40.380001,NVDA,598.5150760121791,593.6117621982343,608.0986631174717,592.3044471196762,63038966
2023-09-06 18:49:40.380001,NVDA,587.0832139612068,591.1777520589822,593.0904876009015,582.3691439582179,121645197
2023-09-07 18:49:40.380001,NVDA,590.0032908111214,593.6651986991847,596.6976092656952,581.3636398226466,176834959
2023-09-08 18:49:40.380001,NVDA,601.2144926795761,603.042008617702,610.5565432435056,596.4861268731839,64295682
2023-09-11 18:49:40.380001,NVDA,597.7995666322201,602.8844132579951,605.4371777187225,586.8804586924128,128222075
2023-09-12 18:49:40.380001,NVDA,586.6916034093676,583.1745775329649,595.9469160858133,585.4031639126895,151035678
2023-09-13 18:49:40.380001,NVDA,610.5123531389456,614.6376666089903,610.8405977420606,607.1484369186079,198521009
2023-09-14 18:49:40.380001,NVDA,603.0018467949556,601.1218883186482,608.6832905300912,602.7863687998996,131875971
2023-09-15 18:49:40.380001,NVDA,609.7505114799592,610.7801644794399,617.9842568442848,600.2886954139772,84226542
2023-09-18 18:49:40.380001,NVDA,620.4911639429847,623.2052586659684,628.9059143040939,618.4354623142824,88907675
2023-09-19 18:49:40.380001,NVDA,614.4766532179885,608.4266348822321,622.8149584245776,603.2761964320515,163419567
2023-09-20 18:49:40.380001,NVDA,618.5831025838091,615.3563568843758,629.4212963548563,613.3224712989778,173813332
2023-09-21 18:49:40.380001,NVDA,629.6219789006885,626.7732199176861,634.332067927912,629.1009855681759,193740115
2023-09-22 18:49:40.380001,NVDA,624.3371514268475,625.4072466912675,636.2567100581986,617.3362858779258,164463924
2023-09-25 18:49:40.380001,NVDA,641.5311068145553,642.5359728236399,652.3173340530844,633.522453601033,154342082
2023-09-26 18:49:40.380001,NVDA,654.5535222778743,655.1002647946148,662.4805921991247,641.6909076513241,193143433
2023-09-27 18:49:40.380001,NVDA,671.244906877813,664.7139810878474,678.7454702893988,666.6553737577166,111681604
2023-09-28 18:49:40.380001,NVDA,673.875212305064,674.7421483378391,682.4065160361357,663.6900524162397,153434148
2023-09-29 18:49:40.380001,NVDA,676.4509923740616,680.4067262865768,688.287345038105,671.8046202864589,190902958
2023-10-02 18:49:40.380001,NVDA,677.2589653244161,678.4118656213961,683.5932127145173,667.1586134394256,80505675
2023-10-03 18:49:40.380001,NVDA,672.7630286613713,675.6797510562752,676.8691560840583,665.2384015436187,110299156
2023-10-04 18:49:40.380001,NVDA,660.2743538607709,666.784005075576,668.9657551063896,652.3115713872643,104676206
2023-10-05 18:49:40.380001,NVDA,669.9592279748007,675.9845560651898,683.1421079674357,659.5453588813003,111201179
2023-10-06 18:49:40.380001,NVDA,666.1436892170882,668.8300653560698,672.0938103368534,665.145862284266,80057461
2023-10-09 18:49:40.380001,NVDA,672.3229462390165,668.3525610809036,678.9396689105052,669.2061230207792,163499575
2023-10-10 18:49:40.380001,NVDA,639.8841942144123,642.2516743460401,650.2420046040231,634.0637222362147,100410771
2023-10-11 18:49:40.380001,NVDA,629.8859344198556,630.8498755793404,633.9541538692102,620.5443682401688,196093211
2023-10-12 18:49:40.380001,NVDA,638.8576855412482,642.0168256728764,643.4420296384703,626.3501119787918,88851236
2023-10-13 18:49:40.380001,NVDA,655.073782805711,652.790473919099,660.3699654300165,647.9976854710156,186069213
2023-10-16 18:49:40.380001,NVDA,647.5077310926721,646.3228914151592,652.8729492424974,635.8709994860077,60144818
2023-10-17 18:49:40.380001,NVDA,630.5119313101073,636.4163880090777,633.5803775702957,618.025696684199,113929497
2023-10-18 18:49:40.380001,NVDA,629.7144630564173,627.6121522407691,634.9860355839139,617.2436073097175,160517739
2023-10-19 18:49:40.380001,NVDA,638.9879660822664,641.0857904868682,650.1698841938339,636.293189798835,177011381
2023-10-20 18:49:40.380001,NVDA,639.2262488665529,635.1243635515765,646.6508442435122,635.3620776258132,168064709
2023-10-23 18:49:40.380001,NVDA,666.81438323524,671.6398265702784,673.8241260687067,659.4038718541885,55939329
2023-10-24 18:49:40.380001,NVDA,681.7254904703669,675.7250073984184,685.1846218550409,675.1042976020816,164512735
2023-10-25 18:49:40.380001,NVDA,674.2399620739002,678.7197579696435,681.0172593503518,666.1194853572019,116777841
2023-10-26 18:49:40.380001,NVDA,696.793349365393,701.6018234826738,697.5877438307604,691.0543756248959,132769919
2023-10-27 18:49:40.380001,NVDA,695.6362735351452,698.1302854436142,701.7090975186935,685.4432174630768,84397312
2023-10-30 18:49:40.380001,NVDA,706.8097897100332,710.5348730897829,711.6061702990141,694.4560469190935,142279270
2023-10-31 18:49:40.380001,NVDA,731.8465524073173,737.6521004933577,745.8590195960604,721.1890278492252,194992452
2023-11-01 18:49:40.380001,NVDA,726.427806336467,732.5228034713325,737.4345553267343,726.2364916455848,90107559
2023-11-02 18:49:40.380001,NVDA,730.638163092186,724.629208654617,730.9249702155221,718.7624420232038,64185927
2023-11-03 18:49:40.380001,NVDA,744.4202498126723,737.4720503155914,755.7503731979452,730.3247437078338,152590563
2023-11-06 18:49:40.380001,NVDA,747.7919944513399,741.7159988774071,759.7004303305864,738.8270359102521,63039234
2023-11-07 18:49:40.380001,NVDA,730.689461759841,727.9914173907711,744.6632986933071,728.5418287276302,162681538
2023-11-08 18:49:40.380001,NVDA,738.1064145715873,733.2745494757014,745.4898494062469,727.8859635480222,199601990
2023-11-09 18:49:40.380001,NVDA,761.8555782892726,759.9684686042874,774.047866983729,756.8780293576218,121889444
2023-11-10 18:49:40.380001,NVDA,784.6434080861607,790.6604510484042,787.7620706722822,778.2982902611249,180906290
2023-11-13 18:49:40.380001,NVDA,790.3911522766774,791.0189018042602,799.4932203062568,787.0922106590269,195002101
2023-11-14 18:49:40.380001,NVDA,808.5474543334074,809.8284802063647,811.2899176693915,801.667210438365,66250512
2023-11-15 18:49:40.380001,NVDA,804.1386769255355,797.9544350348257,810.2502966995714,793.7962172714533,107398595
2023-11-16 18:49:40.380001,NVDA,809.1995221582102,811.7266569930185,813.4845505864786,794.9586508333266,101543027
2023-11-17 18:49:40.380001,NVDA,788.722880821455,789.4625744817115,802.106641489087,779.8352522996431,141130543
2023-11-20 18:49:40.380001,NVDA,781.4614139801103,782.0218954210865,784.8864778675079,780.654627301464,94246607
2023-11-21 18:49:40.380001,NVDA,789.7599836091453,790.9718860895148,803.9330197988222,776.455029181123,73670830
2023-11-22 18:49:40.380001,NVDA,777.3169316337472,773.2225222272208,788.2651504386893,763.5319690341846,80190076
2023-11-23 18:49:40.380001,NVDA,779.5189232449341,779.6043013178761,783.5953342352839,776.6878155222798,128250607
2023-11-24 18:49:40.380001,NVDA,813.1851179740286,817.8715778178095,819.3604485122327,800.8650290679759,124411171
2023-11-27 18:49:40.380001,NVDA,819.038254283175,821.759059020223,829.6033825615154,812.2522544706808,173738795
2023-11-28 18:49:40.380001,NVDA,834.2496585876561,836.2022966676295,842.4095245642751,826.480211233552,86463303
2023-11-29 18:49:40.380001,NVDA,824.4915004592388,818.2355613827164,830.4921189465714,811.3583436785066,71376110
2023-11-30 18:49:40.380001,NVDA,863.5959909042488,861.7264551687999,863.7389785081556,849.2263740128506,110466578
2023-12-01 18:49:40.380001,NVDA,841.5175649243151,848.896067768235,854.6676768437869,838.2160415387942,178912644
2023-12-04 18:49:40.380001,NVDA,828.073406839761,824.9278177488462,838.9635351677239,815.4415766337179,160837397
2023-12-05 18:49:40.380001,NVDA,863.2682528437082,871.1551995690143,869.5105911181181,855.1892213239944,150538559
2023-12-06 18:49:40.380001,NVDA,849.2714319906096,853.9023473652956,864.118867281277,838.0582369259879,125419161
2023-12-07 18:49:40.380001,NVDA,825.739563952866,830.6682267439577,837.4951497257928,810.5686844153246,126112176
2023-12-08 18:49:40.380001,NVDA,819.7678417991223,819.935249413472,827.1141075208909,819.2049371520369,141584382
2023-12-11 18:49:40.380001,NVDA,799.8336809968583,803.7849971177232,806.4440070028307,790.3231449902769,152604289
2023-12-12 18:49:40.380001,NVDA,798.3093489867183,794.7794454559439,799.7568526518205,792.570391840959,79974462
2023-12-13 18:49:40.380001,NVDA,828.6929375906874,828.4103376796168,841.3018002817561,820.029545317914,189058926
2023-12-14 18:49:40.380001,NVDA,826.0036863660753,822.0032654055399,827.8891638718507,825.007890771796,57042208
2023-12-15 18:49:40.380001,NVDA,786.8038681088484,794.4305822784592,788.975249954616,771.3995291521977,60027607
2023-12-18 18:49:40.380001,NVDA,779.6866491594999,774.2856567881598,785.6439542271504,764.6894545167186,146769935
2023-12-19 18:49:40.380001,NVDA,762.78786258211,769.0142782322237,774.8460404710332,748.0979196337224,99450147
2023-12-20 18:49:40.380001,NVDA,758.525677700984,759.4505722561528,773.5818950145009,756.1642840902532,160760877
2023-12-21 18:49:40.380001,NVDA,779.5658175779639,783.3113040795424,793.5681255332521,772.2325947745725,178998267
2023-12-22 18:49:40.380001,NVDA,795.0249578948137,789.5886884975448,805.504399010727,791.3554330148264,130065532
2023-12-25 18:49:40.380001,NVDA,827.9013592222005,835.9831518173148,843.5353623737686,811.8997818601426,161214963
2023-12-26 18:49:40.380001,NVDA,789.8707072897047,794.4416208703786,802.9625135029253,785.455249322643,129248412
2023-12-27 18:49:40.380001,NVDA,785.485453205869,786.014004597124,792.7333611067887,781.8187749728468,95045028
2023-12-28 18:49:40.380001,NVDA,795.9073281758983,792.0361608614841,800.4224593909032,787.451042586865,158178635
2023-12-29 18:49:40.380001,NVDA,785.5605260891526,788.5615254916796,794.5657824342837,774.2862223930795,85097495
2024-01-01 18:49:40.380001,NVDA,811.9565983061285,816.6485583432868,820.5192999295796,803.144626409632,153494590
2024-01-02 18:49:40.380001,NVDA,851.297995136808,855.3154667168751,852.035434407286,847.2939212868353,191158471
2024-01-03 18:49:40.380001,NVDA,856.2780922298361,857.715695770742,858.2598408073553,841.9499857576906,71025036
2024-01-04 18:49:40.380001,NVDA,856.847036539625,857.321661075643,858.9267047719272,846.0102350513004,137046520
2024-01-05 18:49:40.380001,NVDA,876.9851432409698,879.4930840661906,886.5530576260409,859.9621388618597,97263485
2024-01-08 18:49:40.380001,NVDA,836.3498262360072,839.615874902897,850.1508500700858,829.6958762703866,87904304
2024-01-09 18:49:40.380001,NVDA,823.3307996676212,828.0883855402931,826.6944606238105,809.2295346458916,153054123
2024-01-10 18:49:40.380001,NVDA,828.5666741384646,821.0261191527809,844.2926056432776,820.2788196248423,89714163
2024-01-11 18:49:40.380001,NVDA,831.7211714800643,829.3895252399868,843.6673776892774,828.5874486619088,156274889
2024-01-12 18:49:40.380001,NVDA,808.8919306107673,813.9470864559962,810.287210156647,798.3705314210712,186728739
2024-01-15 18:49:40.380001,NVDA,803.6649901863258,803.6756098378121,811.1851114574417,792.4519035934812,107280175
2024-01-16 18:49:40.380001,NVDA,810.4266658296561,807.3491668129807,819.0480885415715,805.1797811438212,133398274
2024-01-17 18:49:40.380001,NVDA,811.6724805566433,815.4113555924033,816.5494840188584,801.9240403636276,194554348
2024-01-18 18:49:40.380001,NVDA,817.5733068175779,818.4885150563306,831.5399797837616,806.5730137058538,98168918
2024-01-19 18:49:40.380001,NVDA,846.0472096526595,851.4944191502374,846.382851409192,838.8386158240662,82920754
2024-01-22 18:49:40.380001,NVDA,827.0994259941248,826.3145320963637,833.7779725527045,819.5935032942897,111073775
2024-01-23 18:49:40.380001,NVDA,826.0023639527882,831.880292472879,838.5418750464312,815.8824704249096,112452264
2024-01-24 18:49:40.380001,NVDA,826.589367114569,824.2414622613215,830.7324202528561,818.7248642150897,156326960
2024-01-25 18:49:40.380001,NVDA,801.8618424698135,808.8064240725201,803.8074246191383,796.3793819568615,184636681
2024-01-26 18:49:40.380001,NVDA,802.6059152549452,801.283401794143,810.9917865756051,793.6382931849233,78013153
2024-01-29 18:49:40.380001,NVDA,795.3286411646163,790.0346933331462,796.322356399002,785.3555709031004,88863067
2024-01-30 18:49:40.380001,NVDA,809.7733248435705,815.0857391811408,823.1566441177993,797.8644891810833,111993492
2024-01-31 18:49:40.380001,NVDA,786.6464136469407,793.2425787008304,795.0328494250716,781.9480160859946,75310619
2024-02-01 18:49:40.380001,NVDA,753.0009349008571,759.5845167655883,765.5154929280637,747.3469073549062,197572428
2024-02-02 18:49:40.380001,NVDA,776.951107549763,773.5534793825877,782.6398410903971,767.4663666852576,195707658
2024-02-05 18:49:40.380001,NVDA,784.3495892386087,787.0493718604062,788.6510086622709,772.4076096465338,84458895
2024-02-06 18:49:40.380001,NVDA,777.9497363881162,775.6646430510108,793.4307480911663,770.2183794465526,82426831
2024-02-07 18:49:40.380001,NVDA,779.2122149146103,778.0211818476839,792.8348606246817,776.8007971015792,168239486
2024-02-08 18:49:40.380001,NVDA,769.9294388221961,770.5786230062066,778.1075567491398,758.2128821448638,149625762
2024-02-09 18:49:40.380001,NVDA,758.9744767777044,765.741184377307,770.6395825691534,748.9739594353827,144797949
2024-02-12 18:49:40.380001,NVDA,735.5594933548266,732.2594594540049,748.5654841290831,725.9532587751833,88950469
2024-02-13 18:49:40.380001,NVDA,723.1864094271558,718.4899008851385,732.0890317619765,719.9403855922965,112018151
2024-02-14 18:49:40.380001,NVDA,753.7477351331574,756.827070810281,756.3714263748244,752.4783709424805,97238860
2024-02-15 18:49:40.380001,NVDA,784.1022720248001,782.9649046678484,785.5825142834757,781.2734078281852,123518937
2024-02-16 18:49:40.380001,NVDA,812.544972022209,817.4628250553595,824.6219407992006,808.9574201976704,70948666
2024-02-19 18:49:40.380001,NVDA,825.390546019411,832.0694338416826,829.0694401001903,815.8845944576659,68680716
2024-02-20 18:49:40.380001,NVDA,849.805809154039,842.5821923470139,864.8146018600739,844.6131397726684,199390563
2024-02-21 18:49:40.380001,NVDA,828.8553191418397,830.3293937039675,832.9777843251813,815.5295265251814,114722636
2024-02-22 18:49:40.380001,NVDA,809.5193459782784,817.0087443352351,818.761931831514,806.1443105051392,75579400
2024-02-23 18:49:40.380001,NVDA,762.8125771517903,756.4053255610482,773.9071694565779,754.6173782214794,123338969
2024-02-26 18:49:40.380001,NVDA,764.3587427374093,760.9278326199848,771.4366888631856,755.9575757403177,132618693
2024-02-27 18:49:40.380001,NVDA,769.7571936671432,768.7090094505683,776.3951671400534,767.2590446180312,90060680
2024-02-28 18:49:40.380001,NVDA,812.7616119694753,808.5275390476863,824.9949944368315,800.6731207353944,167715053
2024-02-29 18:49:40.380001,NVDA,790.9928632829805,798.7157743946508,805.7548858240438,783.9134503736947,184177669
2024-03-01 18:49:40.380001,NVDA,821.885981318119,825.8998313681832,827.3026221679316,821.2881982421198,182793609
2024-03-04 18:49:40.380001,NVDA,813.0197815678241,808.8756729017439,826.5522628545167,805.2282479884651,120293927
2024-03-05 18:49:40.380001,NVDA,834.5759165266129,833.732108219481,836.2760758275771,831.5798392862604,67715988
2024-03-06 18:49:40.380001,NVDA,835.2039900016167,833.5368449743305,839.3838465165732,819.107561960151,174729295
2024-03-07 18:49:40.380001,NVDA,844.6241280784383,839.6122796900262,844.8402382120912,842.2907727992517,66740254
2024-03-08 18:49:40.380001,NVDA,874.4145468508518,870.5857829086372,887.3155494632048,864.7120844182147,79326452
2024-03-11 18:49:40.380001,NVDA,865.5246627718108,871.5715976810935,870.5913291462681,852.0262288186585,155567458
2024-03-12 18:49:40.380001,NVDA,886.8088316551201,886.338159346867,897.4289951798273,883.2844260392939,146655648
2024-03-13 18:49:40.380001,NVDA,893.6110485223255,888.6160588965988,895.4936905088332,881.5182333036639,91502143
2024-03-14 18:49:40.380001,NVDA,893.405497857523,891.338779963694,903.7495186674164,878.241460453097,154591289
2024-03-15 18:49:40.380001,NVDA,909.0663674979756,905.8382507457313,911.7152468787781,896.2655586645595,72332666
2024-03-18 18:49:40.380001,NVDA,901.5559864022216,903.3645087871348,911.1242669711186,894.6544286093864,83023224
2024-03-19 18:49:40.380001,NVDA,915.5087915742903,924.437877602155,933.3075802115637,900.5196606196479,93135390
2024-03-20 18:49:40.380001,NVDA,911.4024628401722,910.4534384438967,924.0904817146294,903.7149894243829,93438058
2024-03-21 18:49:40.380001,NVDA,927.2684381009261,927.6471481843084,931.8182398574481,924.1480235289362,121244715
2024-03-22 18:49:40.380001,NVDA,889.6852666602124,897.1890631556814,901.4295022084201,878.9275152142269,135544297
2024-03-25 18:49:40.380001,NVDA,929.0529323099547,922.1126552940224,937.397003546491,928.5865824227707,160906082
2024-03-26 18:49:40.380001,NVDA,945.1560090931556,948.1446697051374,950.2195548404956,941.3409609927328,107866666
2024-03-27 18:49:40.380001,NVDA,938.5099796060979,940.3278863312353,949.3399047789969,929.8181624258199,190138039
2024-03-28 18:49:40.380001,NVDA,924.3390451261683,922.5795525092276,933.4839941780823,915.9806912945768,73351001
2024-03-29 18:49:40.380001,NVDA,941.8432463118687,951.1496651077568,944.5754777073547,940.3029719084817,117741015
2024-04-01 18:49:40.380001,NVDA,945.8787846276837,944.0805782508645,954.5459740217011,933.656042261634,134698649
2024-04-02 18:49:40.380001,NVDA,984.6736156719545,976.573611540272,998.8049266179291,979.6492554302863,162935964
2024-04-03 18:49:40.380001,NVDA,953.7858423185598,961.140630383617,968.1301695432247,945.3743901599396,73389130
2024-04-04 18:49:40.380001,NVDA,979.7576916879167,970.5889497248187,995.9627559787457,964.0227791062995,135557277
2024-04-05 18:49:40.380001,NVDA,967.7440537693775,971.5343902337382,985.3576508845513,957.0836635223989,126704928
2024-04-08 18:49:40.380001,NVDA,974.7184851463255,970.5333941745719,980.2185959120957,958.0853007096244,191150089
2024-04-09 18:49:40.380001,NVDA,964.391447981832,960.6276029736763,977.5237167747222,949.660749649363,113047141
2024-04-10 18:49:40.380001,NVDA,947.7963171765109,939.7774501034608,961.3404430966912,943.6203219751529,82419718
2024-04-11 18:49:40.380001,NVDA,913.3907551643266,914.6068030798327,920.4584857526543,905.3468474726643,92396015
2024-04-12 18:49:40.380001,NVDA,931.8429130424731,930.7773463428415,948.0103030313711,921.451947235189,172732627
2024-04-15 18:49:40.380001,NVDA,895.0877827411609,900.7586732742865,910.4787795111849,878.8492927778187,146438542
2024-04-16 18:49:40.380001,NVDA,895.3986840439469,897.8009597263239,903.6537105469181,882.8975616286292,188253520
2024-04-17 18:49:40.380001,NVDA,917.3300539018455,913.1928797944619,918.8630913932483,899.3461100571976,198378959
2024-04-18 18:49:40.380001,NVDA,962.6286614554452,967.5684898992932,963.9628858470645,947.4040267870804,141150805
2024-04-19 18:49:40.380001,NVDA,954.3893373569475,952.5055431754848,971.7993538745466,937.3284626748308,144867568
2024-04-22 18:49:40.380001,NVDA,923.9362544529704,922.1616457574859,925.4700406392329,906.8755085437649,170856719
2024-04-23 18:49:40.380001,NVDA,928.1289603168609,930.6941937495864,938.881003396859,924.6816274204667,136260061
2024-04-24 18:49:40.380001,NVDA,935.060441142555,938.0421534135783,940.6807469305714,933.3769739943708,87240478
2024-04-25 18:49:40.380001,NVDA,913.8642059853058,921.2012005783639,923.1984951123782,901.4959041455415,81330312
2024-04-26 18:49:40.380001,NVDA,935.3828069321286,929.4988088763247,935.4630507691772,933.2027557448091,143313928
2024-04-29 18:49:40.380001,NVDA,931.2281800078607,932.6362585086093,932.1650108412649,914.7936172645333,160328202
2024-04-30 18:49:40.380001,NVDA,939.9476826310813,937.2647481456183,956.3218465243564,931.9428443050449,133883721
2024-05-01 18:49:40.380001,NVDA,938.1504751898744,935.1598127157499,942.2854841423185,938.001299680869,88629200
2024-05-02 18:49:40.380001,NVDA,932.2508461832012,931.7808824009013,932.963997677124,918.3337674245082,130946822
2024-05-03 18:49:40.380001,NVDA,916.799264287333,915.7188608011155,918.9434892114729,900.7912678422348,57507316
2024-05-06 18:49:40.380001,NVDA,904.2112822886251,905.5368492698601,922.2782520703418,895.7852569597026,65190802
2024-05-07 18:49:40.380001,NVDA,919.258808762628,913.6556205244624,937.0400869877627,914.6668358813387,114086736
2024-05-08 18:49:40.380001,NVDA,928.9067724205514,933.9187049086104,940.0323085657876,925.7186785666273,150638386
2024-05-09 18:49:40.380001,NVDA,931.0836774491451,927.8873176782448,934.5302943714477,919.7539945486798,160292469
2024-05-10 18:49:40.380001,NVDA,939.7128471742984,938.3194300826502,944.2751526005777,936.7363297004489,125009413
2024-05-13 18:49:40.380001,NVDA,957.2819530146425,948.712365148583,962.2508378027283,943.7025382245015,167382525
2024-05-14 18:49:40.380001,NVDA,991.7945240524161,992.2255050910186,994.106098242844,980.2107143135629,73001610
2024-05-15 18:49:40.380001,NVDA,995.2084998138718,1002.8107392245252,998.8668829773867,994.1721138230998,80744848
2024-05-16 18:49:40.380001,NVDA,992.9866724057971,1002.338097465521,1001.7403306919101,986.7056949011385,183297755
2024-05-17 18:49:40.380001,NVDA,986.0295391397475,983.0566213303193,992.790116446398,971.6619234602899,59430004
2024-05-20 18:49:40.380001,NVDA,1007.0100512452703,1004.7957801552707,1025.3426576327852,1006.2837968082946,114943946
2024-05-21 18:49:40.380001,NVDA,988.0338655894196,990.0468337185565,990.0433287425034,978.9656673469298,148109636
2024-05-22 18:49:40.380001,NVDA,1030.544411086254,1030.7242150892682,1043.4992748194354,1012.9933508523713,199950865
2024-05-23 18:49:40.380001,NVDA,1033.8225966327293,1026.9501975451824,1052.697414611909,1031.6654615411055,109969926
2024-05-24 18:49:40.380001,NVDA,1047.9890665732448,1051.576250499047,1062.8758830720328,1033.5363417031174,63726592
2024-05-27 18:49:40.380001,NVDA,1055.0867340694867,1060.014414079542,1065.5852628213597,1047.4915763679253,153430836
2024-05-28 18:49:40.380001,NVDA,1048.6480645544762,1039.8108957777204,1066.295374260678,1032.0265196860967,123864349
2024-05-29 18:49:40.380001,NVDA,1038.738303709894,1038.1227521777203,1052.0606052367525,1031.1095723638434,74010987
2024-05-30 18:49:40.380001,NVDA,976.8506169156242,981.5621765376804,977.820716280744,960.0931793922326,69729158
2024-05-31 18:49:40.380001,NVDA,954.7317009704175,959.2627951552096,966.8090578510039,937.6140551342394,79040348
2024-06-03 18:49:40.380001,NVDA,940.9676444742155,944.9909393586217,956.4617607907722,937.5717363808438,155082709
2024-06-04 18:49:40.380001,NVDA,931.4772437632176,927.2409673973256,948.571968132247,929.3662657513928,163594204
2024-06-05 18:49:40.380001,NVDA,902.935691049589,904.0276163965003,911.6730558391137,898.3216748751396,86707691
2024-06-06 18:49:40.380001,NVDA,910.7618788414209,905.3248495799368,912.3508166118655,898.5847080352055,182608420
2024-06-07 18:49:40.380001,NVDA,878.5353488355651,878.1938205522106,895.2228971098259,877.5671049250938,87646381
2024-06-10 18:49:40.380001,NVDA,890.8139695020476,891.2277687642595,905.5808571757622,876.3906421948453,109717794
2024-06-11 18:49:40.380001,NVDA,912.5630445851219,905.7620097274291,915.8980454756247,895.9292660708559,199203674
2024-06-12 18:49:40.380001,NVDA,895.2330739382534,898.9063328128655,901.776519647469,888.3604387930973,104930763
2024-06-13 18:49:40.380001,NVDA,890.1492132629494,883.3902355517058,896.3190321043586,881.6964938533423,157964417
2024-06-14 18:49:40.380001,NVDA,916.1314545449084,923.6532793742897,918.9031117293595,915.565409291163,97625885
2024-06-17 18:49:40.380001,NVDA,915.9357913265859,908.7488371971332,932.2601329923208,907.7750639422749,89633090
2024-06-18 18:49:40.380001,NVDA,925.6091768818299,927.8142755357602,936.7699525459606,915.8308303414304,81861923
2024-06-19 18:49:40.380001,NVDA,901.2243118779286,908.7383172068445,917.0655111511142,894.20003836648,75620978
2024-06-20 18:49:40.380001,NVDA,930.8705873574452,938.3912983985805,939.8197010583856,923.2886347975307,168857737
2024-06-21 18:49:40.380001,NVDA,946.2888415657753,951.3488357021771,948.9269440087897,945.2009293599117,91714145
2024-06-24 18:49:40.380001,NVDA,914.2928715987716,906.710043353216,914.6797940655276,909.2838331454714,148420936
2024-06-25 18:49:40.380001,NVDA,937.6365367590058,929.1537347638902,954.3850118477682,932.2986342041017,55105136
2024-06-26 18:49:40.380001,NVDA,918.2396947687035,926.6642651269507,929.9142876184776,908.8898371168178,129641051
2024-06-27 18:49:40.380001,NVDA,918.9479381941854,925.6373551089204,921.5124967221723,913.2183545144985,119032045
2024-06-28 18:49:40.380001,NVDA,904.5204758465192,907.5236175202054,914.4554099405326,900.1864098343561,50901724
2024-07-01 18:49:40.380001,NVDA,925.7638809148991,922.246491094797,931.7922134629073,923.4378042110067,193558599
2024-07-02 18:49:40.380001,NVDA,949.3243630341017,950.4857949036409,958.9645264131311,945.9195561726218,104837219
2024-07-03 18:49:40.380001,NVDA,947.1967378116777,948.4496802588077,960.0620980537007,932.3786156624578,74272048
2024-07-04 18:49:40.380001,NVDA,950.0950261643685,958.0296827723243,960.7248372508291,945.9307530600428,91344149
2024-07-05 18:49:40.380001,NVDA,990.7664723009399,998.8905703062837,1008.2743277795602,980.7717858062867,106587278
2024-07-08 18:49:40.380001,NVDA,1001.4724777757837,1002.8048230091047,1016.4982408928751,983.4971518268213,135332886
2024-07-09 18:49:40.380001,NVDA,982.7792716085253,973.9716248309772,989.9267867774535,972.1332988318189,97894450
2024-07-10 18:49:40.380001,NVDA,996.4644537222646,995.5424999135391,999.514230865235,988.4595810142715,167102702
2024-07-11 18:49:40.380001,NVDA,979.8053929963132,981.3619627309922,991.2885219872015,963.7798534566981,56949358
2024-07-12 18:49:40.380001,NVDA,968.6049975669245,973.8353810572598,971.9953014564991,966.4246946603173,120349341
2024-07-15 18:49:40.380001,NVDA,944.7402378915483,941.7215882575077,951.4506808028477,932.3690262744522,62459326
2024-07-16 18:49:40.380001,NVDA,922.9223736854559,930.081962670657,933.0325468146252,919.4795951803759,79337431
2024-07-17 18:49:40.380001,NVDA,919.5199423422281,919.8916079472692,937.331556915231,909.7297820804441,139510711
2024-07-18 18:49:40.380001,NVDA,928.6449644329082,925.4715500963026,933.6621653198569,921.7797733285413,106991418
2024-07-19 18:49:40.380001,NVDA,954.3742000834552,952.562620818151,966.4460483759102,935.5924995838781,116428807
2024-07-22 18:49:40.380001,NVDA,918.6326204974139,914.2852089222465,921.92501598779,910.9480655209267,131677482
2024-07-23 18:49:40.380001,NVDA,938.309382006046,929.9929801571471,956.7573661110581,926.923581148774,105463265
2024-07-24 18:49:40.380001,NVDA,941.6385452080709,949.6461175729935,956.9681216609596,932.3750616439178,106218811
2024-07-25 18:49:40.380001,NVDA,960.9140180597975,956.9023066431635,979.7520969830896,948.2816114533879,137488172
2024-07-26 18:49:40.380001,NVDA,962.9532919615976,954.9497410202739,967.0156097850689,948.432964883088,96118176
2024-07-29 18:49:40.380001,NVDA,966.0091090975542,974.2821340153688,977.350580999738,953.0672946506883,104636622
2024-07-30 18:49:40.380001,NVDA,963.448528234556,959.105701470326,976.9462033991589,944.6665315111273,85998121
2024-07-31 18:49:40.380001,NVDA,962.8700722129959,963.960488994565,965.8137935492836,947.7014217253918,122536973
2024-08-01 18:49:40.380001,NVDA,1016.3668664607575,1012.4796545259268,1026.6098974353708,1015.2322274401972,118281846
2024-08-02 18:49:40.380001,NVDA,1028.8720452886514,1029.8405296973765,1039.148743784472,1020.9517670096375,118891808
2024-08-05 18:49:40.380001,NVDA,1063.1601396392161,1053.7204075953034,1082.1989469108125,1043.8394658254874,119896835
2024-08-06 18:49:40.380001,NVDA,1080.545550741252,1069.9023501263807,1099.9994789116995,1061.8187284282726,71731513
2024-08-07 18:49:40.380001,NVDA,1049.3133351186286,1059.3661992954026,1070.2110433216544,1045.822263062424,140724196
2024-08-08 18:49:40.380001,NVDA,1071.64833880109,1074.5808185242877,1077.0660124395094,1067.9987448136412,160576286
2024-08-09 18:49:40.380001,NVDA,1093.1081938316352,1102.7235323539585,1103.2499883426917,1075.369991090779,194757723
2024-08-12 18:49:40.380001,NVDA,1068.1717948316173,1078.0999513729055,1077.6567256729465,1059.092094066826,129470606
2024-08-13 18:49:40.380001,NVDA,1052.050929379581,1051.887554616989,1062.0214254562052,1035.127801542205,140220765
2024-08-14 18:49:40.380001,NVDA,1128.6792923749156,1131.9976457288917,1149.7673412108634,1114.2693897864106,152336024
2024-08-15 18:49:40.380001,NVDA,1146.4210734167918,1136.040301274633,1164.4297450625802,1142.0443120763425,100468196
2024-08-16 18:49:40.380001,NVDA,1113.0461770812344,1114.9080007459042,1113.8993719595276,1102.435581052686,92838316
2024-08-19 18:49:40.380001,NVDA,1133.7249563404416,1127.0305442812569,1134.3628216110483,1119.2596798869047,76188266
2024-08-20 18:49:40.380001,NVDA,1148.3034443336705,1138.6388759117797,1171.2548312131498,1130.807842737029,150285839
2024-08-21 18:49:40.380001,NVDA,1139.4876424118881,1150.500587510283,1157.6980098217666,1137.0323700994602,136899383
2024-08-22 18:49:40.380001,NVDA,1156.374962197707,1159.8769479084397,1164.5154280657055,1149.2525135066423,182518340
2024-08-23 18:49:40.380001,NVDA,1135.999879328805,1126.1934763223976,1139.4368625588083,1115.8842005575914,142221150
2024-08-26 18:49:40.380001,NVDA,1189.5118004592982,1186.8906249304996,1209.780757943147,1188.2330409650124,53552733
2024-08-27 18:49:40.380001,NVDA,1262.9681117495454,1275.3644342710993,1273.2759287661545,1249.5350277199473,107829856
2024-08-28 18:49:40.380001,NVDA,1318.3245909391114,1327.6107799061267,1344.3682787325736,1302.0644348676608,50627995
2024-08-29 18:49:40.380001,NVDA,1293.1735042241803,1290.6778233479936,1302.9599531357928,1292.2795975568772,184078477
2024-08-30 18:49:40.380001,NVDA,1242.6085870599861,1252.7636448396634,1250.5767607957623,1221.5694599354788,152191664
2024-09-02 18:49:40.380001,NVDA,1207.852382119386,1204.502335313081,1220.5214041874613,1184.0261668840462,157621541
2024-09-03 18:49:40.380001,NVDA,1236.572372820667,1245.8226685167983,1253.9368370719371,1214.1718155962842,187666634
2024-09-04 18:49:40.380001,NVDA,1236.565045570249,1230.8236700096263,1245.2092826155565,1220.9705798929792,177097385
2024-09-05 18:49:40.380001,NVDA,1233.0355001743665,1231.3592661721086,1244.4162762945118,1211.1743153467762,196799280
2024-09-06 18:49:40.380001,NVDA,1219.356374393024,1207.2189456075903,1230.3482568381478,1217.704074298278,101766282
2024-09-09 18:49:40.380001,NVDA,1241.8410334501496,1241.1787687704132,1245.3276833750747,1239.5326662634875,54285674
2024-09-10 18:49:40.380001,NVDA,1258.913549108586,1270.2933920394553,1270.4769237057103,1255.8759854888426,53635301
2024-09-11 18:49:40.380001,NVDA,1220.9812712276816,1223.54419149405,1229.3130039470518,1206.1667881047144,62447704
2024-09-12 18:49:40.380001,NVDA,1258.0247322463058,1263.3690446144374,1283.0654959658982,1240.8588963830564,86470495
2024-09-13 18:49:40.380001,NVDA,1266.2904071515823,1269.768850675118,1286.9001229685005,1244.322378441293,164346149
2024-09-16 18:49:40.380001,NVDA,1232.911879549146,1229.1202841188451,1237.7898209393672,1221.8092864591022,130963974
2024-09-17 18:49:40.380001,NVDA,1251.077270629723,1251.327054961955,1252.2977130572397,1233.145032237859,119473081
2024-09-18 18:49:40.380001,NVDA,1233.3098640437595,1222.3438160607757,1236.3993850353056,1233.1632256878106,50982363
2024-09-19 18:49:40.380001,NVDA,1268.5616274855136,1281.0364344612394,1292.643348339693,1266.572365078877,73958828
2024-09-20 18:49:40.380001,NVDA,1310.3395783991016,1302.8234525358844,1315.9752845496778,1298.9118129791077,159713480
2024-09-23 18:49:40.380001,NVDA,1333.882905769613,1345.3631694719656,1348.9225052571485,1321.1990654764438,192328832
2024-09-24 18:49:40.380001,NVDA,1401.725608633609,1393.137030208305,1428.4425759520234,1387.877194491457,52773010
2024-09-25 18:49:40.380001,NVDA,1405.7155386081884,1397.945788885562,1411.6123726964777,1379.499715353869,64159727
2024-09-26 18:49:40.380001,NVDA,1469.4236466425748,1476.3918160763662,1487.0205464969174,1454.5788634905132,133694223
2024-09-27 18:49:40.380001,NVDA,1449.531666717844,1463.917242329955,1454.4351647755605,1428.8138822569954,143295439
2024-09-30 18:49:40.380001,NVDA,1445.2659540499524,1447.1660975194375,1446.3681554940363,1417.937661891652,174026019
2024-10-01 18:49:40.380001,NVDA,1385.6633906001784,1388.2613587671467,1391.0593107985308,1362.4344369504224,87575967
2024-10-02 18:49:40.380001,NVDA,1425.2317107473864,1421.9762871255627,1444.1984132357677,1398.6452293434452,147821266
2024-10-03 18:49:40.380001,NVDA,1398.2411601150861,1400.5466004366099,1418.278760930998,1389.6416538733906,137495063
2024-10-04 18:49:40.380001,NVDA,1342.9862039488996,1341.8023984949746,1363.0733446479396,1318.5751167316007,137331702
2024-10-07 18:49:40.380001,NVDA,1285.2376443144833,1286.8370899036142,1306.3080614340959,1280.78281382717,184233320
2024-10-08 18:49:40.380001,NVDA,1383.4324951734104,1387.194783359496,1395.008191265597,1380.1999044408042,113239402
2024-10-09 18:49:40.380001,NVDA,1366.136819247232,1355.6141118551961,1369.9614086621966,1365.294547930026,127248694
2024-10-10 18:49:40.380001,NVDA,1323.3663806861543,1311.6620263910343,1345.8191796622586,1302.5315048487269,190363712
2024-10-11 18:49:40.380001,NVDA,1285.440637144682,1295.8203303898567,1306.672859147063,1271.711686733994,104934168
2024-10-14 18:49:40.380001,NVDA,1288.593481156698,1296.195374950063,1291.8940956344416,1287.2664752638893,151482337
2024-10-15 18:49:40.380001,NVDA,1302.1557165549186,1303.688177489085,1324.9462882544549,1284.7647759779754,148252824
2024-10-16 18:49:40.380001,NVDA,1300.1511004203678,1289.3071582626822,1308.8215086791115,1284.8493488688837,193258529
2024-10-17 18:49:40.380001,NVDA,1312.9708334114332,1303.3147555560465,1335.671059078073,1312.0308325186872,103016685
2024-10-18 18:49:40.380001,NVDA,1318.163264612365,1311.332388754423,1338.82429538412,1312.4570752340019,194945199
2024-10-21 18:49:40.380001,NVDA,1321.6338236853853,1333.3911501176497,1327.2999792399849,1320.18329005976,52661799
2024-10-22 18:49:40.380001,NVDA,1384.9456324598782,1391.3588097483225,1400.599821330302,1360.822762989026,54938883
2024-10-23 18:49:40.380001,NVDA,1418.465822898116,1404.6236664286862,1444.311569245276,1391.9922909938002,105764232
2024-10-24 18:49:40.380001,NVDA,1422.717630866626,1415.1329269352898,1443.0487216019167,1420.4617145553962,199609076
2024-10-25 18:49:40.380001,NVDA,1328.9212480916142,1322.0251186700862,1343.5167036150049,1320.6613800184602,140272876
2024-10-28 18:49:40.380001,NVDA,1339.7834723078001,1348.4706509399844,1360.6750515729618,1337.5378249558373,187800553
2024-10-29 18:49:40.380001,NVDA,1358.690155224581,1347.3803774133637,1370.6336526530793,1346.6644340857563,81899267
2024-10-30 18:49:40.380001,NVDA,1325.3278284153507,1326.2752799865334,1342.4798616840735,1305.1112308347479,187738260
2024-10-31 18:49:40.380001,NVDA,1325.787572700533,1313.7503680307545,1334.5161474118418,1317.416094230119,101272055
2024-11-01 18:49:40.380001,NVDA,1326.7835673943835,1315.5125664575696,1332.1874819512886,1304.4119010617733,195344548
2024-11-04 18:49:40.380001,NVDA,1354.0185755039365,1348.3555542388735,1356.8343509347399,1344.402494494341,149892950
2024-11-05 18:49:40.380001,NVDA,1409.9212275877246,1407.035002988497,1432.57535490614,1392.952210692435,138207506
2024-11-06 18:49:40.380001,NVDA,1329.269941916902,1324.0106136416675,1331.069184896762,1328.977457509761,93522623
2024-11-07 18:49:40.380001,NVDA,1361.1935137386827,1369.0855126275171,1361.5985677578822,1341.39137663315,143412939
2024-11-08 18:49:40.380001,NVDA,1412.5537828242698,1414.2087222177076,1435.873060811634,1407.6570604829676,127841925
2024-11-11 18:49:40.380001,NVDA,1391.9101063494902,1380.4045516518293,1411.7298450129774,1382.9766690157574,175169566
2024-11-12 18:49:40.380001,NVDA,1365.8707224423706,1371.1531499201574,1381.059554918651,1348.0443768281443,53258238
2024-11-13 18:49:40.380001,NVDA,1380.6335631669424,1387.1937234551435,1405.3319761054393,1364.50173560387,147284734
2024-11-14 18:49:40.380001,NVDA,1364.8152236692447,1358.1683215158303,1384.5619731604531,1357.9661140680932,112232220
2024-11-15 18:49:40.380001,NVDA,1392.5491253077237,1381.9293021224232,1411.0029841342375,1370.1549453239197,64297937
2024-11-18 18:49:40.380001,NVDA,1369.3402190883935,1379.185171560026,1387.757378757796,1350.9072152082895,193212990
2024-11-19 18:49:40.380001,NVDA,1386.1910866946637,1395.6830153392148,1398.2664889090656,1385.9968609851,67304733
2024-11-20 18:49:40.380001,NVDA,1427.9319038481246,1430.8286758746506,1432.392363997781,1427.123132485359,191564078
2024-11-21 18:49:40.380001,NVDA,1437.723129769721,1428.4486105703259,1459.0470193218025,1436.8145356595107,173506326
2024-11-22 18:49:40.380001,NVDA,1438.2395373218053,1430.324969206815,1452.4351048763497,1413.3907671745405,116309646
2024-11-25 18:49:40.380001,NVDA,1423.9225551455024,1414.37949783888,1439.9111682174926,1417.3763730442254,151211694
2024-11-26 18:49:40.380001,NVDA,1415.5812151887972,1427.6088653476133,1432.545574651187,1403.2432772638936,71894797
2024-11-27 18:49:40.380001,NVDA,1409.6484825188006,1422.7435713516813,1426.7944684777694,1407.9061653953208,190927890
2024-11-28 18:49:40.380001,NVDA,1387.0371453736159,1395.1219451032564,1405.9874994252627,1376.9630916968447,189260454
2024-11-29 18:49:40.380001,NVDA,1378.7427349560396,1371.9248342762457,1390.6552076573148,1373.0032537232069,142796196
2024-12-02 18:49:40.380001,NVDA,1402.1268943952623,1407.596599698956,1406.7790437641434,1395.8503800895637,123506583
2024-12-03 18:49:40.380001,NVDA,1379.2384295577892,1383.982847944708,1380.8042680282233,1370.458534950073,92352927
2024-12-04 18:49:40.380001,NVDA,1373.444398084588,1379.150871590736,1396.4306417338537,1366.1367732408314,188413530
2024-12-05 18:49:40.380001,NVDA,1327.3244868079842,1318.1808882383527,1336.6046724772768,1304.3039409523274,58915665
2024-12-06 18:49:40.380001,NVDA,1342.1898738191214,1332.7472630968468,1367.9773118418645,1315.6768070120813,71399230
2024-12-09 18:49:40.380001,NVDA,1345.3696335457782,1333.0934979937747,1356.5536646159078,1341.3816669893715,73910669
2024-12-10 18:49:40.380001,NVDA,1361.0015834795445,1367.6216672952974,1381.3549895576539,1360.0379469126058,63948078
2024-12-11 18:49:40.380001,NVDA,1388.809459290042,1380.1361224137054,1396.7950664535977,1381.6002827874267,65444084
2024-12-12 18:49:40.380001,NVDA,1387.2591307718626,1386.33855335869,1401.4779634815504,1361.7990753373547,116187645
2024-12-13 18:49:40.380001,NVDA,1404.6091489055448,1411.009877649469,1406.3125269678005,1383.468843750228,154506250
2024-12-16 18:49:40.380001,NVDA,1352.2101087666645,1351.7118839075438,1376.3133933610611,1335.9591900754183,114247509
2024-12-17 18:49:40.380001,NVDA,1319.4629257107829,1308.441114874993,1326.4384216131461,1304.153555439171,145863597
2024-12-18 18:49:40.380001,NVDA,1371.3012689099787,1360.5850620334213,1390.5332256880658,1361.3272628473705,163392238
2024-12-19 18:49:40.380001,NVDA,1339.9799949318426,1348.2512874171541,1358.6602692626059,1332.5997638729414,137190611
2024-12-20 18:49:40.380001,NVDA,1348.7437748259165,1348.9156312518874,1370.691794589262,1330.011181584523,61730857
2024-12-23 18:49:40.380001,NVDA,1353.1905972735847,1361.8728523146074,1365.6781365462755,1328.746727286741,99785992
2024-12-24 18:49:40.380001,NVDA,1335.339233611666,1343.6568440523515,1359.9861779219527,1315.4184844737506,143709158
2024-12-25 18:49:40.380001,NVDA,1387.391112948638,1391.329988828326,1407.2073502944365,1383.6837975660374,128957199
2024-12-26 18:49:40.380001,NVDA,1352.104891463401,1341.6007586260034,1359.2219482501412,1340.2841410752433,64120325
2024-12-27 18:49:40.380001,NVDA,1386.0544199004164,1372.5446624491956,1391.1930491421201,1369.6057146911726,182720741
2024-12-30 18:49:40.380001,NVDA,1462.9853214115142,1454.0616124138523,1475.4347140312054,1451.8280491866412,61389151
2024-12-31 18:49:40.380001,NVDA,1416.9772812341093,1404.6364498817488,1425.382516711693,1416.8298302152111,144728167
2025-01-01 18:49:40.380001,NVDA,1430.4928567012182,1444.5497344803487,1457.6135399964771,1409.0830176815252,70622385
2025-01-02 18:49:40.380001,NVDA,1437.3000494976052,1427.3866316784154,1449.9208442667168,1424.2028970877627,98852328
2025-01-03 18:49:40.380001,NVDA,1456.3004945168705,1456.9746252483128,1471.9854136885303,1452.3029374929095,61388175
2025-01-06 18:49:40.380001,NVDA,1495.4227206748672,1489.2557630789506,1516.8974399590243,1477.5273462616417,128912447
2025-01-07 18:49:40.380001,NVDA,1529.9797078205129,1527.112124735979,1531.0888329592472,1502.7187731653228,158194493
2025-01-08 18:49:40.380001,NVDA,1556.8802414753561,1571.7055176708311,1563.1232648326327,1526.9235463920006,173962110
2025-01-09 18:49:40.380001,NVDA,1570.584594726737,1559.7079421334456,1584.0589846531163,1558.0106154813911,197604015
2025-01-10 18:49:40.380001,NVDA,1542.1606773510002,1547.772769357139,1559.0204376115737,1516.461090230894,74333149
2025-01-13 18:49:40.380001,NVDA,1493.70126005747,1493.1085241737974,1518.6743973928346,1468.466836362713,182825201
2025-01-14 18:49:40.380001,NVDA,1441.6217845509782,1440.1318350642587,1449.2748373941088,1416.8218516225586,108688457
2025-01-15 18:49:40.380001,NVDA,1472.6826932994472,1474.9423148717194,1484.599649521153,1462.5159743811125,182911335
2025-01-16 18:49:40.380001,NVDA,1444.7539955364412,1439.3035053462388,1447.7174206358402,1431.5291456916448,72044086
2025-01-17 18:49:40.380001,NVDA,1487.2264839819782,1476.2645355859381,1487.891051773174,1464.5147578550589,52320376
2025-01-20 18:49:40.380001,NVDA,1432.2282769099213,1430.8952234837457,1432.3455939727164,1412.7928477004082,146423003
2025-01-21 18:49:40.380001,NVDA,1362.8271411128515,1367.408884378299,1364.4808105160346,1342.618867834988,122137237
2025-01-22 18:49:40.380001,NVDA,1283.8908986717058,1290.1361497766688,1283.9270426335022,1265.472634737042,187189698
2025-01-23 18:49:40.380001,NVDA,1316.5832646770568,1317.2684519318082,1317.1092793715559,1303.4492703890671,148511371
2025-01-24 18:49:40.380001,NVDA,1332.1452630372708,1337.3847368862912,1357.5776937750834,1318.3512326721636,160146582
2025-01-27 18:49:40.380001,NVDA,1341.172714597031,1349.1376835547826,1362.920286572077,1339.7470076477289,196352841
2025-01-28 18:49:40.380001,NVDA,1307.336711150469,1314.0749250989825,1308.3877594371984,1287.345400619883,114787582
2025-01-29 18:49:40.380001,NVDA,1323.4718588876312,1316.6349689327847,1326.0988776679178,1303.7232510112233,162592560
2025-01-30 18:49:40.380001,NVDA,1276.8785483210977,1276.505555700523,1293.8305044208348,1266.9207204987804,107647755
2025-01-31 18:49:40.380001,NVDA,1280.54907257965,1280.2645695260485,1300.6712170068072,1277.2999043593238,77811667
2025-02-03 18:49:40.380001,NVDA,1279.7427738374745,1291.0812494143431,1304.0613953338566,1264.7530039386593,59771509
2025-02-04 18:49:40.380001,NVDA,1302.3865704826853,1292.6946601233367,1314.1053329131241,1301.485319413041,93266959
2025-02-05 18:49:40.380001,NVDA,1272.3135495758481,1283.3053762760485,1276.802782022654,1256.557915452514,62027714
2025-02-06 18:49:40.380001,NVDA,1251.050668622108,1240.3139340475523,1258.077643536505,1227.8470908118309,198366883
2025-02-07 18:49:40.380001,NVDA,1234.8195849691313,1246.0121308898122,1243.6308092244292,1211.437788896451,76759078
2025-02-10 18:49:40.380001,NVDA,1227.5652505627445,1230.8685327273583,1235.613158664636,1216.3819652646698,101126449
2025-02-11 18:49:40.380001,NVDA,1212.3759243195504,1201.7539647954472,1222.0400121572197,1197.9664896672182,123419627
2025-02-12 18:49:40.380001,NVDA,1254.2332531610805,1243.320970426152,1259.701817155254,1239.0755438597362,177367392
2025-02-13 18:49:40.380001,NVDA,1276.521939251118,1287.8063814961874,1288.7498660231563,1267.6798445784939,185839486
2025-02-14 18:49:40.380001,NVDA,1266.8025709275605,1258.614945184224,1270.9433126049541,1254.1926276179022,54611926
2025-02-17 18:49:40.380001,NVDA,1282.9080777406277,1274.8972695589298,1305.5845850923854,1265.6747706909919,108868211
2025-02-18 18:49:40.380001,NVDA,1296.5908922647693,1296.4007009646082,1298.829767701761,1277.44162056053,71337437
2025-02-19 18:49:40.380001,NVDA,1323.4497122160376,1324.8855229215437,1347.6238697251379,1320.4316246096334,87389872
2025-02-20 18:49:40.380001,NVDA,1341.841547455894,1334.830723782011,1347.9256680427884,1335.1909524421367,129913973
2025-02-21 18:49:40.380001,NVDA,1368.5868722101357,1375.3071190379437,1382.6814381772078,1368.2447529293497,190835530
2025-02-24 18:49:40.380001,NVDA,1382.466533743797,1380.1174984549891,1392.339952002968,1365.4614064980694,70304461
2025-02-25 18:49:40.380001,NVDA,1388.1502994072603,1401.5626430360776,1392.6268544485665,1381.21519128739,77161331
2025-02-26 18:49:40.380001,NVDA,1375.1756411600084,1367.8565584034402,1378.3027880349623,1374.1638046420142,163058708
2025-02-27 18:49:40.380001,NVDA,1374.2670709693862,1371.469500553905,1386.8189752032317,1366.5999451739724,54791096
2025-02-28 18:49:40.380001,NVDA,1323.8356296719178,1313.0571120402305,1326.5806156430497,1300.8787451680325,92826192
2025-03-03 18:49:40.380001,NVDA,1276.3912522686762,1282.3138563464058,1290.391432987302,1264.653731361979,149864558
2025-03-04 18:49:40.380001,NVDA,1267.189755937296,1277.4673274198576,1279.1110321723975,1257.4873673480456,106002786
2025-03-05 18:49:40.380001,NVDA,1287.752121074575,1287.6200556720491,1303.3430362980368,1285.6907782468277,120143125
2025-03-06 18:49:40.380001,NVDA,1276.2097335926323,1272.518161967018,1288.1856779608104,1276.2074150322435,164435253
2025-03-07 18:49:40.380001,NVDA,1266.158467247257,1269.5566229876374,1273.206020503651,1261.7223604702617,92439471
2025-03-10 18:49:40.380001,NVDA,1291.7211838766375,1291.578886944865,1303.2654816320864,1288.870713764702,195210189
2025-03-11 18:49:40.380001,NVDA,1322.6579426900719,1311.8001832479667,1347.8583113066754,1304.2599665647083,76622914
2025-03-12 18:49:40.380001,NVDA,1334.9482036455638,1347.9166430323373,1347.4869564850128,1330.5254171149236,118537994
2025-03-13 18:49:40.380001,NVDA,1355.1873893167678,1349.4360135598324,1377.8743127649275,1330.577720740131,143771256
2025-03-14 18:49:40.380001,NVDA,1328.2375635291896,1336.2258811018135,1348.8251268090644,1307.9777933460318,107900693
2025-03-17 18:49:40.380001,NVDA,1352.3879661779968,1358.9488218368947,1362.519511824854,1335.067517604149,113437706
2025-03-18 18:49:40.380001,NVDA,1416.4732457803896,1413.015698522671,1432.7781200331124,1407.758620451014,63456832
2025-03-19 18:49:40.380001,NVDA,1463.2975110413051,1468.1654284920446,1468.7019529805268,1445.3438244922909,162546440
2025-03-20 18:49:40.380001,NVDA,1477.7632537466143,1465.0528871919355,1502.1753880365288,1454.3546051131582,166139596
2025-03-21 18:49:40.380001,NVDA,1497.6636782039036,1483.594209615598,1513.5567446220912,1494.1463731999654,156192115
2025-03-24 18:49:40.380001,NVDA,1473.049310580849,1476.7956507141034,1497.6995534416621,1469.9310648424855,156661867
2025-03-25 18:49:40.380001,NVDA,1464.613913936021,1458.1948798270148,1491.4923333666525,1454.1997357696496,51203169
2025-03-26 18:49:40.380001,NVDA,1474.2362060662088,1482.9585390512902,1485.215173923919,1470.7752854577157,98800943
2025-03-27 18:49:40.380001,NVDA,1498.7213584252654,1501.890332868689,1525.2267071845715,1487.4343595266153,134141869
2025-03-28 18:49:40.380001,NVDA,1492.4085578963056,1480.598719772361,1496.492180779423,1478.328826148634,83688794
2025-03-31 18:49:40.380001,NVDA,1461.7333019671385,1449.983303481735,1482.1507837421402,1450.544171365926,185428132
2025-04-01 18:49:40.380001,NVDA,1484.315644434017,1494.090132687834,1505.0223493881495,1469.686655616034,71001656
2025-04-02 18:49:40.380001,NVDA,1469.3639681930727,1461.1695199663943,1470.7738274432452,1456.5368651324363,88547193
2025-04-03 18:49:40.380001,NVDA,1458.2054333047786,1450.1393735474267,1473.610109070201,1431.1719315487665,68946714
2025-04-04 18:49:40.380001,NVDA,1483.4154575454554,1470.7859077059752,1504.823558002743,1461.1620470270177,164970672
2025-04-07 18:49:40.380001,NVDA,1509.0083981870923,1521.7080504576986,1533.901315523511,1484.602336436929,72917156
2025-04-08 18:49:40.380001,NVDA,1522.8262595069643,1531.6246922395612,1530.2533202466277,1501.3714765719315,66381626
2025-04-09 18:49:40.380001,NVDA,1532.650086511511,1522.3786453445737,1554.3107240559148,1522.6654363305784,68687586
2025-04-10 18:49:40.380001,NVDA,1554.5076176829195,1541.4341484290744,1571.5292289342676,1534.7495979333448,193235008
2025-04-11 18:49:40.380001,NVDA,1527.2574477871276,1518.5180015935753,1529.2094015542214,1503.2353007946285,122912450
2025-04-14 18:49:40.380001,NVDA,1516.4786614498435,1519.095203238565,1535.835771316811,1500.9657111072063,51720031
2025-04-15 18:49:40.380001,NVDA,1467.7769456960766,1461.7274813785343,1492.9436408017023,1458.8994989149508,107125369
2025-04-16 18:49:40.380001,NVDA,1485.7661344180117,1475.9012219666577,1505.0278720085405,1471.3187346952318,107864313
2025-04-17 18:49:40.380001,NVDA,1483.7691659482255,1480.223183607041,1491.0481402334506,1465.8171113433143,193485269
2025-04-18 18:49:40.380001,NVDA,1472.958250598929,1483.1779499138856,1476.393472417139,1447.8488598728577,70209091
2025-04-21 18:49:40.380001,NVDA,1424.2335677412918,1417.9741376083539,1445.8014927674185,1421.404580968156,103383240
2025-04-22 18:49:40.380001,NVDA,1407.8682496873698,1397.3096884362128,1414.1402864262063,1385.5692537370858,182464439
2025-04-23 18:49:40.380001,NVDA,1381.77075119321,1380.3794791032024,1404.264523716232,1375.561771550914,128490795
2025-04-24 18:49:40.380001,NVDA,1371.0340706834795,1372.1809542301005,1387.6871460423804,1356.422155208151,143963107
2025-04-25 18:49:40.380001,NVDA,1374.6754464371897,1385.4371790584867,1400.3140976526568,1349.5752273714684,161386082
2025-04-28 18:49:40.380001,NVDA,1392.701362197401,1400.510931893499,1402.1736128559392,1391.4981755909482,76018936
2025-04-29 18:49:40.380001,NVDA,1445.809749580385,1439.0697753827897,1445.9699593023017,1425.3146156026723,102831105
2025-04-30 18:49:40.380001,NVDA,1409.5186541204998,1421.9560420552746,1416.4887934066298,1387.9755122062618,128531352
2025-05-01 18:49:40.380001,NVDA,1407.7857619475753,1406.43969952784,1428.8904405109843,1380.6119879150647,110570708
2025-05-02 18:49:40.380001,NVDA,1387.1847699613302,1393.205032871234,1401.1918595947582,1381.794526515183,142564398
2025-05-05 18:49:40.380001,NVDA,1377.0026649390122,1386.5225719045047,1384.3721503825434,1372.6683956389925,120734757
2025-05-06 18:49:40.380001,NVDA,1385.3951663948974,1382.96959755894,1411.2190749540803,1362.361547726499,195005022
2025-05-07 18:49:40.380001,NVDA,1396.1983733004067,1402.5745537389118,1396.9040033772526,1389.4100954809128,175084789
2025-05-08 18:49:40.380001,NVDA,1397.270317492711,1393.2057170328137,1418.2742640387137,1384.1647049176984,59556867
2025-05-09 18:49:40.380001,NVDA,1413.2243599640651,1424.95967995458,1430.2806958218687,1410.7794890286518,81855684
2025-05-12 18:49:40.380001,NVDA,1414.4679991726086,1411.3237523548535,1427.7420798049018,1399.1952665350864,94937435
2025-05-13 18:49:40.380001,NVDA,1417.2566960406807,1425.5014429551786,1422.0571658978242,1400.7213824495223,181063482
2025-05-14 18:49:40.380001,NVDA,1406.177664760701,1412.729287273153,1425.1820066811863,1399.2457312019035,71483986
2025-05-15 18:49:40.380001,NVDA,1414.001067140077,1413.8060209024488,1427.61466838309,1404.1349131645861,91287661
2025-05-16 18:49:40.380001,NVDA,1410.160719515238,1412.4913265907817,1419.0701836942992,1381.9939662448774,162178714
2025-05-19 18:49:40.380001,NVDA,1382.218130033219,1381.0880483899223,1387.4400407870558,1373.2584403089822,61919448
2025-05-20 18:49:40.380001,NVDA,1409.62653520021,1411.7527254216784,1412.241709624969,1391.2997710998377,123820431
2025-05-21 18:49:40.380001,NVDA,1416.4195918363025,1406.2862308812648,1439.2818255932434,1401.6223456329092,161776600
2025-05-22 18:49:40.380001,NVDA,1437.2870736381547,1450.5585128946084,1439.7072088329137,1423.602343692779,153291260
2025-05-23 18:49:40.380001,NVDA,1439.5127096745173,1430.9222294945398,1446.8965015553804,1419.2883352206557,143863732
2025-05-26 18:49:40.380001,NVDA,1408.7304830533626,1410.0376928552944,1415.533113301152,1387.3703305882982,61452765
2025-05-27 18:49:40.380001,NVDA,1401.1691619346986,1393.3017492051051,1406.1654717515348,1395.7794981856039,147066926
2025-05-28 18:49:40.380001,NVDA,1415.9060178988948,1416.0848571830904,1430.0896978085832,1395.4818215903372,62594736
2025-05-29 18:49:40.380001,NVDA,1384.0936842522183,1382.5635165010876,1384.5649644368152,1370.9711425756918,109960089
2025-05-30 18:49:40.380001,NVDA,1402.0282979814083,1406.3545681037983,1422.1123665011257,1383.6722739965637,54143556
2025-06-02 18:49:40.380001,NVDA,1376.0064938339872,1389.3526898961854,1399.5841221473247,1358.6026094157921,198564507
2025-06-03 18:49:40.380001,NVDA,1425.0218742018685,1414.3487493106982,1441.4738957779894,1402.8943600775972,93779748
2025-06-04 18:49:40.380001,NVDA,1439.9603163898396,1452.220546721291,1442.4591530974199,1424.782732101811,118825728
2025-06-05 18:49:40.380001,NVDA,1469.2879940252094,1473.59333694433,1493.0654910439519,1443.6934342221964,158979680
2025-06-06 18:49:40.380001,NVDA,1429.1830581692307,1440.8214465460155,1442.5357606505358,1400.7834904052602,101693906
2025-06-09 18:49:40.380001,NVDA,1424.6025083173092,1421.5195406628209,1452.062707387293,1404.8176682244657,183956453
2025-06-10 18:49:40.380001,NVDA,1411.7739638761605,1405.3708919086992,1416.3121601049309,1411.4780352653695,50413671
2025-06-11 18:49:40.380001,NVDA,1445.7577017664112,1451.3638168822167,1448.5384869374843,1419.1872678413274,169211582
2025-06-12 18:49:40.380001,NVDA,1492.8498257402935,1481.6605829627408,1514.9719268071397,1479.2187557389304,133659211
2025-06-13 18:49:40.380001,NVDA,1540.92537155257,1549.3648739784342,1564.2459107711666,1535.020238010884,67659513
2025-06-16 18:49:40.380001,NVDA,1467.0155643058126,1459.9929190006737,1492.7781620371547,1463.6058145894674,88182504
2025-06-17 18:49:40.380001,NVDA,1491.0240661220062,1501.4457811357893,1502.313166167923,1466.2432862533856,82323553
2025-06-18 18:49:40.380001,NVDA,1460.4368879011884,1460.3581626304683,1461.8972717889872,1457.4859818558884,77708222
2025-06-19 18:49:40.380001,NVDA,1471.128739986731,1477.5959802618763,1488.7640266077096,1444.715041807919,152381651
2025-06-20 18:49:40.380001,NVDA,1455.7571331676597,1455.6259889372898,1473.2627346568506,1436.6138715239595,95656113
2025-06-23 18:49:40.380001,NVDA,1428.1432597754356,1430.062960422098,1444.0301489775918,1417.9412254555245,162828030
2025-06-24 18:49:40.380001,NVDA,1404.2784085404253,1417.1495270295977,1430.8301490884562,1392.4524278091128,73377745
2025-06-25 18:49:40.380001,NVDA,1429.4115048255594,1437.7038344442312,1446.6717594357876,1426.8192777117383,76101635
2025-06-26 18:49:40.380001,NVDA,1435.1859321873671,1438.8262523035469,1443.1781604461285,1431.4413247088112,103491946
2025-06-27 18:49:40.380001,NVDA,1433.5076088563128,1431.783048207567,1454.7407165938853,1415.400572450396,62991274
2025-06-30 18:49:40.380001,NVDA,1448.6307118190016,1459.6971128507735,1463.3844247212098,1440.2044013488783,110200444
2025-07-01 18:49:40.380001,NVDA,1426.6770816153773,1434.6407935541572,1426.7118669019587,1423.6756991924635,106092245
2025-07-02 18:49:40.380001,NVDA,1458.6470659416896,1467.9727445748163,1485.6302192924234,1437.8768831141172,130720802
2025-07-03 18:49:40.380001,NVDA,1467.7706663199986,1467.1490808780395,1482.241827436754,1443.5495914809571,171370171
2025-07-04 18:49:40.380001,NVDA,1497.8129503774267,1486.263252851341,1519.4111585724286,1492.4081336732147,167012708
2025-07-07 18:49:40.380001,NVDA,1446.8601786619458,1439.9761493403664,1463.7094115298573,1433.2664182639476,80417399
2025-07-08 18:49:40.380001,NVDA,1457.5127669283597,1447.8164559426705,1467.217084426468,1439.0555422905604,65623796
2025-07-09 18:49:40.380001,NVDA,1472.7356180689708,1475.662161916896,1487.1670500364114,1472.7027473788082,99954915
2025-07-10 18:49:40.380001,NVDA,1414.448181414829,1404.7254831533,1424.139725576803,1390.791134295355,133804789
2025-07-11 18:49:40.380001,NVDA,1402.0791452513706,1388.4312104213463,1415.825788136885,1387.7921671866338,70266725
2025-07-14 18:49:40.380001,NVDA,1434.9680103972241,1436.2339995913194,1439.6794756796362,1418.0093091794063,125212864
2025-07-15 18:49:40.380001,NVDA,1479.047012354538,1483.9336110102183,1501.173543871877,1457.2043000301155,196120951
2025-07-16 18:49:40.380001,NVDA,1464.7696639388837,1450.1392064136044,1467.8639821247111,1438.9798568177282,115815327
2025-07-17 18:49:40.380001,NVDA,1489.4046491411773,1489.5749658337907,1511.865551520851,1475.6419401936146,56754852
2025-07-18 18:49:40.380001,NVDA,1475.5225140953457,1487.06192719151,1479.331911370573,1451.924358516182,133961111
2025-07-21 18:49:40.380001,NVDA,1475.335882902458,1488.499833947622,1489.51792127414,1468.8185787704965,123114034
2025-07-22 18:49:40.380001,NVDA,1529.653734575368,1541.161403328309,1559.3274222564937,1517.1518718562315,113681077
2025-07-23 18:49:40.380001,NVDA,1538.724710742032,1552.5747639098608,1564.0386462987005,1523.714637063216,179390210
2025-07-24 18:49:40.380001,NVDA,1579.2859750204632,1571.3125130584033,1594.2569494560041,1567.1462889646255,77346820
2025-07-25 18:49:40.380001,NVDA,1557.8241966792398,1550.5588086225996,1577.0312505303928,1532.358414611627,80139546
2025-07-28 18:49:40.380001,NVDA,1589.7206944478492,1593.6577428855883,1600.6302669897993,1575.7743006707817,148951245
2025-07-29 18:49:40.380001,NVDA,1590.7659907307673,1577.8003535299802,1619.687806322994,1581.0495667096936,171878537
2025-07-30 18:49:40.380001,NVDA,1638.0436588059629,1628.4217593889018,1662.3276354261695,1614.4877311788398,117603203
2025-07-31 18:49:40.380001,NVDA,1642.9824991475978,1648.0001320703843,1652.6751433057984,1629.0497427490366,151760757
2025-08-01 18:49:40.380001,NVDA,1725.1409164612633,1719.127647856583,1725.4653526118661,1707.023751566842,72717252
2025-08-04 18:49:40.380001,NVDA,1736.6695551351615,1751.4690653087166,1741.1940994730176,1717.4506755564144,88535534
2025-08-05 18:49:40.380001,NVDA,1723.3436872045413,1730.1746407383719,1733.949966607863,1720.327330269014,59518018
2025-08-06 18:49:40.380001,NVDA,1688.7548742650013,1679.5480230782764,1705.1938099508113,1656.9481042299449,196012852
2025-08-07 18:49:40.380001,NVDA,1647.2487243832957,1641.8668277703164,1671.8185574067636,1622.9091337970021,94289037
2025-08-08 18:49:40.380001,NVDA,1692.8649330472583,1694.7868092196752,1709.6475288549063,1673.1367469342094,162253718
2025-08-11 18:49:40.380001,NVDA,1661.045550734613,1673.1024883825419,1684.4826945966452,1628.1893480076264,103986511
2025-08-12 18:49:40.380001,NVDA,1672.183822782007,1673.8834925581593,1689.7928420514868,1644.100870151461,132839345
2025-08-13 18:49:40.380001,NVDA,1708.7230193206833,1724.4883310336731,1738.9065628952662,1706.0900019313694,83413417
2025-08-14 18:49:40.380001,NVDA,1739.5018972710275,1750.452683711023,1767.2773488620705,1727.573023866044,76240254
2025-08-15 18:49:40.380001,NVDA,1701.6322369273419,1687.1464465570953,1710.9179621787646,1687.778155115166,83161538
2025-08-18 18:49:40.380001,NVDA,1710.0891766213679,1726.0829368243103,1740.6397532615938,1683.8075402350205,141790197
2025-08-19 18:49:40.380001,NVDA,1677.6493634308324,1689.5510756923413,1685.260293974241,1670.0611458573244,185975703
2025-08-20 18:49:40.380001,NVDA,1692.4087379427544,1685.2154791993523,1708.0877282190083,1687.4512408331302,127225401
2025-08-21 18:49:40.380001,NVDA,1725.2123216075297,1710.617639052993,1742.0170980257087,1695.1397323831027,101137861
2025-08-22 18:49:40.380001,NVDA,1726.0308759237462,1728.8735921413672,1739.5732404933453,1705.1349987626118,124285120
2025-08-25 18:49:40.380001,NVDA,1636.5295666875738,1627.2107726403055,1649.497757469925,1635.1682188679258,55510400
2025-08-26 18:49:40.380001,NVDA,1634.573107743483,1619.7570940608357,1653.9553431636539,1605.5478670621733,69739120
2025-08-27 18:49:40.380001,NVDA,1572.5520284266847,1571.397546019151,1587.6734419518705,1571.4304225732915,75832224
2025-08-28 18:49:40.380001,NVDA,1625.194406498998,1632.0271621589404,1639.35536475161,1616.5167399064578,50578732
2025-08-29 18:49:40.380001,NVDA,1644.292251205698,1629.3250575231973,1660.2086934638833,1614.8097715836848,144158328
2025-09-01 18:49:40.380001,NVDA,1669.2924779916482,1659.1878502978254,1672.71393026354,1656.423285549159,84496945
2025-09-02 18:49:40.380001,NVDA,1699.7304985762187,1713.0571653604686,1719.8528118757274,1692.5298855045894,107577862
2025-09-03 18:49:40.380001,NVDA,1728.2326510041473,1744.5957529600769,1745.8521913997295,1720.0976668836533,194871107
2025-09-04 18:49:40.380001,NVDA,1672.3577122291335,1661.149029634228,1684.452140696993,1664.644699769186,145072982
2025-09-05 18:49:40.380001,NVDA,1730.8664732014258,1722.2417458866266,1752.3906158192162,1704.394054615263,185407893
2025-09-08 18:49:40.380001,NVDA,1765.8928207167933,1753.120307221398,1771.5242462662584,1744.9687439043137,104039792
2025-09-09 18:49:40.380001,NVDA,1729.7838178345478,1722.4130930594272,1750.7521740970203,1700.8691168598593,178069941
2025-09-10 18:49:40.380001,NVDA,1673.9990666999379,1669.2843073099525,1683.502823525261,1657.6765380001107,56882141
2025-09-11 18:49:40.380001,NVDA,1699.1479324437096,1708.9660774184301,1711.6659034731276,1695.361094269698,59710790
2025-09-12 18:49:40.380001,NVDA,1716.0853991798476,1717.6831832658925,1721.0973688651363,1698.9450027096022,65648376
2025-09-15 18:49:40.380001,NVDA,1726.1319228645054,1735.8517061049201,1730.5456267742406,1713.1504369045488,171443319
2025-09-16 18:49:40.380001,NVDA,1690.1743119101948,1679.4462573805224,1691.4106910601733,1670.4695441344268,138103039
2025-09-17 18:49:40.380001,NVDA,1657.9438822246275,1673.6371228095154,1681.5900993231242,1650.4206904276102,154435530
2025-09-18 18:49:40.380001,NVDA,1682.984670750842,1685.3621173938027,1716.2891983534041,1680.6226250136986,156339306
2025-09-19 18:49:40.380001,NVDA,1689.511658962279,1673.9264076064514,1701.3805503644185,1679.4427281908343,63620317
2025-09-22 18:49:40.380001,NVDA,1674.3312223926966,1663.708870755978,1698.0561821089902,1666.1365558781274,163817529
2025-09-23 18:49:40.380001,NVDA,1652.6714767845074,1640.837637288458,1671.491870369849,1635.7722592084965,190189322
2025-09-24 18:49:40.380001,NVDA,1645.2852806347207,1640.4472598542775,1652.8392220631954,1642.9255654353858,94960402
2025-09-25 18:49:40.380001,NVDA,1665.4113569164263,1657.3410771417305,1674.0896192509344,1634.5944865709732,124347804
2025-09-26 18:49:40.380001,NVDA,1643.477229663846,1627.932291122508,1663.9053544483559,1630.1102934643206,112664403
2025-09-29 18:49:40.380001,NVDA,1598.2640005645362,1585.1172106450194,1610.5228580834496,1572.6129761893728,72073137
2025-09-30 18:49:40.380001,NVDA,1578.3531284351081,1581.091318014436,1592.7804101069053,1553.9251935894674,149497337
2025-10-01 18:49:40.380001,NVDA,1576.074890058244,1563.561184343117,1595.5707334993765,1553.3467255083397,123510135
2025-10-02 18:49:40.380001,NVDA,1507.1324326349907,1499.5338336077227,1534.8095805814044,1506.973228711691,195605452
2025-10-03 18:49:40.380001,NVDA,1491.8440355687148,1496.7363886412868,1505.293334912147,1476.8706933940052,185516789
2025-10-06 18:49:40.380001,NVDA,1495.1614535888673,1482.1843627018695,1514.7986065397258,1493.425129965212,159432921
2025-10-07 18:49:40.380001,NVDA,1467.022986855579,1478.8687563900553,1488.2756830323697,1442.3488964801172,106532270
2025-10-08 18:49:40.380001,NVDA,1508.3419138879372,1523.1641707387569,1537.853197102668,1507.475109521229,122363687
2025-10-09 18:49:40.380001,NVDA,1509.9050664758552,1511.216221305899,1529.0746777990184,1494.0582688543636,165518731
2025-10-10 18:49:40.380001,NVDA,1554.0832510176197,1564.3258029270658,1579.0655664208546,1539.9793305964456,62309661
2025-10-13 18:49:40.380001,NVDA,1549.9336589218062,1557.8983434235838,1574.0013608016961,1521.8413627291782,163217012
2025-10-14 18:49:40.380001,NVDA,1537.502758230946,1525.9319838476354,1562.9009066671383,1535.204444567529,144672702
2025-10-15 18:49:40.380001,NVDA,1515.6573941051818,1518.7471170071583,1532.3885039578747,1500.722016643349,187708311
2025-10-16 18:49:40.380001,NVDA,1501.2396092377844,1506.8136714911143,1522.490842635325,1495.1137283585547,123485279
2025-10-17 18:49:40.380001,NVDA,1495.9928120921022,1497.534281284249,1509.5136019629597,1477.8039204572738,85078966
2025-10-20 18:49:40.380001,NVDA,1471.872732882866,1471.690436199515,1494.9823949910017,1442.6583644491368,129297555
2025-10-21 18:49:40.380001,NVDA,1507.131284123464,1494.9446486500362,1512.4094806555897,1484.0407592672743,137916523
2025-10-22 18:49:40.380001,NVDA,1482.6610910060979,1473.2095576835825,1489.3134831672053,1454.11082412548,135096135
2025-10-23 18:49:40.380001,NVDA,1473.3751721494953,1483.2414593307428,1474.7321866947423,1470.0454175103769,186281130
2025-10-24 18:49:40.380001,NVDA,1434.4578673837798,1435.3079185789777,1454.6618452736554,1425.2466698650915,104962189
2025-10-27 18:49:40.380001,NVDA,1427.544929319241,1423.6478869308526,1435.7731682673354,1401.7658136589714,86985156
2025-10-28 18:49:40.380001,NVDA,1447.3774478742482,1441.4054494738946,1450.903412864639,1434.230329535225,153723722
2025-10-29 18:49:40.380001,NVDA,1419.332001169493,1420.7194931925458,1425.8886657862731,1397.565711649078,137945294
2025-10-30 18:49:40.380001,NVDA,1426.0530445436505,1432.6998695926304,1434.7283929419434,1425.8591696287733,134526145
2025-10-31 18:49:40.380001,NVDA,1471.791551937839,1458.9598652213606,1487.9504944552168,1448.9946015411535,197566227
2025-11-03 18:49:40.380001,NVDA,1481.5382917862448,1489.5069720598842,1489.0070245922498,1466.0425477768622,96653601
2025-11-04 18:49:40.380001,NVDA,1464.9727153341662,1470.8222969902174,1487.5951235150765,1450.9888007490097,67393592
2025-11-05 18:49:40.380001,NVDA,1474.5343579914463,1462.517654929498,1479.0744486493634,1473.8548214978814,181375217
2025-11-06 18:49:40.380001,NVDA,1495.9973171472561,1497.5789420774586,1512.7689803637654,1472.1192593610497,151298900
2025-11-07 18:49:40.380001,NVDA,1456.7500048116433,1445.8676001527954,1470.5033901097834,1434.3044590270529,161459851
2025-11-10 18:49:40.380001,NVDA,1522.7239558824915,1527.3121444775204,1548.0945736321062,1500.4010444263008,72322272
2025-11-11 18:49:40.380001,NVDA,1551.6906886431764,1558.8970550948386,1567.6737413485391,1550.9768471562259,147392590
2025-11-12 18:49:40.380001,NVDA,1554.574156568451,1542.8428672939283,1567.2045148594282,1531.6405904690473,120961707
2025-11-13 18:49:40.380001,NVDA,1571.4393846040687,1575.092649446616,1594.5291321202485,1571.2009464534583,161000708
2025-11-14 18:49:40.380001,NVDA,1597.5514873903098,1587.2727984962708,1626.2744404980854,1584.7587180944581,99015816
2025-11-17 18:49:40.380001,NVDA,1602.8212297913722,1608.402081597983,1616.0679324659168,1573.4934198206645,83868456
2025-11-18 18:49:40.380001,NVDA,1570.1548219362267,1584.8782020371705,1580.9020295794319,1538.947109676306,100782232
2025-11-19 18:49:40.380001,NVDA,1529.0792316449504,1519.757798199586,1556.8130905145597,1516.1659100040708,176274452
2025-11-20 18:49:40.380001,NVDA,1473.8102238614956,1472.2177934827753,1495.5539762513133,1454.3629707259267,73930953
2025-11-21 18:49:40.380001,NVDA,1471.1845223482273,1471.2209078607366,1478.650563445667,1466.5160495415466,129806211
2025-11-24 18:49:40.380001,NVDA,1442.6488786824204,1434.1043717314544,1449.0909545167276,1420.5971105262445,151620195
2025-11-25 18:49:40.380001,NVDA,1456.5875782885785,1468.002243804277,1476.4499018394786,1432.7064994842617,80711767
2025-11-26 18:49:40.380001,NVDA,1480.2360426504579,1468.141167041826,1484.7045698092045,1470.2845593433292,125352526
2025-11-27 18:49:40.380001,NVDA,1537.516747784333,1522.5621495798325,1539.3608300099716,1531.3263452307253,110799226
2025-11-28 18:49:40.380001,NVDA,1544.3348766099868,1555.8644313457216,1565.66768236781,1522.8550838047577,67042194
2025-12-01 18:49:40.380001,NVDA,1528.5458438617043,1529.1338413180047,1550.2191725717003,1513.1597018034472,140060971
2025-12-02 18:49:40.380001,NVDA,1564.4726514081017,1550.6131818889635,1580.0554252625732,1557.432210765897,91121778
2025-12-03 18:49:40.380001,NVDA,1539.2986959976442,1531.1506526343405,1546.587193926812,1533.7180951267717,195289534
2025-12-04 18:49:40.380001,NVDA,1481.8050932045162,1468.090973549584,1507.348799253493,1469.23583326409,168818981
2025-12-05 18:49:40.380001,NVDA,1452.10965748344,1453.4584982381723,1467.728610864831,1443.289262907441,52559331
2025-12-08 18:49:40.380001,NVDA,1400.7124905028252,1404.5331828230687,1418.8669636524337,1384.8543604073907,125772940
2025-12-09 18:49:40.380001,NVDA,1384.3637005387761,1375.2868259158722,1409.0057025244473,1357.0979202134497,117787313
2025-12-10 18:49:40.380001,NVDA,1385.249734978275,1386.0265464197885,1408.6727585553008,1366.776239112941,117381810
2025-12-11 18:49:40.380001,NVDA,1365.901096999901,1356.4552123443175,1385.1715328758992,1365.0006259770487,77752356
2025-12-12 18:49:40.380001,NVDA,1319.1413693583957,1317.0579820598246,1324.971620235649,1293.5697551514766,196642103
2025-12-15 18:49:40.380001,NVDA,1290.4513784571689,1289.7943169161845,1294.1621660575324,1267.2834853138656,113410934
2025-12-16 18:49:40.380001,NVDA,1323.4980207892595,1334.6574424433024,1338.621604780895,1303.1656407856665,79622380
2025-12-17 18:49:40.380001,NVDA,1328.0134805266982,1318.0642451284173,1345.2382287740288,1317.8072262336623,101342577
2025-12-18 18:49:40.380001,NVDA,1286.3751710536635,1278.290090783386,1300.1255376416186,1275.5474148809492,185889403
2025-12-19 18:49:40.380001,NVDA,1296.1977819305655,1284.6190800197805,1315.0214010528298,1293.505125192646,106237593
2025-12-22 18:49:40.380001,NVDA,1287.8255271233925,1281.0236556511918,1301.3782793439896,1283.9687882068354,75792668
2025-12-23 18:49:40.380001,NVDA,1251.4717650631071,1257.8789151747283,1264.4751042498467,1250.9101570068233,62178981
2025-12-24 18:49:40.380001,NVDA,1284.2839827957246,1280.883306332024,1301.1342088182114,1259.6634046969957,147609725
2025-12-25 18:49:40.380001,NVDA,1273.4883308594854,1268.8531504979885,1286.686422958018,1272.871087664487,142242788
2025-12-26 18:49:40.380001,NVDA,1268.3791871988055,1273.2030229796046,1282.8873400355942,1254.917649857733,100041905
2025-12-29 18:49:40.380001,NVDA,1210.7265763895552,1215.6664341884723,1217.3649315703913,1204.4614082579908,140206597
2025-12-30 18:49:40.380001,NVDA,1200.0235884215574,1206.95246603258,1208.8689197768924,1184.8270058086532,149622961
2025-12-31 18:49:40.380001,NVDA,1162.5325762751893,1162.95184372144,1164.762121679698,1140.812111090173,68354742
2026-01-01 18:49:40.380001,NVDA,1155.9518065479915,1164.410171050102,1159.5546534835216,1144.5433180945531,106652295
2026-01-02 18:49:40.380001,NVDA,1145.1993030625931,1147.3018219068551,1150.6809790676436,1141.84135559848,159637839
2026-01-05 18:49:40.380001,NVDA,1202.2851204179979,1206.4014437189126,1215.1159423105114,1194.0159253678503,98159670
2026-01-06 18:49:40.380001,NVDA,1207.648643188989,1219.449184402552,1216.4309134782268,1191.1169005592342,189010147
2026-01-07 18:49:40.380001,NVDA,1201.67532782275,1190.1929533850096,1212.3774081941717,1180.666748097603,75292269
2026-01-08 18:49:40.380001,NVDA,1243.409934407547,1247.2773020498082,1256.8313496580217,1239.494472620373,103763809
2026-01-09 18:49:40.380001,NVDA,1227.769565825074,1228.6240449653512,1251.4924353260762,1203.377507726693,161271358
2026-01-12 18:49:40.380001,NVDA,1267.0627809702944,1258.3233096215426,1290.5035838300853,1254.1304177090353,166277379
2026-01-13 18:49:40.380001,NVDA,1153.3707047086473,1145.0210967029848,1159.3040732982415,1141.4976712051243,68087491
2026-01-14 18:49:40.380001,NVDA,1156.7295643901437,1151.7825000920936,1171.3694315247178,1151.0807258165164,167496923
2026-01-15 18:49:40.380001,NVDA,1119.8533706641815,1131.0355549961369,1126.2392622658224,1107.1664009212861,131287526
2026-01-16 18:49:40.380001,NVDA,1095.800961252102,1091.434272070787,1111.1481299934596,1076.6182913693444,139356120
2026-01-19 18:49:40.380001,NVDA,1154.9105349512884,1154.663960191886,1162.436657137446,1142.7910293588113,121839023
2026-01-20 18:49:40.380001,NVDA,1122.7563012165456,1130.794261071365,1124.200076357186,1107.8523301926837,176047042
2026-01-21 18:49:40.380001,NVDA,1108.7140483844005,1099.914003852649,1127.7778678897844,1103.72924829194,74575557
2026-01-22 18:49:40.380001,NVDA,1118.4235619325739,1107.3927343247894,1131.18404498236,1108.0658701959708,181227129
2026-01-23 18:49:40.380001,NVDA,1099.3368410911169,1090.2750853330401,1120.3153018235525,1085.8946135016777,99380235
2026-01-26 18:49:40.380001,NVDA,1071.6351735615922,1073.3756102892453,1079.0205351893758,1069.638908952824,155573630
2026-01-27 18:49:40.380001,NVDA,1039.2705090619977,1040.505088040796,1045.2669810559864,1019.8591622500525,171845172
2026-01-28 18:49:40.380001,NVDA,1024.3124851355947,1028.6203265764946,1028.1293827743798,1008.247156808664,178509872
2026-01-29 18:49:40.380001,NVDA,1004.1852589794386,1000.6707216615395,1011.4074013304102,991.1362952591529,100432513
2026-01-30 18:49:40.380001,NVDA,1051.3742872870403,1060.4339939192837,1070.8469885229567,1037.0622964460804,179980943
2026-02-02 18:49:40.380001,NVDA,1026.4883254148417,1029.3382303763062,1033.6641493743564,1006.3701225492011,171480260
2026-02-03 18:49:40.380001,NVDA,979.612193548668,981.5939269779212,980.5667798250363,975.680766267698,153660447
2026-02-04 18:49:40.380001,NVDA,928.5209511999774,925.178958766474,928.9609826119447,926.5462786392625,96575347
2026-02-05 18:49:40.380001,NVDA,977.2115318298574,979.1874920045072,979.1259415234986,976.8447882614241,146401802
2026-02-06 18:49:40.380001,NVDA,976.1991910041501,973.9488819560505,978.6715881077399,966.7273781102272,50850684
2026-02-09 18:49:40.380001,NVDA,932.6973922474323,928.5386995874073,950.9001529305714,917.1051020495465,123626318
2026-02-10 18:49:40.380001,NVDA,936.4266014840464,943.7941111882752,941.4832096008538,917.9797984802199,198584410
2026-02-11 18:49:40.380001,NVDA,956.8150395363766,965.8367545671701,962.1146155849675,944.2648908852561,139825054
2026-02-12 18:49:40.380001,NVDA,955.2749529605424,957.8830771018693,970.1234366442152,949.658460757312,136082707
2026-02-13 18:49:40.380001,NVDA,1043.3770656820618,1034.009078288343,1056.3974190686406,1034.4077959951574,76528557
2026-02-16 18:49:40.380001,NVDA,966.5729099066041,961.6275887906733,979.866715843241,962.8007967035868,76768452
2026-02-17 18:49:40.380001,NVDA,930.648966591237,923.8364385887553,931.7706689009714,913.4426745746412,149248700
2026-02-18 18:49:40.380001,NVDA,890.6970758240125,897.1467811216044,903.6036108393816,877.470723915704,94008597
2026-02-19 18:49:40.380001,NVDA,844.8053450340908,843.0777692220362,856.3411729450756,839.4437189953401,160036105
2026-02-20 18:49:40.380001,NVDA,801.4087853283793,796.7911636858627,815.6542419206928,788.1622014414768,72744108
2026-02-23 18:49:40.380001,NVDA,859.8536257659737,859.092360969087,875.1272049141012,850.5260589182582,106608248
2026-02-24 18:49:40.380001,NVDA,905.6562245088069,906.7916690402225,913.4744406198957,897.9847411380009,78674842
2026-02-25 18:49:40.380001,NVDA,891.1701623571663,887.3299923594383,898.9004099534928,879.0631613978745,179551480
2026-02-26 18:49:40.380001,NVDA,884.0227424296256,889.8385937102621,896.056842342725,878.1974299038878,122981420
2026-02-27 18:49:40.380001,NVDA,878.9557591760644,879.7819686047221,894.8361565128847,868.7475142325371,154618316
2026-03-02 18:49:40.380001,NVDA,930.5521993327724,924.7363277317188,932.62764063945,917.5049069134221,140377969
2026-03-03 18:49:40.380001,NVDA,986.3694469768267,995.2486635097579,998.9944540998179,974.8635100347647,164430445
2026-03-04 18:49:40.380001,NVDA,978.4089352640905,982.4205852292274,995.7295881418041,976.6137410338541,191073335
2026-03-05 18:49:40.380001,NVDA,956.9458898164535,964.6927443261595,976.0792386854048,948.2900479774559,144913419
2026-03-06 18:49:40.380001,NVDA,946.4369607784512,944.8033895529296,952.5147473630124,931.4943661532175,131984066
2026-03-09 18:49:40.380001,NVDA,920.8714537611949,922.6183679101691,938.6600639469968,906.6506029358745,137533561
2026-03-10 18:49:40.380001,NVDA,884.2485889084631,883.2281078687852,897.9503372620017,877.5318495574335,196430037
2026-03-11 18:49:40.380001,NVDA,906.8625553511023,898.0898078603071,913.6005384914785,892.804346131024,136946483
2026-03-12 18:49:40.380001,NVDA,891.9126325119303,889.0156843321963,896.3901979133665,883.601326790936,113151381
2026-03-13 18:49:40.380001,NVDA,843.9059725858278,841.6760469090585,860.1782187413714,840.4284398618034,56453379
2026-03-16 18:49:40.380001,NVDA,789.3781106491765,788.7296056321168,802.8452598923765,788.1537650349688,118134113
2026-03-17 18:49:40.380001,NVDA,764.5123379787847,765.3211379363394,774.7086846955217,758.1874068817081,183706409
2026-03-18 18:49:40.380001,NVDA,817.3062506333426,824.0861724862444,824.1079830366735,816.7843755938808,84547025
2026-03-19 18:49:40.380001,NVDA,835.854319045321,840.0251107632042,837.1251632411166,825.6797415590163,101748290
2026-03-20 18:49:40.380001,NVDA,785.4208721928932,791.257623335992,788.1512532677075,785.1160156303572,181589249
2026-03-23 18:49:40.380001,NVDA,805.2178375294956,802.5600604475937,806.4024543252498,791.69324355967,84888904
2026-03-24 18:49:40.380001,NVDA,763.1726409531375,763.7324445355446,769.2022986310835,749.9768473665875,117378617
2026-03-25 18:49:40.380001,NVDA,800.4629317317656,800.1695116810062,801.0410002377491,793.096188067624,192332184
2026-03-26 18:49:40.380001,NVDA,804.9431703429268,804.5893397023747,811.4951211189709,793.9711207201814,168163922
2026-03-27 18:49:40.380001,NVDA,797.3592289981768,799.4973141538112,800.9695565838634,785.6295643606713,62365317
2026-03-30 18:49:40.380001,NVDA,769.7029999798754,766.8135788341625,777.3186823059915,762.3327597698534,95634165
2026-03-31 18:49:40.380001,NVDA,830.9638099142148,826.0379924191428,846.4140393703384,816.6414841193144,184986639
2026-04-01 18:49:40.380001,NVDA,890.8940117095168,884.5831923881034,895.6180824065616,886.3881986735661,90300731
2026-04-02 18:49:40.380001,NVDA,811.8151442159482,804.2602287210167,817.7593821153324,799.8072257310969,122033413
2026-04-03 18:49:40.380001,NVDA,863.2715933472786,864.9121762959321,866.7834774010275,855.8910716804241,74000205
2026-04-06 18:49:40.380001,NVDA,853.2699621841797,854.3479543497235,862.1556384551528,836.225948524163,130761892
2026-04-07 18:49:40.380001,NVDA,814.1804687163971,816.3652842101097,826.0376635497514,808.8451445003947,151245091
2026-04-08 18:49:40.380001,NVDA,760.7339142626412,762.5312329993711,765.0826494883777,749.5399838356526,150726933
2026-04-09 18:49:40.380001,NVDA,791.6854575769582,794.8201261915641,798.5520705429238,790.1895690218365,157395597
2026-04-10 18:49:40.380001,NVDA,763.9437389033197,765.7610376869138,777.9149858279961,761.8384733384663,146421433
2026-04-13 18:49:40.380001,NVDA,818.4452783195172,813.2886321171871,820.0198005109378,805.6105019878494,183840482
2026-04-14 18:49:40.380001,NVDA,799.5289187750577,793.4772959785275,808.3378092741104,789.8961663826242,148916537
2026-04-15 18:49:40.380001,NVDA,809.9330168282478,812.181548583414,810.3608671158665,807.5087139609676,154603875
2026-04-16 18:49:40.380001,NVDA,830.6938696082902,832.0179258951088,845.334277412946,819.5806080261984,77305245
2026-04-17 18:49:40.380001,NVDA,759.4920295593761,762.3157109131531,761.145166221181,747.5198489235258,166097457
2026-04-20 18:49:40.380001,NVDA,784.7429570797303,780.805599197517,799.4518343995967,779.6296881199002,148268769
2026-04-21 18:49:40.380001,NVDA,817.8847271926627,813.7185822595154,832.2739602920915,811.6049498941039,140771563
2026-04-22 18:49:40.380001,NVDA,869.5235102340437,875.5496342777384,880.8195250898606,869.3841177438387,158919237
2026-04-23 18:49:40.380001,NVDA,942.7422283430673,934.4778472778643,960.7460481196093,924.0440414911367,103010845
2026-04-24 18:49:40.380001,NVDA,932.1924782892464,932.242834739547,938.8015958480692,914.7705433998835,190416022
2026-04-27 18:49:40.380001,NVDA,939.5447041973033,942.8213082708902,953.0307362417399,931.0147982217637,53214334
2026-04-28 18:49:40.380001,NVDA,817.3105496794042,816.941146024876,819.1187970425723,813.1573538659488,95372172
2026-04-29 18:49:40.380001,NVDA,956.3956283139838,962.951231923895,963.8212899983565,950.3035146807937,196552622
2026-04-30 18:49:40.380001,NVDA,1071.4506239849272,1078.528101388656,1071.8019192628828,1069.2562936583236,190621903
2026-05-01 18:49:40.380001,NVDA,1188.5180286171944,1186.2749291645741,1200.9414185486812,1181.6881492684013,58233790
2026-05-04 18:49:40.380001,NVDA,1189.8035607902423,1198.2534990885829,1200.885350786216,1187.4368293298037,134905733
2026-05-05 18:49:40.380001,NVDA,1225.5018069414964,1222.999164965739,1236.1653081958714,1214.1210285138309,123056788
2026-05-06 18:49:40.380001,NVDA,1252.9928287078055,1257.3725710215358,1257.3606250716605,1248.79094498517,67946038
2026-05-07 18:49:40.380001,NVDA,1228.9997793473597,1233.8926596311812,1248.7544935203935,1215.2964125518388,88825834
2026-05-08 18:49:40.380001,NVDA,1330.1452919704393,1329.4749024948756,1344.1259245732188,1316.7867090377467,53498461
2026-05-11 18:49:40.380001,NVDA,1315.2361120885391,1320.5421748463984,1318.9621087414155,1311.4049280502693,172071870
2026-05-12 18:49:40.380001,NVDA,1287.8353082328476,1297.55977516869,1299.7768550860083,1266.1862320425403,128176516
2026-05-13 18:49:40.380001,NVDA,1207.3312089070698,1212.4209811793967,1219.0901873501723,1192.2527152367743,90957441
2026-05-14 18:49:40.380001,NVDA,1223.5547653391077,1235.4344764704704,1247.6708533942244,1208.83437510617,130720329
2026-05-15 18:49:40.380001,NVDA,1242.890006766308,1233.020086247732,1245.4665780817284,1238.6178672872009,107964932
2026-05-18 18:49:40.380001,NVDA,1252.6714086326208,1259.2743263991822,1273.2944555192748,1235.2017306590446,145528927
2026-05-19 18:49:40.380001,NVDA,1278.3647623348384,1285.5053178884375,1297.6297265532025,1255.5594205754737,94720126
2026-05-20 18:49:40.380001,NVDA,1264.407091358153,1265.3145704851195,1278.943465788293,1255.8320482393249,66447562
2026-05-21 18:49:40.380001,NVDA,1230.495743375538,1225.403480377052,1249.8004087025802,1207.854697233497,125134122
2026-05-22 18:49:40.380001,NVDA,1284.500892214839,1291.1346499959466,1303.6946522366788,1275.7826795149244,70594959
2026-05-25 18:49:40.380001,NVDA,1364.5084849672548,1362.2939835591499,1382.3058411678726,1361.9554387300564,128523706
2026-05-26 18:49:40.380001,NVDA,1349.1623335182207,1339.313138477723,1359.894913753421,1329.8960311931335,64949585
2026-05-27 18:49:40.380001,NVDA,1347.3689350561406,1338.6760812999212,1352.4173965112427,1334.597389982921,93445944
2026-05-28 18:49:40.380001,NVDA,1444.2615614628435,1440.7345379735427,1454.9040658565216,1437.1450334681456,114800636
2026-05-29 18:49:40.380001,NVDA,1448.3154756020117,1437.2398981006975,1452.819958429035,1421.1558007248957,57688508
2026-06-01 18:49:40.380001,NVDA,1466.2146012557216,1479.9620204819607,1471.1202615852428,1460.1013724260868,60599271
2026-06-02 18:49:40.380001,NVDA,1402.0375718645057,1401.851750105875,1424.2305360853168,1400.1048844707148,125481437
2026-06-03 18:49:40.380001,NVDA,1507.7899360804483,1521.959396147995,1535.1568529253395,1499.5641134683544,149749796
2026-06-04 18:49:40.380001,NVDA,1541.8944511321524,1548.7949748547492,1559.8946071001146,1534.3806037385968,64373284
2026-06-05 18:49:40.380001,NVDA,1585.1425823807267,1591.1049773741709,1590.6766310088287,1565.197397371234,55350772
2026-06-08 18:49:40.380001,NVDA,1525.073588974862,1524.7271809269364,1525.3255958385316,1513.9689391762902,130627776
2026-06-09 18:49:40.380001,NVDA,1550.107883820743,1564.9193598349761,1578.3044443011877,1537.4450656514457,179064369
2026-06-10 18:49:40.380001,NVDA,1640.8131514377133,1626.4789828857522,1657.9097233359428,1615.6687189518057,182756963
2026-06-11 18:49:40.380001,NVDA,1674.8069774427638,1672.5702985431246,1707.077348016284,1672.5439882729638,99900149
2026-06-12 18:49:40.380001,NVDA,1647.6177325097246,1651.1515163398728,1680.3558927573004,1641.7306725588403,74652375
2026-06-15 18:49:40.380001,NVDA,1594.004293487252,1581.1803666718038,1595.1145293890622,1582.405899840105,198374634
2026-06-16 18:49:40.380001,NVDA,1643.4402747667516,1654.316471949442,1643.7885763966813,1619.5067923209338,60240071
2026-06-17 18:49:40.380001,NVDA,1790.3801236171714,1777.4308156688442,1790.7931870144807,1773.1365854480205,139344632
2026-06-18 18:49:40.380001,NVDA,1811.7350552894497,1826.2664073267335,1840.1869347019929,1778.176109447294,152044873
2026-06-19 18:49:40.380001,NVDA,1733.1782276660467,1743.1656096042607,1742.3724427455143,1726.7952675824142,181269434
2026-06-22 18:49:40.380001,NVDA,1820.579510472283,1811.6788838162668,1838.7650170457875,1811.120761259251,60397963
2026-06-23 18:49:40.380001,NVDA,1733.755087570185,1746.0483258791157,1765.6735690156197,1720.4466334500216,113451732
2026-06-24 18:49:40.380001,NVDA,1690.6385805907614,1699.594199498951,1708.1583837463852,1677.3022994013154,158069011
2026-06-25 18:49:40.380001,NVDA,1799.483602053075,1797.4623889259287,1816.7375006396105,1775.359825544116,190347065
2026-06-26 18:49:40.380001,NVDA,1858.2000934287723,1842.9702231380122,1881.4757949525072,1857.730289274726,151726441
2026-06-29 18:49:40.380001,NVDA,1895.0644295108302,1888.441002622572,1912.5300574263247,1894.254671476198,135539435
2026-06-30 18:49:40.380001,NVDA,1887.723443492521,1890.4967415630863,1895.6911297363017,1850.8423467129753,103622380
2026-07-01 18:49:40.380001,NVDA,1780.8134921291737,1765.1503684038132,1786.8554270931463,1769.9777387663378,101142549
2026-07-02 18:49:40.380001,NVDA,1692.5276241276877,1689.1328580300426,1713.0528817127795,1682.3670705330394,93862014
2026-07-03 18:49:40.380001,NVDA,1632.633358046931,1629.5767072090903,1649.9483246154284,1621.1556980560429,51451720
2026-07-06 18:49:40.380001,NVDA,1623.4113758169203,1629.0493500070309,1651.308370509639,1610.7740053501116,108265997
2026-07-07 18:49:40.380001,NVDA,1637.2216527435205,1622.1097958415703,1656.0785982200805,1623.7008360543402,80915923
2026-07-08 18:49:40.380001,NVDA,1526.143896701383,1539.6058364071132,1529.0161096299034,1501.196177446641,151907619
2026-07-09 18:49:40.380001,NVDA,1409.9615709670454,1417.068724328522,1436.5373689996761,1386.0442040026014,83139055
2026-07-10 18:49:40.380001,NVDA,1372.1690786859228,1367.974713099923,1398.200779951493,1345.2766364006497,138296118
2026-07-13 18:49:40.380001,NVDA,1376.4119342692086,1366.7691229705356,1400.366387077179,1368.7099513080445,169264814
2026-07-14 18:49:40.380001,NVDA,1405.1918112746116,1411.6319762708451,1420.145799649549,1395.1412064178387,64207755
2026-07-15 18:49:40.380001,NVDA,1402.675805829129,1390.3573038927861,1429.4505930628259,1387.6887131133765,191306337
2026-07-16 18:49:40.380001,NVDA,1352.1769202569367,1355.568513477753,1360.3855472912237,1342.9289201988174,60569290
2026-07-17 18:49:40.380001,NVDA,1382.8082155200611,1376.512435563706,1410.4257141579849,1361.5352298935638,148430719
2026-07-20 18:49:40.380001,NVDA,1283.9731143425117,1281.6972185217091,1308.7907780723217,1268.9915762832597,171249634
2026-07-21 18:49:40.380001,NVDA,1316.3872664809426,1310.3884174281573,1340.2217604314421,1315.6033227170383,137136094
2026-07-22 18:49:40.380001,NVDA,1371.5280046602572,1359.8056842296107,1395.4554607936168,1367.8334713295496,153678101
2026-07-23 18:49:40.380001,NVDA,1295.6857673416132,1306.9480706982033,1314.6749559947384,1295.1872881684253,104293402
2026-07-24 18:49:40.380001,NVDA,1386.4937421779152,1380.361932926624,1408.5545286418467,1363.567482794243,191240832
2026-07-27 18:49:40.380001,NVDA,1367.0261946037958,1360.9862060419932,1367.4116955291856,1355.3502407939409,180598893
2026-07-28 18:49:40.380001,NVDA,1332.2471668898768,1321.7764854309373,1353.221395088054,1313.909419199358,98716631
2026-07-29 18:49:40.380001,NVDA,1452.875599643174,1464.5873243105855,1471.445652181976,1437.190828763025,51753059
2026-07-30 18:49:40.380001,NVDA,1435.9181901163386,1431.018337375474,1462.8798277022267,1409.6663587587384,123031649
2026-07-31 18:49:40.380001,NVDA,1381.3676376924573,1382.4824117556943,1401.871990727231,1361.0955390893337,112949034
2026-08-03 18:49:40.380001,NVDA,1313.3137511722625,1303.5762103122443,1317.9870390397668,1291.948979226763,69712492
2026-08-04 18:49:40.380001,NVDA,1270.8988064418395,1258.6456299511606,1283.560434207881,1253.796231956827,110717980
2026-08-05 18:49:40.380001,NVDA,1203.0325184680369,1200.9872126630626,1205.6661860201555,1184.6782970311456,160329932
2021-08-06 18:49:40.380001,GOOGL,140.0,141.36125376418175,140.84832527893803,137.4279987781963,66914503
2021-08-09 18:49:40.380001,GOOGL,140.49967262136389,140.88320018832246,141.58405821239901,140.20197379837563,122232541
2021-08-10 18:49:40.380001,GOOGL,137.0193213724184,137.07216792062297,138.42214198324726,136.96556682052918,89046232
2021-08-11 18:49:40.380001,GOOGL,142.55373998085372,141.493834920146,144.82474782530522,140.3197374112696,152699927
2021-08-12 18:49:40.380001,GOOGL,142.97890709224677,141.92897296307117,144.73925157415343,142.3192928501955,57475255
2021-08-13 18:49:40.380001,GOOGL,138.8537744262884,137.9877635982478,139.36716661899973,137.62866001509573,189131627
2021-08-16 18:49:40.380001,GOOGL,138.31218738659882,138.70743966563492,141.0709686348339,137.93611132167453,191155179
2021-08-17 18:49:40.380001,GOOGL,135.5247914593172,135.8212899626051,138.0566471243233,135.1932189370081,56560763
2021-08-18 18:49:40.380001,GOOGL,138.3714220866281,139.17203251648561,140.4836028855579,135.9123719813092,177593850
2021-08-19 18:49:40.380001,GOOGL,132.2185467422875,132.21803827997218,134.316628143515,132.16097406160628,95997488
2021-08-20 18:49:40.380001,GOOGL,125.49758126295485,125.9138936617243,126.12683499186527,124.13155072417558,166624630
2021-08-23 18:49:40.380001,GOOGL,125.48555708441911,126.036568024238,125.9405578218995,125.22488295155927,117147563
2021-08-24 18:49:40.380001,GOOGL,123.72262669057226,124.81999282961631,126.16300698696378,123.24794180106065,149190617
2021-08-25 18:49:40.380001,GOOGL,120.87661871669341,120.42285145347141,122.93757562213922,118.9503340023885,76290478
2021-08-26 18:49:40.380001,GOOGL,119.90785048216911,120.04485449608259,121.31645839203695,118.40146318249577,66211493
2021-08-27 18:49:40.380001,GOOGL,121.52719382713991,121.78296149375605,123.2317762305987,120.01320708829654,164610860
2021-08-30 18:49:40.380001,GOOGL,119.35908114688249,120.27852068667201,121.46014408683763,118.31129687880028,95086484
2021-08-31 18:49:40.380001,GOOGL,120.28812911810468,120.83274505828234,120.97212011007082,118.71751833956336,143542679
2021-09-01 18:49:40.380001,GOOGL,118.87915466683792,118.97913683353035,120.13052957606484,117.31263278324899,103159737
2021-09-02 18:49:40.380001,GOOGL,117.25044690972521,116.0779903044883,117.9267240623826,115.50484514246982,164490414
2021-09-03 18:49:40.380001,GOOGL,117.02868562634809,116.34956533982394,118.85658568358726,117.02107691318277,146034584
2021-09-06 18:49:40.380001,GOOGL,113.05288544029969,112.15988998766198,113.66975569986145,112.44289306899653,81204656
2021-09-07 18:49:40.380001,GOOGL,111.9764061230882,112.24499475216656,112.84712155232943,110.98654308695521,191652697
2021-09-08 18:49:40.380001,GOOGL,109.05388270768802,108.44467147121553,110.66771760913454,108.64052468343397,153342815
2021-09-09 18:49:40.380001,GOOGL,105.36169156864732,106.27567336126971,107.15034890131072,104.30248369722325,59110226
2021-09-10 18:49:40.380001,GOOGL,107.6418759971354,107.44155370869757,107.8146776088395,106.53745315147806,140095830
2021-09-13 18:49:40.380001,GOOGL,107.65045967219005,107.60045562129368,109.73859914281331,106.24882869253291,156819534
2021-09-14 18:49:40.380001,GOOGL,107.01333540416861,106.06277183319825,107.449489243833,106.04271433675346,178699670
2021-09-15 18:49:40.380001,GOOGL,108.55189081740644,107.51979540644666,109.60906018797375,107.31549524043746,125533010
2021-09-16 18:49:40.380001,GOOGL,108.06805966388457,107.37150462256656,110.11496966308738,107.56008498911372,163298813
2021-09-17 18:49:40.380001,GOOGL,103.8691954113582,103.38438430775201,104.13516849539407,103.18648885729344,152455434
2021-09-20 18:49:40.380001,GOOGL,103.60706781382477,103.39774376064854,105.26208142215404,101.98185427549967,122618350
2021-09-21 18:49:40.380001,GOOGL,102.25829653242508,102.49874357062886,103.02019646321354,101.87805434705945,78573709
2021-09-22 18:49:40.380001,GOOGL,101.7668724576203,102.36569929914279,102.47439657671178,99.7332099656422,77489786
2021-09-23 18:49:40.380001,GOOGL,99.26826697702288,99.16528487615295,100.30273917678443,98.5403851218309,59952877
2021-09-24 18:49:40.380001,GOOGL,95.88295758380842,95.1659976383203,97.3956396018612,95.23905897922539,180063489
2021-09-27 18:49:40.380001,GOOGL,93.97426960032114,94.15523603222051,95.67263804541916,92.93943407399686,84939621
2021-09-28 18:49:40.380001,GOOGL,93.98380308382333,94.03395241112264,95.16129620845909,93.20688033186046,105695649
2021-09-29 18:49:40.380001,GOOGL,90.27870200031921,89.44740912837796,91.55153240562743,88.78799642497717,171238497
2021-09-30 18:49:40.380001,GOOGL,92.09887555163068,91.8975196596642,92.69311992760386,91.50621680534249,195457545
2021-10-01 18:49:40.380001,GOOGL,95.98626719773051,96.72002745878379,97.4681227196488,94.49875953265601,150464408
2021-10-04 18:49:40.380001,GOOGL,91.84265676361811,91.3535177309014,91.92512297950871,90.16900239243355,170667689
2021-10-05 18:49:40.380001,GOOGL,95.72690242534377,96.63653653504281,95.81129075123225,94.01197470154116,178764033
2021-10-06 18:49:40.380001,GOOGL,99.97106526520591,98.99529360601854,101.9068051875512,99.57355893430125,126751363
2021-10-07 18:49:40.380001,GOOGL,96.56798557415323,97.49232653503636,97.98171953861697,95.26249022454572,115069911
2021-10-08 18:49:40.380001,GOOGL,88.14713767941389,88.65064898166219,88.57817117551704,86.78661928480942,78972380
2021-10-11 18:49:40.380001,GOOGL,86.79762402819871,86.84261797904158,87.93406136818548,85.56880291056802,69337844
2021-10-12 18:49:40.380001,GOOGL,84.47367666740058,83.88115705834576,85.50656957979514,84.13563693916407,114022400
2021-10-13 18:49:40.380001,GOOGL,88.49952563149358,88.66864791864265,89.32417572951299,87.73226266683841,141970178
2021-10-14 18:49:40.380001,GOOGL,93.05333682886597,92.19228284020869,94.72837581995655,91.27879695880601,163780629
2021-10-15 18:49:40.380001,GOOGL,96.06033715973145,95.41589423977949,96.83693158381138,95.49814369744719,187125767
2021-10-18 18:49:40.380001,GOOGL,92.01304069145333,92.17660842395837,93.25902762633937,90.35205444875457,182546761
2021-10-19 18:49:40.380001,GOOGL,93.43373280811858,93.83571389891203,93.91600259757094,91.98762828664763,76377223
2021-10-20 18:49:40.380001,GOOGL,92.45898691950431,92.78382957408654,93.54085305070431,91.38102988851757,188373731
2021-10-21 18:49:40.380001,GOOGL,94.9997803707875,95.05046405665732,95.48326848988137,93.52941113668456,109051483
2021-10-22 18:49:40.380001,GOOGL,96.93381510529778,96.26959611170143,97.51352978201285,96.18751616374453,108203159
2021-10-25 18:49:40.380001,GOOGL,99.38885973438178,99.1319688063799,100.73149428088023,97.55786437131354,130995765
2021-10-26 18:49:40.380001,GOOGL,102.39854971743233,103.41984758736797,104.31510367158954,102.37784196900101,116963833
2021-10-27 18:49:40.380001,GOOGL,100.8571843346501,99.95873448305215,102.74825346594396,99.52497718853006,148894598
2021-10-28 18:49:40.380001,GOOGL,102.770153208036,103.0290129264471,103.96483676255718,101.98417780723783,69094349
2021-10-29 18:49:40.380001,GOOGL,109.05988234774144,107.98504543471326,111.1433319844875,108.09268036431727,153363003
2021-11-01 18:49:40.380001,GOOGL,111.09831086756148,111.02554001291891,111.64627997235239,108.99213118762607,73547754
2021-11-02 18:49:40.380001,GOOGL,105.91292514603512,105.50700117292675,106.60224244077357,105.87925670092903,169155166
2021-11-03 18:49:40.380001,GOOGL,105.43983090397236,104.55939123025306,105.9272070814492,103.79628245150916,82934236
2021-11-04 18:49:40.380001,GOOGL,104.89136528020657,105.2103445894538,105.76013207186466,103.84678975617004,108286922
2021-11-05 18:49:40.380001,GOOGL,106.75854979002224,107.03841169601765,108.58894051646276,105.36903303917526,130963403
2021-11-08 18:49:40.380001,GOOGL,101.46268954107367,102.16978369409733,102.13362083751939,100.16006141011628,60945702
2021-11-09 18:49:40.380001,GOOGL,103.7869534963743,104.2529871125606,105.47506408120375,102.05781580160314,87610882
2021-11-10 18:49:40.380001,GOOGL,98.94451994334341,99.61480864898061,98.98013157583,98.17231772392623,60381477
2021-11-11 18:49:40.380001,GOOGL,97.26789774098464,97.12835130251172,98.06385486055873,96.08420345989603,119702573
2021-11-12 18:49:40.380001,GOOGL,99.50836912096175,98.58287427276635,99.8505322405212,98.63408806271411,166133078
2021-11-15 18:49:40.380001,GOOGL,102.72931688857318,102.55569107487496,103.23125781692227,102.24475195555773,163946870
2021-11-16 18:49:40.380001,GOOGL,105.01896927409794,104.03969579266642,106.0139598446549,104.51625381990155,95017973
2021-11-17 18:49:40.380001,GOOGL,108.25316379247897,108.73684583277428,109.75298718355171,106.8932612191072,151081306
2021-11-18 18:49:40.380001,GOOGL,107.4428218295257,108.22899074271118,108.0608419424656,105.96767821657298,190430597
2021-11-19 18:49:40.380001,GOOGL,103.89761344330601,103.97421781435416,105.20813334789993,103.08006473335958,168374408
2021-11-22 18:49:40.380001,GOOGL,99.89239349973855,99.27969188681399,101.06740998371687,99.23333883744546,169700424
2021-11-23 18:49:40.380001,GOOGL,98.42997314083416,97.48244503066822,99.60456108958425,98.11493538150562,189716899
2021-11-24 18:49:40.380001,GOOGL,98.15289945453641,97.96942523006884,99.68712372149713,97.59320825444674,159438701
2021-11-25 18:49:40.380001,GOOGL,98.33676096504742,98.89924253078173,98.88839857189384,96.5885079600407,96323323
2021-11-26 18:49:40.380001,GOOGL,96.11528887113136,96.7231586299239,96.68738885746806,95.78453150882072,141511411
2021-11-29 18:49:40.380001,GOOGL,96.34974871274743,97.09514605156767,98.2489579992136,95.54340046211576,92700326
2021-11-30 18:49:40.380001,GOOGL,96.9134274305598,96.44050228454945,96.93923359535955,96.15057915745882,133918323
2021-12-01 18:49:40.380001,GOOGL,95.1609673162485,95.32459746212443,96.00438987679928,94.38057240072067,187894696
2021-12-02 18:49:40.380001,GOOGL,91.476675352794,91.90059646678742,92.48720407910027,90.81703324661741,178744993
2021-12-03 18:49:40.380001,GOOGL,88.07695336132393,87.90146499523134,88.15269052072782,86.59247167768838,129580766
2021-12-06 18:49:40.380001,GOOGL,88.3391794727193,88.73628137956257,90.01998634640898,86.68377118390715,61806187
2021-12-07 18:49:40.380001,GOOGL,83.38726433203935,83.36012802330706,84.67985276879745,82.03409454747623,57704675
2021-12-08 18:49:40.380001,GOOGL,79.47242180399525,79.33775000373073,79.53055788892804,79.43564843237557,110787975
2021-12-09 18:49:40.380001,GOOGL,84.04677853692937,84.21230287847295,84.43849192601125,83.75316620410854,72003945
2021-12-10 18:49:40.380001,GOOGL,81.9487106786285,81.4211042475946,81.95654830297799,80.38612868528415,123365532
2021-12-13 18:49:40.380001,GOOGL,81.31438996246965,80.9107277467121,82.3358842131082,79.75568003439122,165434626
2021-12-14 18:49:40.380001,GOOGL,81.8380671548151,81.81349531747433,82.30520389402386,80.54790949959069,146825412
2021-12-15 18:49:40.380001,GOOGL,78.1506164118174,77.8297568437313,79.6140780725051,77.0627514188636,119521387
2021-12-16 18:49:40.380001,GOOGL,79.66211486918924,79.86601375973551,80.6382066172767,79.64482412625466,190221157
2021-12-17 18:49:40.380001,GOOGL,78.08887347522658,78.12763346864404,79.49525775883474,77.14760563672192,75769172
2021-12-20 18:49:40.380001,GOOGL,73.83938063689293,73.78699765798774,73.95887870152195,72.3861293708928,102998941
2021-12-21 18:49:40.380001,GOOGL,73.45451531873515,72.83188451486923,73.83345817807158,73.09224176828035,145731537
2021-12-22 18:49:40.380001,GOOGL,72.8369400664099,72.2816771842375,73.84098341771565,71.50179560689833,161634550
2021-12-23 18:49:40.380001,GOOGL,69.85353084276565,69.9468748956444,71.2247867638941,68.99263303950141,99495865
2021-12-24 18:49:40.380001,GOOGL,77.23913371446598,77.68800413483712,77.46478368128149,76.71867576686422,192756874
2021-12-27 18:49:40.380001,GOOGL,80.17237137499436,80.4100094042689,81.27798031490067,79.20263333529881,199220005
2021-12-28 18:49:40.380001,GOOGL,88.7471597201386,89.4410635763209,90.30480536098736,88.64595316688369,81155856
2021-12-29 18:49:40.380001,GOOGL,83.79350770014398,84.08889205069546,84.04364250088854,83.71526458227109,101651899
2021-12-30 18:49:40.380001,GOOGL,80.09492034927413,79.67939595911459,81.07723373587123,78.80056605873293,164340358
2021-12-31 18:49:40.380001,GOOGL,78.52923868769987,78.30314437779737,78.69872798755712,77.41033081375193,176979059
2022-01-03 18:49:40.380001,GOOGL,73.72861538841637,74.09903001627632,74.82878728800993,72.38706521539441,96485043
2022-01-04 18:49:40.380001,GOOGL,75.16863694981285,75.39303734433702,76.5000750616787,74.57439626127852,74328732
2022-01-05 18:49:40.380001,GOOGL,72.03180916684441,72.48877012989855,72.8646289346371,71.38141573517551,140377704
2022-01-06 18:49:40.380001,GOOGL,77.51351300526164,77.87904222477991,78.44170812168615,77.42127660798735,170125384
2022-01-07 18:49:40.380001,GOOGL,77.35054528298345,76.88962267177051,78.28601839584712,76.5049674191913,149769101
2022-01-10 18:49:40.380001,GOOGL,72.08657219755545,72.07683435892359,72.38521246637977,70.93326057813859,71054453
2022-01-11 18:49:40.380001,GOOGL,80.61467964855794,80.96170428712051,81.15517373319064,80.11166596972032,108232894
2022-01-12 18:49:40.380001,GOOGL,78.53871648926564,78.5277428642463,78.57173794794316,78.32706559981561,135292699
2022-01-13 18:49:40.380001,GOOGL,73.97889210750803,73.65609037919869,75.10759146797844,73.525855197363,93522223
2022-01-14 18:49:40.380001,GOOGL,70.85844865429361,70.23837354555221,71.28746178791928,70.30283310456517,129255120
2022-01-17 18:49:40.380001,GOOGL,71.8582905938622,71.52975024851632,73.27083953654552,71.5700288757004,143734537
2022-01-18 18:49:40.380001,GOOGL,67.42568050323203,67.93735212102465,67.86940283126812,66.18611650844542,174555888
2022-01-19 18:49:40.380001,GOOGL,71.51251497155728,70.94084384328157,71.772428559975,71.47346209320436,131530773
2022-01-20 18:49:40.380001,GOOGL,69.91717271123007,69.7423613186943,70.38279174296478,69.57979991584703,60377147
2022-01-21 18:49:40.380001,GOOGL,73.00741726951993,73.49433186581572,74.20838366592125,72.63100787524067,178389464
2022-01-24 18:49:40.380001,GOOGL,67.27979752607025,66.82482603102106,68.04466871085984,66.60456778870078,99441583
2022-01-25 18:49:40.380001,GOOGL,70.26733206748659,70.29239043241336,70.92108562951128,69.66365746552113,137318026
2022-01-26 18:49:40.380001,GOOGL,71.60125099248998,71.87543061973383,72.68391375671037,71.47981819128078,97307929
2022-01-27 18:49:40.380001,GOOGL,73.99283678705747,73.87881913086804,75.09195018626826,73.89647958783314,126297739
2022-01-28 18:49:40.380001,GOOGL,72.7119442356339,72.8201622734361,73.44522415424026,71.96920214313336,66943293
2022-01-31 18:49:40.380001,GOOGL,69.2382812703322,69.38615452595002,70.56793377850742,68.26792312700513,174149905
2022-02-01 18:49:40.380001,GOOGL,68.96555998914236,68.38660086772308,69.8229932288361,68.43061381766698,88440110
2022-02-02 18:49:40.380001,GOOGL,66.4995865034251,66.8496331163305,66.57772528369718,66.0533721032781,139412482
2022-02-03 18:49:40.380001,GOOGL,62.67306896700212,62.66706689336315,63.866060108078734,61.47825226896425,114031177
2022-02-04 18:49:40.380001,GOOGL,67.39810304220941,66.83870031073778,67.79424485696373,66.27841055024314,52876933
2022-02-07 18:49:40.380001,GOOGL,66.65711114549886,66.15668422000385,66.78101152285413,66.08152600399382,193856905
2022-02-08 18:49:40.380001,GOOGL,65.7228549741146,66.0693230103323,65.82490892974123,64.6017965668554,133471750
2022-02-09 18:49:40.380001,GOOGL,66.90406401818636,66.30530833992455,67.97482471330275,66.10649030204826,155509378
2022-02-10 18:49:40.380001,GOOGL,68.98879009629943,69.56855502539021,70.32444986448041,67.97651795704364,102740336
2022-02-11 18:49:40.380001,GOOGL,67.90738720555332,68.1571866110234,68.58878053816755,67.83180557378495,171095946
2022-02-14 18:49:40.380001,GOOGL,73.45152990054464,73.81556939795162,74.67493146093307,72.93115768056607,193260581
2022-02-15 18:49:40.380001,GOOGL,78.69767308120065,78.82917633026045,79.31739988092541,78.08144227575697,55743341
2022-02-16 18:49:40.380001,GOOGL,82.53923574669896,82.75454194759033,83.30112761054802,82.11934449207531,62851622
2022-02-17 18:49:40.380001,GOOGL,82.68882254743924,82.72236933959707,83.41464851581863,81.36992783397412,199244063
2022-02-18 18:49:40.380001,GOOGL,86.00809323651816,85.71895909177614,86.93128607527146,85.80114487842492,185599606
2022-02-21 18:49:40.380001,GOOGL,90.90101046213933,91.12203392258057,91.55019536884494,90.125289791032,180671328
2022-02-22 18:49:40.380001,GOOGL,84.56805016678415,84.90629128487531,85.787889207078,83.85455991315483,140419120
2022-02-23 18:49:40.380001,GOOGL,94.81608421595024,95.54089780511272,96.05736663435312,94.2414481250844,153024248
2022-02-24 18:49:40.380001,GOOGL,99.63326882650158,99.81762137988393,100.16668032554146,97.98601364455689,112691232
2022-02-25 18:49:40.380001,GOOGL,99.44334755965782,99.03938251089718,99.7115517514647,99.40419602493878,51221076
2022-02-28 18:49:40.380001,GOOGL,102.41911612372793,102.07016795101025,103.11971566994447,100.88073857289825,187135591
2022-03-01 18:49:40.380001,GOOGL,97.96709677710972,97.43212197517839,99.7847970851811,96.64742553063074,132851867
2022-03-02 18:49:40.380001,GOOGL,97.07613809310817,97.88302606844151,97.61160200334514,97.05928865516677,194455934
2022-03-03 18:49:40.380001,GOOGL,98.94530519661562,98.8417550325959,98.98098373452076,97.12341420196721,52685354
2022-03-04 18:49:40.380001,GOOGL,93.90246658846273,93.45150438270551,94.57603757112668,92.92193001468011,95214886
2022-03-07 18:49:40.380001,GOOGL,86.26529256986083,86.81368584278587,86.61336034715556,85.76159661234351,177016519
2022-03-08 18:49:40.380001,GOOGL,87.02106811777338,87.20324589332029,87.2230904623488,85.49079421092067,111462396
2022-03-09 18:49:40.380001,GOOGL,87.9369441055916,88.40192600132809,88.19387344229737,87.87476048202124,157368381
2022-03-10 18:49:40.380001,GOOGL,91.64030800679102,92.08694050912155,92.16707846940312,90.99100466739412,89020269
2022-03-11 18:49:40.380001,GOOGL,94.31268450180616,94.36355297494016,95.79802654651176,93.64811059614011,115842079
2022-03-14 18:49:40.380001,GOOGL,100.94274166496416,101.47827413791993,101.50164863366352,99.30786789831281,195154061
2022-03-15 18:49:40.380001,GOOGL,99.6414976972566,98.95211329724579,101.45211574114366,99.62082911743396,78425688
2022-03-16 18:49:40.380001,GOOGL,105.82562413430676,105.35365050051091,106.6755650448899,105.32486199623843,158242637
2022-03-17 18:49:40.380001,GOOGL,108.60269583267409,108.20657038652077,110.47670405839146,107.97917415110715,183292434
2022-03-18 18:49:40.380001,GOOGL,105.92715073188333,106.1125182555992,106.66462054648044,105.3442560149163,122171448
2022-03-21 18:49:40.380001,GOOGL,109.79778109765874,109.43586312639343,111.08872657029558,109.63657789072258,177654486
2022-03-22 18:49:40.380001,GOOGL,124.36658098988369,123.13212966043815,125.43975088509217,123.5677755161515,65676314
2022-03-23 18:49:40.380001,GOOGL,118.32998050728247,117.61911339936194,119.97258453566108,117.56796071670527,126460437
2022-03-24 18:49:40.380001,GOOGL,123.08280316872651,122.35179282250031,125.38963159716768,122.78588027777816,139843765
2022-03-25 18:49:40.380001,GOOGL,123.0815669702234,123.08597706576481,125.52162270605612,121.1574051660725,79321216
2022-03-28 18:49:40.380001,GOOGL,128.71298209703534,127.57883250572135,130.53491877785254,127.35267857050536,162568398
2022-03-29 18:49:40.380001,GOOGL,124.57144486893549,124.09455476680762,125.13354854707468,122.50194967359525,72461245
2022-03-30 18:49:40.380001,GOOGL,135.0137267129488,133.8243351702711,137.3668001862088,134.8690217194992,184839852
2022-03-31 18:49:40.380001,GOOGL,135.4174323965052,135.7192181426587,135.52590204653336,132.9382624667133,177683595
2022-04-01 18:49:40.380001,GOOGL,130.90372369971968,129.99067991546195,132.90520415501862,129.63599503149763,89204570
2022-04-04 18:49:40.380001,GOOGL,125.09739245732038,126.06939115610487,125.21232024807252,123.09767038177925,167492721
2022-04-05 18:49:40.380001,GOOGL,130.98076428870294,131.59636533383605,131.43268605617348,129.71566923678307,179597950
2022-04-06 18:49:40.380001,GOOGL,125.96271438209666,126.96977973670778,127.7480714015168,125.6368352803394,146615743
2022-04-07 18:49:40.380001,GOOGL,129.13705796704258,130.0170537423556,130.37216727971693,128.96921002713503,182258009
2022-04-08 18:49:40.380001,GOOGL,126.50975836668704,125.58268991086557,128.97718081060037,125.86932971600271,139471929
2022-04-11 18:49:40.380001,GOOGL,125.56939089315959,125.49188765511553,126.29538112071467,125.47073727975486,97392473
2022-04-12 18:49:40.380001,GOOGL,132.78440168126784,131.97498551589845,135.1944848037618,130.76816348450618,92072822
2022-04-13 18:49:40.380001,GOOGL,140.1159948670649,141.17296724002625,140.88244020603162,138.55314818638996,173977672
2022-04-14 18:49:40.380001,GOOGL,138.64020333424168,139.04078149032995,139.34083531266666,136.91241097176788,187958456
2022-04-15 18:49:40.380001,GOOGL,137.6570326330401,136.97822195748742,138.65166594941476,135.61545900868398,82156495
2022-04-18 18:49:40.380001,GOOGL,136.9853295448132,137.54592353746878,139.7194620857659,136.79176302037942,73220200
2022-04-19 18:49:40.380001,GOOGL,141.5666429959568,140.26171934004975,141.6929230111153,140.76591936151246,131202823
2022-04-20 18:49:40.380001,GOOGL,142.3860845821975,142.8391216583165,143.6940350873629,141.5397557347166,88062092
2022-04-21 18:49:40.380001,GOOGL,151.4916655975249,150.25773392309154,154.1155282884284,149.21924053413866,157239192
2022-04-22 18:49:40.380001,GOOGL,153.79082017226358,154.83813437590587,155.26237227551044,152.1365845508396,62330802
2022-04-25 18:49:40.380001,GOOGL,145.6008998936973,145.56164789377928,145.87509690892784,143.31874397355784,142846660
2022-04-26 18:49:40.380001,GOOGL,146.38633020099567,147.5286728521935,146.7765741410774,144.7470843367207,92602912
2022-04-27 18:49:40.380001,GOOGL,144.3522950886013,143.06622188996965,146.68523716332245,142.4615731790017,191722315
2022-04-28 18:49:40.380001,GOOGL,138.9346072750948,137.81991279516927,140.39266069254927,138.14664438667506,187408251
2022-04-29 18:49:40.380001,GOOGL,142.78605838826607,141.55447415577936,143.3579998478719,141.76433987005356,183733336
2022-05-02 18:49:40.380001,GOOGL,136.43286151417288,135.32979494700754,138.47413302888978,134.298383515028,170099140
2022-05-03 18:49:40.380001,GOOGL,135.6945833731733,135.47896603767364,137.6359660512807,133.29419198118174,130071252
2022-05-04 18:49:40.380001,GOOGL,131.386972987373,130.2766840779648,133.9514156565535,130.9049259518613,86675307
2022-05-05 18:49:40.380001,GOOGL,141.65694413705629,141.29537385405897,142.22445577854486,140.04006272924227,186748670
2022-05-06 18:49:40.380001,GOOGL,134.75524602419358,134.56783091298777,136.20693867578404,134.4992723227924,182257266
2022-05-09 18:49:40.380001,GOOGL,130.56617703788257,130.3672448348926,132.07558231554287,128.53268956734487,61288627
2022-05-10 18:49:40.380001,GOOGL,135.46480158697963,134.88816113945236,136.05955164015418,132.82384209430307,152549197
2022-05-11 18:49:40.380001,GOOGL,138.33442914750185,137.68633253605609,138.79472522015396,137.00400176590816,170266897
2022-05-12 18:49:40.380001,GOOGL,134.75141126762364,133.95401837640472,137.3749873135148,133.73464072799138,149545317
2022-05-13 18:49:40.380001,GOOGL,138.42288518263007,138.70099407215963,140.50291784749874,137.60621987945225,80374332
2022-05-16 18:49:40.380001,GOOGL,127.74208209590826,127.67494815785926,129.90029201942383,125.42038979169614,60918667
2022-05-17 18:49:40.380001,GOOGL,131.5055796091762,132.70475950387834,131.82259343419992,129.83329499615817,138455112
2022-05-18 18:49:40.380001,GOOGL,135.75672010923023,134.75314876716797,136.83006714969255,133.70536097779373,152525250
2022-05-19 18:49:40.380001,GOOGL,133.59283450600614,134.05033317368233,133.980026106622,132.57269852398375,80752475
2022-05-20 18:49:40.380001,GOOGL,129.9295179684977,128.7450968449303,131.79344873098776,129.83482273261458,133092138
2022-05-23 18:49:40.380001,GOOGL,127.96882032733143,128.3078828532713,129.02845019291522,126.89366890671252,154550268
2022-05-24 18:49:40.380001,GOOGL,126.94533638350322,127.90136493143777,129.00777027506126,126.69739516495862,182101620
2022-05-25 18:49:40.380001,GOOGL,120.27209863609544,119.15815953621178,122.52674334836276,119.96407561986358,170332261
2022-05-26 18:49:40.380001,GOOGL,121.2667727021595,120.59863508112626,121.8413974909054,119.50220353097818,175970860
2022-05-27 18:49:40.380001,GOOGL,121.58084813102793,122.48624840118424,122.91558946545538,119.27041694663856,185539667
2022-05-30 18:49:40.380001,GOOGL,120.86794406890637,119.79764119608446,122.44811298917665,118.62801154423286,107867577
2022-05-31 18:49:40.380001,GOOGL,116.09028190282967,116.71845764128491,117.81601279901552,115.43369355748409,197178543
2022-06-01 18:49:40.380001,GOOGL,110.74916244797612,110.54061286765624,111.88428136351972,109.39773514051737,119937047
2022-06-02 18:49:40.380001,GOOGL,117.09980576836631,117.66316103942789,118.52161647481576,116.0428629388056,161338037
2022-06-03 18:49:40.380001,GOOGL,114.00878068632473,113.55184089954898,116.27237761771721,112.90134834747818,103899016
2022-06-06 18:49:40.380001,GOOGL,109.86642607645554,110.09222151027214,111.12332839101836,107.88529916028438,177154709
2022-06-07 18:49:40.380001,GOOGL,113.40771204086835,114.28957618944366,114.99898447042058,111.57903749876075,88825565
2022-06-08 18:49:40.380001,GOOGL,112.79031160922665,112.25444153720458,112.96723949923465,112.46607426278527,156988768
2022-06-09 18:49:40.380001,GOOGL,118.38720019414119,119.38978611267986,119.11196369308195,118.38454707119892,150098623
2022-06-10 18:49:40.380001,GOOGL,118.30623376072415,117.76545049347621,120.38835263946072,116.89694685965925,133702811
2022-06-13 18:49:40.380001,GOOGL,116.15823799736826,116.0932589457042,118.21854619842969,113.99478465883044,170699155
2022-06-14 18:49:40.380001,GOOGL,121.48110573960034,121.26962004266366,123.69889699079411,119.43426782862637,187296309
2022-06-15 18:49:40.380001,GOOGL,115.95432063486253,116.14017940597431,116.34569253141919,114.22238645469322,74402733
2022-06-16 18:49:40.380001,GOOGL,116.65947425520683,117.30181254168629,118.83821337886695,115.57331378790757,137217252
2022-06-17 18:49:40.380001,GOOGL,114.16030669829183,114.38762240766287,116.31489342813782,114.11615549619799,148796626
2022-06-20 18:49:40.380001,GOOGL,118.97714878066884,118.25122590776837,119.63039215386934,116.89938669228441,193556497
2022-06-21 18:49:40.380001,GOOGL,119.47597770824939,118.32461522545844,120.1800211004876,117.30679914757984,116465733
2022-06-22 18:49:40.380001,GOOGL,120.67870850710892,120.3168988876513,122.62316927263088,119.89073898347547,70348131
2022-06-23 18:49:40.380001,GOOGL,123.65592119214072,124.86086001993063,125.5584536384447,121.79151252586459,127092756
2022-06-24 18:49:40.380001,GOOGL,124.18956677164715,123.4417424092561,125.46566722893024,123.31030054721957,53989340
2022-06-27 18:49:40.380001,GOOGL,126.79347852103182,126.7466312897552,128.29355889491313,125.57787377585656,196165171
2022-06-28 18:49:40.380001,GOOGL,122.53698564905754,121.6817939196209,122.8711769384204,120.36690823027847,152945855
2022-06-29 18:49:40.380001,GOOGL,122.12003605489787,122.5714157195321,124.34958388995113,120.16482791114808,106892521
2022-06-30 18:49:40.380001,GOOGL,126.52415010531705,126.58147040076598,127.9911133950466,125.227101610897,97441169
2022-07-01 18:49:40.380001,GOOGL,123.7708822909581,124.38967831508687,124.15249891160042,123.53414345702633,164973098
2022-07-04 18:49:40.380001,GOOGL,130.52386095827,129.22321139272927,130.83211311264984,130.12290118688873,162510970
2022-07-05 18:49:40.380001,GOOGL,129.575679854905,130.1543216687084,131.8574574461073,127.4955766931675,175288960
2022-07-06 18:49:40.380001,GOOGL,124.5385317136257,124.83238150795542,125.04288345277857,122.15763654866154,137037061
2022-07-07 18:49:40.380001,GOOGL,120.99907786547112,121.33355765751418,121.3211919723422,120.8610339428622,83325469
2022-07-08 18:49:40.380001,GOOGL,125.26840152730023,125.47499639269678,125.42364002728824,124.90402790922775,121268908
2022-07-11 18:49:40.380001,GOOGL,124.5192729130769,125.62806600776693,125.49963224214119,123.95278743601278,91841675
2022-07-12 18:49:40.380001,GOOGL,119.37558367318738,118.79165207604801,120.12559428764592,118.5726226671398,50492666
2022-07-13 18:49:40.380001,GOOGL,126.28775523202259,125.6699498814352,127.17769047618361,124.98016507245804,116998159
2022-07-14 18:49:40.380001,GOOGL,126.19833908432413,126.68866703190798,127.46801590063045,124.17016362562181,186262203
2022-07-15 18:49:40.380001,GOOGL,122.84997909083768,122.03657761935176,123.30892429154754,120.61078110268814,142057209
2022-07-18 18:49:40.380001,GOOGL,128.40211416357542,128.32985849629523,128.69634102517833,128.07089725240357,194840420
2022-07-19 18:49:40.380001,GOOGL,130.7728480449697,131.9092067841228,133.04800943988866,128.62783659385323,68614389
2022-07-20 18:49:40.380001,GOOGL,133.175663167555,132.3626682274289,135.04976168240748,132.31312601926274,56762216
2022-07-21 18:49:40.380001,GOOGL,132.9983407786123,132.48041883205937,133.3783991264901,132.12281337714202,86336566
2022-07-22 18:49:40.380001,GOOGL,131.47254539123287,130.7335021584318,133.93830797112562,130.6993036461074,129243015
2022-07-25 18:49:40.380001,GOOGL,127.69727207353286,127.97892754111938,127.75178234423699,127.28748224443433,123309067
2022-07-26 18:49:40.380001,GOOGL,131.08921332436302,130.35361321684542,133.3610084924403,129.47423120196152,131457798
2022-07-27 18:49:40.380001,GOOGL,130.61287157712616,130.52304966413675,132.2229326545007,130.18675430426907,127859850
2022-07-28 18:49:40.380001,GOOGL,129.52843752208025,128.55344693924775,130.91580618423734,127.68873194897164,192245314
2022-07-29 18:49:40.380001,GOOGL,119.2770811953126,118.6252524910213,120.38365825015049,117.53037283707725,68779652
2022-08-01 18:49:40.380001,GOOGL,115.15971574127107,115.49214808873813,115.53710788368558,114.23366944603053,89056512
2022-08-02 18:49:40.380001,GOOGL,111.92623323838818,112.01088451993576,113.27864286371866,109.85224062079332,116803348
2022-08-03 18:49:40.380001,GOOGL,111.8589421976939,112.41792368960985,112.77699221181304,111.20348394411428,159446215
2022-08-04 18:49:40.380001,GOOGL,113.86820097602575,114.61480588823476,115.90441617876289,111.98285023051908,152879859
2022-08-05 18:49:40.380001,GOOGL,118.8641391855157,119.11860187527648,121.22862627611222,117.81029063086417,107789011
2022-08-08 18:49:40.380001,GOOGL,111.38227364918374,112.16022905523027,111.65247574618664,110.97962843651722,62179054
2022-08-09 18:49:40.380001,GOOGL,111.03670942277098,112.04553221198746,112.64012427357171,111.03217494413761,140901432
2022-08-10 18:49:40.380001,GOOGL,111.91782590774929,112.6901738242551,113.53105386836157,111.9050269853918,189984176
2022-08-11 18:49:40.380001,GOOGL,106.6655276473676,107.11334266715303,107.47093785346607,104.93613822009777,99279637
2022-08-12 18:49:40.380001,GOOGL,109.26918065317524,108.68631354159402,111.12017907857486,107.88028622861722,116527904
2022-08-15 18:49:40.380001,GOOGL,108.38624310391516,109.23046672555624,108.54718559798505,107.40158505856272,188722581
2022-08-16 18:49:40.380001,GOOGL,111.15597460156317,110.25045926741937,112.51300217432527,110.53715616993318,141397650
2022-08-17 18:49:40.380001,GOOGL,114.2841870733586,113.28173470762495,115.57913803269572,112.58158237595094,181417948
2022-08-18 18:49:40.380001,GOOGL,107.95204654328266,107.25098325352964,108.46862389373057,106.4255535863269,59587420
2022-08-19 18:49:40.380001,GOOGL,103.7481228538302,102.994409165755,105.66559268522016,101.98010167665115,177516978
2022-08-22 18:49:40.380001,GOOGL,106.9822833700051,107.22594535891942,108.68186534265341,105.61038749969742,140287601
2022-08-23 18:49:40.380001,GOOGL,110.81192247157422,110.84372404968502,112.78760706414616,108.78782822949546,52622394
2022-08-24 18:49:40.380001,GOOGL,108.43742758956287,109.46216013003793,110.36988346188791,107.9008241166012,137306468
2022-08-25 18:49:40.380001,GOOGL,104.97327434399415,105.034330422593,106.97474024677726,104.88658509344177,128770642
2022-08-26 18:49:40.380001,GOOGL,104.65919073735772,104.58021127634207,106.41038056638085,104.36004810111407,152144174
2022-08-29 18:49:40.380001,GOOGL,109.31631821518897,108.46915780471235,111.11104600505188,108.8834849982083,119515245
2022-08-30 18:49:40.380001,GOOGL,109.62074369019945,109.24529180262111,110.33937872803963,108.73134994217288,116821049
2022-08-31 18:49:40.380001,GOOGL,115.95321792470355,115.00000556899147,117.7579831011986,115.31189188660137,161425151
2022-09-01 18:49:40.380001,GOOGL,115.42064125667639,115.44641510731613,115.5839398536335,114.3908928736826,84753845
2022-09-02 18:49:40.380001,GOOGL,125.39834549334594,124.67532678829845,126.18370639314466,124.51495005013624,136241480
2022-09-05 18:49:40.380001,GOOGL,125.88702219065702,126.16142264015487,128.25064495559562,124.53590814578797,80997268
2022-09-06 18:49:40.380001,GOOGL,125.27254967018716,124.36619367394424,126.08577814363213,125.19914513797961,188536586
2022-09-07 18:49:40.380001,GOOGL,125.78446334799943,126.65120767166351,125.96961577314964,124.05707350551262,194673888
2022-09-08 18:49:40.380001,GOOGL,132.8302373688776,131.6846403253671,133.80416434050588,130.33134900953033,107087549
2022-09-09 18:49:40.380001,GOOGL,145.49487775783714,146.21859595211444,147.7963710757258,143.20939333704837,173212715
2022-09-12 18:49:40.380001,GOOGL,144.82462659442106,145.14216814328262,147.07766544804002,142.72719116684263,112777953
2022-09-13 18:49:40.380001,GOOGL,148.88363941323203,150.058616133801,151.4520153314478,147.74368903977546,99837985
2022-09-14 18:49:40.380001,GOOGL,153.14818857186756,153.36543109011234,155.88655137260332,151.69311069022098,149073867
2022-09-15 18:49:40.380001,GOOGL,149.43079009052008,149.95913872242767,150.09146254434415,147.48113707019832,93103294
2022-09-16 18:49:40.380001,GOOGL,150.59487824424068,150.09631620422365,153.39757915234387,147.81984431137445,161676772
2022-09-19 18:49:40.380001,GOOGL,136.23841562325762,136.2246329077804,136.97630489985207,135.80992277620663,89198310
2022-09-20 18:49:40.380001,GOOGL,143.28666031732425,144.14594584383642,143.5838715615606,142.922893275506,109547742
2022-09-21 18:49:40.380001,GOOGL,138.6094580572936,139.18859995314082,140.4352204078969,136.7541963243479,103464461
2022-09-22 18:49:40.380001,GOOGL,140.75012729086302,141.0310104098191,141.21685860169086,139.07123965411185,107474178
2022-09-23 18:49:40.380001,GOOGL,139.2010543631628,137.93100411847877,139.92164001227766,137.90717210145394,93229311
2022-09-26 18:49:40.380001,GOOGL,132.94214484324502,133.2719215002628,134.55403508008453,132.388172580222,80728700
2022-09-27 18:49:40.380001,GOOGL,133.8303114755675,133.37673151444147,134.34992391670917,133.66425031027882,112345240
2022-09-28 18:49:40.380001,GOOGL,130.58805518722562,130.8398246271316,132.30972419998005,128.6884816036526,136871665
2022-09-29 18:49:40.380001,GOOGL,127.4952546845851,128.30900247778936,130.0407987792732,126.27399883609445,184985909
2022-09-30 18:49:40.380001,GOOGL,124.61064288587816,123.72658374814156,126.02264831586228,123.71234284137542,61798248
2022-10-03 18:49:40.380001,GOOGL,124.48426000548503,125.31904333137555,126.92475360577004,124.48072181809304,128860783
2022-10-04 18:49:40.380001,GOOGL,126.2920675055459,126.24174357476385,126.7077992571939,124.11471019234143,192900453
2022-10-05 18:49:40.380001,GOOGL,125.3288306380539,125.37646861713424,126.05260551125696,124.26542185122405,119169142
2022-10-06 18:49:40.380001,GOOGL,126.21154660410893,127.14729867835781,128.6940416453048,125.75141362263047,71109135
2022-10-07 18:49:40.380001,GOOGL,126.04498872325021,125.27960250139813,128.1321887841584,124.09222732278195,176697274
2022-10-10 18:49:40.380001,GOOGL,125.06855160623958,125.21971767627903,126.27203626443598,123.5542032013677,102299254
2022-10-11 18:49:40.380001,GOOGL,124.6524408539169,124.82729493101266,126.59618857910785,123.12765956092977,191040655
2022-10-12 18:49:40.380001,GOOGL,122.93562692514546,123.40023423525598,123.82307363797509,122.29612834142122,78807233
2022-10-13 18:49:40.380001,GOOGL,119.72802204783422,118.77831604049689,121.94532914031655,117.61023787011312,53165024
2022-10-14 18:49:40.380001,GOOGL,119.46995828778915,119.43255016142056,121.44834381824641,118.95015311080977,171512491
2022-10-17 18:49:40.380001,GOOGL,116.2620132936567,117.41541883518165,117.22586977052363,114.67975420709367,187298555
2022-10-18 18:49:40.380001,GOOGL,117.70736217141847,118.54959365759588,118.79129107339998,116.04378533336632,84468615
2022-10-19 18:49:40.380001,GOOGL,118.00564862885837,118.67008895904524,118.12484027877903,116.28871364345945,193586072
2022-10-20 18:49:40.380001,GOOGL,112.43085213428866,111.65658105120379,112.55643846785634,111.4773587509668,122360746
2022-10-21 18:49:40.380001,GOOGL,114.76284145353404,115.84444558997762,116.53883382248249,112.5058597969545,68185335
2022-10-24 18:49:40.380001,GOOGL,114.94056707755686,115.29861404830281,115.61359906729224,113.84075433448592,50685763
2022-10-25 18:49:40.380001,GOOGL,118.48275043000015,117.99805094419784,119.68352619043561,117.23766926910943,110536830
2022-10-26 18:49:40.380001,GOOGL,119.87753595205227,118.721283979758,121.48077576076201,118.81250006302501,148665633
2022-10-27 18:49:40.380001,GOOGL,120.15927721443649,120.97235940268862,122.24730373650863,119.02680627570388,145684278
2022-10-28 18:49:40.380001,GOOGL,117.61693467445866,118.14412179804249,118.59760422174904,116.93457695674054,125882550
2022-10-31 18:49:40.380001,GOOGL,112.29676906450695,113.3924341177994,113.44982377188933,111.80120058630722,66123361
2022-11-01 18:49:40.380001,GOOGL,114.70574761527483,115.24874827010326,115.42385179486882,113.92139464074194,141686292
2022-11-02 18:49:40.380001,GOOGL,116.40712191746586,117.19120641467839,116.94993958398123,114.34282683449307,93462650
2022-11-03 18:49:40.380001,GOOGL,115.66754149386891,114.72584667033092,116.0893160112545,113.94317842458989,101320884
2022-11-04 18:49:40.380001,GOOGL,113.32393293055353,112.56700546789428,115.26178641651641,111.11236020325416,177380778
2022-11-07 18:49:40.380001,GOOGL,114.23347882412308,113.70116828941526,115.14447285890527,113.64386360981038,93957470
2022-11-08 18:49:40.380001,GOOGL,108.12056802139155,108.73539251957101,109.419684668653,106.80861735762375,67077594
2022-11-09 18:49:40.380001,GOOGL,112.73867704327502,113.2574207612258,113.75429281017989,111.42291035641907,89876014
2022-11-10 18:49:40.380001,GOOGL,114.99923331939299,113.87752328413828,115.84251892264187,113.1833436589119,139446286
2022-11-11 18:49:40.380001,GOOGL,112.28589090963634,112.07707611476484,113.45475760330797,111.48579681611085,79071314
2022-11-14 18:49:40.380001,GOOGL,109.44715360052959,108.6563197426559,111.27095957426515,107.55429452130696,143797415
2022-11-15 18:49:40.380001,GOOGL,116.0717390404694,117.0380409368303,117.55044766319214,115.32043928769882,164175411
2022-11-16 18:49:40.380001,GOOGL,114.27994949591486,113.30239982764752,115.04991266750835,113.50615320712025,145028391
2022-11-17 18:49:40.380001,GOOGL,117.6986525099217,116.7400331462523,117.88673998180981,115.61059101400333,173310575
2022-11-18 18:49:40.380001,GOOGL,121.44536767969998,120.69643095447638,123.26623980625581,120.53037074125866,177593527
2022-11-21 18:49:40.380001,GOOGL,122.90826049125032,122.58125274336471,123.87748433037626,122.23082012103194,134919696
2022-11-22 18:49:40.380001,GOOGL,119.7243706119891,118.81195193933533,121.05971951423224,118.51002169169847,147508332
2022-11-23 18:49:40.380001,GOOGL,121.54845714545753,120.71188860756637,123.71087134502554,120.0259325477746,161728300
2022-11-24 18:49:40.380001,GOOGL,123.80663077448307,122.84648455969423,124.84169816216615,122.88452494119707,58989871
2022-11-25 18:49:40.380001,GOOGL,124.15837069872204,122.9914218330304,125.14394795384226,123.6723913569704,110930861
2022-11-28 18:49:40.380001,GOOGL,127.70659534521734,128.85117317305796,128.65161470351043,127.6424667321253,128457502
2022-11-29 18:49:40.380001,GOOGL,127.09268923191175,128.05678857466387,129.53993871132906,125.85595096686329,126977312
2022-11-30 18:49:40.380001,GOOGL,132.16143166418271,133.25038499790037,132.23753877011913,130.87845771886077,197397763
2022-12-01 18:49:40.380001,GOOGL,129.2843482921191,130.17125655912864,131.83704095610744,127.284315157136,64814999
2022-12-02 18:49:40.380001,GOOGL,124.95966596170595,123.78912338092437,125.26723495759265,124.45350130445694,110130424
2022-12-05 18:49:40.380001,GOOGL,124.6966921518455,124.0084123543854,127.0147623269205,123.725912337694,145077374
2022-12-06 18:49:40.380001,GOOGL,120.124040147055,119.51527892570194,121.12599321263644,118.13870910671135,67842796
2022-12-07 18:49:40.380001,GOOGL,117.14410149376579,117.11898322694447,118.24122911886217,116.18295634472877,171901321
2022-12-08 18:49:40.380001,GOOGL,114.11224202430425,114.85643075044773,115.4279820374213,113.43335127559737,146017703
2022-12-09 18:49:40.380001,GOOGL,114.33798643546913,114.42496425762374,116.12272307989896,113.6719839321794,55661771
2022-12-12 18:49:40.380001,GOOGL,117.09486986555657,115.9717591992265,118.57636997617305,116.64343197742103,60704499
2022-12-13 18:49:40.380001,GOOGL,118.43178132326962,119.5287737074151,120.48207184905533,117.65304555968517,140274770
2022-12-14 18:49:40.380001,GOOGL,122.24286241537347,123.07765735954823,123.84177610969692,121.58490155715232,55069873
2022-12-15 18:49:40.380001,GOOGL,119.25296570081295,119.3465175094853,119.26003651652054,116.9329679805059,61691847
2022-12-16 18:49:40.380001,GOOGL,121.0338562965528,121.05191774740742,122.8197909063102,119.36799250085176,98709436
2022-12-19 18:49:40.380001,GOOGL,120.52258717702043,120.47447625498849,121.37789079605186,119.96533283768945,159840345
2022-12-20 18:49:40.380001,GOOGL,126.44173366935298,126.4939956337598,127.9055572031878,125.5174429909395,114651189
2022-12-21 18:49:40.380001,GOOGL,131.96491232082766,133.14546671706782,133.828590108655,131.96345848688765,119819965
2022-12-22 18:49:40.380001,GOOGL,132.60720263916687,132.1531576881417,133.78694464483095,131.72335754459672,94302364
2022-12-23 18:49:40.380001,GOOGL,133.2622470465501,132.26176248451594,134.04066177922195,131.9921000495109,95687319
2022-12-26 18:49:40.380001,GOOGL,125.34773550374689,125.53876548139463,127.08818695257712,123.96100385139606,53941486
2022-12-27 18:49:40.380001,GOOGL,127.4487931638834,126.45031717048589,127.96705805287732,127.0153749292527,148884167
2022-12-28 18:49:40.380001,GOOGL,135.95047231887975,135.04654290461167,138.62355871647893,134.20429719328294,159405061
2022-12-29 18:49:40.380001,GOOGL,138.15555210293545,138.9326186144723,140.5394243130808,136.6715057129072,111987539
2022-12-30 18:49:40.380001,GOOGL,140.77571856885424,140.10253700983827,141.0292566887865,138.80250589737153,87501669
2023-01-02 18:49:40.380001,GOOGL,136.44913181037825,137.0000382648875,138.0855512317169,134.42188988673027,101155475
2023-01-03 18:49:40.380001,GOOGL,137.4671555957929,137.37297144399406,137.60964147867247,136.95999102922897,69861761
2023-01-04 18:49:40.380001,GOOGL,137.7915166071325,136.5279016789822,138.6979021606185,135.73713443337428,66571841
2023-01-05 18:49:40.380001,GOOGL,141.21408054006844,141.24368551468635,142.3322123232261,140.44576201720025,156961987
2023-01-06 18:49:40.380001,GOOGL,138.3302712831406,138.19728238258696,139.51369981244972,138.26696643492372,132109498
2023-01-09 18:49:40.380001,GOOGL,134.42393929388672,134.70013483676524,135.01191323232706,133.69960321333053,162379893
2023-01-10 18:49:40.380001,GOOGL,133.77131362014555,133.36592156743424,135.07875060800356,132.99457825958197,134594314
2023-01-11 18:49:40.380001,GOOGL,136.5656687712744,137.35075351310377,138.15165152229966,136.3266317447221,192247221
2023-01-12 18:49:40.380001,GOOGL,129.89742976442093,129.95482781105386,131.58216538183117,129.83176067558534,160812095
2023-01-13 18:49:40.380001,GOOGL,136.32606606323452,137.22977795884034,136.52319819159078,135.458995295492,67945051
2023-01-16 18:49:40.380001,GOOGL,142.70491063013975,141.55307126010848,143.0890870576384,142.2774627723185,79182845
2023-01-17 18:49:40.380001,GOOGL,139.0133586413759,139.85290035599957,140.14564904697843,136.638297121793,83066410
2023-01-18 18:49:40.380001,GOOGL,130.4976757371339,129.36593635251822,132.41938111484916,129.47383150314624,157151233
2023-01-19 18:49:40.380001,GOOGL,138.92549884003822,138.43468628931973,141.10188331778812,138.71972488398148,125269629
2023-01-20 18:49:40.380001,GOOGL,138.66210426596552,137.7647556432947,141.26732417601121,136.1150769445989,154197151
2023-01-23 18:49:40.380001,GOOGL,138.77204596277974,137.96906021906497,139.76822473539923,136.72378136577058,87579889
2023-01-24 18:49:40.380001,GOOGL,138.41549038626644,138.82429636839828,139.7983600261145,137.93316143876626,132474893
2023-01-25 18:49:40.380001,GOOGL,136.6666994335997,136.85903489743657,137.50101608757254,135.52772820702685,59381042
2023-01-26 18:49:40.380001,GOOGL,140.72304361028807,141.700476323104,143.08338428156597,139.97037467609644,130936847
2023-01-27 18:49:40.380001,GOOGL,138.90950374571116,139.2700952928627,140.3451710449999,136.93872166452948,82518153
2023-01-30 18:49:40.380001,GOOGL,140.5876345641864,140.0889114870067,140.65780565272075,139.27492093728668,78792848
2023-01-31 18:49:40.380001,GOOGL,140.2860060975471,140.22993767348714,142.93783290419364,138.03516050708674,132919122
2023-02-01 18:49:40.380001,GOOGL,141.34906641406093,140.27329363251317,142.37832997835847,140.54985317301035,140769187
2023-02-02 18:49:40.380001,GOOGL,138.6559129460531,137.3218205548458,139.57574116288785,136.68129181505364,61766406
2023-02-03 18:49:40.380001,GOOGL,139.34350083276607,138.65729395620485,140.00899547975422,137.9125263143224,54668189
2023-02-06 18:49:40.380001,GOOGL,135.5569046070323,136.27467555371527,136.73414546145665,135.4360460177353,56770273
2023-02-07 18:49:40.380001,GOOGL,139.76308048297875,141.15463101725044,139.76536125410564,139.1864825412618,135864756
2023-02-08 18:49:40.380001,GOOGL,140.11149244017,139.6859135769053,142.06412168461384,138.84157378617155,69929342
2023-02-09 18:49:40.380001,GOOGL,139.0399932557199,138.75538889307964,141.64343215351707,138.8616374194357,82998207
2023-02-10 18:49:40.380001,GOOGL,138.4347901841779,138.33040488754403,141.0035182107069,137.23195423355793,134620508
2023-02-13 18:49:40.380001,GOOGL,133.31873457204324,133.41331531392296,135.2346270293779,132.28893166542412,177154740
2023-02-14 18:49:40.380001,GOOGL,130.75739425917368,130.1431197394822,133.25100557974318,130.23362367170282,136290020
2023-02-15 18:49:40.380001,GOOGL,131.5568956893718,132.02174097760533,133.78832032385344,129.31177048582146,145556628
2023-02-16 18:49:40.380001,GOOGL,132.94271504413408,132.28199896831947,135.53801090679596,130.34796890755158,61026780
2023-02-17 18:49:40.380001,GOOGL,132.95239222768745,131.86518363176302,135.4877327443628,131.304640442744,93439350
2023-02-20 18:49:40.380001,GOOGL,135.01968500083112,135.17851740520024,137.484838657208,133.18036751839108,70958926
2023-02-21 18:49:40.380001,GOOGL,136.78213711275163,135.9771242608088,136.89824794841468,136.06137981911417,61659970
2023-02-22 18:49:40.380001,GOOGL,139.23000139295124,140.23660079945893,141.0944184285803,136.99021405962836,116725885
2023-02-23 18:49:40.380001,GOOGL,138.40956783812803,139.73200417859127,140.98003641306934,136.72504487820194,115264836
2023-02-24 18:49:40.380001,GOOGL,135.15302628137016,134.85929532992876,136.1212996372711,132.46228412303785,145780505
2023-02-27 18:49:40.380001,GOOGL,135.48814191140272,134.80386647964173,136.6192332502446,133.0156985363006,66563783
2023-02-28 18:49:40.380001,GOOGL,136.31254500998162,136.10459930745438,137.4392682500359,136.04846294535577,170711770
2023-03-01 18:49:40.380001,GOOGL,139.2580087616039,138.60888223719672,140.47752879776064,138.00110650456685,150360729
2023-03-02 18:49:40.380001,GOOGL,141.1681301760281,141.2227584711423,141.89094707862378,139.02962522891505,161369634
2023-03-03 18:49:40.380001,GOOGL,145.74946780356268,145.57876542617882,145.97366311890087,144.63389432187918,124124801
2023-03-06 18:49:40.380001,GOOGL,140.61226723980994,140.46901041246178,140.85572223924572,139.91679541195654,169771391
2023-03-07 18:49:40.380001,GOOGL,140.1407162982505,139.9993758103554,141.84958560934163,138.74691329124397,111696660
2023-03-08 18:49:40.380001,GOOGL,141.76819306746478,140.65758360346354,142.9819435004523,139.9428751685508,119827745
2023-03-09 18:49:40.380001,GOOGL,149.2060673444938,147.85685314667407,149.79539031018166,147.710453285476,186177405
2023-03-10 18:49:40.380001,GOOGL,146.63288846969272,146.4133332916893,146.92524984575067,145.65926535034023,82272337
2023-03-13 18:49:40.380001,GOOGL,145.91019851915016,147.0948107923032,147.0865823288902,144.1412596834858,135969629
2023-03-14 18:49:40.380001,GOOGL,147.22228818967426,148.58549764602648,149.44244856315544,145.80318053618015,74297388
2023-03-15 18:49:40.380001,GOOGL,148.85535508514582,149.0971867334454,150.96290203376185,148.72946065549795,135038799
2023-03-16 18:49:40.380001,GOOGL,144.63473210457045,145.0524034535669,145.12677762862376,144.32349066645756,81177493
2023-03-17 18:49:40.380001,GOOGL,143.8880968327895,143.32022746530572,144.15620300841547,142.29100975922933,135070296
2023-03-20 18:49:40.380001,GOOGL,145.69486366193803,146.22096035477514,145.95435571295363,143.87762193800742,61736052
2023-03-21 18:49:40.380001,GOOGL,141.9825312145046,142.38043314886045,143.2515002134223,140.17554510237682,88283109
2023-03-22 18:49:40.380001,GOOGL,136.97624522344967,137.8659999931075,138.6584737374165,136.77871027634183,99344147
2023-03-23 18:49:40.380001,GOOGL,144.5483921038287,144.58027147085198,146.08060008134538,142.50386873385048,198639760
2023-03-24 18:49:40.380001,GOOGL,146.2528512976258,145.86520071858274,148.95093113881026,143.5146450127702,179064339
2023-03-27 18:49:40.380001,GOOGL,149.27066714462072,149.90593713331262,151.8902287987751,146.3688539789067,94027520
2023-03-28 18:49:40.380001,GOOGL,150.12896789016133,151.4956967493979,150.6309562500153,147.3605855423534,105831004
2023-03-29 18:49:40.380001,GOOGL,154.08785428404153,153.70638181976383,154.67381416641393,153.83425536155494,144557600
2023-03-30 18:49:40.380001,GOOGL,152.40835731595348,152.04919885896322,152.904650657423,152.39939994976027,184493654
2023-03-31 18:49:40.380001,GOOGL,156.42192237158739,157.4824740558443,157.63276906810398,156.3309510750196,71579531
2023-04-03 18:49:40.380001,GOOGL,167.8139362892344,169.43034994842927,170.45796378773053,167.64929353075004,169676779
2023-04-04 18:49:40.380001,GOOGL,165.57066210294244,166.48246750396535,168.58357958939632,163.80226640061485,164615306
2023-04-05 18:49:40.380001,GOOGL,173.88741498398636,173.70414263793703,176.7636880709716,172.3437325532308,64814129
2023-04-06 18:49:40.380001,GOOGL,166.84580612534978,166.37563485755092,167.61695835438687,165.44243065094585,88556539
2023-04-07 18:49:40.380001,GOOGL,175.10548783864854,176.18012083419197,178.10511592015203,173.8193528057921,197530532
2023-04-10 18:49:40.380001,GOOGL,177.94298448687292,177.88843395033416,178.81486406663163,174.83083508028153,100658154
2023-04-11 18:49:40.380001,GOOGL,180.61537647562216,180.83036162565213,180.73833748788837,180.25808906804707,61457670
2023-04-12 18:49:40.380001,GOOGL,181.18569914652093,181.38721655364625,181.53000468789892,178.9252070603277,130141318
2023-04-13 18:49:40.380001,GOOGL,188.20548979831818,186.53532778053705,189.75887492205035,186.22627136075047,167480296
2023-04-14 18:49:40.380001,GOOGL,187.0784773001803,188.24242234979195,187.77940803342173,184.42093232059287,123927068
2023-04-17 18:49:40.380001,GOOGL,182.05528535259006,182.58984939152,183.13190736358172,179.5897049043823,74312897
2023-04-18 18:49:40.380001,GOOGL,173.26764907133187,172.61070006759428,175.53769198339273,170.03192678638317,143540404
2023-04-19 18:49:40.380001,GOOGL,177.39714634716515,175.63955107009636,178.04076970466136,174.1374285228004,162490289
2023-04-20 18:49:40.380001,GOOGL,172.14949876453258,172.8827350863915,174.64959305603898,170.90174990173276,160722234
2023-04-21 18:49:40.380001,GOOGL,167.71025804772825,168.41628338398627,169.00883986166124,167.5081956070843,112435114
2023-04-24 18:49:40.380001,GOOGL,163.30137528983332,164.68597051427503,164.43233666801206,160.94064720509797,104895470
2023-04-25 18:49:40.380001,GOOGL,161.68162329888287,162.1809511159516,163.3238827790271,160.04238176477776,67401770
2023-04-26 18:49:40.380001,GOOGL,163.4971514086418,162.5892681068157,164.91495635945745,162.2363074491995,177949932
2023-04-27 18:49:40.380001,GOOGL,166.84935014259023,165.47173893057928,168.24080882670964,164.8554717168959,82879881
2023-04-28 18:49:40.380001,GOOGL,164.21476479555844,165.316984320729,166.72604033121087,163.53022153782624,184919195
2023-05-01 18:49:40.380001,GOOGL,166.74383305150144,167.62920060085307,167.19623644857379,164.43590301528863,97097668
2023-05-02 18:49:40.380001,GOOGL,168.34493469253943,168.0613575277103,168.41529508725338,167.1217303662848,140444148
2023-05-03 18:49:40.380001,GOOGL,167.93384086547596,168.97361276408225,168.24158444489623,164.67316581554712,77256522
2023-05-04 18:49:40.380001,GOOGL,165.09855026801827,166.37002057662795,165.2420566823501,165.06380237486468,100451440
2023-05-05 18:49:40.380001,GOOGL,165.23883129135484,164.96960495559054,166.594162325635,162.3453012003346,68245214
2023-05-08 18:49:40.380001,GOOGL,166.24788116187486,164.79835292844604,168.1918990029721,165.47122819054184,62295690
2023-05-09 18:49:40.380001,GOOGL,160.4701147580606,161.03850452865396,160.74870292991943,158.67925179651212,163553178
2023-05-10 18:49:40.380001,GOOGL,155.2966621118277,154.57202446030794,156.63778583223183,154.51759682593942,78817034
2023-05-11 18:49:40.380001,GOOGL,155.46619042375838,155.79880818084845,156.4552699162975,153.95785844688535,165537005
2023-05-12 18:49:40.380001,GOOGL,154.77852234360748,156.04134330490916,156.78547650718505,154.36876722977257,179565883
2023-05-15 18:49:40.380001,GOOGL,156.47456906642702,154.98779305578634,157.71470693555173,156.3588360045138,71703063
2023-05-16 18:49:40.380001,GOOGL,156.27158332529186,156.3938670710177,156.59843420581757,153.81394874803675,95327509
2023-05-17 18:49:40.380001,GOOGL,157.5854835603404,158.81579047017584,159.8368094408172,156.3399456202938,103978710
2023-05-18 18:49:40.380001,GOOGL,154.8796165449509,154.82868945787646,157.16945293908645,152.88234607409535,61839692
2023-05-19 18:49:40.380001,GOOGL,150.66328369502835,150.1222105382573,153.24396892888817,149.6558918046139,147766896
2023-05-22 18:49:40.380001,GOOGL,152.39389822975858,152.2739148089747,153.31202683504588,151.64517124839097,129193931
2023-05-23 18:49:40.380001,GOOGL,155.1791721689046,156.6750615917009,155.468768992334,154.66084503359554,101988536
2023-05-24 18:49:40.380001,GOOGL,157.25408186671052,156.70719949018215,159.62625845206603,156.29809702733945,52364244
2023-05-25 18:49:40.380001,GOOGL,155.7111153690207,154.1756851221115,157.05378085087582,154.6292902459417,158257910
2023-05-26 18:49:40.380001,GOOGL,156.15439039929058,157.6159831415073,157.45368910379514,155.9514807020636,87533719
2023-05-29 18:49:40.380001,GOOGL,163.8460862204253,165.1899230686723,164.9884227380129,163.2811661388149,61415704
2023-05-30 18:49:40.380001,GOOGL,158.06354089636378,156.56640828878918,160.9757479383524,157.73165124197564,128349653
2023-05-31 18:49:40.380001,GOOGL,160.5025573526975,160.6346014382226,162.2526046072442,157.36931844359123,120995424
2023-06-01 18:49:40.380001,GOOGL,154.04881000959546,153.92338843697257,156.34943279357196,151.57603533281122,72779479
2023-06-02 18:49:40.380001,GOOGL,152.21695832173145,152.64761632618433,154.92101107521964,150.00997648847093,181991426
2023-06-05 18:49:40.380001,GOOGL,152.97251260789187,153.85351541747752,155.6531479072104,151.9106847056472,96749358
2023-06-06 18:49:40.380001,GOOGL,155.77280650546646,155.11184120336637,158.72208314732327,153.32530258820495,169670953
2023-06-07 18:49:40.380001,GOOGL,155.73145780627402,156.38992511417135,158.1869770234816,154.93532959576115,92897744
2023-06-08 18:49:40.380001,GOOGL,157.64591660933834,157.71629829679352,157.95428140877655,156.93994980973378,142333656
2023-06-09 18:49:40.380001,GOOGL,149.37150386822032,149.83020525152833,149.8044133142268,148.9938430155009,176776967
2023-06-12 18:49:40.380001,GOOGL,149.4037336907283,147.92296606389925,150.56434344300317,148.37496565439477,184822515
2023-06-13 18:49:40.380001,GOOGL,151.83558422782846,151.28716739497744,153.30499710345993,150.2685591672742,165800838
2023-06-14 18:49:40.380001,GOOGL,148.52007446113365,149.14338279184605,150.48580367374925,146.87817993241964,145858909
2023-06-15 18:49:40.380001,GOOGL,145.81443704284257,146.06198959275204,147.9605671142579,143.29218740653957,161524513
2023-06-16 18:49:40.380001,GOOGL,138.86480071124882,139.8457932140473,139.1381950570371,136.49953175074373,66047541
2023-06-19 18:49:40.380001,GOOGL,135.24259763231873,134.07843224243686,135.38378884459456,134.77486535137177,85054390
2023-06-20 18:49:40.380001,GOOGL,135.850560759643,136.318538566199,137.98082537071002,135.8054038182642,79015823
2023-06-21 18:49:40.380001,GOOGL,132.4488399114241,132.52777489667622,134.86168674293728,130.34622856041426,93774942
2023-06-22 18:49:40.380001,GOOGL,131.69403730437742,132.78981038111087,132.4624819038705,131.59496302100712,157161059
2023-06-23 18:49:40.380001,GOOGL,134.18283344039696,134.2839924419386,135.44847235058023,131.68305874172427,119280033
2023-06-26 18:49:40.380001,GOOGL,130.43988633714164,129.22375069717052,132.79926708230718,129.0901011581794,102116893
2023-06-27 18:49:40.380001,GOOGL,132.59065148549908,133.2281106472969,133.76677292549232,130.56313572348725,152278149
2023-06-28 18:49:40.380001,GOOGL,133.95349733574844,134.33285827257305,134.05910590480661,133.27921098029532,179176380
2023-06-29 18:49:40.380001,GOOGL,132.26884420705937,132.56294076484573,133.71813745377514,131.6890430623708,181381395
2023-06-30 18:49:40.380001,GOOGL,128.490738066229,128.803219910716,130.7408604556231,126.08515984763467,138678698
2023-07-03 18:49:40.380001,GOOGL,127.95981344064616,127.48827691857713,128.49361424378475,127.53516715205707,80190352
2023-07-04 18:49:40.380001,GOOGL,128.97424776237247,128.18466737154958,130.68648166962248,128.0988823134184,116430253
2023-07-05 18:49:40.380001,GOOGL,124.17350134037082,124.24936633714086,126.18310460755947,121.93264260834285,159073562
2023-07-06 18:49:40.380001,GOOGL,123.13169570910277,122.26597139549833,124.3082480450516,122.68137486375542,102849849
2023-07-07 18:49:40.380001,GOOGL,123.3004343874987,123.1264018296223,124.3905603199897,122.05610637241864,168987080
2023-07-10 18:49:40.380001,GOOGL,117.22808739686664,118.14231930560896,117.79083757736372,117.15875475867189,155783004
2023-07-11 18:49:40.380001,GOOGL,114.35830807614794,114.0706288607869,115.57133627299505,114.15077067302312,102136900
2023-07-12 18:49:40.380001,GOOGL,116.96003063203503,115.87686225288921,118.94468981727692,114.71227541108395,155543563
2023-07-13 18:49:40.380001,GOOGL,115.58094095380407,115.88350688167266,115.66425380037674,114.2586798344971,138158070
2023-07-14 18:49:40.380001,GOOGL,119.85238425800654,119.30248323455713,121.65071299062117,117.84208693816947,50526328
2023-07-17 18:49:40.380001,GOOGL,124.66756099713173,125.57971297791194,125.88325034163995,123.85922752618158,111640040
2023-07-18 18:49:40.380001,GOOGL,117.42178545702602,116.51326934819882,117.87464520437373,116.87980670366554,186628965
2023-07-19 18:49:40.380001,GOOGL,109.97153844715243,110.3837246520661,111.6174922173704,108.64919279287312,133824915
2023-07-20 18:49:40.380001,GOOGL,110.83197917718272,110.01054099610249,111.48125850934566,110.37404175616435,85279464
2023-07-21 18:49:40.380001,GOOGL,109.83897122157335,109.19792360201029,110.8524624491477,108.12151839260608,125914662
2023-07-24 18:49:40.380001,GOOGL,109.626796648282,108.80776246282186,110.02006736696136,108.09182924070477,195501764
2023-07-25 18:49:40.380001,GOOGL,112.18485518739593,111.3001705341309,114.06663831174231,110.46668376775315,171785927
2023-07-26 18:49:40.380001,GOOGL,113.97707513569824,113.02705564758979,115.36558416679334,113.85706014566554,164215257
2023-07-27 18:49:40.380001,GOOGL,113.13449689808121,113.335097328624,114.22102345273078,110.9597460611163,143921415
2023-07-28 18:49:40.380001,GOOGL,115.08481087516438,114.01000274874394,116.77868842566978,114.24198526941186,63464965
2023-07-31 18:49:40.380001,GOOGL,120.81661548118147,120.42099937210371,121.56340706025496,120.2823175962733,119184022
2023-08-01 18:49:40.380001,GOOGL,117.43989129835062,117.37629829372435,117.59091895871796,116.78590431290161,137214227
2023-08-02 18:49:40.380001,GOOGL,122.71344894261519,123.60630103656696,124.89215864898954,122.11982407244119,58697143
2023-08-03 18:49:40.380001,GOOGL,122.82133255035954,123.9126277355843,123.03391880471806,121.76446286076451,187116742
2023-08-04 18:49:40.380001,GOOGL,126.18244929457708,127.11106395549315,128.10257246125502,125.30366287103298,196359994
2023-08-07 18:49:40.380001,GOOGL,122.39797864371398,121.69339669417813,123.27153506581516,121.49267354165539,181091649
2023-08-08 18:49:40.380001,GOOGL,119.88317736439315,118.69776911123647,120.01591843759448,118.81190044013597,57841302
2023-08-09 18:49:40.380001,GOOGL,122.18125718418648,123.1133467253208,122.39837542464858,121.56259558224096,98067060
2023-08-10 18:49:40.380001,GOOGL,119.39198495966359,119.19912837648467,120.94369253214056,117.89296001689532,108974487
2023-08-11 18:49:40.380001,GOOGL,118.5485016497156,119.724346453637,119.33312725372338,117.98713965292502,76708281
2023-08-14 18:49:40.380001,GOOGL,118.5070480612834,117.69704195040104,119.24375859382376,117.36123370211314,118275977
2023-08-15 18:49:40.380001,GOOGL,124.2739545675364,124.10544899650748,126.52253367061587,122.04674490755686,176797300
2023-08-16 18:49:40.380001,GOOGL,122.62648725144435,122.71631432992648,124.14337570790991,121.09575999037204,185306901
2023-08-17 18:49:40.380001,GOOGL,118.65345888811783,118.56296756576498,119.064451768021,118.36038617965143,160753249
2023-08-18 18:49:40.380001,GOOGL,120.40206243127238,119.8563869474609,121.31158714836259,119.4536090646832,155478458
2023-08-21 18:49:40.380001,GOOGL,120.14762338105218,121.21078061415771,121.98611349586811,118.36374419095861,72722844
2023-08-22 18:49:40.380001,GOOGL,117.19036826212685,116.99428163324674,118.68803199545376,115.28655950269453,75371207
2023-08-23 18:49:40.380001,GOOGL,119.52863187023075,120.11885694238606,120.4468545652303,118.63242102068875,101150559
2023-08-24 18:49:40.380001,GOOGL,120.57123353474962,121.1409083703467,121.46595573834489,118.38795459796943,143593013
2023-08-25 18:49:40.380001,GOOGL,122.08417100684974,122.66918917202929,123.17678214426338,120.63361745382291,128546227
2023-08-28 18:49:40.380001,GOOGL,119.81973613615483,120.9769435694129,121.20327224809819,119.1000591478368,178450069
2023-08-29 18:49:40.380001,GOOGL,120.54426234200793,119.36772365656496,120.98438021342152,119.26697072377125,159582730
2023-08-30 18:49:40.380001,GOOGL,123.18266222718096,122.12813995428853,125.64340844984712,121.40969991886377,129149708
2023-08-31 18:49:40.380001,GOOGL,123.1744064683439,122.4582478189529,124.38170815108931,121.68856107877734,121151245
2023-09-01 18:49:40.380001,GOOGL,126.81486434602552,127.38040331006334,128.47862590336408,126.68079542193838,191502396
2023-09-04 18:49:40.380001,GOOGL,125.03497829199019,126.14969111273025,126.18033054790531,123.91347395327534,50994737
2023-09-05 18:49:40.380001,GOOGL,118.09254314093344,117.94635238688119,119.08444737328652,115.85612370077038,113216115
2023-09-06 18:49:40.380001,GOOGL,120.68943289549759,119.54124244705186,120.69663259254853,118.63828854903137,136873365
2023-09-07 18:49:40.380001,GOOGL,124.40043636647634,125.08526777675642,126.57420871287302,122.58302309048732,140291645
2023-09-08 18:49:40.380001,GOOGL,123.51611035775841,122.29222881359237,124.73682324678862,123.49653925838105,56947793
2023-09-11 18:49:40.380001,GOOGL,125.86541244092979,125.99062690157939,127.06612374525255,125.26060900491693,106242874
2023-09-12 18:49:40.380001,GOOGL,121.44838256142457,120.67544963700253,123.72194372986374,120.01561127839187,139233865
2023-09-13 18:49:40.380001,GOOGL,123.36697888145827,122.25884098263593,124.4878191219109,122.40114568378476,181949456
2023-09-14 18:49:40.380001,GOOGL,122.30420219512634,121.83837979265984,123.63669064567407,120.42560836406666,129957237
2023-09-15 18:49:40.380001,GOOGL,120.38487399665107,120.07322083129206,120.41657366785766,119.17657027958248,124938235
2023-09-18 18:49:40.380001,GOOGL,123.28382815842767,124.15439480733583,124.24066879534087,122.16930355419534,188458546
2023-09-19 18:49:40.380001,GOOGL,122.29238100388487,122.33281475164546,122.72413797410225,120.8680354444164,59860725
2023-09-20 18:49:40.380001,GOOGL,115.71170349770155,115.70578250525645,117.86632362938353,114.41474727035319,161311771
2023-09-21 18:49:40.380001,GOOGL,115.96953340892205,115.01018709913514,117.40273908514749,114.1385629770448,68012363
2023-09-22 18:49:40.380001,GOOGL,122.9589645393347,121.8831826955849,124.45415883726021,121.83720342476349,149011482
2023-09-25 18:49:40.380001,GOOGL,119.91475883554313,120.70870653958413,121.80309254953082,118.78083317549542,161061029
2023-09-26 18:49:40.380001,GOOGL,114.53377109779154,114.08466300486843,116.69369718710361,114.12900519146584,112006900
2023-09-27 18:49:40.380001,GOOGL,112.90147532055794,112.4560810692175,113.7152622332286,111.14673429093705,112762072
2023-09-28 18:49:40.380001,GOOGL,110.07417100456846,109.61885263888921,112.10864496657943,109.26818662468352,134105014
2023-09-29 18:49:40.380001,GOOGL,108.80089254601927,109.15208110595316,109.94260780525624,106.63404835588109,104910406
2023-10-02 18:49:40.380001,GOOGL,110.19462913155598,110.44348115988554,111.727338390756,109.98454470139782,57385490
2023-10-03 18:49:40.380001,GOOGL,114.77713712990803,115.15901205876636,115.7860583319749,114.54714752615713,135772405
2023-10-04 18:49:40.380001,GOOGL,120.45290063254859,120.35508700747376,121.04155120541694,120.17321939146758,55171080
2023-10-05 18:49:40.380001,GOOGL,116.33607750825486,116.97678291350378,117.6684352061186,116.11385286996818,112437165
2023-10-06 18:49:40.380001,GOOGL,118.21054824433023,117.14132792176659,119.6453110661222,117.17760025234453,95122529
2023-10-09 18:49:40.380001,GOOGL,118.07944286740387,117.9855430633372,119.40941532565083,117.3756360207165,198891162
2023-10-10 18:49:40.380001,GOOGL,116.04258060265266,117.09333072449702,116.75919032327617,115.58668752115352,191115232
2023-10-11 18:49:40.380001,GOOGL,118.74545111075128,118.39600716535463,119.37125127897006,116.62066396576405,163296352
2023-10-12 18:49:40.380001,GOOGL,117.32982911425137,117.36317633704205,118.95307581636708,115.44427031358006,195547562
2023-10-13 18:49:40.380001,GOOGL,116.80374306124467,116.27138082699113,117.72270514739873,115.24183509975651,148929638
2023-10-16 18:49:40.380001,GOOGL,115.12444797187567,114.00019462217288,115.44846454885301,114.83423402832081,198177070
2023-10-17 18:49:40.380001,GOOGL,115.137922295664,115.50956668043658,115.45058743403166,114.65178981833736,152536026
2023-10-18 18:49:40.380001,GOOGL,120.54275376605423,119.7622830276024,121.5677324426352,118.6910172130201,177285589
2023-10-19 18:49:40.380001,GOOGL,124.35892401931659,124.06631541563216,124.54888860461125,122.70617240794405,115837950
2023-10-20 18:49:40.380001,GOOGL,120.76837391836787,120.41979832654641,122.15394906061027,120.32279256692048,84772258
2023-10-23 18:49:40.380001,GOOGL,121.57350228252515,121.41209239819882,121.73205981803972,119.34580317056074,175899940
2023-10-24 18:49:40.380001,GOOGL,125.09242658394082,125.88939071131296,127.19256476615756,123.44617584490891,189775299
2023-10-25 18:49:40.380001,GOOGL,123.13953237625847,121.94353990544869,124.72581767063711,121.35728402079783,183954519
2023-10-26 18:49:40.380001,GOOGL,118.70543564615373,117.82579221628849,120.65667213931665,117.17713026823962,177836090
2023-10-27 18:49:40.380001,GOOGL,122.45287833282796,122.95012570262494,123.43469583069356,120.55488174157998,164126673
2023-10-30 18:49:40.380001,GOOGL,121.32258186372019,120.23440837209972,121.35970077562104,120.85105913092669,126805439
2023-10-31 18:49:40.380001,GOOGL,125.83766659586506,126.69943258710342,126.10703230821409,124.99499440271221,58684830
2023-11-01 18:49:40.380001,GOOGL,127.50117582543797,126.67071674468912,129.20350134171082,126.41142108655043,105603285
2023-11-02 18:49:40.380001,GOOGL,129.05850340114017,129.5192501404388,129.2452102937382,128.85588807674694,185564469
2023-11-03 18:49:40.380001,GOOGL,133.5825506707015,133.7421467399563,133.87357611277608,131.10191613174078,198180236
2023-11-06 18:49:40.380001,GOOGL,135.05688461206728,136.0973356745716,137.38907511129509,133.5596142734743,71480637
2023-11-07 18:49:40.380001,GOOGL,129.72321846535854,128.43099759377355,130.3540117754473,128.85116597677975,130523873
2023-11-08 18:49:40.380001,GOOGL,133.18825168771323,133.87642170729285,134.89214098241885,131.6977291403711,111579356
2023-11-09 18:49:40.380001,GOOGL,132.95669683446772,131.8959938743608,135.03259852726194,131.38065677870011,59492009
2023-11-10 18:49:40.380001,GOOGL,138.27701783107827,139.0208862756954,139.3654919156663,137.24126414219185,150992225
2023-11-13 18:49:40.380001,GOOGL,141.5828613725812,142.671596734674,142.76752566082135,141.36347784795873,95957640
2023-11-14 18:49:40.380001,GOOGL,144.26578710513022,145.37407495243855,146.13153599243864,143.9879949711281,167916367
2023-11-15 18:49:40.380001,GOOGL,151.5724126995281,150.48607609389435,154.20345628502798,149.95514776857695,145385617
2023-11-16 18:49:40.380001,GOOGL,147.52478632502388,147.87911513007543,149.64622329774616,147.0193045227862,131005319
2023-11-17 18:49:40.380001,GOOGL,146.32606912591046,147.31141856853634,147.58074837952807,144.7974096379866,76535660
2023-11-20 18:49:40.380001,GOOGL,144.83443350231377,145.54705533790954,145.21715288621894,144.20851336569945,58797058
2023-11-21 18:49:40.380001,GOOGL,144.9418368111171,146.18601175319597,146.21151664816605,144.66945945001314,61559926
2023-11-22 18:49:40.380001,GOOGL,142.40901200422124,142.93533539970517,144.94027164736912,140.24313422254076,173098199
2023-11-23 18:49:40.380001,GOOGL,138.77500848810124,138.4272739537948,140.68130849229533,136.61792387622216,73608993
2023-11-24 18:49:40.380001,GOOGL,143.70309810530148,142.47823077355284,144.3856550494944,141.58498373409782,75704389
2023-11-27 18:49:40.380001,GOOGL,146.77705911673178,145.80275676815867,149.22871292311527,145.14298971432888,168807164
2023-11-28 18:49:40.380001,GOOGL,150.60258262909002,150.55141948497786,153.52530989430915,149.72557620724987,157691874
2023-11-29 18:49:40.380001,GOOGL,155.6044658544592,156.29230562849992,158.56521799175258,152.53065269659987,55819593
2023-11-30 18:49:40.380001,GOOGL,165.6703020052173,164.99574379669778,167.13716994776928,162.44612331615326,194862212
2023-12-01 18:49:40.380001,GOOGL,171.93952365306197,171.27520900694367,172.41556319348697,168.5799074522291,184673800
2023-12-04 18:49:40.380001,GOOGL,172.28710137439603,170.9517151324258,175.0784884792299,170.73159989011705,135715813
2023-12-05 18:49:40.380001,GOOGL,170.97080339410692,170.33892992581963,172.5947238859734,168.83162909902887,68254503
2023-12-06 18:49:40.380001,GOOGL,174.25678452389283,173.89600152884591,176.11735160617079,171.09414934786514,173486187
2023-12-07 18:49:40.380001,GOOGL,181.74049351658937,180.62325035441344,184.16167098465695,181.43073268954308,167109411
2023-12-08 18:49:40.380001,GOOGL,190.77900354940664,191.7856104990397,191.2875548789865,189.94736988687816,140562380
2023-12-11 18:49:40.380001,GOOGL,186.09896474362924,186.5518629845493,189.02226774261703,185.68098067263608,104933779
2023-12-12 18:49:40.380001,GOOGL,183.78832275884386,185.08839047971094,184.57560502409206,183.10782709855414,199114236
2023-12-13 18:49:40.380001,GOOGL,186.65444497192883,185.29680064541012,186.92305363670357,183.82230077748545,190566567
2023-12-14 18:49:40.380001,GOOGL,185.34378342829825,185.59055581874767,187.46078350781784,183.01986442381292,115209845
2023-12-15 18:49:40.380001,GOOGL,185.16081955484083,183.4004382894659,186.47335468396165,181.97929221207744,100795635
2023-12-18 18:49:40.380001,GOOGL,188.22990762039342,188.75544776976568,191.06866746185634,186.25658765063397,135582202
2023-12-19 18:49:40.380001,GOOGL,191.82826668058667,191.50489946366056,193.679764854659,188.498232600702,166991882
2023-12-20 18:49:40.380001,GOOGL,178.5259016232599,177.70143278059254,181.20924416036715,176.6027827338512,94821881
2023-12-21 18:49:40.380001,GOOGL,179.49822198612392,180.65331262566954,180.29574239417738,176.0022505495665,138918069
2023-12-22 18:49:40.380001,GOOGL,181.72239851951926,181.17091368025288,184.35609780259907,180.65803514858513,193254376
2023-12-25 18:49:40.380001,GOOGL,183.09484992054044,184.36697943541023,186.320039710973,181.91204942281502,100479904
2023-12-26 18:49:40.380001,GOOGL,184.89165175640977,185.562341144033,188.34108397772022,181.5616435217569,56206808
2023-12-27 18:49:40.380001,GOOGL,183.326553195495,182.6380164790395,186.21794599457417,182.92224752542649,107334230
2023-12-28 18:49:40.380001,GOOGL,180.6939157324148,180.0868565799806,183.72317637836238,177.43757020095993,65405286
2023-12-29 18:49:40.380001,GOOGL,180.7131607234624,179.7706944774925,180.87442145793852,178.936777661786,145396768
2024-01-01 18:49:40.380001,GOOGL,188.8631423096305,188.86425910627068,189.88627599731714,188.46935135902623,54526772
2024-01-02 18:49:40.380001,GOOGL,198.71447739291244,198.6418710433999,201.75353768069644,197.26318418353907,176406792
2024-01-03 18:49:40.380001,GOOGL,200.57184909523556,199.448327323436,203.7452931123511,198.6197123134711,184634831
2024-01-04 18:49:40.380001,GOOGL,200.40335422440344,200.81495036591312,201.0234442371919,198.9966744630899,169859518
2024-01-05 18:49:40.380001,GOOGL,204.42121562354387,204.76496297400433,205.5461868037787,202.0499865434764,164384128
2024-01-08 18:49:40.380001,GOOGL,192.58791340085193,191.82777431184454,194.0000477082385,189.81792033412083,131661040
2024-01-09 18:49:40.380001,GOOGL,192.1897482965724,193.0800156385457,195.47613610390835,191.2348079522376,168029376
2024-01-10 18:49:40.380001,GOOGL,195.84414442801994,196.1917975117011,198.03884105088318,195.01694738509516,155179082
2024-01-11 18:49:40.380001,GOOGL,188.960293620693,187.57969202327112,190.3370876458831,188.29119121804897,146919524
2024-01-12 18:49:40.380001,GOOGL,180.2120506440406,178.64101897115137,181.03769251781102,180.06440202709805,145998756
2024-01-15 18:49:40.380001,GOOGL,183.7751833878048,185.29595993404158,184.67684828772212,181.33046180617515,92549303
2024-01-16 18:49:40.380001,GOOGL,194.55504947475532,193.13215172739928,196.36183878283896,192.26058595846985,149147847
2024-01-17 18:49:40.380001,GOOGL,193.94629777921264,194.15521635975435,194.5021577967063,193.51922488984684,188943751
2024-01-18 18:49:40.380001,GOOGL,194.93710812601162,195.8308904652065,196.30308661617693,193.348481044118,125858811
2024-01-19 18:49:40.380001,GOOGL,194.13107744877405,193.5298364640794,195.83024018566357,190.4426608003252,141963495
2024-01-22 18:49:40.380001,GOOGL,197.8903806359357,198.2840177851991,199.7952068901207,195.05935505147883,135577774
2024-01-23 18:49:40.380001,GOOGL,188.06751376434698,187.8779917718337,190.41511736190517,185.896019571361,87958265
2024-01-24 18:49:40.380001,GOOGL,181.59972444147147,181.00016612814707,183.28165585425825,179.7964372874749,76994493
2024-01-25 18:49:40.380001,GOOGL,169.7649916491537,170.91118907190642,170.2934018085522,168.59136604511005,129837794
2024-01-26 18:49:40.380001,GOOGL,170.14900028738253,169.0210151132284,172.34181634798682,169.00958884155853,102994511
2024-01-29 18:49:40.380001,GOOGL,174.8637583118708,173.38057928790306,178.22977639053906,171.50921093450444,80823067
2024-01-30 18:49:40.380001,GOOGL,188.94508372915715,190.44776019449998,190.49795315046183,187.5755081889547,56281540
2024-01-31 18:49:40.380001,GOOGL,179.39800040860777,180.99834807822896,181.03926921003855,178.11972969028508,94065912
2024-02-01 18:49:40.380001,GOOGL,166.7006469664405,167.81088843852308,168.28663479962444,166.0875384174024,134900230
2024-02-02 18:49:40.380001,GOOGL,165.48253372691852,166.64320161675894,167.8794261729957,162.28397402772686,68614239
2024-02-05 18:49:40.380001,GOOGL,173.7324806512117,172.87813660325483,176.8646463721716,172.24134797092384,115786283
2024-02-06 18:49:40.380001,GOOGL,169.3743519195642,169.83557106099283,171.22668771258745,166.74718262029114,120254334
2024-02-07 18:49:40.380001,GOOGL,167.9654118656443,166.54888848510558,169.7078576727581,167.12839713228678,197140020
2024-02-08 18:49:40.380001,GOOGL,161.8850050161932,163.3177113597989,163.27746161683717,161.78058065654562,65598829
2024-02-09 18:49:40.380001,GOOGL,149.3482080364314,148.3763715343476,152.1029141660954,148.54193249267655,102673639
2024-02-12 18:49:40.380001,GOOGL,145.14586199103954,144.06158187123683,147.78060619048162,142.79070728355734,154833395
2024-02-13 18:49:40.380001,GOOGL,144.01817831139198,143.01972532044522,145.3054629536659,141.39562279413906,101158058
2024-02-14 18:49:40.380001,GOOGL,149.42388485657546,149.338255322229,150.88772872865928,146.79693610152736,104151827
2024-02-15 18:49:40.380001,GOOGL,152.83483193934427,153.97848659240572,153.6146565391133,152.2882629328248,173168762
2024-02-16 18:49:40.380001,GOOGL,151.50410708135595,152.02515174251513,152.81808393154944,150.30541139390553,144580117
2024-02-19 18:49:40.380001,GOOGL,150.48032895970704,149.7852030963527,153.3418523795178,149.24742852724307,57590707
2024-02-20 18:49:40.380001,GOOGL,146.71793183062744,145.92461361765484,147.4955067626609,143.80829228131861,144435454
2024-02-21 18:49:40.380001,GOOGL,147.77364253960783,146.97521002548314,150.70437811294718,144.98602209311935,150275236
2024-02-22 18:49:40.380001,GOOGL,152.5859288534359,152.7216116591984,153.46693313254164,150.66488821401782,97283519
2024-02-23 18:49:40.380001,GOOGL,151.9002593901949,152.30030503127492,153.34054705414025,148.9577184039036,123578612
2024-02-26 18:49:40.380001,GOOGL,148.68125551427372,147.413349514039,149.89355270524646,146.37169305291775,127359194
2024-02-27 18:49:40.380001,GOOGL,146.88794397005023,146.45710928418637,148.89476731156728,145.8468477153538,53209371
2024-02-28 18:49:40.380001,GOOGL,151.84147850314218,150.96226735158749,154.85840276740294,150.73994914147383,52395842
2024-02-29 18:49:40.380001,GOOGL,148.29311170747687,148.40432277453968,151.00347448058838,147.32851569904477,166779420
2024-03-01 18:49:40.380001,GOOGL,137.80727682474398,138.54251890867488,139.58013563539848,135.57702873627377,74943629
2024-03-04 18:49:40.380001,GOOGL,137.01691740525524,136.44051867876996,138.97362212427478,134.85694061897385,123761514
2024-03-05 18:49:40.380001,GOOGL,132.25034310260676,131.98672410145315,133.91786775730583,130.68017848693987,152479606
2024-03-06 18:49:40.380001,GOOGL,128.86727299693834,129.73343211856212,131.25176561669693,127.97233913268893,174867775
2024-03-07 18:49:40.380001,GOOGL,127.13512626969302,128.10349204266603,128.1502668297019,125.55083826355373,56062675
2024-03-08 18:49:40.380001,GOOGL,126.44317914771818,125.18968975425827,128.67378625107523,124.50862063365177,152501095
2024-03-11 18:49:40.380001,GOOGL,124.76327650821551,123.90430159963685,125.40322776365875,123.54376841346203,160549243
2024-03-12 18:49:40.380001,GOOGL,131.69150666705704,130.88322269458905,133.59763621526795,129.2959631364539,134528934
2024-03-13 18:49:40.380001,GOOGL,131.49437143379447,131.05437943569072,132.91651830687775,129.39931190955414,94153211
2024-03-14 18:49:40.380001,GOOGL,128.0490424514621,127.3545754581062,129.47037302203907,126.1750143609607,111681556
2024-03-15 18:49:40.380001,GOOGL,126.08870626922912,127.22194817669615,126.19130150152354,125.34258048605328,84505211
2024-03-18 18:49:40.380001,GOOGL,122.0932722981253,121.4523913189118,124.5016172104424,121.63601995112109,91666382
2024-03-19 18:49:40.380001,GOOGL,122.603096362794,121.58372501694724,122.87197897054126,120.34355083468311,78458114
2024-03-20 18:49:40.380001,GOOGL,122.672180418399,122.0463851930682,124.70386053443431,121.81925205465537,144480638
2024-03-21 18:49:40.380001,GOOGL,125.40725134143842,125.68405281924164,126.35939277563618,124.46222049140465,81545144
2024-03-22 18:49:40.380001,GOOGL,129.76394044102506,129.51888098358356,132.06932148256033,127.41676531960965,109238597
2024-03-25 18:49:40.380001,GOOGL,130.92341842637498,130.1152616606041,131.22750728171778,129.36805251083896,189163694
2024-03-26 18:49:40.380001,GOOGL,137.05840891298695,136.39536152961549,139.61212761561944,135.00194892396772,58473243
2024-03-27 18:49:40.380001,GOOGL,126.93757624845321,125.83516950017919,127.32842969711359,126.38297688535724,71744640
2024-03-28 18:49:40.380001,GOOGL,131.47274431469577,131.30973207299155,133.86321685788843,130.4788087408522,81506177
2024-03-29 18:49:40.380001,GOOGL,128.54759615064975,128.37380411353075,128.70896923013652,128.2422137251427,84727979
2024-04-01 18:49:40.380001,GOOGL,128.85482235127117,127.92470753143239,131.23822077142478,127.69286787731751,71890642
2024-04-02 18:49:40.380001,GOOGL,134.39441549095127,134.8812557546706,136.05982661386818,133.89888133015256,152084505
2024-04-03 18:49:40.380001,GOOGL,140.56347355440607,140.6466228263363,142.4138106258417,138.1364415053377,194033916
2024-04-04 18:49:40.380001,GOOGL,142.58183241030224,142.47276360117695,142.97225743968454,140.85389351665665,188377428
2024-04-05 18:49:40.380001,GOOGL,147.19380107443646,146.61216278341215,147.64712539013644,144.79059208327155,109618289
2024-04-08 18:49:40.380001,GOOGL,145.61883250513733,145.43805605935864,148.34658624960247,143.1278290433293,122564632
2024-04-09 18:49:40.380001,GOOGL,154.22316615793807,153.45104188122883,155.05897415116664,153.24517107100323,90084407
2024-04-10 18:49:40.380001,GOOGL,146.1351598840443,145.96504982308545,148.91471663281453,144.28623058420894,82542352
2024-04-11 18:49:40.380001,GOOGL,152.85829344031558,151.45984842272577,155.6596320025797,149.80126603058275,168084105
2024-04-12 18:49:40.380001,GOOGL,149.19513751165223,148.0419818481681,150.66997977402417,148.76127983839507,53929836
2024-04-15 18:49:40.380001,GOOGL,149.9440002363067,150.76380757718925,150.34419455091594,147.1672146207569,149345606
2024-04-16 18:49:40.380001,GOOGL,156.79905146909425,157.22187698666374,158.77686165561542,153.92394068274302,191923956
2024-04-17 18:49:40.380001,GOOGL,152.70126027647095,153.20652180824854,154.3308538363533,150.15124286623268,136288417
2024-04-18 18:49:40.380001,GOOGL,162.4839030734196,163.81086317621796,165.20164935824178,162.3878246728149,150643075
2024-04-19 18:49:40.380001,GOOGL,162.57445977661044,163.8105072662822,165.14184351502874,162.36698487644242,93771727
2024-04-22 18:49:40.380001,GOOGL,164.4582294997718,164.94233181812425,165.11942399306025,163.72688406220027,117450185
2024-04-23 18:49:40.380001,GOOGL,171.05121407220844,171.4049276934119,172.30630460946364,168.93560964223,55708903
2024-04-24 18:49:40.380001,GOOGL,180.00287420835915,180.80762202874988,181.10048087310955,177.5654492078286,138605495
2024-04-25 18:49:40.380001,GOOGL,182.70932833659816,182.64454510443264,184.98142579418098,181.81522372065268,140777883
2024-04-26 18:49:40.380001,GOOGL,177.6456026494015,176.42004700713656,178.82821472799063,176.79705414389733,194414304
2024-04-29 18:49:40.380001,GOOGL,178.80956418004223,178.9430077751689,179.97259455971943,178.68500624561077,159650485
2024-04-30 18:49:40.380001,GOOGL,179.71999598670564,181.40707001660482,180.62094955920657,179.0392546132492,172029296
2024-05-01 18:49:40.380001,GOOGL,172.15783250513292,171.08753024340965,172.3154440572632,168.93565867588057,159976591
2024-05-02 18:49:40.380001,GOOGL,177.57852388118386,176.4424116509513,180.85925821262376,176.61242588373622,93582374
2024-05-03 18:49:40.380001,GOOGL,178.7981857102252,177.84188675522205,180.00707343504814,178.72020096527132,188063649
2024-05-06 18:49:40.380001,GOOGL,174.69260164602906,174.85193708880706,175.17500941167447,174.0059657239372,146816461
2024-05-07 18:49:40.380001,GOOGL,171.21730899884903,171.15076575651798,172.8087062611971,170.36489030682233,139103988
2024-05-08 18:49:40.380001,GOOGL,165.23770017541014,164.5951242364861,165.74343626928476,163.85470177650737,170667877
2024-05-09 18:49:40.380001,GOOGL,162.9536024398389,161.7807169420647,163.11006582193943,161.5355460253159,54625275
2024-05-10 18:49:40.380001,GOOGL,159.51300523809996,158.1504437604803,162.15233095300513,157.14873794928266,79331344
2024-05-13 18:49:40.380001,GOOGL,155.5663345975679,154.63405586276636,158.20329720082015,153.85768243640462,164546321
2024-05-14 18:49:40.380001,GOOGL,159.52517791727388,158.69283195888394,161.35341554308428,156.663529153203,128177822
2024-05-15 18:49:40.380001,GOOGL,154.41466697033988,153.24523833477073,154.67866343219114,153.11170876085583,53191929
2024-05-16 18:49:40.380001,GOOGL,144.46673656199562,143.7783167450931,145.15985775365388,142.88668783241073,149649922
2024-05-17 18:49:40.380001,GOOGL,143.1334909707524,144.26877187934363,145.34929848560546,141.64662640209704,99911594
2024-05-20 18:49:40.380001,GOOGL,133.08320330218393,134.32763297454926,133.7184245048198,130.70920090236564,124107512
2024-05-21 18:49:40.380001,GOOGL,129.31661051780765,129.12322365987518,130.8504653250748,129.03412182175086,61202508
2024-05-22 18:49:40.380001,GOOGL,132.6626990610846,132.31505677958296,133.319896657338,131.7541991513925,141981202
2024-05-23 18:49:40.380001,GOOGL,132.81228446146176,131.5285815909281,133.776119419677,130.47174711997945,63612542
2024-05-24 18:49:40.380001,GOOGL,134.07267532160904,135.1426992764791,134.56590663605775,131.42740911848503,90765590
2024-05-27 18:49:40.380001,GOOGL,135.14483741586946,134.32738717909925,137.7229817723569,135.00041517713575,177873633
2024-05-28 18:49:40.380001,GOOGL,131.86884909161017,131.54307974952633,132.03972898876268,130.19355132413855,169219359
2024-05-29 18:49:40.380001,GOOGL,132.17083493405076,131.16357425390828,133.36395161625794,131.46769458302373,139293038
2024-05-30 18:49:40.380001,GOOGL,130.66196242154183,131.283202426696,131.34665368395017,128.28807951972826,96064131
2024-05-31 18:49:40.380001,GOOGL,126.89195875862367,125.72729959862295,129.36242071545493,126.75543408026537,164635390
2024-06-03 18:49:40.380001,GOOGL,125.39778310622009,124.25362804924164,127.22622444447185,124.13794960839992,50034107
2024-06-04 18:49:40.380001,GOOGL,129.31587677786737,129.47588761686208,131.43749975287855,128.98163986424038,125539914
2024-06-05 18:49:40.380001,GOOGL,133.78183086156437,134.84143727699066,134.23718847832058,131.3387524610672,167338821
2024-06-06 18:49:40.380001,GOOGL,130.97174550336584,130.37808515943726,132.76167694249912,129.69271632997234,96538924
2024-06-07 18:49:40.380001,GOOGL,123.93552461906027,122.77710722862342,125.8536305354072,121.72586579984906,64497301
2024-06-10 18:49:40.380001,GOOGL,125.85751642783138,126.72957912383613,128.21335475458997,125.68662417716115,136411123
2024-06-11 18:49:40.380001,GOOGL,130.912958098607,131.59629296808237,133.43109670855665,130.00672462426564,186729815
2024-06-12 18:49:40.380001,GOOGL,133.7581675052489,134.60088341948804,134.78946657945647,132.30144720684368,143029827
2024-06-13 18:49:40.380001,GOOGL,137.95803752618272,138.51793737613778,139.28246623364757,137.34617434712015,166672234
2024-06-14 18:49:40.380001,GOOGL,139.54161859557166,138.5619361104876,142.0768819715606,138.01051671609906,72189154
2024-06-17 18:49:40.380001,GOOGL,144.44401551193906,144.93293677464766,145.8590481933371,143.2368305215929,108240486
2024-06-18 18:49:40.380001,GOOGL,151.14117951718404,150.6933214764102,151.2665958801318,151.11460039165746,77755924
2024-06-19 18:49:40.380001,GOOGL,156.5895564755619,155.51379898544022,157.89372717414398,156.2683716089038,133320477
2024-06-20 18:49:40.380001,GOOGL,161.8180373747783,161.4957688691526,162.8337436520161,159.74557109450626,156544725
2024-06-21 18:49:40.380001,GOOGL,163.9751748317381,162.6209306465819,166.19587090121402,162.0632752244332,78455560
2024-06-24 18:49:40.380001,GOOGL,166.7164711479029,167.28966602938442,168.65697891282082,165.03028607412648,108897329
2024-06-25 18:49:40.380001,GOOGL,161.86738610420502,160.57329107599045,163.4596869210724,158.98940684407944,119845067
2024-06-26 18:49:40.380001,GOOGL,155.36816490416652,156.03149319009552,156.95182970521182,153.52321104964938,114715327
2024-06-27 18:49:40.380001,GOOGL,153.6869657492754,154.5266370412181,153.85678907898296,152.643169277649,157628942
2024-06-28 18:49:40.380001,GOOGL,154.14937838563358,155.53030351170503,155.8512498946499,152.2227887768899,113290557
2024-07-01 18:49:40.380001,GOOGL,157.48014169274782,158.93988358564124,158.62602749190816,154.67215283560486,140834672
2024-07-02 18:49:40.380001,GOOGL,161.79946188585987,160.52358629514217,162.7188482223157,159.83242960831393,125189952
2024-07-03 18:49:40.380001,GOOGL,159.99854132280942,161.02990942694407,162.11176332682504,156.8894874490546,155725083
2024-07-04 18:49:40.380001,GOOGL,160.0347530180906,160.2977737894001,162.47039270063246,158.66570170769324,170658716
2024-07-05 18:49:40.380001,GOOGL,162.85470041026656,163.28203688287442,165.2861584760647,159.6580482947814,153844102
2024-07-08 18:49:40.380001,GOOGL,159.36722181598012,158.3987634601761,161.17519751626227,156.61723599907364,149529012
2024-07-09 18:49:40.380001,GOOGL,163.98235953746752,162.607049084993,164.2620988701545,162.5438881799315,151405751
2024-07-10 18:49:40.380001,GOOGL,160.57589329177765,161.33420851348293,161.55396946329844,158.9295537782631,119878422
2024-07-11 18:49:40.380001,GOOGL,160.886735223214,159.61461012230927,162.22729513832783,160.38868999773527,187345213
2024-07-12 18:49:40.380001,GOOGL,155.05109232333186,154.33297097894697,155.95785456459598,153.2713545041141,126745734
2024-07-15 18:49:40.380001,GOOGL,155.35860662412014,155.7158729133706,156.96273878027208,154.84987973154986,94006799
2024-07-16 18:49:40.380001,GOOGL,150.4981220764283,151.200671856316,151.43749303702404,149.0122202152318,173475783
2024-07-17 18:49:40.380001,GOOGL,154.92685062057475,155.58006579159616,155.0317187368568,152.69154726313425,75200087
2024-07-18 18:49:40.380001,GOOGL,153.51345180644492,151.98151348932157,154.89969379700545,151.12422508132363,148526476
2024-07-19 18:49:40.380001,GOOGL,147.2759649102832,148.14344765000445,150.1316362946371,145.52030041946014,194961079
2024-07-22 18:49:40.380001,GOOGL,138.65489418432094,138.29339924771608,140.47319844404808,136.75389496940124,167702506
2024-07-23 18:49:40.380001,GOOGL,141.1534609680539,139.88452602317415,143.79455827480425,139.24052876870667,141106504
2024-07-24 18:49:40.380001,GOOGL,145.09548539747595,144.6331459358629,145.42267858638036,144.58915847360606,182195060
2024-07-25 18:49:40.380001,GOOGL,145.07175717338853,143.95481455398587,147.2589865177892,143.02903921247383,162923688
2024-07-26 18:49:40.380001,GOOGL,145.5169412335093,146.22931119241727,147.64157648011115,142.91662355931194,81912442
2024-07-29 18:49:40.380001,GOOGL,145.80194696330332,146.87922867212745,147.19512882058686,145.75543528921287,187476680
2024-07-30 18:49:40.380001,GOOGL,145.11000766490594,144.57963618790737,147.6851717338034,144.71429443301344,149016332
2024-07-31 18:49:40.380001,GOOGL,139.67732126996918,139.81045753380673,141.29120669891952,138.51639201634268,65077479
2024-08-01 18:49:40.380001,GOOGL,141.3462177143641,142.20160973759943,142.9698255754078,139.1231583865038,106051442
2024-08-02 18:49:40.380001,GOOGL,135.44936793403815,136.1835801590868,136.55002320156552,135.17093763012997,59293780
2024-08-05 18:49:40.380001,GOOGL,134.02772606221572,133.11433703001626,134.64209899567322,132.5511015461408,140975114
2024-08-06 18:49:40.380001,GOOGL,127.020386924375,126.07955928770134,129.4539553921781,126.11065446776027,121700730
2024-08-07 18:49:40.380001,GOOGL,126.66496143582437,125.67578715422262,129.13834188570004,125.4527734102336,191402001
2024-08-08 18:49:40.380001,GOOGL,124.84981394265468,124.80566161613744,127.23150679387133,122.7535213337572,124780220
2024-08-09 18:49:40.380001,GOOGL,123.72532030601116,123.53229403282242,124.25338394992279,121.42434995663126,60387971
2024-08-12 18:49:40.380001,GOOGL,126.40751898422417,127.43770905540089,126.64113204952922,126.39894909839606,183610186
2024-08-13 18:49:40.380001,GOOGL,121.81334972478265,122.39416953971588,122.33283789000035,120.397992882142,198926631
2024-08-14 18:49:40.380001,GOOGL,120.82141246450534,120.8829291647294,120.91448992856972,119.91020150665,196944510
2024-08-15 18:49:40.380001,GOOGL,116.73380793714286,116.58505093486556,119.05231842375397,114.74446747976845,159796448
2024-08-16 18:49:40.380001,GOOGL,115.73449015738974,115.86223877527631,117.462458141688,115.06630536294936,96618229
2024-08-19 18:49:40.380001,GOOGL,116.46894750198352,115.82356273637528,118.75361203606352,116.39302368666041,78634614
2024-08-20 18:49:40.380001,GOOGL,116.73066717498597,116.6177248579127,117.99219490183545,115.76811033557694,120424850
2024-08-21 18:49:40.380001,GOOGL,117.89696651312933,118.58593375599825,119.81790933810572,115.93918682853412,128351810
2024-08-22 18:49:40.380001,GOOGL,118.5945063119772,118.94905304554752,118.75845571615405,117.69130825525782,76495375
2024-08-23 18:49:40.380001,GOOGL,117.72906030589523,116.72076538525994,118.20761949793186,115.86662071580196,67321483
2024-08-26 18:49:40.380001,GOOGL,119.43189733618289,120.30353783951472,120.5717320741387,119.09492378685256,99369147
2024-08-27 18:49:40.380001,GOOGL,120.90963012127527,120.45622557131495,122.12901440224266,119.65714094265014,178955615
2024-08-28 18:49:40.380001,GOOGL,124.79999144241371,124.5587215837515,125.79045098396885,122.43748557245095,60547159
2024-08-29 18:49:40.380001,GOOGL,124.65449547463429,123.89553056587415,126.82212647052118,122.99970041218907,187971414
2024-08-30 18:49:40.380001,GOOGL,120.08385187289754,120.11166866316512,121.98959872294041,117.87912510423112,94574578
2024-09-02 18:49:40.380001,GOOGL,121.93848931855716,121.64227996509788,122.96675754596818,121.79396901069988,133100652
2024-09-03 18:49:40.380001,GOOGL,124.05145326065995,123.6969028822414,125.78823626806054,121.97998663189449,158472402
2024-09-04 18:49:40.380001,GOOGL,124.76471485028169,124.96860433793113,127.04206431599144,122.49602643023988,95711513
2024-09-05 18:49:40.380001,GOOGL,126.26762766727182,126.94376242710239,127.22498569967946,124.37414623448016,191953347
2024-09-06 18:49:40.380001,GOOGL,123.65792597428012,124.47062267001016,124.94227383546055,122.89711155340582,142495409
2024-09-09 18:49:40.380001,GOOGL,127.61176496019762,127.28338201748936,129.84371692706637,126.75805939061078,58769250
2024-09-10 18:49:40.380001,GOOGL,131.0455827455613,131.74291290451015,133.51388962827315,128.4772049394634,108506539
2024-09-11 18:49:40.380001,GOOGL,131.04365759749354,130.47961066577813,132.53959260862453,130.49016682487937,126282726
2024-09-12 18:49:40.380001,GOOGL,132.23093265934725,131.80777677925033,132.7223592761499,131.02553859653776,63935921
2024-09-13 18:49:40.380001,GOOGL,138.51037362357462,137.18555863812745,139.55489206655037,136.05940112329648,114277220
2024-09-16 18:49:40.380001,GOOGL,135.15181299588795,136.12347150894007,135.7711274230574,133.97802551438167,172588177
2024-09-17 18:49:40.380001,GOOGL,134.28889974227928,134.96757354895036,136.562414038711,133.66050746087748,57284476
2024-09-18 18:49:40.380001,GOOGL,134.96116241802102,134.86016173071235,136.2181476482422,133.35627397813613,155538115
2024-09-19 18:49:40.380001,GOOGL,132.17061883855123,133.22119290645128,134.67245327903026,130.67875161969167,182968477
2024-09-20 18:49:40.380001,GOOGL,126.88749602274237,126.64613038983734,127.73216607281694,125.54070535969554,57611285
2024-09-23 18:49:40.380001,GOOGL,129.65851394441006,129.42906818750006,131.80797824042557,128.46373001295953,190338020
2024-09-24 18:49:40.380001,GOOGL,125.98682666956287,124.73076795720795,126.29106525911824,125.16226698615807,158038961
2024-09-25 18:49:40.380001,GOOGL,126.52302341023183,125.41255284800141,127.14011189137082,124.45548934014322,50541870
2024-09-26 18:49:40.380001,GOOGL,128.74159965374108,129.46974140764257,130.43573968622965,126.27418529356427,63103561
2024-09-27 18:49:40.380001,GOOGL,131.57104398998632,130.51215837491876,132.5189135840267,131.3887401599639,100060215
2024-09-30 18:49:40.380001,GOOGL,131.53570457180746,132.38993947851174,132.24563851414482,130.68397225235856,189894150
2024-10-01 18:49:40.380001,GOOGL,131.41859327904862,131.80001552306967,133.8090773718886,129.46920350372278,106269245
2024-10-02 18:49:40.380001,GOOGL,127.98663875025329,126.76590374989922,129.29746727510263,127.6763470109258,145598401
2024-10-03 18:49:40.380001,GOOGL,126.48120078249006,126.59298604683612,128.8346900760477,126.40793607035029,196418626
2024-10-04 18:49:40.380001,GOOGL,121.9567171009733,122.07577773651133,124.16234114022896,119.73679725803017,70870864
2024-10-07 18:49:40.380001,GOOGL,114.99837308936067,114.01248187913411,115.64578293356399,114.89678437487302,94989282
2024-10-08 18:49:40.380001,GOOGL,114.73562574970495,115.7247969687024,115.11083933839339,112.74961876243627,55964796
2024-10-09 18:49:40.380001,GOOGL,113.71982257998361,113.44484873597976,114.09887025682887,112.99510573259283,182825782
2024-10-10 18:49:40.380001,GOOGL,116.54210888028862,116.16311891980565,116.89110457719646,115.34277140330843,53616906
2024-10-11 18:49:40.380001,GOOGL,114.46925667081722,115.35983912258074,116.33641090284127,112.74603370492756,181311321
2024-10-14 18:49:40.380001,GOOGL,109.57011136152524,108.7947802118283,109.88685484817357,108.71088539090148,160018635
2024-10-15 18:49:40.380001,GOOGL,107.9651094532024,107.69378983356069,108.31709241471823,106.77837178272726,69505721
2024-10-16 18:49:40.380001,GOOGL,112.86321839186647,112.75512814486778,114.40775253105262,112.442493490011,170892069
2024-10-17 18:49:40.380001,GOOGL,112.06926401596768,112.80328623824663,113.57936155726503,111.8922878455297,103876115
2024-10-18 18:49:40.380001,GOOGL,114.2475099065442,113.93289404839068,116.05289801741773,112.86771173396775,162070356
2024-10-21 18:49:40.380001,GOOGL,116.91835315840046,116.41286024939207,118.842123397023,115.49723680668299,127765726
2024-10-22 18:49:40.380001,GOOGL,117.42007849357934,117.93858299599152,118.32193609103346,115.76745408730609,62549530
2024-10-23 18:49:40.380001,GOOGL,118.41469032308713,118.36932018922903,119.2260018438932,116.12935829712029,142923950
2024-10-24 18:49:40.380001,GOOGL,114.37486753484588,114.46288849406892,114.68100384096294,113.78406490117838,188062073
2024-10-25 18:49:40.380001,GOOGL,114.66787975168002,115.49885140919662,116.44532801336425,113.764161017077,162285740
2024-10-28 18:49:40.380001,GOOGL,118.76373677675389,118.55871713708576,119.57119231491836,116.80333535614947,160707062
2024-10-29 18:49:40.380001,GOOGL,115.3850513511161,116.06254438496786,116.44539362075862,114.05824594419063,197846503
2024-10-30 18:49:40.380001,GOOGL,117.11622354811878,116.68079471414772,117.19957482588278,115.68063642649963,58923683
2024-10-31 18:49:40.380001,GOOGL,113.87323289473211,114.77911092225177,115.46592064811006,112.1435084339454,80230407
2024-11-01 18:49:40.380001,GOOGL,118.62733899393561,119.29216427717257,120.57532491281967,117.67894668427427,60930380
2024-11-04 18:49:40.380001,GOOGL,119.37348375194861,118.3370125720601,120.07224682484468,118.6196363294434,120645542
2024-11-05 18:49:40.380001,GOOGL,127.38234595884886,126.28377154624528,129.1380601175313,127.07180299940015,100961857
2024-11-06 18:49:40.380001,GOOGL,130.02252847385,130.02091431812931,131.05018765156865,128.7343754428267,140208341
2024-11-07 18:49:40.380001,GOOGL,128.4408777722478,128.27306071017227,130.09744225767528,128.00788447782577,151505699
2024-11-08 18:49:40.380001,GOOGL,137.30931100603135,136.49760713418397,139.96378128382358,135.4274639583263,189321104
2024-11-11 18:49:40.380001,GOOGL,133.2235791977006,133.3700497912631,133.8714453660607,132.39722638627782,60516468
2024-11-12 18:49:40.380001,GOOGL,127.3659306797377,127.70711747626724,129.4863531427497,126.35461540083563,107644103
2024-11-13 18:49:40.380001,GOOGL,128.562718382949,127.69662055884748,130.40526434515778,126.43531421820657,125532175
2024-11-14 18:49:40.380001,GOOGL,123.82045422045728,123.62514057360565,126.10503598469363,121.4351980764959,111680477
2024-11-15 18:49:40.380001,GOOGL,124.18884248495496,123.60927583317553,126.59351644439252,122.20343846142288,182088325
2024-11-18 18:49:40.380001,GOOGL,119.95369679982984,119.206027289824,121.59447524208915,118.47107502908737,156156979
2024-11-19 18:49:40.380001,GOOGL,121.24163241767953,121.279409029119,123.48366554320579,119.0807713009628,90572348
2024-11-20 18:49:40.380001,GOOGL,121.86042411259056,122.24195915743262,123.86521347170599,120.75927974816864,156684707
2024-11-21 18:49:40.380001,GOOGL,120.03256562742975,120.75958060712318,121.99555401353686,118.58610715923017,59442213
2024-11-22 18:49:40.380001,GOOGL,117.14852418316866,117.05895351928682,118.84540746349406,116.60212871271068,150595180
2024-11-25 18:49:40.380001,GOOGL,117.78500233220784,118.03516581704869,119.04397697561255,115.44695921743978,64078698
2024-11-26 18:49:40.380001,GOOGL,120.43178495038417,121.4740293926478,121.86039275248784,120.13046353852282,190423291
2024-11-27 18:49:40.380001,GOOGL,120.41656486093788,119.6099349354819,120.85955112558254,119.55672625115726,62677973
2024-11-28 18:49:40.380001,GOOGL,119.03207845206458,118.00634587581395,119.63008743730579,117.2179631810728,111014248
2024-11-29 18:49:40.380001,GOOGL,119.9590040039731,118.94803102965975,121.54887224559765,119.18938732871341,97353108
2024-12-02 18:49:40.380001,GOOGL,115.24031328026098,115.39444640403585,116.28932236415133,113.52713709415316,153558280
2024-12-03 18:49:40.380001,GOOGL,112.08967760691361,111.63717265749204,112.5472022079679,111.43282910802714,52288811
2024-12-04 18:49:40.380001,GOOGL,113.84460112404287,113.56454879049035,115.90030776318677,111.8644717548272,166991457
2024-12-05 18:49:40.380001,GOOGL,113.98088229169302,113.10116179224528,115.37017363271552,112.17598118476339,157246941
2024-12-06 18:49:40.380001,GOOGL,112.07996337029563,111.03427503695053,112.32798048631254,111.7378000569149,108368298
2024-12-09 18:49:40.380001,GOOGL,119.8559211004652,120.84022327921856,121.11502807338587,118.18609382847937,53071300
2024-12-10 18:49:40.380001,GOOGL,119.81173569431233,119.45661448589743,120.79602173069097,118.55281038977076,145992371
2024-12-11 18:49:40.380001,GOOGL,120.58137101294236,120.88525483532835,121.18685150812755,120.41004778880286,53361302
2024-12-12 18:49:40.380001,GOOGL,119.88487529489687,119.84307170031948,120.64751912674807,117.54710421814052,84513958
2024-12-13 18:49:40.380001,GOOGL,120.37278326506578,120.75315532222686,121.62744143266298,119.4489885126124,188996599
2024-12-16 18:49:40.380001,GOOGL,110.34758419368374,110.4835521691812,110.98857001013094,109.07634393292868,168812324
2024-12-17 18:49:40.380001,GOOGL,102.54358259673165,103.15214402988533,103.36341798805634,101.01353459234522,118426218
2024-12-18 18:49:40.380001,GOOGL,106.27887836068845,105.8099158862983,106.43888544370822,104.78212844150401,131146963
2024-12-19 18:49:40.380001,GOOGL,105.67749439866377,105.36043469552939,107.61395962219599,104.08035881165887,82837140
2024-12-20 18:49:40.380001,GOOGL,108.65552950512034,108.74638794926437,108.84973667167627,106.50191628410823,57464339
2024-12-23 18:49:40.380001,GOOGL,107.32390264385775,107.56775519095466,108.64357453485886,106.79213871168162,64768680
2024-12-24 18:49:40.380001,GOOGL,110.46060036062048,111.38540851673312,112.52170386412388,109.01749531422666,169212277
2024-12-25 18:49:40.380001,GOOGL,112.66733927811417,112.35201540576269,114.39886217249605,110.7070644549488,179476961
2024-12-26 18:49:40.380001,GOOGL,116.80474182596562,116.41313828299388,119.05006435354481,114.88581834705336,172701539
2024-12-27 18:49:40.380001,GOOGL,111.72097622193995,112.56949364518779,112.59783712244523,109.76813976647789,181982594
2024-12-30 18:49:40.380001,GOOGL,115.56672480950452,115.11432354183137,117.66874598114725,114.74200213298279,74962776
2024-12-31 18:49:40.380001,GOOGL,117.18198127736098,116.94638668437531,118.87929240743307,114.89768178544026,101244659
2025-01-01 18:49:40.380001,GOOGL,114.74293236063804,115.71078543798063,116.75167865082011,113.23137571659312,61344734
2025-01-02 18:49:40.380001,GOOGL,115.16850213265415,115.67357033033696,115.39272420463534,113.52130081974649,52849142
2025-01-03 18:49:40.380001,GOOGL,120.86118173851065,120.45553308368514,121.78647734127048,120.73870706621513,175331028
2025-01-06 18:49:40.380001,GOOGL,123.08057894059789,123.22611859718938,124.80764123062967,122.53577543503859,121029952
2025-01-07 18:49:40.380001,GOOGL,127.95764229809006,127.66415026593081,129.34603254678507,125.95827764723144,199561895
2025-01-08 18:49:40.380001,GOOGL,128.65477238055252,128.04021351938422,130.1984926103295,126.33952878927947,125412716
2025-01-09 18:49:40.380001,GOOGL,134.1381222504679,135.43698622487275,135.5428913356756,133.52401638005642,71933408
2025-01-10 18:49:40.380001,GOOGL,131.10946438234427,130.56193605441675,132.81874032388998,128.69799344395582,140602183
2025-01-13 18:49:40.380001,GOOGL,130.98886427992576,131.65871459451773,131.89803469709435,129.38412973496514,181896463
2025-01-14 18:49:40.380001,GOOGL,129.4060540995681,129.0014653828238,129.73055612415266,129.39906936873186,71199197
2025-01-15 18:49:40.380001,GOOGL,130.08101271873323,129.42355114641214,131.03008600953723,127.99898957006161,67264622
2025-01-16 18:49:40.380001,GOOGL,129.24351773413412,129.1574864202952,129.6354555079855,128.49071404551873,68010992
2025-01-17 18:49:40.380001,GOOGL,126.23616183943403,126.11489607475255,127.85922131734718,125.27316064503772,106820484
2025-01-20 18:49:40.380001,GOOGL,123.5327587166349,123.07985626452276,125.36959038569609,123.47399608128326,166823130
2025-01-21 18:49:40.380001,GOOGL,122.63488489424024,121.80377653375737,123.92505287560489,120.76947256856656,137330198
2025-01-22 18:49:40.380001,GOOGL,119.85299219118733,120.84937664578095,120.63600412921248,117.66544720229776,88845815
2025-01-23 18:49:40.380001,GOOGL,121.07892425431665,121.51556534570076,121.9795247631437,120.71854295471555,130688392
2025-01-24 18:49:40.380001,GOOGL,120.06360653691712,118.98813478858601,122.46466961506523,117.77818413622703,167348420
2025-01-27 18:49:40.380001,GOOGL,117.10220682311892,117.44208893101842,117.14282867351743,116.4408771875133,75168790
2025-01-28 18:49:40.380001,GOOGL,118.43234629820216,117.40580795364102,119.94972073739805,118.00556741422355,74188876
2025-01-29 18:49:40.380001,GOOGL,116.9011216688149,116.35252983310274,119.09623204896454,116.39225292433464,99391073
2025-01-30 18:49:40.380001,GOOGL,112.61661181141069,111.50133458040548,112.874002966585,110.61047679075581,124157072
2025-01-31 18:49:40.380001,GOOGL,110.39246652395211,111.17706758507417,111.85545418601782,110.26962839201103,186209236
2025-02-03 18:49:40.380001,GOOGL,112.59655828044409,111.52494514056055,114.57768073970257,110.96022547692914,73553721
2025-02-04 18:49:40.380001,GOOGL,109.15172217764191,109.0398441051877,110.00909739899167,107.00077493982023,150591913
2025-02-05 18:49:40.380001,GOOGL,107.8090415152373,108.7411097344702,109.55765745941498,106.14551987648798,179634248
2025-02-06 18:49:40.380001,GOOGL,101.72125909550648,102.37725289801344,102.56110230300307,101.46865531270633,167790896
2025-02-07 18:49:40.380001,GOOGL,103.42764053945535,103.80989525171512,103.92852300200863,102.96359916529964,82449946
2025-02-10 18:49:40.380001,GOOGL,99.35998577261397,99.1896912104021,101.08524398394027,98.10232444909312,141219684
2025-02-11 18:49:40.380001,GOOGL,98.70943283773668,97.84783597302702,98.82983846840386,98.05307509874737,192016065
2025-02-12 18:49:40.380001,GOOGL,104.38514114124904,104.22937778684253,104.76928668541342,102.65625081303239,98554374
2025-02-13 18:49:40.380001,GOOGL,103.99203824350388,103.53167733833035,104.49070294328993,103.44571476684483,199859672
2025-02-14 18:49:40.380001,GOOGL,107.25854358075783,106.68105163055068,107.58534563635162,106.57857930876406,187040400
2025-02-17 18:49:40.380001,GOOGL,108.75462558449425,107.81926206861004,109.10719771394507,107.11559611557284,198604159
2025-02-18 18:49:40.380001,GOOGL,106.702622215077,106.60028643870068,107.24629145316804,105.01123903944995,194769751
2025-02-19 18:49:40.380001,GOOGL,105.48064179669251,106.3093162477475,106.27732813638785,105.44931334206277,186387774
2025-02-20 18:49:40.380001,GOOGL,106.64904115589498,105.65475588402799,107.88341579367057,104.91656632153817,180096568
2025-02-21 18:49:40.380001,GOOGL,111.66003741895554,111.48960134857202,112.98592937004108,110.9389961743091,161690723
2025-02-24 18:49:40.380001,GOOGL,116.87834309361459,115.78575196480718,116.96569523175765,116.4694199115737,149643433
2025-02-25 18:49:40.380001,GOOGL,115.7844134032509,115.9887534024788,116.18050371490915,114.62279781677904,50547867
2025-02-26 18:49:40.380001,GOOGL,118.83116524610737,118.74052386460323,119.03034715311861,116.58802016545549,192604515
2025-02-27 18:49:40.380001,GOOGL,120.19466891912079,121.27294374415382,121.55327040975214,119.56227238807698,55826255
2025-02-28 18:49:40.380001,GOOGL,111.1886197311032,111.68564845642183,113.17606025342555,110.52741151487461,63914337
2025-03-03 18:49:40.380001,GOOGL,113.5296390578819,113.87161781584659,115.5596830834386,111.35015615976772,168236114
2025-03-04 18:49:40.380001,GOOGL,111.7378473432551,111.38297755531387,113.64920697863707,110.08588084292785,174495916
2025-03-05 18:49:40.380001,GOOGL,111.43322157475033,110.55432698478099,113.12043002809659,110.47320524296492,59111692
2025-03-06 18:49:40.380001,GOOGL,112.07180661240241,112.63931166801794,113.52742296009649,110.087132070968,53977564
2025-03-07 18:49:40.380001,GOOGL,122.95904068431886,123.73958610819979,124.48589314445667,122.8661539724342,102950991
2025-03-10 18:49:40.380001,GOOGL,123.62510528807903,123.32419959722465,124.61365951575812,122.28936035119706,116407772
2025-03-11 18:49:40.380001,GOOGL,126.75798386078664,126.07101902439783,128.02476743923626,126.09820528449792,109433648
2025-03-12 18:49:40.380001,GOOGL,121.16459074794251,121.9143311868151,121.76205984186323,119.71704046081913,83833324
2025-03-13 18:49:40.380001,GOOGL,124.19190132615363,124.12224702630094,126.49555445888247,122.42457294794866,139349204
2025-03-14 18:49:40.380001,GOOGL,125.30167339689976,125.82689612503775,126.36895754876807,125.19584794334462,177907759
2025-03-17 18:49:40.380001,GOOGL,127.08707334480404,127.14359530664564,127.20083367035022,124.92100241758146,172453301
2025-03-18 18:49:40.380001,GOOGL,126.31141357164424,126.116737281546,127.3235282505597,124.91482175020533,75975387
2025-03-19 18:49:40.380001,GOOGL,126.01419888983581,125.5495354085862,128.09879320502478,125.81348238070598,191905694
2025-03-20 18:49:40.380001,GOOGL,122.71986687482182,122.21295891718829,123.68497742625247,121.15127822868641,180288697
2025-03-21 18:49:40.380001,GOOGL,118.69112773712268,118.34598152387915,118.72090386877876,118.03142211764633,114326195
2025-03-24 18:49:40.380001,GOOGL,114.88171726352564,114.42617401299006,117.03278485256796,114.73235696067223,79434904
2025-03-25 18:49:40.380001,GOOGL,110.57087197165313,111.38979621205635,111.07147037535829,110.5126925032117,109591343
2025-03-26 18:49:40.380001,GOOGL,110.74139488793584,110.10836767033534,112.23514548816803,108.78228737616914,193927810
2025-03-27 18:49:40.380001,GOOGL,114.80153316270328,115.83865782120591,115.25586127518758,113.37105093483439,157535721
2025-03-28 18:49:40.380001,GOOGL,120.82117259663447,120.75366984162847,121.23576759655131,119.0336400196958,157053390
2025-03-31 18:49:40.380001,GOOGL,125.78699855866074,125.27598893530453,126.03377851413015,123.7993916618063,113572971
2025-04-01 18:49:40.380001,GOOGL,125.30776388891775,124.52174354195539,126.63766235153874,123.30545709719277,136366513
2025-04-02 18:49:40.380001,GOOGL,122.04982220380658,121.43638030304166,123.88425670869454,120.83837897841592,74421940
2025-04-03 18:49:40.380001,GOOGL,119.99981862979688,120.78978232814295,120.66599455306486,118.53958371528871,91730725
2025-04-04 18:49:40.380001,GOOGL,120.23925665175412,121.27238023259412,122.4332758914153,117.9725440081099,100775283
2025-04-07 18:49:40.380001,GOOGL,122.87487740507434,123.15584661324402,124.67549799696965,122.06337417990181,93848879
2025-04-08 18:49:40.380001,GOOGL,126.27817670508654,126.4490494432224,128.51751541191402,126.0773884919974,186064032
2025-04-09 18:49:40.380001,GOOGL,124.29897608789095,125.41718841980234,125.42137784346073,123.61525300327071,118326664
2025-04-10 18:49:40.380001,GOOGL,123.12535947701895,122.27028534657684,124.20083095848211,122.42555465354575,137686217
2025-04-11 18:49:40.380001,GOOGL,120.13128040476235,119.18734383440636,120.28689992020304,119.37750369587506,160058410
2025-04-14 18:49:40.380001,GOOGL,113.49785943568186,112.75469753145835,114.77169889474425,111.9128068412594,60068721
2025-04-15 18:49:40.380001,GOOGL,111.84313818492244,112.50108034036332,113.55374132331997,110.83779149874168,143512075
2025-04-16 18:49:40.380001,GOOGL,111.22762560870815,111.42840129432012,111.52775469971492,109.83003175238449,129972236
2025-04-17 18:49:40.380001,GOOGL,114.2574000099937,114.58400046548131,116.06853126720843,112.72866580078835,121293252
2025-04-18 18:49:40.380001,GOOGL,114.09253940908623,113.43670278784774,114.95189516163568,113.33476556460494,89228087
2025-04-21 18:49:40.380001,GOOGL,111.64996637803706,111.98834370750316,112.16691537782484,109.52431363271457,159765383
2025-04-22 18:49:40.380001,GOOGL,113.61094302951113,113.65554719264148,114.60983524091843,112.38170907063225,85948319
2025-04-23 18:49:40.380001,GOOGL,117.08106425743507,117.23066141534403,118.3049433200488,115.48732772455728,172405279
2025-04-24 18:49:40.380001,GOOGL,112.35564999219744,113.0035814014102,114.1893445225064,112.13266577902915,96841029
2025-04-25 18:49:40.380001,GOOGL,114.90675726091779,115.32759613660858,116.61184165604566,113.32949540157544,99358773
2025-04-28 18:49:40.380001,GOOGL,118.38791611815971,118.87025673523847,119.95023978358098,116.5394117740915,163671235
2025-04-29 18:49:40.380001,GOOGL,118.46618565986971,117.62579679877994,119.62890433076873,116.11546556044988,88933825
2025-04-30 18:49:40.380001,GOOGL,113.75021863277206,113.69589790696332,114.32490843832899,112.48951879331037,196086522
2025-05-01 18:49:40.380001,GOOGL,111.39523606507828,111.4803087389193,112.74554272363484,110.29053379727792,199522393
2025-05-02 18:49:40.380001,GOOGL,107.01600365196467,106.37706058320113,108.89137186613128,106.16479908831495,158389975
2025-05-05 18:49:40.380001,GOOGL,109.12782007505953,108.8205576005743,110.40266361549955,108.77603983551022,172300046
2025-05-06 18:49:40.380001,GOOGL,109.44365009475577,108.6391634775828,109.94803225255185,107.46009764476472,170009878
2025-05-07 18:49:40.380001,GOOGL,106.5647085248477,106.74098852345227,108.35443171165126,105.83254681531547,109067619
2025-05-08 18:49:40.380001,GOOGL,104.27752232134638,103.42418654851191,106.22895505584668,103.81171556694298,69161295
2025-05-09 18:49:40.380001,GOOGL,101.91165758262277,101.41769100319232,103.29185381858731,100.64554029289886,131317444
2025-05-12 18:49:40.380001,GOOGL,98.56480033866231,98.60223400896457,99.00726805513875,97.31773180397455,197384125
2025-05-13 18:49:40.380001,GOOGL,98.6561028561665,98.23858476886683,99.87905895057592,96.86465017752151,187927395
2025-05-14 18:49:40.380001,GOOGL,97.83035341332551,98.26175948841706,98.20356837600185,97.32387004753065,112122189
2025-05-15 18:49:40.380001,GOOGL,97.67579011044035,98.53102084758727,99.49427719578107,95.98425734874962,186927379
2025-05-16 18:49:40.380001,GOOGL,95.47313217039923,95.38095659804605,95.5943203086166,94.97121581131118,125585286
2025-05-19 18:49:40.380001,GOOGL,96.18060726104237,96.33783029263599,96.30453222118558,94.94705220181363,67780786
2025-05-20 18:49:40.380001,GOOGL,97.12437047906536,96.21223460369949,98.64474154704547,96.52097698457163,102017903
2025-05-21 18:49:40.380001,GOOGL,98.82586418710886,99.52862931173084,99.47502182354849,98.77046805563383,161852693
2025-05-22 18:49:40.380001,GOOGL,101.1537532100345,101.56531738643092,103.04048920507753,100.07034825521161,108579258
2025-05-23 18:49:40.380001,GOOGL,98.72082902879605,99.46030575619776,99.48611570086406,97.38195863304074,87750229
2025-05-26 18:49:40.380001,GOOGL,98.10477180165464,97.1953803475788,99.73302599120645,96.49033557820994,179364483
2025-05-27 18:49:40.380001,GOOGL,98.52114674161182,98.5831213865245,100.11880242483147,98.24549150719893,55984522
2025-05-28 18:49:40.380001,GOOGL,97.80819275572586,97.25708158926808,99.56096567554212,97.76277213142404,153032341
2025-05-29 18:49:40.380001,GOOGL,97.90544791037955,97.36111068267834,99.80730210588672,97.330232893228,56370030
2025-05-30 18:49:40.380001,GOOGL,97.87155388880291,97.98911636398218,99.3252417357207,96.51904354279665,153437817
2025-06-02 18:49:40.380001,GOOGL,100.04820306473445,99.17217447154165,101.62824032572188,99.58149921607881,142239947
2025-06-03 18:49:40.380001,GOOGL,97.25651601036992,96.28600700345632,97.79127397340604,95.66155714763867,166377419
2025-06-04 18:49:40.380001,GOOGL,97.31298219155974,98.27612108790188,98.82315259002277,96.93882299814075,101536550
2025-06-05 18:49:40.380001,GOOGL,101.28211399058543,100.92855377884123,102.36950528793635,101.24315398733815,63835195
2025-06-06 18:49:40.380001,GOOGL,99.9507083369069,98.96093334001205,100.94566652746977,98.16048535550738,168040948
2025-06-09 18:49:40.380001,GOOGL,98.27020114010351,98.43048800659261,99.78424085450357,97.01818247766235,95315163
2025-06-10 18:49:40.380001,GOOGL,99.77705040988435,99.01270067934422,99.92953890249532,98.043865912866,116150412
2025-06-11 18:49:40.380001,GOOGL,100.40195923462566,100.87106070299238,102.23254523056842,99.78786687187943,90295898
2025-06-12 18:49:40.380001,GOOGL,102.6347138122666,101.91205224600999,103.71770433050061,100.99118442760073,131299053
2025-06-13 18:49:40.380001,GOOGL,102.80523802595062,103.16116527207045,103.89566383486387,101.86375608479061,195924189
2025-06-16 18:49:40.380001,GOOGL,103.5311204368023,102.90979603429535,103.63175391450426,102.2378196586999,185293471
2025-06-17 18:49:40.380001,GOOGL,105.7853988006077,104.8323037409016,106.1904091618677,105.54312581443445,85357621
2025-06-18 18:49:40.380001,GOOGL,102.92370422631049,103.95131702244569,104.87675278443636,101.3963029466969,126715786
2025-06-19 18:49:40.380001,GOOGL,105.70684772432104,105.54044586418767,106.51411434456733,103.594368196004,69427951
2025-06-20 18:49:40.380001,GOOGL,103.53573352252005,103.60471910745595,104.28090625765925,101.91112061381901,141560900
2025-06-23 18:49:40.380001,GOOGL,103.66088809445003,104.53307554777078,104.6504884247193,101.6839708991538,166776736
2025-06-24 18:49:40.380001,GOOGL,103.63437699647875,103.18114917897371,105.2676383255475,103.58060613701421,96343652
2025-06-25 18:49:40.380001,GOOGL,105.05814108823658,104.20819073405185,106.00204946087356,105.03725924928682,99300198
2025-06-26 18:49:40.380001,GOOGL,106.41924541796567,105.86866297038732,107.5557766739357,106.01002291695293,147268043
2025-06-27 18:49:40.380001,GOOGL,104.63751992960438,104.05803615870973,105.8691110355205,104.59692852277306,181376680
2025-06-30 18:49:40.380001,GOOGL,104.8813716684265,105.51217276279718,105.68109939556572,103.45942459845368,187348363
2025-07-01 18:49:40.380001,GOOGL,104.05239378226271,104.56438173560208,105.58402824649191,102.16601653116975,124483139
2025-07-02 18:49:40.380001,GOOGL,103.57276714352021,102.64310547803665,104.31595186331413,102.9746613550331,111768361
2025-07-03 18:49:40.380001,GOOGL,102.47693077187463,101.55756584172885,103.15927131098437,101.23524974558919,57292751
2025-07-04 18:49:40.380001,GOOGL,101.4387510532648,102.01942559129581,102.73708525531381,101.03944208291362,116238246
2025-07-07 18:49:40.380001,GOOGL,100.820370149558,100.51555415400563,102.83136391634135,98.80652002598573,94757558
2025-07-08 18:49:40.380001,GOOGL,102.75277530322136,101.89528265355669,102.81970169143729,102.6789047083732,94433907
2025-07-09 18:49:40.380001,GOOGL,103.4165914673026,102.81956687095321,104.59276958229424,102.97031148402775,82476521
2025-07-10 18:49:40.380001,GOOGL,100.78802117814496,100.38808018648152,101.58285297325996,100.38649660485005,97310149
2025-07-11 18:49:40.380001,GOOGL,98.91819708837677,98.8065853383809,99.93840412627559,97.94971485095729,197454994
2025-07-14 18:49:40.380001,GOOGL,100.4536100042456,101.42845014462333,100.85127827349153,99.30735033369058,194555688
2025-07-15 18:49:40.380001,GOOGL,104.83246057690275,103.8561994754319,105.96039331422755,104.53633692260786,80965622
2025-07-16 18:49:40.380001,GOOGL,102.38578608200342,101.7706396164985,103.99771103293416,102.31008980600267,84875200
2025-07-17 18:49:40.380001,GOOGL,103.21144619973981,103.14256793215829,104.07721033991666,103.191524468695,137392816
2025-07-18 18:49:40.380001,GOOGL,99.30407064388221,99.27440618224736,99.47395791931955,98.59926606348287,111462824
2025-07-21 18:49:40.380001,GOOGL,98.27549582276242,99.07623125094689,98.67288715686902,97.51968021722114,140994095
2025-07-22 18:49:40.380001,GOOGL,96.3358765871284,97.15521832326387,97.0079086966767,94.94669131093858,154126454
2025-07-23 18:49:40.380001,GOOGL,95.75491315934148,95.15754491857486,95.8607243643197,94.70075715082938,61018311
2025-07-24 18:49:40.380001,GOOGL,95.95408671382697,95.70817174519998,96.43202878450312,95.5632730119126,97823266
2025-07-25 18:49:40.380001,GOOGL,94.35012457254336,94.52196927241368,96.11133501791399,93.67997736629171,106092678
2025-07-28 18:49:40.380001,GOOGL,94.04050056164697,94.06292673118662,94.26513103855451,92.52544339707275,119642048
2025-07-29 18:49:40.380001,GOOGL,93.49108464839341,93.44081521490348,95.33207767813201,92.45569507941431,100129137
2025-07-30 18:49:40.380001,GOOGL,94.53882889997965,94.88922726245688,95.12911883737073,94.47567548295588,189830119
2025-07-31 18:49:40.380001,GOOGL,94.15937222992184,94.89138692868302,94.30026905786231,93.05668996867088,86291516
2025-08-01 18:49:40.380001,GOOGL,93.82028908564948,93.67046554715037,94.47665311785427,93.25265559957336,180246537
2025-08-04 18:49:40.380001,GOOGL,93.9332313039967,93.38451192934238,94.45804331718371,92.64964180300666,154759699
2025-08-05 18:49:40.380001,GOOGL,92.10059124336686,92.26830834034268,93.73883388263265,91.31989355390988,125419869
2025-08-06 18:49:40.380001,GOOGL,93.35573289861595,93.41861972607178,94.56210644624561,92.94067472429823,172241086
2025-08-07 18:49:40.380001,GOOGL,91.88093398974178,92.36898521023849,92.32912685526242,90.31138212806063,85430641
2025-08-08 18:49:40.380001,GOOGL,92.98140595608723,93.42380714852139,94.13169686827665,92.52604169335338,65996968
2025-08-11 18:49:40.380001,GOOGL,92.93873453382143,93.50530003883182,94.72868173954154,91.46085339705814,141372367
2025-08-12 18:49:40.380001,GOOGL,90.13264447514015,90.29631518810231,91.35746992836958,89.70461513022461,127155557
2025-08-13 18:49:40.380001,GOOGL,94.36055774790813,93.95673332633889,95.13307475691246,93.63999262315352,156140667
2025-08-14 18:49:40.380001,GOOGL,93.46744280210967,93.13052643418068,94.4975033172457,93.32521949366078,111175026
2025-08-15 18:49:40.380001,GOOGL,91.60270544731131,92.11654228224016,92.3417846624541,90.79748023585962,132788812
2025-08-18 18:49:40.380001,GOOGL,90.66105799641733,90.72429683315292,92.33333191707594,90.04172240402049,56356855
2025-08-19 18:49:40.380001,GOOGL,92.9318409500273,93.58858911814477,93.24712327746249,91.70645901908264,65103132
2025-08-20 18:49:40.380001,GOOGL,95.75911967257869,95.80951549817063,96.62892933177929,94.05545301236245,85221544
2025-08-21 18:49:40.380001,GOOGL,100.4948386341621,99.52084500259676,100.6950564298398,99.09703917421196,187102701
2025-08-22 18:49:40.380001,GOOGL,100.1657954564808,99.85455021714571,101.94008771616747,98.95526984445642,148718665
2025-08-25 18:49:40.380001,GOOGL,95.67779757369665,96.17085691710342,96.12745508263242,94.16074223561449,76563902
2025-08-26 18:49:40.380001,GOOGL,99.39210953932998,98.87833747867762,100.15080153450437,98.18172428331616,103175599
2025-08-27 18:49:40.380001,GOOGL,99.62889126103319,99.51381619023424,101.4214896660196,98.46436336262465,180427038
2025-08-28 18:49:40.380001,GOOGL,100.09352321407619,100.30767780708906,101.73806334166704,100.00035387553636,158444379
2025-08-29 18:49:40.380001,GOOGL,100.08104744903903,101.07265931533732,101.52305588399607,99.72484680965198,132884072
2025-09-01 18:49:40.380001,GOOGL,104.21564795682235,104.70074695230666,105.03958220283185,102.32360021267922,102379220
2025-09-02 18:49:40.380001,GOOGL,107.57473821366263,107.97860294414123,108.38184161303371,107.00655588092087,179979138
2025-09-03 18:49:40.380001,GOOGL,103.96283079289756,102.97179654484657,105.91381196725304,102.57140938237184,94905001
2025-09-04 18:49:40.380001,GOOGL,101.25727413202286,101.40780563951692,101.50236734519049,100.95121135311331,60761780
2025-09-05 18:49:40.380001,GOOGL,107.14493644424425,106.37114492050651,108.62190511367866,106.33038191425665,173550662
2025-09-08 18:49:40.380001,GOOGL,105.31583575065557,106.22357878105096,107.1186832029505,103.28956666037523,78283572
2025-09-09 18:49:40.380001,GOOGL,105.69857095643492,105.38391896199968,107.13433629181404,105.39520416771938,133774438
2025-09-10 18:49:40.380001,GOOGL,104.66248954759621,103.77308995635576,106.69045239254366,103.47506063096309,169056294
2025-09-11 18:49:40.380001,GOOGL,106.64707277526763,106.52946212236407,108.43365164638836,105.28472080908833,136857419
2025-09-12 18:49:40.380001,GOOGL,108.49946850535193,108.98579879654106,108.95948480460098,106.55127180485957,149092221
2025-09-15 18:49:40.380001,GOOGL,109.74700271330435,110.07479126323535,111.005689894012,108.82533423493,159112961
2025-09-16 18:49:40.380001,GOOGL,105.59226568904023,105.87049531798024,105.8535677206409,105.39698941774424,104662808
2025-09-17 18:49:40.380001,GOOGL,104.04722993866838,104.79094230257752,104.77831701288174,103.21876738045289,111563631
2025-09-18 18:49:40.380001,GOOGL,106.42815240440986,107.01804360152084,108.25823289675911,105.8430026686317,83178173
2025-09-19 18:49:40.380001,GOOGL,105.18982531833463,105.89635768402601,105.91202738997286,104.61453581719394,118054490
2025-09-22 18:49:40.380001,GOOGL,107.05395774076989,106.84803111054644,108.43960459593737,105.21059156053532,168947743
2025-09-23 18:49:40.380001,GOOGL,108.7918832168143,109.23512106320695,110.24817456647386,107.01007385787453,55264861
2025-09-24 18:49:40.380001,GOOGL,107.01917181223679,106.0075220346691,107.9191881494881,106.16649741954033,67724261
2025-09-25 18:49:40.380001,GOOGL,106.32759773992804,106.78648175627261,106.43555726204039,104.41914113637101,137437567
2025-09-26 18:49:40.380001,GOOGL,104.92011053358816,105.33304105594814,106.8776105125006,104.10378253149527,109735572
2025-09-29 18:49:40.380001,GOOGL,98.7649805322732,99.3444594645972,100.23713761046503,97.37939097689382,116807276
2025-09-30 18:49:40.380001,GOOGL,96.7083163874375,97.06941553385995,97.16913775444854,95.12757130791819,192123264
2025-10-01 18:49:40.380001,GOOGL,93.0266846633806,93.2703131650187,93.86951043017027,92.87380572546414,107764651
2025-10-02 18:49:40.380001,GOOGL,95.89886666341013,95.53048464431856,96.39593057920494,95.17504715341032,94501555
2025-10-03 18:49:40.380001,GOOGL,94.42140558852967,94.88648722248378,94.57214573834088,94.14384126952625,133488301
2025-10-06 18:49:40.380001,GOOGL,96.52492794763448,95.86083573555918,97.02779865269551,95.89277795163542,78979787
2025-10-07 18:49:40.380001,GOOGL,99.07832575426794,99.03215720633948,99.39240686999189,98.34920179703326,55028187
2025-10-08 18:49:40.380001,GOOGL,97.29899820673785,96.55060762641035,98.11718048606019,96.77152488074192,159597055
2025-10-09 18:49:40.380001,GOOGL,97.18163682642273,97.12196481186791,97.34732609686547,95.51757215173264,96594952
2025-10-10 18:49:40.380001,GOOGL,98.65215608769613,97.69480163089335,100.24865370315531,97.63952326178416,161051817
2025-10-13 18:49:40.380001,GOOGL,96.29302133001377,96.69917649382742,97.84614205086618,94.37654995869292,186346656
2025-10-14 18:49:40.380001,GOOGL,94.97932868201372,95.49728037114195,95.40837198933417,94.50045105141064,173973569
2025-10-15 18:49:40.380001,GOOGL,94.92838717030732,95.45085601644698,95.84087624041968,93.44042244538687,189768162
2025-10-16 18:49:40.380001,GOOGL,95.2157773072216,94.68860093600004,96.37928156333557,94.37708612768712,74075140
2025-10-17 18:49:40.380001,GOOGL,95.66073918047653,94.88599812683711,95.70334488126679,94.36890718337155,95499291
2025-10-20 18:49:40.380001,GOOGL,96.82927526115806,97.60471524193746,98.50829981916421,95.29580739156172,114395705
2025-10-21 18:49:40.380001,GOOGL,95.90102356916992,95.20407678324354,96.10493833364349,95.3140615218886,132770658
2025-10-22 18:49:40.380001,GOOGL,95.11673908650383,94.45472472517355,96.84446638976411,94.17729493961639,139336470
2025-10-23 18:49:40.380001,GOOGL,93.60932113916733,92.8296024298384,93.89275804052241,91.81514710620088,169859951
2025-10-24 18:49:40.380001,GOOGL,90.57817583964588,91.26004100821717,91.15006383194729,89.27286893536873,89709824
2025-10-27 18:49:40.380001,GOOGL,88.66285626534957,88.46574748652269,89.50908372111815,88.33554219302901,57198614
2025-10-28 18:49:40.380001,GOOGL,87.2147010043291,86.96012439410788,88.7324410200191,85.70718280425896,176456110
2025-10-29 18:49:40.380001,GOOGL,89.67963734511706,89.13012042322079,90.78503214083867,89.47952675422448,105316429
2025-10-30 18:49:40.380001,GOOGL,88.49855380554321,88.85552056652465,89.1064473048512,87.05531968960824,111312452
2025-10-31 18:49:40.380001,GOOGL,93.24458973461911,94.10746967040119,94.43882153182177,91.83246517556901,85212160
2025-11-03 18:49:40.380001,GOOGL,95.60981664261618,94.91271609225144,96.89153272055961,94.76476918857021,190296335
2025-11-04 18:49:40.380001,GOOGL,93.0209676962293,93.75498735137353,93.5425261895501,92.464743804921,68459654
2025-11-05 18:49:40.380001,GOOGL,94.58333215461879,93.92605985498354,95.20159122311536,93.04361725668869,171045476
2025-11-06 18:49:40.380001,GOOGL,97.24989808079353,97.25197167263974,97.98819720680395,95.82920636409209,132484812
2025-11-07 18:49:40.380001,GOOGL,95.99819657819444,96.61354475133614,96.70155468745492,94.61744015531386,145339813
2025-11-10 18:49:40.380001,GOOGL,98.74854596492479,99.4638336884221,99.30934091242817,97.18304872318998,180635098
2025-11-11 18:49:40.380001,GOOGL,98.44821893305321,98.1340889330527,100.30911777785961,97.53988471583435,123330852
2025-11-12 18:49:40.380001,GOOGL,97.4095678802035,97.39399052570667,97.88166003841899,95.89246593952043,115397576
2025-11-13 18:49:40.380001,GOOGL,98.4010232991733,97.73637897230532,98.75001521873324,97.63674222235876,138138357
2025-11-14 18:49:40.380001,GOOGL,99.03541801467902,98.22737515675921,99.91552380366804,97.09896442380685,53033473
2025-11-17 18:49:40.380001,GOOGL,98.69721960049066,98.18027717664967,100.42889424225608,98.37051745797477,171676425
2025-11-18 18:49:40.380001,GOOGL,95.64480411692863,96.15886030703084,96.90274709948977,95.49442255111784,88813450
2025-11-19 18:49:40.380001,GOOGL,98.2439884474781,98.95364085452707,99.92374312021389,96.39940774376981,158054972
2025-11-20 18:49:40.380001,GOOGL,97.54173473491085,98.36839449413716,98.74051273720686,97.3800658332336,150544171
2025-11-21 18:49:40.380001,GOOGL,98.23453702519167,97.36101874978473,99.65147423978347,97.80314399019852,197038987
2025-11-24 18:49:40.380001,GOOGL,97.16291668798593,97.8948430492957,98.05749970357165,95.65568297760198,131760238
2025-11-25 18:49:40.380001,GOOGL,93.42977338478174,93.52196551095341,94.25926364517024,93.23097241843865,151861163
2025-11-26 18:49:40.380001,GOOGL,96.9459673744328,97.25415766207102,97.32428842834287,95.43225814382133,119523651
2025-11-27 18:49:40.380001,GOOGL,96.89542214029208,96.67931842616134,98.08974367728183,96.30935824967257,187783880
2025-11-28 18:49:40.380001,GOOGL,96.77659179597907,96.64540876387453,97.1741074264797,96.03161802602963,130417416
2025-12-01 18:49:40.380001,GOOGL,95.84600781383284,96.36063639614414,96.54907695749311,94.93165318873194,106498916
2025-12-02 18:49:40.380001,GOOGL,98.2288924657018,98.19285761490889,99.92534212707801,97.76440380724225,139130328
2025-12-03 18:49:40.380001,GOOGL,100.20447396723023,100.78224021130231,100.79230648433675,99.93400795109433,161030799
2025-12-04 18:49:40.380001,GOOGL,98.60798976416413,99.16599253302125,99.98868238005241,98.09515904780575,150577264
2025-12-05 18:49:40.380001,GOOGL,100.47127344824399,101.18884057537586,102.20688554161273,100.24369548632363,195878893
2025-12-08 18:49:40.380001,GOOGL,100.14225285234303,100.0412109526943,100.50582226235663,99.39362513195906,98796405
2025-12-09 18:49:40.380001,GOOGL,99.90921811324905,100.31635330855528,101.90541701064761,98.85194932423632,146371470
2025-12-10 18:49:40.380001,GOOGL,99.37294354695642,99.04526065674845,100.48154173204621,97.53162582942853,197943937
2025-12-11 18:49:40.380001,GOOGL,97.35789234629992,97.4261964030752,98.47972662334408,96.76492092177865,52312500
2025-12-12 18:49:40.380001,GOOGL,97.25652731474727,96.29210928873715,98.40688741943443,97.10473540355694,141436624
2025-12-15 18:49:40.380001,GOOGL,96.51965688025855,95.59119738550548,98.4201882930075,96.37341648014699,166860047
2025-12-16 18:49:40.380001,GOOGL,94.12964748348371,93.20195705390039,95.15775058928534,92.92699741836374,134942964
2025-12-17 18:49:40.380001,GOOGL,92.41099507327195,91.9571566150434,92.89937845042733,90.89656385110081,88841585
2025-12-18 18:49:40.380001,GOOGL,91.28336572056429,90.71105982844178,92.13781603958442,91.24522071191976,134848325
2025-12-19 18:49:40.380001,GOOGL,88.21330177573279,87.6827709434642,89.4487109134782,86.4608208427745,178130619
2025-12-22 18:49:40.380001,GOOGL,86.9757996330596,87.54128308858378,87.16036465891897,86.53730688056035,191279556
2025-12-23 18:49:40.380001,GOOGL,85.25051326432153,84.4512806194336,85.55946883789336,84.79445777308153,70974086
2025-12-24 18:49:40.380001,GOOGL,88.99864963115736,89.30920228978017,89.63733419229615,87.47552220645382,139973720
2025-12-25 18:49:40.380001,GOOGL,88.63107673504174,88.03300952155524,89.19259488639298,87.08108702203573,57521296
2025-12-26 18:49:40.380001,GOOGL,89.68624127507682,89.38616894497746,91.21104349626333,89.32024225346755,97711864
2025-12-29 18:49:40.380001,GOOGL,86.52946136610294,87.10372837007101,87.04209949614425,84.93962177466571,104748868
2025-12-30 18:49:40.380001,GOOGL,86.06995059968459,85.72164430600488,87.3715511942447,85.73632877622893,66561827
2025-12-31 18:49:40.380001,GOOGL,87.9740245204564,87.67222941502823,88.32380227032463,86.51417097058996,150963030
2026-01-01 18:49:40.380001,GOOGL,91.7224186394543,91.92440987701744,92.6061205211756,90.64562600990597,157331551
2026-01-02 18:49:40.380001,GOOGL,87.76655479024758,88.64098730924249,89.22892514487579,86.7901757176694,100455448
2026-01-05 18:49:40.380001,GOOGL,91.8400389205828,91.45581177295054,93.05292113884727,90.28284595787288,63799858
2026-01-06 18:49:40.380001,GOOGL,92.74656914382666,91.86790308484396,93.51698276689396,91.95042152190682,198495425
2026-01-07 18:49:40.380001,GOOGL,94.55680575480021,94.66392171492518,95.47129865451458,94.37064167304929,66951922
2026-01-08 18:49:40.380001,GOOGL,94.40241417695309,95.11463844194768,95.61092326325465,93.66753166133027,156745600
2026-01-09 18:49:40.380001,GOOGL,93.98254792623064,93.5114285286216,95.78335422655167,93.11874068874793,156233237
2026-01-12 18:49:40.380001,GOOGL,94.3135308636502,94.45375157899697,95.88322887472161,92.61692920892847,54984953
2026-01-13 18:49:40.380001,GOOGL,90.13537542274322,89.30059420540425,91.12889440062645,88.57120622476154,53277857
2026-01-14 18:49:40.380001,GOOGL,88.87991792832678,88.26011371971882,89.6735428643,87.44786940618111,52907749
2026-01-15 18:49:40.380001,GOOGL,86.48321368953354,86.45768940505809,87.04529204242932,86.06282434372874,195526685
2026-01-16 18:49:40.380001,GOOGL,84.61480492573467,84.85254138069465,85.70782307748975,83.8231551095327,161196445
2026-01-19 18:49:40.380001,GOOGL,85.31648134124787,84.63561194341196,86.52934041598965,84.68855687008534,123167041
2026-01-20 18:49:40.380001,GOOGL,82.31202646990351,82.84593235391428,83.8852799023142,81.35905183965662,152337673
2026-01-21 18:49:40.380001,GOOGL,81.32874317167375,81.9141759137255,82.79552065133505,80.18546856505692,76468064
2026-01-22 18:49:40.380001,GOOGL,83.36178633147176,82.53741034593781,84.49636709329937,82.05148798350947,165547028
2026-01-23 18:49:40.380001,GOOGL,84.10033099029927,84.51285237461506,84.91617363447105,83.83912809199498,116362813
2026-01-26 18:49:40.380001,GOOGL,84.24167702000798,84.1677199332587,84.46194672096998,84.19368828379245,162425788
2026-01-27 18:49:40.380001,GOOGL,84.03416576242196,84.21205747010798,85.34773545719266,83.2276218389227,156940987
2026-01-28 18:49:40.380001,GOOGL,86.01726095634605,86.32800213049822,87.05925069920161,84.83372145152639,157333597
2026-01-29 18:49:40.380001,GOOGL,87.00985497706849,87.46161167303615,87.79481212880917,86.09027870840265,64777955
2026-01-30 18:49:40.380001,GOOGL,89.18915335278716,88.71926279354217,90.64627362055236,87.4176090166187,109491776
2026-02-02 18:49:40.380001,GOOGL,90.72673475340339,90.61361063737839,90.91040069635828,89.78412342785404,160954813
2026-02-03 18:49:40.380001,GOOGL,88.43286806601813,87.83167685435781,89.58971803942444,87.96299873829251,57210636
2026-02-04 18:49:40.380001,GOOGL,92.32804113856466,93.12550597386672,92.58232773412493,90.57624888971856,118449418
2026-02-05 18:49:40.380001,GOOGL,100.19824499098361,99.4858126973327,101.50294811518982,98.87685504230255,87968449
2026-02-06 18:49:40.380001,GOOGL,105.25408164790471,105.87347281687566,105.54541630777979,104.2689054498303,122603711
2026-02-09 18:49:40.380001,GOOGL,101.57575900783192,101.8788915245146,102.7906863865223,101.35894470247223,65066059
2026-02-10 18:49:40.380001,GOOGL,98.10586132198554,97.52315978562288,98.77462820756972,96.56111036622771,52763772
2026-02-11 18:49:40.380001,GOOGL,88.13203591445874,87.78603571565405,89.20104323560989,87.42151504446366,157536077
2026-02-12 18:49:40.380001,GOOGL,88.86637155126655,89.72963141312223,89.24118198213024,87.15649917015818,134450997
2026-02-13 18:49:40.380001,GOOGL,93.6565839269979,93.18264259499382,94.61503802376282,93.19007317203054,121664202
2026-02-16 18:49:40.380001,GOOGL,91.16751201431592,90.68201725398312,91.81631248682588,89.48376032795758,128476035
2026-02-17 18:49:40.380001,GOOGL,89.59429983114198,88.78664325924882,91.1391149666983,89.05525695973333,54493979
2026-02-18 18:49:40.380001,GOOGL,84.65905695005372,84.06758046884586,85.55547441218664,84.43536950374109,169841631
2026-02-19 18:49:40.380001,GOOGL,83.10113400214256,82.27045543344958,83.62549487781659,82.18282320244023,118724544
2026-02-20 18:49:40.380001,GOOGL,84.85844767416448,85.06985377623073,86.11898938583624,84.46164441534826,85722717
2026-02-23 18:49:40.380001,GOOGL,90.69350551793478,91.10049228804846,92.26389537482265,90.21161535051401,157041999
2026-02-24 18:49:40.380001,GOOGL,97.03237235914378,96.0720600214311,98.11817443269364,96.84025119166574,192259645
2026-02-25 18:49:40.380001,GOOGL,92.89890059083389,93.74735972392936,94.46156841394651,92.86670294888518,129525294
2026-02-26 18:49:40.380001,GOOGL,94.61154984570008,95.36444025946388,95.68117786866691,93.37911511540277,96654558
2026-02-27 18:49:40.380001,GOOGL,96.45169349982199,96.22254394638077,97.76028924539467,95.40154589294121,103316878
2026-03-02 18:49:40.380001,GOOGL,99.5677234557385,99.32353723210771,99.68082144330947,98.19358523659025,55399553
2026-03-03 18:49:40.380001,GOOGL,101.82923007891307,101.87195212834884,102.06709126318577,101.13187933350011,187614681
2026-03-04 18:49:40.380001,GOOGL,103.51375016795372,103.5609492271403,105.03951876959798,101.93572703950404,121446247
2026-03-05 18:49:40.380001,GOOGL,99.8003100240023,100.61670684198991,99.9876571856403,98.55871123936225,83216102
2026-03-06 18:49:40.380001,GOOGL,103.9451109963007,104.48647192141468,104.23270044659348,103.2039076782097,143735347
2026-03-09 18:49:40.380001,GOOGL,101.08120122904279,100.75138064984239,102.17570493951547,99.82618111696833,60820039
2026-03-10 18:49:40.380001,GOOGL,103.13031379693254,103.22713022314791,104.9022764272036,101.83275879312268,150723452
2026-03-11 18:49:40.380001,GOOGL,104.9751462224191,105.47439073644662,105.76486608197317,103.6129852606796,85932714
2026-03-12 18:49:40.380001,GOOGL,107.10103581762539,108.09463608767663,107.1797698442673,107.06114713270516,122921865
2026-03-13 18:49:40.380001,GOOGL,99.44550462592917,99.60693926342944,100.2052737459725,98.29363247394868,183152880
2026-03-16 18:49:40.380001,GOOGL,97.20271035945802,96.39247196962037,98.22395835198377,95.38776047210874,99572519
2026-03-17 18:49:40.380001,GOOGL,99.33236122884168,99.02649820574803,100.85337594572827,97.38893472145016,163305735
2026-03-18 18:49:40.380001,GOOGL,102.28007406814986,101.41469874022903,103.95172337034423,101.94176445917456,197620817
2026-03-19 18:49:40.380001,GOOGL,108.29173270867187,107.62523006223753,109.33805294929049,107.33239302881779,122521046
2026-03-20 18:49:40.380001,GOOGL,103.97589718923179,103.51514391745876,105.12804459314853,103.53548144558012,138722518
2026-03-23 18:49:40.380001,GOOGL,102.63569505280672,103.27756294848666,103.38869560139531,100.82278321999146,54883507
2026-03-24 18:49:40.380001,GOOGL,99.0499580362065,99.09469425957317,100.61511862795571,97.59202261186526,94618462
2026-03-25 18:49:40.380001,GOOGL,101.93465052497328,102.64090097757543,102.10346300593405,99.95556222283652,163615089
2026-03-26 18:49:40.380001,GOOGL,109.21926581605535,109.1647966705484,110.2601474282211,107.75863127447072,179680593
2026-03-27 18:49:40.380001,GOOGL,113.62009629517662,113.7549752579775,113.97692884232094,111.76698719592784,172633769
2026-03-30 18:49:40.380001,GOOGL,118.54778156560917,117.71276492486977,118.77903128152106,116.54788877952191,137700943
2026-03-31 18:49:40.380001,GOOGL,122.58705285524275,121.97622715405525,124.87562264706294,121.75345675901806,128883715
2026-04-01 18:49:40.380001,GOOGL,126.47397580745421,126.5173980210908,126.5577248214446,126.1145382143273,145366402
2026-04-02 18:49:40.380001,GOOGL,126.23828327714776,127.2212300714434,127.03130042776128,126.18251776409343,120035655
2026-04-03 18:49:40.380001,GOOGL,127.56920802511893,126.83979319424206,129.00040824801633,125.12069399924823,107229424
2026-04-06 18:49:40.380001,GOOGL,123.93807468037237,123.49761201464699,124.80147049751342,121.89182763062053,176537298
2026-04-07 18:49:40.380001,GOOGL,118.09895583935102,118.74977075347928,120.19769966100183,116.43089665290223,100994347
2026-04-08 18:49:40.380001,GOOGL,117.90985615571012,118.82047459456157,120.1286452670834,116.38991678825928,162851131
2026-04-09 18:49:40.380001,GOOGL,121.5696170318433,121.67185074045634,123.48759959393328,121.05752301637644,169135095
2026-04-10 18:49:40.380001,GOOGL,117.91259303223246,116.86119439061855,118.32013604119008,117.52354323206389,151118406
2026-04-13 18:49:40.380001,GOOGL,122.63766033970751,121.44358991625062,124.80274884114235,121.33102534823773,96443952
2026-04-14 18:49:40.380001,GOOGL,120.95091580118762,120.82805068040909,121.17174865873008,119.88421324188252,111053517
2026-04-15 18:49:40.380001,GOOGL,121.5373662245542,120.37072755276839,122.16402035397111,119.24070274053068,115712102
2026-04-16 18:49:40.380001,GOOGL,123.67775441618213,124.8938420341438,124.09897084690081,123.36731405493452,138827868
2026-04-17 18:49:40.380001,GOOGL,114.89941007325125,114.71648471412475,115.08282934232905,113.76817546546117,185496904
2026-04-20 18:49:40.380001,GOOGL,112.47221290471902,113.47129776070516,113.58681381442216,112.0600337296044,52116719
2026-04-21 18:49:40.380001,GOOGL,112.7945623292411,112.32020136222744,114.7844733279336,111.9399496385324,169635376
2026-04-22 18:49:40.380001,GOOGL,115.44577598864072,116.07933371673772,117.3584873224055,114.40143104256812,123118241
2026-04-23 18:49:40.380001,GOOGL,119.7058764817619,120.44260754411432,121.06704062373494,117.59147772234503,114875043
2026-04-24 18:49:40.380001,GOOGL,120.34207139657242,121.27429313602163,121.29245825701561,119.84875683064615,68293624
2026-04-27 18:49:40.380001,GOOGL,122.20638818185446,121.37062991346524,124.24872731588887,121.4135182511643,168838755
2026-04-28 18:49:40.380001,GOOGL,117.64133921769292,117.80699411023824,118.37089463290188,117.49099921480676,141015697
2026-04-29 18:49:40.380001,GOOGL,129.88807428792856,130.28087665039945,131.1367203863175,127.7781686260819,180046856
2026-04-30 18:49:40.380001,GOOGL,138.18055643557395,138.78169105115532,139.4302857958126,137.4685008879082,172141822
2026-05-01 18:49:40.380001,GOOGL,156.38029147159713,157.47869204212213,156.7819543328162,155.4870983532085,70518881
2026-05-04 18:49:40.380001,GOOGL,154.86605067539563,155.419613963692,156.66616680006538,154.3496867648694,75523794
2026-05-05 18:49:40.380001,GOOGL,156.71921738842377,156.03207560445628,159.44408886549178,153.66143692814128,97881925
2026-05-06 18:49:40.380001,GOOGL,164.70248626299883,165.26114079598293,165.19131680876177,162.07239370087476,161255173
2026-05-07 18:49:40.380001,GOOGL,159.40500280446668,160.41930997853856,162.36517591383745,157.1994919151191,70280451
2026-05-08 18:49:40.380001,GOOGL,154.57357367576614,155.4531272181297,155.95325883757218,153.6603102190554,83510736
2026-05-11 18:49:40.380001,GOOGL,159.93130810531207,160.12760328752563,161.69266455119904,159.38175332520026,77021314
2026-05-12 18:49:40.380001,GOOGL,147.91642269076232,149.15890807237054,149.03706605523263,145.13923390772138,149698118
2026-05-13 18:49:40.380001,GOOGL,147.92808290761283,148.95428329948905,150.05334795250496,145.98477798931134,151364883
2026-05-14 18:49:40.380001,GOOGL,146.6491672621008,146.51892521400677,146.6579899965562,146.2719683422391,193121571
2026-05-15 18:49:40.380001,GOOGL,145.85902221112804,146.83296420731068,148.49937568218343,143.65275464962167,71018987
2026-05-18 18:49:40.380001,GOOGL,136.44587018735314,137.40187991025743,137.5090061677281,134.6363375338617,151601999
2026-05-19 18:49:40.380001,GOOGL,133.3911542596507,133.48929177767045,134.41744242745193,132.929698463499,156523273
2026-05-20 18:49:40.380001,GOOGL,126.73339837258571,127.02206245929756,127.93103867214538,124.92583622168179,120330185
2026-05-21 18:49:40.380001,GOOGL,124.66147488561464,123.79699356162627,125.86279047742927,122.46462141638094,187173751
2026-05-22 18:49:40.380001,GOOGL,130.99772264213658,131.60013066737912,131.62951458223452,128.45055824014833,169042607
2026-05-25 18:49:40.380001,GOOGL,132.81252382652906,132.84170331515222,134.76049104875153,132.68810761984668,64381085
2026-05-26 18:49:40.380001,GOOGL,143.1900025073924,142.16348697441202,143.53223597206244,140.94817877731606,199092499
2026-05-27 18:49:40.380001,GOOGL,141.78698635749316,141.44793236442396,142.4969985235721,140.12841128427647,185912510
2026-05-28 18:49:40.380001,GOOGL,137.8419285622622,138.05372663217602,140.11987749408078,136.23732585591287,51272697
2026-05-29 18:49:40.380001,GOOGL,144.65028009536832,143.52501339661566,145.0308973419953,142.14026461004994,192210554
2026-06-01 18:49:40.380001,GOOGL,145.10425945221255,145.29128256517996,145.6964407107149,142.3369233872112,142125936
2026-06-02 18:49:40.380001,GOOGL,145.61005751935764,145.89728275905048,146.52853196463965,143.617545492213,120606119
2026-06-03 18:49:40.380001,GOOGL,148.38408513602297,149.67970098728202,150.66382142579224,145.73520193732858,71310363
2026-06-04 18:49:40.380001,GOOGL,143.00758364757388,143.49220346149883,143.80811332543877,142.75525771534117,135125785
2026-06-05 18:49:40.380001,GOOGL,137.7087421998563,137.68790317942165,139.16231582453318,136.854912137334,70894968
2026-06-08 18:49:40.380001,GOOGL,137.10026092862682,137.1541597152155,137.39070379167023,136.5122217240363,152302606
2026-06-09 18:49:40.380001,GOOGL,138.47468398779554,138.58595551264958,140.99339322533194,138.34496195593536,164449507
2026-06-10 18:49:40.380001,GOOGL,140.63118862830274,141.11961647905068,142.78578564423492,138.7359274479548,173350648
2026-06-11 18:49:40.380001,GOOGL,134.82241365049376,134.46125165476488,137.0765786516556,134.7484184175028,106571489
2026-06-12 18:49:40.380001,GOOGL,136.91059554101497,137.92505950221883,138.219354716797,134.3254870666989,78301610
2026-06-15 18:49:40.380001,GOOGL,136.59803163229486,136.10767885180516,138.9429492696614,136.04685149808418,133054638
2026-06-16 18:49:40.380001,GOOGL,140.57072008385538,141.75058593706817,141.6069798601099,138.89632499289274,153883025
2026-06-17 18:49:40.380001,GOOGL,135.69098609750864,134.71074914927192,137.62232711453595,133.35265048937433,100460642
2026-06-18 18:49:40.380001,GOOGL,130.69716770372696,129.67455708641333,132.66239380423403,128.80168449229703,51844036
2026-06-19 18:49:40.380001,GOOGL,121.86058429884538,122.36794177876104,122.81560904207764,119.71715202858036,179213478
2026-06-22 18:49:40.380001,GOOGL,125.66420676855596,124.75341775731428,126.55039195555075,125.28929187736023,133539697
2026-06-23 18:49:40.380001,GOOGL,123.87022084552957,122.79273751450354,125.4813702715074,123.60509322728709,129549812
2026-06-24 18:49:40.380001,GOOGL,123.44943771779235,123.72996102546388,124.2985553953584,123.37788352565542,126013881
2026-06-25 18:49:40.380001,GOOGL,124.79902918434512,125.13108836244692,127.27568311626172,122.62414772293393,144316488
2026-06-26 18:49:40.380001,GOOGL,122.018558445029,121.2139612420809,122.22298699917792,119.83107137910982,175584363
2026-06-29 18:49:40.380001,GOOGL,124.8049485166947,125.04479929614692,125.2944150030214,123.80628768084516,99042694
2026-06-30 18:49:40.380001,GOOGL,123.96984344780343,124.5905167543735,124.84628963066794,123.03684563200281,140824659
2026-07-01 18:49:40.380001,GOOGL,121.32444569753937,120.22563232046474,121.89787966318663,119.66721506707432,172833595
2026-07-02 18:49:40.380001,GOOGL,116.77631867549889,117.45254933210612,117.83323289750142,116.34975813491977,162853854
2026-07-03 18:49:40.380001,GOOGL,118.13598941609855,118.58679246558503,119.09364168942224,117.2615243398897,89065241
2026-07-06 18:49:40.380001,GOOGL,114.53602480034871,114.34263328835029,115.42432265903759,112.36716612547087,152469278
2026-07-07 18:49:40.380001,GOOGL,114.11930317581266,113.72476656592914,114.91243547773449,113.78445948723555,105161654
2026-07-08 18:49:40.380001,GOOGL,114.60508984700121,115.53325474200308,116.38962110942086,114.00964073913184,160598515
2026-07-09 18:49:40.380001,GOOGL,110.74754823354384,111.36454215376332,112.62197675374897,108.6771776544617,63626677
2026-07-10 18:49:40.380001,GOOGL,109.35544890951005,108.91211884393043,109.46485426319302,107.65749331237572,87568993
2026-07-13 18:49:40.380001,GOOGL,108.78285744599229,109.25788100773082,109.56309795371997,107.91929039343732,71714283
2026-07-14 18:49:40.380001,GOOGL,106.6536114129303,105.97965496807535,107.7159877569963,106.17091817558642,177302218
2026-07-15 18:49:40.380001,GOOGL,108.59313710315134,107.84490064501337,109.57113837248802,106.93121751301115,150851522
2026-07-16 18:49:40.380001,GOOGL,113.60740264464927,114.57047321328714,114.20725800059984,112.40419360313841,59101942
2026-07-17 18:49:40.380001,GOOGL,115.59973064400293,116.40521048759082,116.54103522518137,115.52263794909375,126104559
2026-07-20 18:49:40.380001,GOOGL,112.22688259992034,111.43232104281343,112.70439550419157,110.50751533378286,116135096
2026-07-21 18:49:40.380001,GOOGL,114.96694518159234,114.18982178171188,115.91204324936771,113.67104750891492,151802861
2026-07-22 18:49:40.380001,GOOGL,112.35854675491628,111.85604201433762,113.95896882125858,110.42969060368146,96128811
2026-07-23 18:49:40.380001,GOOGL,104.71955185685876,104.11364239293326,104.99913707155419,103.7453778372041,167572617
2026-07-24 18:49:40.380001,GOOGL,108.38425138120336,108.34163339275969,110.48104624500426,107.10914399877302,59479664
2026-07-27 18:49:40.380001,GOOGL,107.63746596954628,107.251908555154,109.16808286237128,106.23056624781083,89378755
2026-07-28 18:49:40.380001,GOOGL,101.3721987222384,101.03412819397248,101.48494359636729,100.9310203975507,144542113
2026-07-29 18:49:40.380001,GOOGL,109.78556388395846,110.62818962616797,110.8071177346155,108.54837890165452,104313899
2026-07-30 18:49:40.380001,GOOGL,109.3863923772464,109.77833216231579,110.33561020309796,107.3791622946639,84847825
2026-07-31 18:49:40.380001,GOOGL,114.78525124748249,114.17353895256443,116.7829028256912,114.22616264685209,155279431
2026-08-03 18:49:40.380001,GOOGL,110.10958762292462,110.59428788781707,110.26784077260565,108.17037782093168,139123402
2026-08-04 18:49:40.380001,GOOGL,104.56644452196441,104.17624228273695,105.08259483464846,103.03132920805811,93335426
2026-08-05 18:49:40.380001,GOOGL,104.3990856732086,104.0032636462031,106.20821411314516,103.8887736001669,77125846
2021-08-06 18:49:40.380001,TSLA,200.0,199.9773931830376,200.90930034909888,198.50603210912865,135262520
2021-08-09 18:49:40.380001,TSLA,201.10832074060116,200.6997901965421,202.0864455502826,199.62213819837348,127192595
2021-08-10 18:49:40.380001,TSLA,202.48676841582557,202.06623582448893,206.02684558561245,199.41455466913678,72600412
2021-08-11 18:49:40.380001,TSLA,215.79008802067594,215.68865252846535,216.2240010401427,213.1848346200127,168267737
2021-08-12 18:49:40.380001,TSLA,216.12192697833157,217.44194502198863,217.763617487576,215.4473984325123,180337232
2021-08-13 18:49:40.380001,TSLA,197.52222668330444,196.55339869001332,197.97651794509267,196.5885314184152,124628978
2021-08-16 18:49:40.380001,TSLA,184.34827287751682,186.1846033120181,185.67165519967375,183.49495353579147,175563798
2021-08-17 18:49:40.380001,TSLA,172.84808369083552,173.06632169703173,175.0779807993409,172.1208224454085,117553462
2021-08-18 18:49:40.380001,TSLA,173.2517526313461,172.93132575014712,176.6161871307343,173.17707354693923,60214649
2021-08-19 18:49:40.380001,TSLA,163.4492901364268,162.0545919131677,165.15493070973156,163.22680148804307,98454115
2021-08-20 18:49:40.380001,TSLA,147.8410410031347,148.0177289885973,149.7912423521957,147.34900316672403,126205362
2021-08-23 18:49:40.380001,TSLA,149.71507144087298,149.21063852083216,149.7595236349344,147.71265759119137,115036093
2021-08-24 18:49:40.380001,TSLA,147.09913611897295,145.97626120627328,149.12743746062827,146.72205264043168,155342050
2021-08-25 18:49:40.380001,TSLA,139.34563278375146,140.3885521343143,139.85860923853193,136.8925778597207,77383960
2021-08-26 18:49:40.380001,TSLA,132.844144253138,133.60860342236327,134.3273570575007,131.23135188221258,63894116
2021-08-27 18:49:40.380001,TSLA,142.39829762531548,141.0996398100861,144.74308580987292,141.03932175779667,133142524
2021-08-30 18:49:40.380001,TSLA,154.9664939225703,155.4056003959089,158.06281943001736,152.89849979344893,151734066
2021-08-31 18:49:40.380001,TSLA,157.02481658563514,158.44924859784436,157.77653201371825,155.0122397252658,75955431
2021-09-01 18:49:40.380001,TSLA,140.5995227380065,139.67183860405356,140.76780602171777,140.33373873675254,60221786
2021-09-02 18:49:40.380001,TSLA,136.45325775453324,137.59833138061225,137.77129598886336,135.92193457569144,126452384
2021-09-03 18:49:40.380001,TSLA,136.10633851715775,135.81168929093968,137.59986976985255,135.36566191273903,126820142
2021-09-06 18:49:40.380001,TSLA,128.8312077454911,128.760480829715,130.6045321951308,128.26910189138152,188679853
2021-09-07 18:49:40.380001,TSLA,124.69405599353698,124.45906991208635,125.35604952434007,123.12323033669036,117588278
2021-09-08 18:49:40.380001,TSLA,125.32709747050211,126.40599632655454,126.22694039500446,123.99226960848286,148705576
2021-09-09 18:49:40.380001,TSLA,123.15841350916901,124.24881405089015,124.15771611186743,121.8341456423061,58302256
2021-09-10 18:49:40.380001,TSLA,125.45306575604737,125.22694425551632,127.87630230705606,124.91057650451145,149040483
2021-09-13 18:49:40.380001,TSLA,116.99632219478362,118.09559789389814,118.65858536397953,116.0678134621139,128771865
2021-09-14 18:49:40.380001,TSLA,121.93773759516205,121.54572198341558,122.73901324830926,120.03827105750337,145776659
2021-09-15 18:49:40.380001,TSLA,127.88137486207697,127.35215907508818,128.97872016695683,127.08507021713633,102672302
2021-09-16 18:49:40.380001,TSLA,138.10934030883908,139.34339795796436,139.1453551849422,137.681622866787,51702489
2021-09-17 18:49:40.380001,TSLA,135.38075922502978,135.43074482164397,137.42717648525561,134.18467937058728,141942289
2021-09-20 18:49:40.380001,TSLA,132.1667013703485,132.0150412347738,134.77787598490875,129.92748495072186,87073964
2021-09-21 18:49:40.380001,TSLA,137.85633338639505,136.68020142403554,139.90440275246416,135.7150724004075,88753942
2021-09-22 18:49:40.380001,TSLA,136.09136118532456,134.88898961359268,137.69382887685137,133.54875930260735,194584417
2021-09-23 18:49:40.380001,TSLA,137.82365116469705,138.0599817352644,139.20632657906413,135.44711352458964,67107146
2021-09-24 18:49:40.380001,TSLA,132.63121086926705,132.5784256509416,135.13074346947414,130.30154159074692,93341302
2021-09-27 18:49:40.380001,TSLA,130.69140863890445,129.88011878173546,132.6811847257352,128.64733097059298,103523603
2021-09-28 18:49:40.380001,TSLA,134.9501740246652,135.65029063750274,135.48108597447526,132.57792411323635,100067036
2021-09-29 18:49:40.380001,TSLA,118.33116709358465,117.83748263796736,118.52482590092866,118.14736822611297,78383836
2021-09-30 18:49:40.380001,TSLA,118.38984415202899,119.2198923891577,120.3925293585625,117.48531988287347,107184036
2021-10-01 18:49:40.380001,TSLA,123.04635431011012,122.32928260765694,125.08144818953627,121.58706733038613,77021519
2021-10-04 18:49:40.380001,TSLA,125.95482154580576,125.02531680278517,126.69802833092554,124.01741111968992,154651755
2021-10-05 18:49:40.380001,TSLA,136.80468311505294,137.17802377758497,138.28985900996142,135.01738143758874,188443646
2021-10-06 18:49:40.380001,TSLA,141.49714167376058,141.3454322811273,143.7596794651675,141.33663989200318,51541008
2021-10-07 18:49:40.380001,TSLA,135.89491572757035,135.46064336257044,136.5782768632063,133.5630577029058,73749122
2021-10-08 18:49:40.380001,TSLA,132.97658558914787,131.84785489888054,135.1169350547406,130.7453761500295,53448117
2021-10-11 18:49:40.380001,TSLA,126.32217605815057,126.6487840022807,128.08325829298133,125.88221513282495,82984348
2021-10-12 18:49:40.380001,TSLA,131.99793930318734,132.7632549365925,132.72446368410516,129.95135558416527,197872097
2021-10-13 18:49:40.380001,TSLA,140.56544036178914,139.31789108359212,140.81321259449905,139.70050775210342,63690243
2021-10-14 18:49:40.380001,TSLA,152.70974228564572,153.8845223211505,155.62066956346638,152.3786140119837,85503294
2021-10-15 18:49:40.380001,TSLA,142.46726230782173,141.7509926617464,142.52407054516794,140.1855645746754,54163948
2021-10-18 18:49:40.380001,TSLA,139.76184616510685,139.51812042403316,142.06544140189365,137.07157514649407,100987219
2021-10-19 18:49:40.380001,TSLA,135.41531754647326,134.77501801529291,137.16873880021785,135.15552004141708,193305253
2021-10-20 18:49:40.380001,TSLA,129.74104644278648,130.0996053557639,131.39958203191932,127.62786879703252,183425309
2021-10-21 18:49:40.380001,TSLA,119.59327591617796,119.4471704111324,121.78560805160159,118.08017253410074,116867595
2021-10-22 18:49:40.380001,TSLA,123.4528084668313,123.94480759958283,123.81210522405043,121.87911539060909,192620757
2021-10-25 18:49:40.380001,TSLA,125.71942268125738,125.44198116082093,128.20727142202318,125.28292692899446,120594688
2021-10-26 18:49:40.380001,TSLA,125.93356598562616,126.4534976804837,127.04917752268962,124.5530098660791,159287939
2021-10-27 18:49:40.380001,TSLA,119.85374814782932,120.39868946232647,120.71167083147863,119.58491530864165,85809374
2021-10-28 18:49:40.380001,TSLA,119.79411274372619,119.65111428967539,120.02564934687106,119.6948597554839,104014129
2021-10-29 18:49:40.380001,TSLA,125.66133584251507,125.27700860680858,126.6819645485804,125.3664739398819,109675767
2021-11-01 18:49:40.380001,TSLA,131.75294806960213,130.84992893525936,132.71469663022927,130.98030663164226,190263272
2021-11-02 18:49:40.380001,TSLA,140.9370409648216,139.82061706510484,142.47683628259108,140.40474261992662,189487265
2021-11-03 18:49:40.380001,TSLA,144.01579967523335,143.35272617527272,144.1052709293009,142.19107318155025,133249651
2021-11-04 18:49:40.380001,TSLA,142.8170908210883,142.76897522912847,145.491263880862,140.30291159861235,62596660
2021-11-05 18:49:40.380001,TSLA,134.93188055374802,136.25985748753902,135.53734225942992,133.242347880942,199782753
2021-11-08 18:49:40.380001,TSLA,123.86601322443974,124.964713216768,125.0992192935522,122.89156500972832,88657661
2021-11-09 18:49:40.380001,TSLA,122.73353095489898,122.47046862532534,123.27733617529725,122.2847300408265,67463809
2021-11-10 18:49:40.380001,TSLA,116.47735616253586,116.43450091061982,118.76292937035082,114.19582672941476,170141323
2021-11-11 18:49:40.380001,TSLA,122.13763691848324,123.24878556723175,124.1037361404768,119.83419973680748,115957168
2021-11-12 18:49:40.380001,TSLA,125.99593566131551,124.79453405427135,127.01788276963147,125.10861560972769,98752340
2021-11-15 18:49:40.380001,TSLA,133.68144532191943,133.06525838110582,136.3244502214992,131.80273119367791,64434721
2021-11-16 18:49:40.380001,TSLA,138.17757275759067,138.80257484470775,138.30247310400216,136.38064156863032,158409390
2021-11-17 18:49:40.380001,TSLA,134.6102695625747,133.79136700467117,135.90956090770882,132.82783414637794,83105970
2021-11-18 18:49:40.380001,TSLA,131.97421677913664,131.5553953334396,133.8535089508853,129.85547076414593,166590094
2021-11-19 18:49:40.380001,TSLA,123.13671169344798,122.89837838086034,125.37293994365015,122.22792912038142,122178437
2021-11-22 18:49:40.380001,TSLA,120.72671545074412,120.65302093077037,122.00268541207961,120.16562301927078,129433944
2021-11-23 18:49:40.380001,TSLA,125.68574976033875,125.91447590158373,127.53667253129667,125.63366302163335,72422772
2021-11-24 18:49:40.380001,TSLA,113.61710562491359,114.52642532880766,113.97906470733497,111.40617490278268,143104847
2021-11-25 18:49:40.380001,TSLA,108.25574172224303,108.8810443416377,109.68603576069395,107.2898943273092,132208011
2021-11-26 18:49:40.380001,TSLA,102.05991385767214,102.02735218175279,102.50643260842392,100.88089557464265,96479021
2021-11-29 18:49:40.380001,TSLA,101.93572643025102,102.14476066624059,102.28531322986323,100.60089353239093,144907567
2021-11-30 18:49:40.380001,TSLA,100.43922173400018,99.93445598342525,101.57229568893807,99.13971211872374,170636182
2021-12-01 18:49:40.380001,TSLA,94.05164327238172,93.8466713016425,95.64320130168673,92.50070879509732,68901515
2021-12-02 18:49:40.380001,TSLA,94.36207065952249,94.91101711293157,94.66929356730952,94.11935945523166,155763140
2021-12-03 18:49:40.380001,TSLA,95.52833426088498,96.12794969599054,97.2113543161286,95.26196530630953,84213791
2021-12-06 18:49:40.380001,TSLA,99.02051639995804,99.60564098465554,99.06711429623891,97.17471128044643,61076455
2021-12-07 18:49:40.380001,TSLA,99.45188418896342,99.52623690571872,99.4536179884895,98.14427554197576,177172631
2021-12-08 18:49:40.380001,TSLA,98.1520361091553,97.71279695192293,100.02363389701208,97.7832343194571,125682549
2021-12-09 18:49:40.380001,TSLA,102.73241603683773,102.14956411161756,103.7283533285959,100.71206749592781,87261337
2021-12-10 18:49:40.380001,TSLA,98.37242181569069,97.8828273243095,99.52914711672493,97.18196325040473,151264018
2021-12-13 18:49:40.380001,TSLA,96.27507957251544,95.86769995493832,96.88670773930326,96.14168617872706,82939054
2021-12-14 18:49:40.380001,TSLA,91.51213741584351,91.76035124617196,92.37689505393492,89.82194570733805,157759607
2021-12-15 18:49:40.380001,TSLA,90.31941715714446,89.7696987502498,90.33421509717874,88.9291588890322,188327649
2021-12-16 18:49:40.380001,TSLA,97.73065172668964,98.69256961713037,98.89730841229247,96.49122093344084,132899905
2021-12-17 18:49:40.380001,TSLA,86.78568326568826,87.05850060389406,87.69925591995806,85.89736251859584,182601177
2021-12-20 18:49:40.380001,TSLA,84.46208105879698,85.03133336665759,85.67228181924078,83.91919073185629,185215011
2021-12-21 18:49:40.380001,TSLA,85.58921385784222,85.58307749509035,86.19727741921564,84.46377795655226,121763948
2021-12-22 18:49:40.380001,TSLA,84.8620102493744,85.25806862113362,85.49702814977688,83.25795905056088,178760450
2021-12-23 18:49:40.380001,TSLA,79.1695848856219,78.7198364518782,79.30419394921681,78.44106902763637,109451649
2021-12-24 18:49:40.380001,TSLA,78.0169927510024,78.34352266841755,79.21857942835364,77.04014681674964,198234430
2021-12-27 18:49:40.380001,TSLA,78.02773317055265,77.74806891078441,79.39163946098384,77.64039111201515,111096362
2021-12-28 18:49:40.380001,TSLA,81.24125849382399,81.47670489087503,82.38130931594156,80.38330256217307,129987993
2021-12-29 18:49:40.380001,TSLA,82.08308092726942,81.4200648080758,82.8903750648281,80.90721259986775,188445476
2021-12-30 18:49:40.380001,TSLA,86.62800063536415,87.35044090806102,87.50566450851987,86.49637785383446,68572683
2021-12-31 18:49:40.380001,TSLA,83.46649931962399,83.23848286095702,83.81960169703956,82.33717132619618,196802595
2022-01-03 18:49:40.380001,TSLA,78.14064415128361,78.27149099575925,78.92549500082089,76.64922699768884,94396825
2022-01-04 18:49:40.380001,TSLA,82.13666606901384,81.49722170486459,82.17753297996948,81.60609177128975,133524060
2022-01-05 18:49:40.380001,TSLA,82.6344906571173,83.36686316774733,83.17666105319476,81.51626550228768,192653597
2022-01-06 18:49:40.380001,TSLA,85.63190088488211,85.6249217615128,86.42757058011884,84.06024501373183,84057746
2022-01-07 18:49:40.380001,TSLA,83.26764951010914,82.91345103460603,83.30713241898454,81.97218269262379,99197226
2022-01-10 18:49:40.380001,TSLA,78.9969951319983,78.26361631632227,80.45442892172456,78.82821079996957,55551762
2022-01-11 18:49:40.380001,TSLA,78.12186057978474,78.65179979718255,78.54619729761112,77.34892196672358,124087438
2022-01-12 18:49:40.380001,TSLA,73.60331908631466,73.8151563394289,74.21231041302697,73.50760552848882,198097948
2022-01-13 18:49:40.380001,TSLA,70.94876633391866,70.55472377338202,71.80578101745397,69.7892893814769,87561440
2022-01-14 18:49:40.380001,TSLA,73.51291081270796,74.03767158243579,74.49356095358503,72.9563832455687,158921690
2022-01-17 18:49:40.380001,TSLA,73.85138515720499,74.17151054597963,74.26273740090035,73.6949804061067,56084189
2022-01-18 18:49:40.380001,TSLA,70.36774070934935,70.74299468125949,70.629062382308,69.6998950401336,94897495
2022-01-19 18:49:40.380001,TSLA,68.30511245193114,67.63609619515368,68.57292658788158,67.91448026134398,174714911
2022-01-20 18:49:40.380001,TSLA,70.29028815697077,70.54534058385953,70.65607236111683,69.18656063835357,135737459
2022-01-21 18:49:40.380001,TSLA,70.02239213017509,70.17827398515473,71.01763094452139,69.79750081617289,79390012
2022-01-24 18:49:40.380001,TSLA,66.71623206261607,66.05721075078884,67.75959099813151,65.60673513495762,52013218
2022-01-25 18:49:40.380001,TSLA,68.2111828199098,68.37954778923717,69.17476821404931,67.21466529171605,94804481
2022-01-26 18:49:40.380001,TSLA,70.73740830985994,70.16322787868846,71.48099155648454,69.66540365592553,132005836
2022-01-27 18:49:40.380001,TSLA,72.88611804668716,73.45710906600267,73.87618817546549,71.77094610032195,84992640
2022-01-28 18:49:40.380001,TSLA,72.90500139829746,72.36021814697673,73.07218132837858,72.16932273245895,139190052
2022-01-31 18:49:40.380001,TSLA,72.43691246931245,71.88506341936196,73.39880412100261,71.25759421103623,150088491
2022-02-01 18:49:40.380001,TSLA,73.33608568473352,72.85768723256682,73.81397175205377,72.54131884282351,71000415
2022-02-02 18:49:40.380001,TSLA,73.38853701269547,72.6813251969636,74.48498807561865,72.3072336983546,185033484
2022-02-03 18:49:40.380001,TSLA,72.85266152017299,72.58097857189117,73.87254212940506,72.51766648689927,180937994
2022-02-04 18:49:40.380001,TSLA,74.42495479809692,74.19436090084784,75.34278070903542,73.98524137605779,69891172
2022-02-07 18:49:40.380001,TSLA,76.25398558330811,75.88663105262918,77.61311446798825,76.21951366219886,146228438
2022-02-08 18:49:40.380001,TSLA,76.01826117311394,75.57597391081376,77.22029464971396,75.16888035998441,112873722
2022-02-09 18:49:40.380001,TSLA,76.60737825320246,76.41594593601222,76.66948954451497,76.51311991460585,145031291
2022-02-10 18:49:40.380001,TSLA,79.17766295314341,78.53421693837694,80.47285621135417,77.94559574433347,103736880
2022-02-11 18:49:40.380001,TSLA,79.04860538178363,79.74936329136683,79.55464380265315,78.78281124921999,66379773
2022-02-14 18:49:40.380001,TSLA,80.84856852688301,81.62324977776025,80.97311041492058,80.25698037300192,63167738
2022-02-15 18:49:40.380001,TSLA,87.31412017995747,86.58095117471437,88.66151785092691,85.89355884051419,108932450
2022-02-16 18:49:40.380001,TSLA,94.10493719338986,94.51320153000403,95.7466769541575,93.41696944537148,148571618
2022-02-17 18:49:40.380001,TSLA,97.6637631375058,97.57924130459449,99.46088299130408,95.87313367931033,193079126
2022-02-18 18:49:40.380001,TSLA,99.6032975012462,99.88281048142402,101.573829100935,98.42417477243713,119111955
2022-02-21 18:49:40.380001,TSLA,95.51617317772266,95.63158479933058,95.60564642845432,94.70261338930196,155357064
2022-02-22 18:49:40.380001,TSLA,97.65575916112455,98.18946951348897,98.3484354763646,96.28424631436513,193836605
2022-02-23 18:49:40.380001,TSLA,110.1343704230912,110.5119597269152,110.30545273407333,108.73823137718094,171820417
2022-02-24 18:49:40.380001,TSLA,109.14600585209068,108.72601841577455,110.50944208415048,109.04762946703562,135713597
2022-02-25 18:49:40.380001,TSLA,106.79448421186092,107.41257636229595,107.9514484841718,106.08446740470936,133303855
2022-02-28 18:49:40.380001,TSLA,107.26736710169271,108.19886254893707,109.15819017739204,107.25280967895472,182941730
2022-03-01 18:49:40.380001,TSLA,100.2328518877405,100.4615921229391,101.70021780129514,98.38849986512336,122091045
2022-03-02 18:49:40.380001,TSLA,99.48139089734559,100.07153340132223,101.03804768621735,98.63096803662911,115764559
2022-03-03 18:49:40.380001,TSLA,97.40081642219248,96.79520140929979,98.87986054640963,96.25739395611112,105876366
2022-03-04 18:49:40.380001,TSLA,91.89617181153785,91.8267527233949,92.68446039256195,91.8155445284509,84478432
2022-03-07 18:49:40.380001,TSLA,97.44206047664609,97.92732662530658,98.5451574799165,96.88573192300461,151828926
2022-03-08 18:49:40.380001,TSLA,94.89152379356946,95.79696450380409,96.65914791539508,94.53072927724824,182058636
2022-03-09 18:49:40.380001,TSLA,97.27710632028358,97.01159480848847,97.52550103401433,96.89357441118337,92599276
2022-03-10 18:49:40.380001,TSLA,92.64487193686983,92.53281252657405,93.47061156553465,92.49881018818131,50631009
2022-03-11 18:49:40.380001,TSLA,90.99332283021585,90.63535979076246,91.75948447798511,89.48568956553326,58625092
2022-03-14 18:49:40.380001,TSLA,92.96459891137411,92.68158373698067,94.27163634292803,91.42459189889033,152316790
2022-03-15 18:49:40.380001,TSLA,86.32732393680786,86.07693129921883,87.70070525125124,84.7873048838613,54208035
2022-03-16 18:49:40.380001,TSLA,94.14743114469674,94.28498706765077,95.75412579526433,92.5690181014731,81047621
2022-03-17 18:49:40.380001,TSLA,91.13916324935435,90.24044616167505,92.82099824367887,89.34284826171466,126843482
2022-03-18 18:49:40.380001,TSLA,93.14518329539655,93.14008137789315,93.62443538713214,91.7372908546799,194029704
2022-03-21 18:49:40.380001,TSLA,100.8143119365794,100.00591354482455,101.97548268385945,99.25827521092181,161284203
2022-03-22 18:49:40.380001,TSLA,108.24753572890026,108.39635041174428,108.89565087994744,108.03172583344369,66023856
2022-03-23 18:49:40.380001,TSLA,99.90689825314368,99.51937130092196,100.19739108586538,99.29854160338056,189444338
2022-03-24 18:49:40.380001,TSLA,111.13045548432527,110.88528934843593,112.24539355529087,109.64059280486461,144219694
2022-03-25 18:49:40.380001,TSLA,119.56334683211783,120.18001402075147,121.23550950419191,118.32115804082426,159386328
2022-03-28 18:49:40.380001,TSLA,130.3657276596283,130.67542621242808,132.56642794166774,129.98416026229305,158749807
2022-03-29 18:49:40.380001,TSLA,124.98896259695825,124.14448844273929,125.48914622796426,123.16335910356719,68319849
2022-03-30 18:49:40.380001,TSLA,126.08096808102972,125.66408318306192,126.491742036455,125.66555887119401,159608246
2022-03-31 18:49:40.380001,TSLA,122.6680362868021,122.63393239927784,122.90407912560677,122.64712104737366,80987481
2022-04-01 18:49:40.380001,TSLA,122.2945091348998,123.34384369876686,124.58524075917046,120.76253081880435,97238816
2022-04-04 18:49:40.380001,TSLA,123.26240921730567,122.07927092868896,125.69141214886166,121.19320608919331,51483012
2022-04-05 18:49:40.380001,TSLA,124.92121487449596,124.22554630841898,127.14828523219472,124.68304974004195,135564981
2022-04-06 18:49:40.380001,TSLA,131.7789276393434,132.5468241390405,132.78026134934777,130.18977536353466,156543180
2022-04-07 18:49:40.380001,TSLA,136.24363852493187,135.20845669522333,138.82348283727933,135.21589657262115,113110840
2022-04-08 18:49:40.380001,TSLA,138.1690893939631,136.8599367840504,140.895173492058,136.81743459110626,164149757
2022-04-11 18:49:40.380001,TSLA,135.80229753780864,134.4659719857,136.4547514859711,134.8926630613904,115502870
2022-04-12 18:49:40.380001,TSLA,122.44414956904157,123.4989253014883,123.71701554424553,121.69720969214833,93115733
2022-04-13 18:49:40.380001,TSLA,119.23212691704634,118.4853816241269,121.02086766917776,118.4734119633561,161753177
2022-04-14 18:49:40.380001,TSLA,121.83942036179518,121.17621014131352,121.98926035786562,120.56811628505122,171762052
2022-04-15 18:49:40.380001,TSLA,109.0533876306665,109.20401327805047,110.23658854602995,107.99462500936959,160080887
2022-04-18 18:49:40.380001,TSLA,106.58569977409958,107.32833756832906,107.68920493104405,105.48890901878407,155342428
2022-04-19 18:49:40.380001,TSLA,101.87952399028879,102.46514294449085,103.48918894792821,100.8740487562908,150953751
2022-04-20 18:49:40.380001,TSLA,101.1816658640982,101.01211541922213,102.68683782336235,99.89572340171921,160916294
2022-04-21 18:49:40.380001,TSLA,107.58993395827947,107.92890968052177,109.73279542000077,106.5437750384234,99153171
2022-04-22 18:49:40.380001,TSLA,105.15054518680047,104.46551519782618,105.75406204016835,103.06733980763995,148202310
2022-04-25 18:49:40.380001,TSLA,97.10818945481171,97.92221595540462,99.03078564485753,96.0657248860767,166503264
2022-04-26 18:49:40.380001,TSLA,96.17668471171234,95.60296241925884,97.30222547418776,94.64758305900683,106156462
2022-04-27 18:49:40.380001,TSLA,94.10628154303622,93.88050337552633,95.59058260412809,93.78001533784214,158692883
2022-04-28 18:49:40.380001,TSLA,95.26412782421224,95.83977612944481,95.69357524325164,95.25219034284196,128878382
2022-04-29 18:49:40.380001,TSLA,100.80005717993878,100.50799174168567,102.7401822976418,99.58296103660345,89889035
2022-05-02 18:49:40.380001,TSLA,96.67600483028032,96.19031762281607,97.02803792674236,95.01343775532521,144356149
2022-05-03 18:49:40.380001,TSLA,103.29799651758071,102.6358694547927,105.0222634293135,102.4358854037532,84534415
2022-05-04 18:49:40.380001,TSLA,100.65526636142687,101.64159471034347,101.81049935313472,99.41204412645303,98434574
2022-05-05 18:49:40.380001,TSLA,106.44142300014316,106.01415784380059,107.51741004070162,104.52460291168619,101710712
2022-05-06 18:49:40.380001,TSLA,106.40954383695215,107.40596839480705,107.69226959574222,104.57312454694615,76060677
2022-05-09 18:49:40.380001,TSLA,101.01546565067679,101.34570424963646,101.71510612663444,99.26148742204003,103278416
2022-05-10 18:49:40.380001,TSLA,102.94383568724577,102.36679827002598,104.68644123469551,101.75420857621218,165661158
2022-05-11 18:49:40.380001,TSLA,104.50733966130993,103.9514647273357,105.00183295339774,102.8353864963506,124195669
2022-05-12 18:49:40.380001,TSLA,106.0328279742041,105.06861294877406,106.69528471414667,105.11709822919047,132642036
2022-05-13 18:49:40.380001,TSLA,110.79546185953902,110.12251503380095,111.85753075492927,110.28844728918341,129314746
2022-05-16 18:49:40.380001,TSLA,105.1753000426133,104.50123112226672,105.47836551233526,104.77097110608624,160258824
2022-05-17 18:49:40.380001,TSLA,106.61335198350417,107.0234804342352,108.48376178611406,105.64466050877812,182416487
2022-05-18 18:49:40.380001,TSLA,111.02725852209268,112.01767579443755,111.11710475797337,108.97019541329963,52959695
2022-05-19 18:49:40.380001,TSLA,106.25996838591777,106.70662790834209,108.13447491759423,105.41850098043987,150926752
2022-05-20 18:49:40.380001,TSLA,106.55729568991481,106.18574562885026,106.64476658471503,104.71586381550803,155325068
2022-05-23 18:49:40.380001,TSLA,106.7773994480604,107.40436537845852,107.09554100352699,106.64156258968531,77003324
2022-05-24 18:49:40.380001,TSLA,114.80632318326381,115.95373073229104,116.6253950447888,112.87932609698696,114622051
2022-05-25 18:49:40.380001,TSLA,110.27251623593247,110.97365074960659,111.10399481238795,110.22107105599825,132464468
2022-05-26 18:49:40.380001,TSLA,108.62879335613853,107.58573643654911,108.6392844583559,107.4640859587741,144739748
2022-05-27 18:49:40.380001,TSLA,110.55720469260176,111.08985974812207,112.40821543139168,108.93393687244311,84666930
2022-05-30 18:49:40.380001,TSLA,107.46511870592688,107.48054107861319,108.96295114528401,107.03258999251632,158949180
2022-05-31 18:49:40.380001,TSLA,107.55753469362625,108.54822957071003,107.91175634998265,107.52878091513716,162287076
2022-06-01 18:49:40.380001,TSLA,105.1340460561604,105.89833918239883,105.19307057315183,104.96467697149669,100815129
2022-06-02 18:49:40.380001,TSLA,113.37383650194664,113.57429554842516,114.61338475165337,111.71201962144372,59505968
2022-06-03 18:49:40.380001,TSLA,117.44545838599122,116.82989777269096,119.20461897774432,115.20697472588418,62974575
2022-06-06 18:49:40.380001,TSLA,117.36282346770723,118.3108105233955,118.9586032839659,116.12906656836341,62079855
2022-06-07 18:49:40.380001,TSLA,123.51371491858524,122.96640512684051,125.70935516177833,123.24195279190398,164183268
2022-06-08 18:49:40.380001,TSLA,120.18414644184128,119.96999355642632,120.53384861624009,118.62404899981203,172685762
2022-06-09 18:49:40.380001,TSLA,123.67360220345353,123.97462853390164,125.19820696261415,122.73318584310547,112185519
2022-06-10 18:49:40.380001,TSLA,116.64663227340529,115.74879187804481,118.78881408528422,114.99496942396999,69181322
2022-06-13 18:49:40.380001,TSLA,117.08968178736968,116.15981088221193,117.81229921154267,116.17530578755569,63417137
2022-06-14 18:49:40.380001,TSLA,118.45878365717977,117.8659484258449,120.09042177134538,116.61651022861918,154879392
2022-06-15 18:49:40.380001,TSLA,117.89278604885035,118.81195284112253,118.54627168699062,115.94024726807558,147725890
2022-06-16 18:49:40.380001,TSLA,112.27111398565778,113.358741207058,112.48682674440289,111.63468702247486,196120094
2022-06-17 18:49:40.380001,TSLA,115.69900902129794,114.9019455043243,117.71608785806269,113.71551592700466,69186772
2022-06-20 18:49:40.380001,TSLA,112.20401456546503,111.95761639150909,112.38000541384334,110.38620955138758,149066791
2022-06-21 18:49:40.380001,TSLA,120.01904024694755,119.69895454334178,121.83809038294086,118.84420278028985,178317409
2022-06-22 18:49:40.380001,TSLA,118.11973924051183,117.49575809236796,119.59080828465741,116.88564111041352,163373666
2022-06-23 18:49:40.380001,TSLA,122.94268337387827,124.08489430591504,125.3815732690475,122.1187692255194,50378929
2022-06-24 18:49:40.380001,TSLA,121.44078967888312,120.85702035604498,121.77012518673116,121.06612944354825,137966531
2022-06-27 18:49:40.380001,TSLA,119.59366500017435,120.7795203642953,119.8908867790743,117.41557760611319,155745634
2022-06-28 18:49:40.380001,TSLA,120.9683691751999,122.08279444120326,122.23412299405886,120.12950110338804,191445621
2022-06-29 18:49:40.380001,TSLA,121.80960227133993,122.40757860721845,123.7248010517829,119.47858521613183,129842034
2022-06-30 18:49:40.380001,TSLA,129.11520143386363,128.3780540370118,131.6259144301696,128.23230532267792,150870703
2022-07-01 18:49:40.380001,TSLA,122.92846430360667,124.06363274343146,124.98881639397912,122.70766870334029,76662346
2022-07-04 18:49:40.380001,TSLA,119.2689793800431,120.4172841329964,119.8131820474568,119.0160447366263,81568842
2022-07-05 18:49:40.380001,TSLA,123.38555112264577,124.32379094472954,124.37341069664318,121.0606675423506,101239693
2022-07-06 18:49:40.380001,TSLA,117.78128414607585,118.15125748390433,118.9235058376345,116.44159389241122,170499963
2022-07-07 18:49:40.380001,TSLA,127.27891488872672,126.50026958805394,127.51377181068464,124.95058300885994,126420026
2022-07-08 18:49:40.380001,TSLA,134.188968408347,133.10982181259126,134.3510182343395,133.84102910050018,61611833
2022-07-11 18:49:40.380001,TSLA,128.97249552804803,129.33723461696545,130.7797062735271,127.02116440561396,111882646
2022-07-12 18:49:40.380001,TSLA,133.29117603624306,131.97536482156048,134.81395690919734,131.40121066199953,166391223
2022-07-13 18:49:40.380001,TSLA,138.75713254807667,138.5588510168864,140.3186856509013,138.01623693144452,66712271
2022-07-14 18:49:40.380001,TSLA,139.1944392519378,139.71600669250122,141.93521487421805,137.2322191683037,143598690
2022-07-15 18:49:40.380001,TSLA,138.9621306287048,137.91384883384586,140.2365085680724,138.2993066876978,177759770
2022-07-18 18:49:40.380001,TSLA,148.1243117894795,148.68558749845724,148.75196019345597,146.75961272977094,157681839
2022-07-19 18:49:40.380001,TSLA,153.19168886476277,153.42064965148057,156.25458266460564,152.43971864416721,65852683
2022-07-20 18:49:40.380001,TSLA,157.05225463150902,158.10871942952483,159.5265419518904,154.3476111754254,175623357
2022-07-21 18:49:40.380001,TSLA,156.45420240382393,155.28254572963775,158.35396944796688,153.6247768175593,199971212
2022-07-22 18:49:40.380001,TSLA,158.5018366487421,159.330664165262,161.33964151684899,157.47568959166793,146198140
2022-07-25 18:49:40.380001,TSLA,153.80360489178685,154.65369195191565,154.83103825659745,151.12227296837807,128386095
2022-07-26 18:49:40.380001,TSLA,154.57056447313872,154.14577695522425,154.72352320461883,152.19471026418145,152508321
2022-07-27 18:49:40.380001,TSLA,151.24202800623343,149.83276975404215,153.15307088805417,149.11877506150748,148829785
2022-07-28 18:49:40.380001,TSLA,151.51159716663483,150.19339329319365,152.35120400354873,150.0155173797543,114597030
2022-07-29 18:49:40.380001,TSLA,144.17172661742833,143.96664135690096,145.25265453451416,141.82015507052475,130021484
2022-08-01 18:49:40.380001,TSLA,141.61947244745596,142.1440634051242,142.4702660210005,140.63565821547616,134293626
2022-08-02 18:49:40.380001,TSLA,133.94674065998421,134.7487334556081,136.5276121397788,133.24436449469596,154812974
2022-08-03 18:49:40.380001,TSLA,126.95349816519865,128.05093120956957,129.08482469454157,124.9600909600258,135463148
2022-08-04 18:49:40.380001,TSLA,127.28769829102227,126.70312286836567,128.13329767395007,126.78030677505747,80838561
2022-08-05 18:49:40.380001,TSLA,123.68472929729508,124.83951586332309,124.09760590839525,122.5332618940574,62671595
2022-08-08 18:49:40.380001,TSLA,128.34359479056428,129.61229839633714,130.75410133313127,126.55967715215682,104723203
2022-08-09 18:49:40.380001,TSLA,134.329712802224,134.52159609200947,135.4101347602676,132.3419402112749,138389544
2022-08-10 18:49:40.380001,TSLA,139.79295288980185,138.83688934316734,141.2514340623413,137.51139098938478,147231070
2022-08-11 18:49:40.380001,TSLA,145.15169630395076,144.79855769130452,146.4991901910333,143.87494727764042,85437250
2022-08-12 18:49:40.380001,TSLA,144.92321151123792,144.793754014336,146.18084792949625,144.8570586161945,197620664
2022-08-15 18:49:40.380001,TSLA,143.8040176761261,144.89200831468523,144.72185460254025,141.23507004763454,162883378
2022-08-16 18:49:40.380001,TSLA,146.82710017295508,147.59130353953762,146.87710372490585,145.98367891540443,135122795
2022-08-17 18:49:40.380001,TSLA,148.33385408237112,147.15075779456834,148.56428431652992,145.636648826582,121581953
2022-08-18 18:49:40.380001,TSLA,148.44857913736007,149.2979548376828,148.6106080182,147.2317692407397,50661777
2022-08-19 18:49:40.380001,TSLA,145.53745732318086,144.43724963481588,148.2607308318801,144.85959867657175,156151512
2022-08-22 18:49:40.380001,TSLA,145.30429404785065,146.30101081046956,147.24486670397715,142.50562453250288,118440075
2022-08-23 18:49:40.380001,TSLA,146.84072450056019,146.0371451030235,149.3578592840558,145.5241861807393,157596447
2022-08-24 18:49:40.380001,TSLA,145.63285373667065,144.29293591756593,146.86801852602875,143.61113823455776,160015917
2022-08-25 18:49:40.380001,TSLA,142.92790828035686,142.81939365580936,145.062021918848,140.94929764042595,71090722
2022-08-26 18:49:40.380001,TSLA,144.9236489641863,144.13716938971476,147.4587215977446,142.63667420439492,97158925
2022-08-29 18:49:40.380001,TSLA,145.04754075180526,145.42656113049202,145.465659036973,143.522078617546,69500409
2022-08-30 18:49:40.380001,TSLA,140.1632034178558,139.24555280774203,141.81034612982236,138.70644871658934,153476238
2022-08-31 18:49:40.380001,TSLA,142.81577364586903,144.0795637714628,143.87930840413978,141.43144196573363,179578988
2022-09-01 18:49:40.380001,TSLA,138.96625226734108,139.28381917487195,139.8099904107886,137.32369579534546,141834864
2022-09-02 18:49:40.380001,TSLA,140.83817592932093,140.06062613186967,140.9845470479372,138.06675139492538,171412616
2022-09-05 18:49:40.380001,TSLA,137.08663378591032,137.46719030859023,139.54071238405666,135.63528212191352,169443466
2022-09-06 18:49:40.380001,TSLA,135.83190638534924,136.5746448634499,136.05571736336552,135.7015507808683,113410298
2022-09-07 18:49:40.380001,TSLA,135.2780088946815,136.25462608903607,137.651841538731,133.01568986914188,103239622
2022-09-08 18:49:40.380001,TSLA,135.32662498797632,135.2429709295305,136.59394213442934,133.55252174325412,189633535
2022-09-09 18:49:40.380001,TSLA,138.57141359433976,137.92052914768786,139.78037799161405,136.23778174960336,98742947
2022-09-12 18:49:40.380001,TSLA,139.87560125503097,139.59530363824186,140.6492659695569,139.0751766055585,186771912
2022-09-13 18:49:40.380001,TSLA,140.71468206602282,139.87069806548234,141.00030318047592,139.39433526387597,106154478
2022-09-14 18:49:40.380001,TSLA,140.63198668422382,141.65869854773342,142.26290828198856,139.5259113795162,134915297
2022-09-15 18:49:40.380001,TSLA,138.05540422038274,138.66727794710727,140.1399632322986,137.5674297234504,117949458
2022-09-16 18:49:40.380001,TSLA,139.10139527777326,138.38760813549777,140.91652541543385,137.64466204065027,84087732
2022-09-19 18:49:40.380001,TSLA,140.27067334674248,141.3747945367719,141.98471772420098,138.8410595517645,193121273
2022-09-20 18:49:40.380001,TSLA,139.6242766196177,139.589643631418,141.5445301085104,137.49166092386628,104857426
2022-09-21 18:49:40.380001,TSLA,137.80985987059574,138.155322290236,139.90829117236612,136.3242356789357,167573922
2022-09-22 18:49:40.380001,TSLA,135.46578652684886,135.61107299495526,136.12290256845264,133.7740405188719,90050648
2022-09-23 18:49:40.380001,TSLA,128.76799071935133,127.87025995716041,128.92496481709344,128.49053279185898,187642011
2022-09-26 18:49:40.380001,TSLA,130.67602682434023,131.92091934220767,130.77052656993422,129.0874261877488,178782948
2022-09-27 18:49:40.380001,TSLA,137.33137255619832,137.59123309969104,139.01288822986098,134.80450796527916,117286099
2022-09-28 18:49:40.380001,TSLA,143.95667091361753,145.21391694074856,145.63208437269915,143.07977009591215,136642714
2022-09-29 18:49:40.380001,TSLA,146.53543812947234,145.1769083236682,147.4965625723091,143.73552966782256,123387828
2022-09-30 18:49:40.380001,TSLA,145.44689139482185,144.77186801141045,147.68397837300003,145.21180421001458,82795847
2022-10-03 18:49:40.380001,TSLA,145.77572011243845,144.85756555366663,147.77060664044674,145.21011262926447,144635509
2022-10-04 18:49:40.380001,TSLA,146.3204235330586,146.75944658350815,146.71931636209737,144.06929626337714,67171281
2022-10-05 18:49:40.380001,TSLA,142.84074560282738,142.56943263359577,144.10970274202467,142.2358673873241,151148329
2022-10-06 18:49:40.380001,TSLA,137.19340638227052,137.60966962074542,138.85135956708717,136.92516786801065,78293265
2022-10-07 18:49:40.380001,TSLA,139.12513937043028,139.27121900320108,141.37278065261611,138.57355088782012,63639610
2022-10-10 18:49:40.380001,TSLA,138.1337911621104,136.77989287581283,140.6799847960461,136.16687426608712,123056101
2022-10-11 18:49:40.380001,TSLA,134.17155009119196,134.71416130511474,134.61948845690299,134.05550014114465,66695086
2022-10-12 18:49:40.380001,TSLA,130.21580234377973,130.09433451799566,132.12486149728548,127.85818489602616,96399857
2022-10-13 18:49:40.380001,TSLA,129.5136628083258,130.11958239998876,132.02874835744578,127.56095997863628,54533129
2022-10-14 18:49:40.380001,TSLA,127.30995078903192,126.04121053101136,127.78678352111801,126.33636046223555,159092865
2022-10-17 18:49:40.380001,TSLA,123.68217029197965,123.23919402312258,125.05874341762704,122.3071885372163,151214200
2022-10-18 18:49:40.380001,TSLA,123.26601981521544,124.22778972634023,123.71712242566831,123.09274016316846,162151631
2022-10-19 18:49:40.380001,TSLA,122.22957408394463,121.78096157821979,123.6725150901257,121.41523577621247,120195622
2022-10-20 18:49:40.380001,TSLA,116.62595115052272,115.56206515329534,118.00331179990303,114.77341012631925,114626411
2022-10-21 18:49:40.380001,TSLA,114.91513606926269,114.29453044859679,116.93933430745771,114.42891054886168,121648315
2022-10-24 18:49:40.380001,TSLA,115.37676222351723,114.35302861697267,116.16566952408361,115.06361463452802,151325517
2022-10-25 18:49:40.380001,TSLA,116.12196581739138,115.69116015261123,117.45474466569581,115.47220201093903,132667395
2022-10-26 18:49:40.380001,TSLA,117.97352847493903,118.77193774636024,119.65407059730094,115.76146449654556,58815860
2022-10-27 18:49:40.380001,TSLA,116.49453366350383,117.41929480547638,117.6336368774721,114.942556555042,82555541
2022-10-28 18:49:40.380001,TSLA,111.77737609157035,111.71866721265336,112.06304673314196,110.00759707233921,88834317
2022-10-31 18:49:40.380001,TSLA,114.97802472520848,114.87355438542423,115.98910310973892,113.45293796527548,140154611
2022-11-01 18:49:40.380001,TSLA,112.22409715307384,112.97578639828738,112.55176931805525,111.12950865959779,172572939
2022-11-02 18:49:40.380001,TSLA,115.81475020127836,116.83986285749235,117.23670612074848,115.48780619844926,125140894
2022-11-03 18:49:40.380001,TSLA,117.15493414241747,118.05501069031105,118.63542307447764,116.06204162015233,122002977
2022-11-04 18:49:40.380001,TSLA,114.30390445593197,113.99291054338171,115.4780496624316,112.93381357278301,61356149
2022-11-07 18:49:40.380001,TSLA,115.30819396275223,115.16901538055598,116.02324052826178,115.24476811993122,52617397
2022-11-08 18:49:40.380001,TSLA,115.0799470517301,115.97331137818037,116.00343809477184,115.07947117248791,189222402
2022-11-09 18:49:40.380001,TSLA,115.8629300517914,116.87779712979075,116.80378778651212,113.67652550374002,119468027
2022-11-10 18:49:40.380001,TSLA,113.93227175207518,114.58993094504937,115.83802716105336,112.89139087658536,159072262
2022-11-11 18:49:40.380001,TSLA,112.93038776527563,112.06319075401397,115.16181075090334,112.85475180323535,118922212
2022-11-14 18:49:40.380001,TSLA,108.61505302552358,108.50066454634572,110.03067208289231,107.14952783909928,121958851
2022-11-15 18:49:40.380001,TSLA,109.48352495727204,108.89669463635691,111.11146147618017,109.38804804279141,185816327
2022-11-16 18:49:40.380001,TSLA,109.74341459896432,108.93486339540776,110.70718619901474,108.28662118852523,69119460
2022-11-17 18:49:40.380001,TSLA,114.26575064892248,113.59022365496551,114.53113100276681,112.84986233957589,119171898
2022-11-18 18:49:40.380001,TSLA,110.94614342908989,109.8844834582648,111.92114741942761,109.80679138468436,112076714
2022-11-21 18:49:40.380001,TSLA,109.16179651264534,109.7259616405549,109.21206715476082,107.4443261678746,164019543
2022-11-22 18:49:40.380001,TSLA,106.26993540600337,106.10184146541143,108.16447044362243,105.84121165348635,118426429
2022-11-23 18:49:40.380001,TSLA,106.49413750549337,105.80697643562587,108.42316891761938,105.50338437470543,109353023
2022-11-24 18:49:40.380001,TSLA,104.79979086260435,105.72655657008322,105.22323211941116,103.32743484597576,79308209
2022-11-25 18:49:40.380001,TSLA,106.26631217131614,106.3969088881766,108.35770987682348,104.2079359074245,56944194
2022-11-28 18:49:40.380001,TSLA,108.05139683471631,108.2864478632786,108.36338663464576,106.93835342915156,73542627
2022-11-29 18:49:40.380001,TSLA,109.95660860359493,108.90491797947331,111.09174098507691,109.89970799254068,100767096
2022-11-30 18:49:40.380001,TSLA,106.98487423830854,107.34022220892494,107.98090589645675,106.87400986491066,107239428
2022-12-01 18:49:40.380001,TSLA,106.37464215520967,107.03201641107106,106.76543134695933,105.09691318330789,132829800
2022-12-02 18:49:40.380001,TSLA,104.15775137520761,104.24169083570669,104.31020782821429,103.16679292291862,67025731
2022-12-05 18:49:40.380001,TSLA,103.08408345714668,103.47767922940147,104.02654035499182,102.29398370980121,148397167
2022-12-06 18:49:40.380001,TSLA,100.05349691402581,100.77982898057245,100.09718601884222,98.83842236921244,99489316
2022-12-07 18:49:40.380001,TSLA,99.583819134774,99.56492276571457,100.9045279611114,98.85840782584705,66304805
2022-12-08 18:49:40.380001,TSLA,100.36424954785682,100.23932110490443,101.87368811651693,99.84888176886257,151655079
2022-12-09 18:49:40.380001,TSLA,97.7036525200709,97.23586395359635,99.1733633555013,96.41365582954948,83138573
2022-12-12 18:49:40.380001,TSLA,95.87056939574178,95.45943650240277,97.53758591077613,95.01690581474745,95872721
2022-12-13 18:49:40.380001,TSLA,92.02127759316578,92.84568485587344,92.39854842072705,90.33630924141252,187228853
2022-12-14 18:49:40.380001,TSLA,94.00436723298404,94.82571172555467,94.60062183819439,92.57812503506138,166555124
2022-12-15 18:49:40.380001,TSLA,95.54110310365552,96.05031010592502,96.20524070101499,94.26843909511048,134201816
2022-12-16 18:49:40.380001,TSLA,96.8292022638435,97.40118736642677,97.42577070403938,95.75689556992225,80854036
2022-12-19 18:49:40.380001,TSLA,94.78361766865707,94.20085371798628,95.1821536883333,94.38752819417371,191608927
2022-12-20 18:49:40.380001,TSLA,93.72736438027864,93.39844789687028,94.28632189623008,92.82834906245495,168707376
2022-12-21 18:49:40.380001,TSLA,89.95251376697176,90.73250508660587,91.61343531113741,89.64985458563672,101597465
2022-12-22 18:49:40.380001,TSLA,90.77186971693759,90.48441768074495,91.03446497620315,90.6458088022845,180777150
2022-12-23 18:49:40.380001,TSLA,94.57317646669566,95.04141547891498,94.95107831376806,94.06859213674001,175547762
2022-12-26 18:49:40.380001,TSLA,91.51442175412458,92.25552492762118,91.96054141878116,90.38012376484849,90254406
2022-12-27 18:49:40.380001,TSLA,92.7961152934815,93.2551701318089,93.3901552633835,92.42843706096512,69569667
2022-12-28 18:49:40.380001,TSLA,93.99653063016736,94.50577095299619,95.63681991285614,93.16864870668725,57225615
2022-12-29 18:49:40.380001,TSLA,92.91852188432786,93.19989495854664,93.38592080606827,92.31198353317502,153496163
2022-12-30 18:49:40.380001,TSLA,90.70841542876818,90.00616135732056,92.49121393575201,89.62043875394026,73435057
2023-01-02 18:49:40.380001,TSLA,90.08309466167522,90.2937483744153,90.88905113416489,89.28997456410626,84631303
2023-01-03 18:49:40.380001,TSLA,89.83160322982312,89.78359523281593,90.87844157699583,89.57167961077323,137028328
2023-01-04 18:49:40.380001,TSLA,89.89511986627979,89.57070160779844,90.51212781351862,88.2623031026406,135910356
2023-01-05 18:49:40.380001,TSLA,89.00164618798709,88.19127505232943,90.49109876126148,88.99076100149836,82357817
2023-01-06 18:49:40.380001,TSLA,89.07183119732136,89.78597808680169,89.33426986821777,88.20476222651435,133307332
2023-01-09 18:49:40.380001,TSLA,86.36864379267385,87.17321097477029,87.1482795578404,84.65726444022161,88097905
2023-01-10 18:49:40.380001,TSLA,84.62283116485493,84.84846944273175,85.89133413430825,83.64326829890831,95748497
2023-01-11 18:49:40.380001,TSLA,83.59738041202127,83.92858913145785,84.80893696104114,82.7034619447178,107282574
2023-01-12 18:49:40.380001,TSLA,82.84014704028435,82.14310039337342,84.39944693619492,81.29003618105114,164708928
2023-01-13 18:49:40.380001,TSLA,81.19293070014743,81.1541939347892,81.83885121495628,79.62765838866872,178775479
2023-01-16 18:49:40.380001,TSLA,81.11113371891747,81.36678178840839,82.6451872929723,80.36455613234803,195520997
2023-01-17 18:49:40.380001,TSLA,81.57218966787971,82.33302764836937,82.04729851239875,80.12530708936029,136898332
2023-01-18 18:49:40.380001,TSLA,81.29798368597162,80.76611919387447,82.45539813709966,79.94345870961403,185704933
2023-01-19 18:49:40.380001,TSLA,82.9294772198117,82.15245884889113,83.38444993154278,82.0688210303654,125787576
2023-01-20 18:49:40.380001,TSLA,78.98553457395312,79.61861460528667,79.95258449273678,78.27843593270757,110007371
2023-01-23 18:49:40.380001,TSLA,79.21491690426171,79.40371923701109,80.60906005261727,78.57268099274415,122857410
2023-01-24 18:49:40.380001,TSLA,79.08441551893527,79.55792011500974,79.22982843736058,78.2959658484283,87776455
2023-01-25 18:49:40.380001,TSLA,80.20111284523293,79.53138931065452,81.24206470592073,78.6044468749667,58502443
2023-01-26 18:49:40.380001,TSLA,78.27767593978604,77.64684465482857,78.52636860120539,76.72326464780892,73627274
2023-01-27 18:49:40.380001,TSLA,76.20748946998451,75.66456933847512,76.90028647365797,74.68517177430832,88833303
2023-01-30 18:49:40.380001,TSLA,78.66998701780847,78.44607016200884,79.03392077858261,78.27031310963909,128292376
2023-01-31 18:49:40.380001,TSLA,77.38410130989742,78.07487007266373,78.16188488119582,76.32401573004641,129274822
2023-02-01 18:49:40.380001,TSLA,78.48030809302927,77.88873015251849,78.71533461441922,77.16652214838874,65368925
2023-02-02 18:49:40.380001,TSLA,80.43131925022416,80.17976672933014,81.5364349164571,78.85909916193899,142534709
2023-02-03 18:49:40.380001,TSLA,78.45709031424488,77.77234372261624,79.95636034970397,77.38814464681683,116383689
2023-02-06 18:49:40.380001,TSLA,80.30642144556458,80.56217498985077,81.8872778479999,80.24585648629134,198254830
2023-02-07 18:49:40.380001,TSLA,80.33328884539297,80.27163610994266,80.82589408387268,79.25946740578885,159011909
2023-02-08 18:49:40.380001,TSLA,84.97679679390822,84.63069493087549,86.41719094919456,84.74721620763705,184170153
2023-02-09 18:49:40.380001,TSLA,84.45745552307996,84.26789786650933,85.55000440011321,83.75572120030942,92555468
2023-02-10 18:49:40.380001,TSLA,83.020285342581,83.64327651726948,84.30976414181661,82.31766910816884,113677790
2023-02-13 18:49:40.380001,TSLA,80.34431295221478,80.63939273049023,80.36692174610023,78.9103509872362,114427222
2023-02-14 18:49:40.380001,TSLA,81.02774759384717,80.31536794689858,81.29507407464925,79.90232406729984,81930176
2023-02-15 18:49:40.380001,TSLA,79.74119527831957,79.37914572784791,80.63097779232436,79.50393710275377,167093436
2023-02-16 18:49:40.380001,TSLA,80.34984854844986,80.20959930144933,81.31954830866061,79.74025508514578,144177161
2023-02-17 18:49:40.380001,TSLA,76.2541616217936,75.88146364435944,76.41326087966189,76.17624790187375,146515736
2023-02-20 18:49:40.380001,TSLA,76.14506688720908,76.90031052721511,76.18254344050119,74.62714666360988,67741810
2023-02-21 18:49:40.380001,TSLA,74.08660997421808,74.15030860114548,75.36206362050652,73.43576962116896,187105246
2023-02-22 18:49:40.380001,TSLA,76.20494251894797,76.09766720871363,77.23332078224539,75.52599027177823,60443415
2023-02-23 18:49:40.380001,TSLA,76.34102525642707,76.44326718741951,76.34842778633697,76.20494752457475,70737031
2023-02-24 18:49:40.380001,TSLA,76.04349292127162,76.19548034613946,76.78980543501956,75.37493857943038,76191040
2023-02-27 18:49:40.380001,TSLA,74.44624751098812,73.72965457708017,74.83904514717563,73.16838631567376,101575162
2023-02-28 18:49:40.380001,TSLA,74.31982659652728,73.73163113088022,74.35301024005088,72.8432097576722,168506296
2023-03-01 18:49:40.380001,TSLA,76.4452906862092,76.67263942357165,76.50868027713217,75.79352487489463,160324958
2023-03-02 18:49:40.380001,TSLA,77.09801081660815,76.67370783681437,77.53928923051508,76.30906221040505,147403951
2023-03-03 18:49:40.380001,TSLA,74.85415854274451,74.74465231719002,75.88671656737284,74.29213524768377,102376424
2023-03-06 18:49:40.380001,TSLA,76.22803868160797,76.26187453859967,77.2883905460091,75.20822851676061,77100176
2023-03-07 18:49:40.380001,TSLA,77.71429660963199,78.10293156873023,77.72037278088776,76.90382272269781,98923161
2023-03-08 18:49:40.380001,TSLA,78.65254003629384,79.12834389751434,78.73471544611604,78.56463008210177,146507060
2023-03-09 18:49:40.380001,TSLA,76.99891411354966,77.1502279198302,77.90378665822342,76.7471816047448,137489242
2023-03-10 18:49:40.380001,TSLA,75.90002004073114,76.58039258861984,76.45513664281214,75.06662515198774,171373378
2023-03-13 18:49:40.380001,TSLA,75.08686205551544,75.44805027047961,75.4726618082601,73.99728906725437,172465197
2023-03-14 18:49:40.380001,TSLA,74.37356438632277,74.5858304545501,75.04506612291428,73.99258873017014,176431044
2023-03-15 18:49:40.380001,TSLA,72.39650096143258,72.9596612969507,73.34258531177147,71.24306486689507,180575933
2023-03-16 18:49:40.380001,TSLA,74.22509705268351,73.60525646052093,74.3048956933351,72.95623632998368,162899224
2023-03-17 18:49:40.380001,TSLA,74.24181973395669,73.51643389322945,74.8886310648743,74.03060045344577,177234168
2023-03-20 18:49:40.380001,TSLA,73.92076336499245,74.0618041942228,74.51569201390313,73.89563018477017,157342293
2023-03-21 18:49:40.380001,TSLA,73.48151699461458,74.1877981003598,73.65570089855353,72.29429053031193,93175244
2023-03-22 18:49:40.380001,TSLA,74.41788165882438,74.74557248422266,75.1517945213983,74.16121640491286,144701472
2023-03-23 18:49:40.380001,TSLA,72.83885808696851,72.72624130184704,73.52118386110604,72.69610209613474,58936512
2023-03-24 18:49:40.380001,TSLA,74.37635880984786,73.97648271339942,74.93712419507331,73.51045710226643,64256403
2023-03-27 18:49:40.380001,TSLA,75.58647063343379,75.08269851589161,76.75605356352077,74.14134387412544,155457530
2023-03-28 18:49:40.380001,TSLA,77.48504295148607,76.82157959003011,77.78220080284204,77.31784905613864,187085101
2023-03-29 18:49:40.380001,TSLA,77.57479579790581,77.66236795322486,77.62186079902347,77.5406565533703,132006156
2023-03-30 18:49:40.380001,TSLA,74.85184026404589,74.42352756499876,75.7420087329132,74.49311615086751,70063241
2023-03-31 18:49:40.380001,TSLA,75.65621591750762,75.96693337171929,76.19277504813569,74.17904289976127,104742114
2023-04-03 18:49:40.380001,TSLA,73.12337034175069,72.74367516963488,73.47173321444632,72.2355307349545,172190796
2023-04-04 18:49:40.380001,TSLA,74.11400703729224,74.09985780080372,74.21724040559205,73.55173757562783,141776901
2023-04-05 18:49:40.380001,TSLA,75.29595955004646,75.84003870800449,75.91215582510931,74.3548328842258,174370978
2023-04-06 18:49:40.380001,TSLA,74.01538899619248,74.10790740181126,74.85030120392607,72.61384671865663,107412516
2023-04-07 18:49:40.380001,TSLA,73.47512219846494,73.31641956563566,73.7123337757497,72.37823376929202,149949619
2023-04-10 18:49:40.380001,TSLA,76.39410229200287,76.31409801825714,76.90378492050705,75.15497964832338,173307010
2023-04-11 18:49:40.380001,TSLA,73.9272411921175,73.3157734281539,74.83834850510173,72.48501626200425,146711269
2023-04-12 18:49:40.380001,TSLA,73.80321024352251,74.07191286236365,74.16446285487753,73.65820625366848,110558731
2023-04-13 18:49:40.380001,TSLA,74.45547400450793,74.04553072367798,75.3663377893144,74.16112415004828,115805785
2023-04-14 18:49:40.380001,TSLA,75.46019749671225,74.77077344148886,76.87878134324927,74.69937854647546,119201694
2023-04-17 18:49:40.380001,TSLA,76.66728318640946,76.13967888208258,77.11640177220181,75.35125222038032,102070512
2023-04-18 18:49:40.380001,TSLA,78.84402952597611,78.32335558121586,79.35385606581487,78.8403473175181,91763971
2023-04-19 18:49:40.380001,TSLA,78.80258879318362,78.9020074199011,80.07255550314545,77.68685630990322,63417645
2023-04-20 18:49:40.380001,TSLA,81.53070795921766,80.90262050938658,82.34049501566538,80.49004171649288,103350042
2023-04-21 18:49:40.380001,TSLA,80.54165576079033,80.55587426358616,81.0733498183072,80.19645766632271,52262341
2023-04-24 18:49:40.380001,TSLA,81.95158178246676,82.66855281703191,83.54165524053418,80.42398541651718,135044871
2023-04-25 18:49:40.380001,TSLA,82.91924400496674,83.27189508228818,84.50014648863704,81.40983722156204,107056395
2023-04-26 18:49:40.380001,TSLA,82.40388727311526,82.28155866928464,82.93332562104747,81.0198908326899,82321924
2023-04-27 18:49:40.380001,TSLA,83.82845591760115,83.73718999040823,83.9069914659354,82.87356448584275,137951670
2023-04-28 18:49:40.380001,TSLA,82.58249358578496,82.66570059631474,82.97713112749548,81.00537104296792,146256574
2023-05-01 18:49:40.380001,TSLA,81.12808765914112,81.82042516437642,81.36051811057852,80.8452633727472,150443777
2023-05-02 18:49:40.380001,TSLA,80.90803361011872,80.53214089849213,81.1960435151525,79.36316390904628,65539497
2023-05-03 18:49:40.380001,TSLA,81.94612960101558,82.39990085850187,83.4886720946643,80.99307187983511,146816668
2023-05-04 18:49:40.380001,TSLA,81.05883316285217,80.50166393385412,82.42924244816619,79.5485017475978,62451001
2023-05-05 18:49:40.380001,TSLA,80.24060434074106,80.90726668940434,80.81458528401517,79.75398679233675,148986164
2023-05-08 18:49:40.380001,TSLA,80.29465477096183,80.07131691795917,80.33065724113352,79.26060784081868,129559278
2023-05-09 18:49:40.380001,TSLA,80.46666356824782,80.69115362744364,81.61673786512065,79.57756608258606,134095387
2023-05-10 18:49:40.380001,TSLA,80.91523857184394,81.03856762533758,81.2138936732719,79.77276490671738,83022527
2023-05-11 18:49:40.380001,TSLA,83.59817618260568,84.31567861918563,84.80096481151296,82.58116832520807,142509629
2023-05-12 18:49:40.380001,TSLA,83.42686782909854,82.96037626095926,84.17835472188611,83.09777294526077,149414795
2023-05-15 18:49:40.380001,TSLA,85.09326789794814,85.24068098205181,85.32399426746416,84.10679798766532,175161917
2023-05-16 18:49:40.380001,TSLA,83.08050719224687,82.49647450858079,83.08158695847432,82.88407797240114,135521847
2023-05-17 18:49:40.380001,TSLA,83.0679898013338,83.69219330305768,83.44466891963566,82.05219841942603,157066878
2023-05-18 18:49:40.380001,TSLA,82.1085900133834,82.56528477984624,83.64951131063268,80.76564369342188,76970123
2023-05-19 18:49:40.380001,TSLA,81.63107017919864,81.03456401974907,81.76489920103302,80.71103213167075,144840911
2023-05-22 18:49:40.380001,TSLA,77.55175244020104,78.23443187286053,78.87545187067461,77.14751597404413,55777817
2023-05-23 18:49:40.380001,TSLA,78.24842473095376,77.48258609356586,78.31142408756945,77.91009774416581,60694804
2023-05-24 18:49:40.380001,TSLA,77.96107378405354,77.98115444015691,78.643895294605,77.31891720916504,186422433
2023-05-25 18:49:40.380001,TSLA,78.9858680525211,79.1470414482894,79.72343018305659,77.7381815504042,183649742
2023-05-26 18:49:40.380001,TSLA,78.02082417897073,77.3430369317702,79.08131148737097,77.35832869589477,168417019
2023-05-29 18:49:40.380001,TSLA,80.84467197082732,81.53928801937978,81.11260531893619,79.90141981071329,169690344
2023-05-30 18:49:40.380001,TSLA,79.35330819597687,78.94593394255718,79.49932161941469,79.12437095138685,66503634
2023-05-31 18:49:40.380001,TSLA,81.26181107928863,81.42945866393939,82.0767836708917,80.40475793994716,87916767
2023-06-01 18:49:40.380001,TSLA,83.65448724387495,83.23357834337808,84.96690218627292,83.33981082200998,71824844
2023-06-02 18:49:40.380001,TSLA,84.29394839316721,83.7266813028401,85.28173652864481,84.27228652998711,61567403
2023-06-05 18:49:40.380001,TSLA,85.8116743637494,85.20884720018842,86.83471544008796,84.89683486291848,128620753
2023-06-06 18:49:40.380001,TSLA,87.36146913305706,87.08511954783005,88.38881461831377,86.63747287383795,103011091
2023-06-07 18:49:40.380001,TSLA,87.74569000872046,87.09617608275035,89.45843831772052,87.1218294631129,176428415
2023-06-08 18:49:40.380001,TSLA,87.19159475300278,86.89291816684454,87.45995181014119,86.53973763006853,144932083
2023-06-09 18:49:40.380001,TSLA,86.36393904786122,85.63639311741056,86.86003414894543,85.73639956918551,68458764
2023-06-12 18:49:40.380001,TSLA,86.730912659206,87.34246727147409,86.98977912269496,85.33003752802384,139280574
2023-06-13 18:49:40.380001,TSLA,85.20364784601234,84.85118039873146,85.52216928160392,83.97646595294195,172112188
2023-06-14 18:49:40.380001,TSLA,83.95900075749498,84.24232572952363,84.87887756163134,83.94807367436513,136567206
2023-06-15 18:49:40.380001,TSLA,82.76316259438678,83.40184836998704,83.65486002944124,82.34876082090102,52152927
2023-06-16 18:49:40.380001,TSLA,81.20311165950602,80.88963747200987,82.29064995597237,79.98366420928755,72374577
2023-06-19 18:49:40.380001,TSLA,80.46741508959359,80.94473716482668,80.84433452127294,79.40837481679218,169354761
2023-06-20 18:49:40.380001,TSLA,81.98615696382018,82.24370973980234,82.7782371035866,80.71828561352613,104006750
2023-06-21 18:49:40.380001,TSLA,81.87905956130115,81.27331214714523,82.49954137545001,81.33685048366726,127637029
2023-06-22 18:49:40.380001,TSLA,81.86427247506674,81.83323575075174,83.44815423483925,80.39854258257563,117708722
2023-06-23 18:49:40.380001,TSLA,82.54999990886024,82.83894678867952,83.96916146936944,82.0518865579297,78177564
2023-06-26 18:49:40.380001,TSLA,84.47037122457994,84.23403270231547,85.43187788657806,83.06442734306303,91040436
2023-06-27 18:49:40.380001,TSLA,83.99513514743026,84.02796179450962,85.46284194026899,83.07176114345289,100750870
2023-06-28 18:49:40.380001,TSLA,84.63277568771942,85.12953901079422,85.6022817122348,84.61320151960795,119624201
2023-06-29 18:49:40.380001,TSLA,82.68494809933654,82.83268298163718,82.70725683560457,81.68330326794418,71173648
2023-06-30 18:49:40.380001,TSLA,82.06156628173893,82.46347066688433,83.4005244135234,81.42985801050672,150366744
2023-07-03 18:49:40.380001,TSLA,81.91144443210968,81.56745558845893,82.14453372189506,81.72308448830707,69062135
2023-07-04 18:49:40.380001,TSLA,82.08081342974306,82.65580377873488,83.08889735346379,80.81687264849978,83832584
2023-07-05 18:49:40.380001,TSLA,81.23765503862643,81.39003914977255,82.77749107729979,79.88471055640377,55712292
2023-07-06 18:49:40.380001,TSLA,82.22005581213512,82.2535512093539,83.70780161689669,82.07049504381887,139866836
2023-07-07 18:49:40.380001,TSLA,80.40186481193979,80.5159864079317,81.53099434466338,79.88949260820365,138541789
2023-07-10 18:49:40.380001,TSLA,80.70414859777483,80.94216153074512,80.88414024564499,79.65454249230679,97839956
2023-07-11 18:49:40.380001,TSLA,81.09281046974891,81.64073431271778,82.29490511570336,80.48094307190793,83293817
2023-07-12 18:49:40.380001,TSLA,82.28969486720993,82.84611638466143,83.5843858298937,81.31295767310111,172088253
2023-07-13 18:49:40.380001,TSLA,80.89908745171735,81.00314519092217,82.42305692631271,80.83335031427293,85721999
2023-07-14 18:49:40.380001,TSLA,79.64814879338893,79.02240401345794,80.956690916356,79.44609436812084,152455679
2023-07-17 18:49:40.380001,TSLA,79.9400161359977,79.67309808996185,80.19923020132109,78.88366239675041,93726484
2023-07-18 18:49:40.380001,TSLA,80.19653351773239,80.5239393738306,80.41727350048065,79.29108332689854,127588974
2023-07-19 18:49:40.380001,TSLA,79.1915381035517,79.86857848272481,79.23357643533056,78.35989261418138,128407393
2023-07-20 18:49:40.380001,TSLA,79.787335178186,80.48140602477501,80.68269225969281,79.19099514203714,158352946
2023-07-21 18:49:40.380001,TSLA,78.128588790484,77.66318125647699,79.26957186979992,77.33378252551158,132250435
2023-07-24 18:49:40.380001,TSLA,78.43063176581502,77.65945013549126,78.45399703157578,77.03526312864908,92714632
2023-07-25 18:49:40.380001,TSLA,76.43835976048993,76.4809839503797,77.77483517105246,75.88545136097663,55814209
2023-07-26 18:49:40.380001,TSLA,78.82292088666566,79.22410404885902,79.95165694915902,78.79540220366447,140896855
2023-07-27 18:49:40.380001,TSLA,79.57225244091266,80.07624781853934,80.83286754967627,78.96452016354341,146315635
2023-07-28 18:49:40.380001,TSLA,81.32234021230404,81.20167708002727,82.93225666125387,80.86882203520918,63359861
2023-07-31 18:49:40.380001,TSLA,83.32754561715753,82.80082204119519,84.06314770521121,82.14211753515814,125861134
2023-08-01 18:49:40.380001,TSLA,84.79325605317597,84.0382951950827,86.44925285489877,83.13813959562306,97004748
2023-08-02 18:49:40.380001,TSLA,86.7043822324733,86.94975037559487,88.20785762810156,85.36709044076476,181626352
2023-08-03 18:49:40.380001,TSLA,88.12550773620234,88.50685770753837,89.3570599521276,86.94818430678464,69027768
2023-08-04 18:49:40.380001,TSLA,88.46337208585021,88.48218694994681,90.1919969532722,86.87630731416586,154997811
2023-08-07 18:49:40.380001,TSLA,87.74678505046687,87.72298785757198,88.72063081408425,86.1370663956682,80035104
2023-08-08 18:49:40.380001,TSLA,87.031793901361,86.20683731432877,87.97146198139484,86.48496523380321,52529346
2023-08-09 18:49:40.380001,TSLA,85.09576674883752,84.57102324315883,85.66860832023619,84.6456914006313,174428741
2023-08-10 18:49:40.380001,TSLA,85.31407755720471,85.46804156917027,86.93355540710729,85.01712675215092,150762860
2023-08-11 18:49:40.380001,TSLA,85.23451225174203,85.33869793848136,85.90990754639525,84.91460706478408,125802256
2023-08-14 18:49:40.380001,TSLA,85.0264886241432,84.66970370674258,85.03380388219927,83.82294272534078,181400153
2023-08-15 18:49:40.380001,TSLA,84.26074803077816,84.44346718432908,85.32991744654197,83.07895483342587,198283502
2023-08-16 18:49:40.380001,TSLA,84.26561827311453,84.25927696203274,85.24730398416922,84.08498712375872,153922469
2023-08-17 18:49:40.380001,TSLA,80.55701946911363,80.89592872822844,80.76544221566884,80.30992533237684,112167674
2023-08-18 18:49:40.380001,TSLA,80.29477936478511,79.53341798444713,80.30256752392711,79.04569669553089,189320238
2023-08-21 18:49:40.380001,TSLA,81.53190100523626,81.42124316550363,81.54624988705969,80.39047109743363,189953527
2023-08-22 18:49:40.380001,TSLA,82.62679640855465,81.84777358365794,83.11218647351683,81.4691964286721,62643196
2023-08-23 18:49:40.380001,TSLA,82.03809682755043,81.79093616656489,82.83324922334877,81.76975151309252,101508222
2023-08-24 18:49:40.380001,TSLA,83.16876674179909,82.74154191523391,84.02440812381161,83.09024182113144,55216386
2023-08-25 18:49:40.380001,TSLA,84.50261796845788,83.69376986057023,85.3328470148546,84.26217823398679,170674018
2023-08-28 18:49:40.380001,TSLA,85.19942078310203,85.52097845963976,86.58624003493004,83.89299141598175,96050981
2023-08-29 18:49:40.380001,TSLA,85.54575128423993,84.73400458358014,86.85143785087055,84.81087519386483,147657377
2023-08-30 18:49:40.380001,TSLA,88.41585134320518,88.93697373795536,89.33227566067762,87.04282602293526,91549686
2023-08-31 18:49:40.380001,TSLA,89.00093294456747,88.54502176428745,90.48771004002519,88.12412850323618,94272689
2023-09-01 18:49:40.380001,TSLA,89.1999807631955,88.48085670317234,89.50645517088627,87.96387854087587,156929751
2023-09-04 18:49:40.380001,TSLA,89.22137025831464,88.66950436140424,90.7786971299993,89.03666994378392,64095134
2023-09-05 18:49:40.380001,TSLA,89.55185839205025,89.98988876734356,91.14175976651437,89.09468564343028,126513463
2023-09-06 18:49:40.380001,TSLA,89.58488856699732,90.19897649496905,89.9103650799244,87.9739407787352,151148411
2023-09-07 18:49:40.380001,TSLA,90.35996826361402,90.0286972499614,91.36415138005236,89.49466390271992,50136289
2023-09-08 18:49:40.380001,TSLA,90.25514369110995,89.81433485327256,91.82621936024037,90.03852452670485,62951578
2023-09-11 18:49:40.380001,TSLA,88.46640312138784,89.3054027035126,89.06903740023085,88.256374900653,85424192
2023-09-12 18:49:40.380001,TSLA,88.99838714159212,88.72767708218879,89.34042182214567,87.49932837838637,66160822
2023-09-13 18:49:40.380001,TSLA,91.07281456989267,91.2684125623073,92.81595407036106,89.94007973488357,61500212
2023-09-14 18:49:40.380001,TSLA,88.86040786554817,88.10273728144703,89.88160013435798,87.76842284249487,71529837
2023-09-15 18:49:40.380001,TSLA,89.28445689348014,89.72667575663588,89.40242379032914,88.99899357464365,55741310
2023-09-18 18:49:40.380001,TSLA,87.76604366666162,87.30438361047261,88.03554780868902,87.3859488256328,102040092
2023-09-19 18:49:40.380001,TSLA,85.87521346062216,86.34189937014372,85.89168618746562,85.14382002807872,138096635
2023-09-20 18:49:40.380001,TSLA,84.56558212599862,84.25610688229939,85.23411693338292,84.35125890522134,133227426
2023-09-21 18:49:40.380001,TSLA,84.39830834610065,84.58871953767311,84.92432850651348,84.07194068508518,109359810
2023-09-22 18:49:40.380001,TSLA,86.58245662137067,86.14445396764202,87.79057860647033,85.8513706018508,54555271
2023-09-25 18:49:40.380001,TSLA,87.53354635984361,87.16597246157816,88.13557885990244,86.01828274987028,161761360
2023-09-26 18:49:40.380001,TSLA,86.7299573932833,87.53761374683482,87.09016766390262,85.2893910409227,122556225
2023-09-27 18:49:40.380001,TSLA,86.752564121895,85.9426050350892,86.75644591296349,85.91608435007296,123337844
2023-09-28 18:49:40.380001,TSLA,87.66081743577031,86.92730409482559,88.37893635858396,86.54279968757314,163795554
2023-09-29 18:49:40.380001,TSLA,85.27416275934684,85.55136592538602,86.59484161222846,83.92535302440064,68046752
2023-10-02 18:49:40.380001,TSLA,87.13163936908266,87.83530846976291,87.90367202991187,86.169493092247,129198436
2023-10-03 18:49:40.380001,TSLA,85.90790024059874,85.10346391951033,86.49768167097871,85.85971034303576,153200756
2023-10-04 18:49:40.380001,TSLA,84.6156889996869,85.11017889527197,85.21292962587712,84.37344219753729,140994821
2023-10-05 18:49:40.380001,TSLA,86.94197801777591,87.46965398186305,88.07687542247933,86.2614377936612,184035153
2023-10-06 18:49:40.380001,TSLA,83.0428451474762,82.3179524895742,83.63572247554215,81.39249377585544,90850766
2023-10-09 18:49:40.380001,TSLA,80.96759959800754,81.56826098615302,81.6178005614278,79.52280044881465,123807516
2023-10-10 18:49:40.380001,TSLA,80.18810296261458,79.64060569324171,81.36761951475188,79.46697810964636,153713294
2023-10-11 18:49:40.380001,TSLA,79.39708060728121,79.39657502630776,80.35298140825319,79.31812184322918,88336843
2023-10-12 18:49:40.380001,TSLA,78.71809326817166,78.9339983758395,79.60080975605254,78.5899363529047,73816462
2023-10-13 18:49:40.380001,TSLA,82.02099947718519,81.43284033214562,82.37483907329073,81.35238348221634,145935827
2023-10-16 18:49:40.380001,TSLA,82.10943876465286,82.36206115187478,82.5802635340499,81.09239795503656,137167267
2023-10-17 18:49:40.380001,TSLA,83.14403176868888,82.49985964487703,84.46878183754826,82.6539530066001,83764627
2023-10-18 18:49:40.380001,TSLA,87.5099918915337,87.58452020625496,88.01836488558709,86.663194235136,195883998
2023-10-19 18:49:40.380001,TSLA,90.5596165092178,90.51102005568343,90.8660483031357,89.61169653028705,191235900
2023-10-20 18:49:40.380001,TSLA,89.63884059151206,90.04379066923961,91.3113892677758,88.97106740729662,99497216
2023-10-23 18:49:40.380001,TSLA,93.64581683883799,92.80831471047445,95.05323670847608,92.98537604103768,188105677
2023-10-24 18:49:40.380001,TSLA,91.32256128004887,90.87209621757498,91.69645018452566,89.94700900297023,53872706
2023-10-25 18:49:40.380001,TSLA,90.26444633988221,90.80471927271469,91.19093501419982,88.7544068543531,173270564
2023-10-26 18:49:40.380001,TSLA,90.59972841631178,90.3837950614833,91.06724971426846,90.01609388742622,123484858
2023-10-27 18:49:40.380001,TSLA,92.68927202748911,92.31448822494231,93.73658327472351,91.78983702462443,199904914
2023-10-30 18:49:40.380001,TSLA,93.52644385110491,92.70559769815883,95.16548976568946,92.7191279637868,188067888
2023-10-31 18:49:40.380001,TSLA,94.57293177126793,94.80039544928847,95.02289222306298,93.67277100297498,109320813
2023-11-01 18:49:40.380001,TSLA,92.39006925042267,92.42104593176079,94.05392839273694,91.26487108552656,142100113
2023-11-02 18:49:40.380001,TSLA,94.60493697865205,94.8378534404735,96.19182473126425,93.31901348268272,192516219
2023-11-03 18:49:40.380001,TSLA,97.2542866315557,96.53693782043841,97.8275298212041,96.01808924477089,126023996
2023-11-06 18:49:40.380001,TSLA,99.30438899347665,98.70452613951444,101.24584589091384,98.44389891946794,187787570
2023-11-07 18:49:40.380001,TSLA,98.88550087645726,99.6405803038634,100.60694032812262,98.84443445403956,120420500
2023-11-08 18:49:40.380001,TSLA,98.28897914936064,98.01693725885956,98.61961028788295,98.08965075746538,112323564
2023-11-09 18:49:40.380001,TSLA,94.05226780613866,93.19519483280999,94.3987357809243,93.43722168543546,197333971
2023-11-10 18:49:40.380001,TSLA,95.26182717878106,96.11522363119934,95.29975131935795,93.46425707862247,165912011
2023-11-13 18:49:40.380001,TSLA,97.12622399500634,96.66914821217443,97.97237026178306,97.1119965238524,185844872
2023-11-14 18:49:40.380001,TSLA,101.44848775211133,101.9706853830488,102.37850254773058,101.15929480558427,174638859
2023-11-15 18:49:40.380001,TSLA,104.47517967692379,104.9101474896479,105.94489997915264,103.77776226728159,171743656
2023-11-16 18:49:40.380001,TSLA,100.6938851588176,100.44499168022303,101.00521276816607,100.28529461515735,164171256
2023-11-17 18:49:40.380001,TSLA,98.29924393021955,97.35684422384422,99.97462898214165,97.44891933232263,73038868
2023-11-20 18:49:40.380001,TSLA,95.0720974635223,94.6071578413558,96.61944505073451,93.27277356193525,137132399
2023-11-21 18:49:40.380001,TSLA,95.58088952517797,95.30158205913395,95.86974425823816,94.33240123658167,86380427
2023-11-22 18:49:40.380001,TSLA,92.61271467340646,92.38400182611403,93.46471178787016,91.63319518488979,144858449
2023-11-23 18:49:40.380001,TSLA,92.11113332171522,91.98602902688339,93.16775181529523,91.70446981018631,101492805
2023-11-24 18:49:40.380001,TSLA,94.86307575969045,95.46487192770776,95.20893221547485,94.40382660552248,57394428
2023-11-27 18:49:40.380001,TSLA,95.55095056660711,96.39570479398522,96.85666644242055,95.25923179514363,138729599
2023-11-28 18:49:40.380001,TSLA,96.3049569073755,95.35791927444883,96.38948879023842,96.18634847839321,147734968
2023-11-29 18:49:40.380001,TSLA,99.43476505723491,98.73289328874452,99.68504694523395,98.05552782775752,151529638
2023-11-30 18:49:40.380001,TSLA,104.7454474159831,105.30770992576474,105.0173569677401,103.39859145101269,181860101
2023-12-01 18:49:40.380001,TSLA,106.4740750646012,105.4977277329202,107.23313203421995,106.44191800188266,111458822
2023-12-04 18:49:40.380001,TSLA,102.88083988125733,102.436101269549,103.67947555562756,102.48211741617034,73543747
2023-12-05 18:49:40.380001,TSLA,102.30175577222805,101.85363395078353,103.33441308766076,101.40592591304035,121631172
2023-12-06 18:49:40.380001,TSLA,107.04258024394578,106.60546492668963,107.4637189351192,106.71847315499197,90160835
2023-12-07 18:49:40.380001,TSLA,106.29893363384474,105.63177810629486,107.85012319543283,105.91394806949913,98811865
2023-12-08 18:49:40.380001,TSLA,107.76135291593121,108.35177504020095,109.34705212863159,107.12823715588223,179050028
2023-12-11 18:49:40.380001,TSLA,102.81505965762719,102.21604414536941,103.67602435563717,101.40765084806816,77718888
2023-12-12 18:49:40.380001,TSLA,100.87163838805215,101.54755736155919,102.15185947361856,100.22359372652568,82769297
2023-12-13 18:49:40.380001,TSLA,105.07771100468742,105.93932738427232,105.30066479632595,104.59055892285049,72725190
2023-12-14 18:49:40.380001,TSLA,106.1839093646986,105.28910273349071,107.46010084549462,104.55695611198342,198740350
2023-12-15 18:49:40.380001,TSLA,105.19625119265228,105.62933963321213,105.94575841507918,104.4960089721014,59333576
2023-12-18 18:49:40.380001,TSLA,96.88921953971372,95.9580951944565,97.03904172137457,95.57724550218674,109476760
2023-12-19 18:49:40.380001,TSLA,93.57693023291107,92.78478451061456,95.34816572362202,93.36929196371935,199090772
2023-12-20 18:49:40.380001,TSLA,94.69766171809478,94.46047580613299,95.76170135000264,93.73334437646722,59310911
2023-12-21 18:49:40.380001,TSLA,94.24363160327903,93.99739114492967,95.92687664218612,94.0300098608083,76532068
2023-12-22 18:49:40.380001,TSLA,94.81803497100381,95.64930418598941,95.0096653453383,94.6020225316123,162091181
2023-12-25 18:49:40.380001,TSLA,92.98660642054885,92.11606795201334,94.01436674483976,92.27214739058118,53311485
2023-12-26 18:49:40.380001,TSLA,88.98022965371354,89.15911531368367,89.01648869272479,88.15670827120631,59778645
2023-12-27 18:49:40.380001,TSLA,90.14343310808623,89.43231815987806,90.26802639802686,88.87479080808143,55621275
2023-12-28 18:49:40.380001,TSLA,91.18340770509087,91.68486604400601,91.84086493329511,89.42315543663356,78496779
2023-12-29 18:49:40.380001,TSLA,96.32570439652858,96.29329774038625,98.00845726560216,95.75385971076736,129977406
2024-01-01 18:49:40.380001,TSLA,97.32331573124968,96.7443618189899,97.82952709743712,96.6930907908883,63368859
2024-01-02 18:49:40.380001,TSLA,99.57318164134884,99.77477007893722,99.9136316783563,99.29349177710128,191829789
2024-01-03 18:49:40.380001,TSLA,95.15287163247372,95.99018431986134,95.58890561797529,93.59055052106339,57881084
2024-01-04 18:49:40.380001,TSLA,99.33120189249487,100.1896197407738,100.1920080920576,97.80464350012792,87288577
2024-01-05 18:49:40.380001,TSLA,99.6078562499922,98.67039203078589,100.40797102773041,97.84010514344638,71409362
2024-01-08 18:49:40.380001,TSLA,99.78428802900449,100.66990503321367,101.49323427352914,97.9287100099186,59440860
2024-01-09 18:49:40.380001,TSLA,96.39601163054856,95.52063452132421,97.60012848973396,94.48626038490525,132272248
2024-01-10 18:49:40.380001,TSLA,101.22681163130305,101.2327775518246,103.21195440146064,100.85750146980754,150272633
2024-01-11 18:49:40.380001,TSLA,98.85137693760534,99.07874613779886,99.45466356609998,97.64896710158818,68894003
2024-01-12 18:49:40.380001,TSLA,92.61720803165403,92.74114741794729,93.34070427051036,92.36105968644699,120908221
2024-01-15 18:49:40.380001,TSLA,85.05043609927402,84.53308623180294,86.54580787627118,84.5786466114426,85654135
2024-01-16 18:49:40.380001,TSLA,92.7200998676801,92.3208964392018,93.18649909450555,91.81010946862015,60099405
2024-01-17 18:49:40.380001,TSLA,98.71939244253915,98.36296398241801,99.07259324993915,98.02002284498006,126114901
2024-01-18 18:49:40.380001,TSLA,102.17889968951353,101.35707377124243,102.8353394929279,102.03290612888726,116559614
2024-01-19 18:49:40.380001,TSLA,114.16496430731405,113.27963377279713,116.23130611038466,112.13896179466221,165422827
2024-01-22 18:49:40.380001,TSLA,120.96564801367246,121.02602574607675,121.44211918719456,120.64192561888474,130006073
2024-01-23 18:49:40.380001,TSLA,122.4110732383407,122.77187993669004,124.18838251305021,120.69991262905107,59280714
2024-01-24 18:49:40.380001,TSLA,110.87170003198942,109.83194025302546,111.2863531178525,109.62653122954755,93459990
2024-01-25 18:49:40.380001,TSLA,105.25595854462715,106.04856083156474,106.49749734433288,103.57981042146187,67834458
2024-01-26 18:49:40.380001,TSLA,104.2454296258624,104.78984367989474,105.6329588602812,103.36439889570903,83808663
2024-01-29 18:49:40.380001,TSLA,100.63854122517404,100.13721202170437,101.55893701956273,99.9972099919972,192837531
2024-01-30 18:49:40.380001,TSLA,106.12079064139002,106.38826858617062,106.79234944403986,106.05048988041187,50451374
2024-01-31 18:49:40.380001,TSLA,104.41764103281128,103.8253604149976,105.20153525832545,102.52664621923526,192843844
2024-02-01 18:49:40.380001,TSLA,103.33320126839278,103.09889105414419,105.3946579886,101.50393629450804,94082629
2024-02-02 18:49:40.380001,TSLA,99.5590803948744,100.52432706624967,101.04225835695306,99.35653775912998,64064697
2024-02-05 18:49:40.380001,TSLA,99.45489717941041,99.00507653762766,101.18876385771837,99.19280583985356,148180757
2024-02-06 18:49:40.380001,TSLA,93.11994529607541,92.91731874750876,93.13344664934613,93.11828926783198,87295691
2024-02-07 18:49:40.380001,TSLA,85.10720727766486,85.23049082269772,86.08692835509152,84.79487451774351,83982418
2024-02-08 18:49:40.380001,TSLA,78.65191892168376,78.32719426189036,80.11753155222569,78.23548899480181,68470006
2024-02-09 18:49:40.380001,TSLA,75.30703849962194,75.08487604225563,75.4639864176309,75.17614821419649,197595111
2024-02-12 18:49:40.380001,TSLA,81.1400807949898,81.51505193749381,81.6751776331765,79.77842144243375,174383087
2024-02-13 18:49:40.380001,TSLA,76.09127049875843,76.80141605677092,76.2634158443797,74.63355527240039,163532096
2024-02-14 18:49:40.380001,TSLA,76.65027001364668,76.80395491243965,78.00853674972072,75.12279160938718,167234580
2024-02-15 18:49:40.380001,TSLA,74.7737302056179,74.39518970547007,74.84015036970384,74.47691336901333,152196080
2024-02-16 18:49:40.380001,TSLA,73.18799215857904,73.16669504679868,73.96473858299836,72.64394515947936,60201710
2024-02-19 18:49:40.380001,TSLA,73.98454967904165,73.71591629431184,75.46076510185452,72.85702967092675,101631109
2024-02-20 18:49:40.380001,TSLA,73.64297438875587,73.11646856288978,74.30650292892109,73.62882754441144,83810794
2024-02-21 18:49:40.380001,TSLA,80.92189092825595,80.53931543718768,81.41646376185297,80.64579468466103,130083591
2024-02-22 18:49:40.380001,TSLA,84.51651425254529,83.75610893459016,84.9915171555627,83.47423817845889,112619771
2024-02-23 18:49:40.380001,TSLA,83.04672753981113,83.59879154891136,84.51962250358706,81.47075711703332,61314754
2024-02-26 18:49:40.380001,TSLA,82.96170202770962,83.36930407609108,83.04148802263954,81.55568811340756,181286218
2024-02-27 18:49:40.380001,TSLA,83.00023977819957,83.26786890167887,84.56766531429729,81.82035155977,178288203
2024-02-28 18:49:40.380001,TSLA,83.76779003699258,84.14561586569461,85.3605911385986,82.3589925093044,185897196
2024-02-29 18:49:40.380001,TSLA,76.10205185877211,75.490607267932,76.18562683053648,74.89049717220875,56708117
2024-03-01 18:49:40.380001,TSLA,74.3670201003645,74.34771666196683,74.41090232030189,72.94388493540889,91723949
2024-03-04 18:49:40.380001,TSLA,75.89525684568548,76.31226608629191,76.38895299928994,75.57519524795788,95584958
2024-03-05 18:49:40.380001,TSLA,74.07400354297428,73.55187879247609,75.31525800862065,73.29008439742141,196427502
2024-03-06 18:49:40.380001,TSLA,71.98674127021806,72.6311633007581,72.19320762680513,70.98635581704349,127736277
2024-03-07 18:49:40.380001,TSLA,70.59396487355146,70.16749358700346,71.24786246328198,70.39203848045862,108381435
2024-03-08 18:49:40.380001,TSLA,70.24767937060052,69.58798650179412,70.91832705858256,69.80171727659057,122465998
2024-03-11 18:49:40.380001,TSLA,68.93989608814418,68.87995100924333,69.6343200505131,68.53819081737161,177152235
2024-03-12 18:49:40.380001,TSLA,69.46077517498985,69.3299771227857,70.10877665790797,68.72085077873719,162343493
2024-03-13 18:49:40.380001,TSLA,70.91769003880088,71.54283709476825,71.32141769097906,69.75152882198383,98020685
2024-03-14 18:49:40.380001,TSLA,75.45241476364896,75.61164187223423,75.71133884464747,74.76170876719702,86329572
2024-03-15 18:49:40.380001,TSLA,73.30603753298652,72.7318066400438,74.2706737281005,73.16023952476863,148337067
2024-03-18 18:49:40.380001,TSLA,73.16041827876319,72.90384263395556,74.23295919606859,71.91906766874628,132819004
2024-03-19 18:49:40.380001,TSLA,74.64782544444223,74.49968031566378,75.77803444118354,74.53218143339137,92325299
2024-03-20 18:49:40.380001,TSLA,80.26992276847105,80.63879405117753,80.77828916583474,79.96512950405408,117961704
2024-03-21 18:49:40.380001,TSLA,83.83765512365144,84.23619211434476,84.10930552982742,82.24361191544618,159806671
2024-03-22 18:49:40.380001,TSLA,82.14897444764371,82.43883166569644,83.44103301653628,81.16247508205336,78958635
2024-03-25 18:49:40.380001,TSLA,85.93975506097422,85.97491282668052,87.42756365700902,85.00711143461659,109312290
2024-03-26 18:49:40.380001,TSLA,82.19566405842471,82.89966796316854,82.54090911636595,80.6826569319395,192412693
2024-03-27 18:49:40.380001,TSLA,79.15561521354185,79.44015086899914,80.04644983554684,78.26419207836682,137588262
2024-03-28 18:49:40.380001,TSLA,80.94957730667723,80.66894925910441,82.10617707491029,80.04795692400482,95906580
2024-03-29 18:49:40.380001,TSLA,84.79457634685183,84.42074254446136,85.05055868125412,84.67944363478402,155525229
2024-04-01 18:49:40.380001,TSLA,87.0345651806552,87.49278724681325,87.6207083054465,85.79746972127606,172787746
2024-04-02 18:49:40.380001,TSLA,86.60996846967325,86.22199433894606,88.11643181058419,86.03023045202595,129446944
2024-04-03 18:49:40.380001,TSLA,88.18479450952367,87.82562558042088,89.59945591094468,87.6758884276306,130577873
2024-04-04 18:49:40.380001,TSLA,84.24195571294658,84.5321028173902,85.91722010116145,82.84228461985195,58974800
2024-04-05 18:49:40.380001,TSLA,84.96221297784285,85.08090995386598,85.84132022102472,84.85258164892181,199945566
2024-04-08 18:49:40.380001,TSLA,85.73171186677037,86.57662395689194,86.52728112210107,85.69781505324147,74747219
2024-04-09 18:49:40.380001,TSLA,83.77519702030546,83.84454963630226,84.37805867405392,83.21648553581461,66841636
2024-04-10 18:49:40.380001,TSLA,83.04622258357652,83.4658503566219,83.16444633280052,82.4086231865828,50712544
2024-04-11 18:49:40.380001,TSLA,85.50358176132428,86.17228439908277,86.16906279220166,84.97938994289726,115775576
2024-04-12 18:49:40.380001,TSLA,86.35897310450444,86.76093895571478,87.89704937171915,84.71240224215659,103583658
2024-04-15 18:49:40.380001,TSLA,85.989292728565,85.62967265917294,86.90963416923813,85.90766683109234,171955143
2024-04-16 18:49:40.380001,TSLA,89.38415822403483,90.23579635700447,90.37334129398761,87.72354347682348,102844614
2024-04-17 18:49:40.380001,TSLA,92.70990080319962,93.23482492593739,94.02353019562642,91.20612001886828,179149230
2024-04-18 18:49:40.380001,TSLA,97.44950012345242,97.34447448030829,97.52605847040621,97.09034611022501,174889789
2024-04-19 18:49:40.380001,TSLA,93.20158932595194,93.09951448385651,93.47946490551885,91.94962151629852,163413240
2024-04-22 18:49:40.380001,TSLA,91.84945697958042,92.57602754740691,92.3229466891832,91.54006454943443,90284623
2024-04-23 18:49:40.380001,TSLA,90.40951747861419,89.95971191305641,91.97462878514493,89.26795245751075,128913502
2024-04-24 18:49:40.380001,TSLA,92.99905577139235,92.58006657244403,93.70288429987079,92.65141067162517,87645066
2024-04-25 18:49:40.380001,TSLA,94.8349201928299,95.11565201392236,95.34757121342805,94.10808015464521,75257403
2024-04-26 18:49:40.380001,TSLA,94.2469239096522,94.99815170820621,95.65557757553813,94.12788762484047,150269388
2024-04-29 18:49:40.380001,TSLA,92.00676057326362,91.52900346602158,92.66945202785472,91.85169550034463,93839663
2024-04-30 18:49:40.380001,TSLA,92.45321084358856,93.05787906171265,92.99030054047228,91.8356659468101,107736782
2024-05-01 18:49:40.380001,TSLA,88.73303961243467,88.75949079853704,89.24567577657467,88.4029388339265,113331433
2024-05-02 18:49:40.380001,TSLA,90.5348991522402,89.75119104838319,91.8507080651091,89.93067567190467,181184103
2024-05-03 18:49:40.380001,TSLA,85.84570541833034,86.09232567195272,86.24348702490724,85.34746654913098,184126734
2024-05-06 18:49:40.380001,TSLA,86.21750757816078,86.85182509161706,87.65478181451465,85.42520458878654,52696446
2024-05-07 18:49:40.380001,TSLA,83.4158330557193,83.1567762230504,83.7583008995121,82.6546398174187,182061326
2024-05-08 18:49:40.380001,TSLA,85.07616072348797,84.9296005254366,85.48671589807716,84.82251397245493,143165042
2024-05-09 18:49:40.380001,TSLA,84.01823026263929,83.36426372124399,85.41347614013844,82.47051652883026,139323483
2024-05-10 18:49:40.380001,TSLA,84.40589596522443,84.81743427037982,85.68615762047268,83.00202561645632,171820849
2024-05-13 18:49:40.380001,TSLA,86.63477982969539,86.3117909177863,86.76447029106195,86.59435274161504,96480879
2024-05-14 18:49:40.380001,TSLA,86.14973576632184,85.58148528554116,87.0900843314747,85.28693716538803,80365859
2024-05-15 18:49:40.380001,TSLA,81.44287117150803,80.8969143775394,81.70436964903176,81.0629186176204,107030466
2024-05-16 18:49:40.380001,TSLA,79.9718918648151,80.45830024639274,80.23761987183667,78.96918889061492,132495984
2024-05-17 18:49:40.380001,TSLA,77.73999202448228,76.9905987260876,78.88373843566784,76.61046929903863,166743124
2024-05-20 18:49:40.380001,TSLA,79.5906390234165,79.06918912228275,81.16032316541705,79.52611810578827,156911680
2024-05-21 18:49:40.380001,TSLA,78.14803042488396,77.5221859012643,79.26715572909359,76.6043977443962,89252888
2024-05-22 18:49:40.380001,TSLA,76.25108240682988,76.53532556330391,77.57858994733849,76.20100158819416,172772567
2024-05-23 18:49:40.380001,TSLA,75.85007481316832,76.489325495059,76.93492691166337,75.10975741111618,99739298
2024-05-24 18:49:40.380001,TSLA,76.98086629761661,76.61643953322542,76.99244818211315,75.58488938107645,100940537
2024-05-27 18:49:40.380001,TSLA,78.89179036873908,78.5525334552251,80.14182603519001,77.60585238319145,173706196
2024-05-28 18:49:40.380001,TSLA,77.56905671142454,77.9965785491929,78.59112797077591,76.43341326598718,150088456
2024-05-29 18:49:40.380001,TSLA,77.12344004621457,76.60446216935794,77.12873157910573,76.9626829277236,196626810
2024-05-30 18:49:40.380001,TSLA,75.75788648933586,75.37110563233723,77.18916608655422,75.03114418796775,152939125
2024-05-31 18:49:40.380001,TSLA,77.24891587024322,77.25224432619996,77.67659697279981,77.08028250394851,108160234
2024-06-03 18:49:40.380001,TSLA,76.82561079767771,76.42182304398321,77.73162118703516,75.96183063491468,61308212
2024-06-04 18:49:40.380001,TSLA,79.26265898431201,79.0257738521757,79.92185355865139,77.99418842271945,168308972
2024-06-05 18:49:40.380001,TSLA,78.11325011735362,77.73771489700371,79.0950814894926,76.7931358812898,83784202
2024-06-06 18:49:40.380001,TSLA,77.66599907624541,76.94962356075771,78.53382026848291,77.237442896557,86765064
2024-06-07 18:49:40.380001,TSLA,76.63069230124076,76.72533906484782,77.96385117640504,75.58265866056243,95005971
2024-06-10 18:49:40.380001,TSLA,74.39511519573732,74.66656078857788,75.79304239153295,73.80067209528696,94127599
2024-06-11 18:49:40.380001,TSLA,74.42488881930646,74.55133484947419,75.75114233605191,72.95203714517048,105572324
2024-06-12 18:49:40.380001,TSLA,74.0272846465401,73.48523024928404,75.2912644952003,72.96446588373092,132051572
2024-06-13 18:49:40.380001,TSLA,73.50887074311412,73.23069764144613,74.01879651986539,72.18747107200512,73273539
2024-06-14 18:49:40.380001,TSLA,75.01854754552988,74.66435541052057,75.90397846200536,74.63117974327034,179403559
2024-06-17 18:49:40.380001,TSLA,74.59808109769797,74.7564003547649,75.67351119930943,73.49209498775942,95235858
2024-06-18 18:49:40.380001,TSLA,75.9070027516465,75.95927403134208,77.25688190903722,75.42859603732714,156927309
2024-06-19 18:49:40.380001,TSLA,75.63019918295895,76.16695043369376,76.14696678046316,75.22900540121624,74131999
2024-06-20 18:49:40.380001,TSLA,76.74980344976906,76.78388673927908,76.80851038484485,75.52756212226042,54296466
2024-06-21 18:49:40.380001,TSLA,77.19352899034143,77.51049985683356,77.82130883731924,75.77984495485856,170803471
2024-06-24 18:49:40.380001,TSLA,77.09020784926969,77.08843012804954,78.30763103366017,76.189356592009,186556351
2024-06-25 18:49:40.380001,TSLA,77.21320212278569,76.57644828776763,77.21991996480641,76.6386866811746,188586981
2024-06-26 18:49:40.380001,TSLA,77.97377588852916,77.9864919992036,79.09757818032514,76.72634712166996,166452274
2024-06-27 18:49:40.380001,TSLA,77.61316542369188,78.28658265493235,78.61864880511837,76.79814467232775,53829986
2024-06-28 18:49:40.380001,TSLA,78.38246195066692,77.75490571316806,78.56258215830943,77.32074704803286,106801694
2024-07-01 18:49:40.380001,TSLA,80.3331982918807,80.93466523497236,81.0512924690983,79.61021413362182,68104086
2024-07-02 18:49:40.380001,TSLA,80.4561641301153,80.54796409350615,81.88717277466559,79.5289881843763,147367643
2024-07-03 18:49:40.380001,TSLA,79.83020568884736,80.11355184423215,80.13179616112797,78.31428306345907,93751574
2024-07-04 18:49:40.380001,TSLA,79.68650368618528,80.24235192113422,80.13037498166979,79.43800368842533,90303746
2024-07-05 18:49:40.380001,TSLA,80.20013831909283,79.99492902533946,81.34922757250241,79.37794776970296,72639077
2024-07-08 18:49:40.380001,TSLA,82.186209721383,81.97856101469415,83.44156991578178,81.58585962163434,70033690
2024-07-09 18:49:40.380001,TSLA,83.84954773490688,83.14040499412434,85.17308083699146,82.22468501844298,125472436
2024-07-10 18:49:40.380001,TSLA,82.39460291097538,82.92820504798186,83.43186112619196,82.26256369147748,61668394
2024-07-11 18:49:40.380001,TSLA,81.14538570611641,80.90138344366595,82.59276288415823,80.43242059749514,128364538
2024-07-12 18:49:40.380001,TSLA,77.12604834846076,77.89683295339411,78.20249394829722,76.1643102553018,117668310
2024-07-15 18:49:40.380001,TSLA,75.66626122756449,75.75420204198515,76.80145875463941,74.77085017508452,84881394
2024-07-16 18:49:40.380001,TSLA,73.58776085910772,74.09890260851772,74.20269624865747,73.2375449598125,164334176
2024-07-17 18:49:40.380001,TSLA,73.54015727819244,73.3679117117264,74.22954377435198,72.98792889794446,78681623
2024-07-18 18:49:40.380001,TSLA,73.33582564292502,73.70976666526411,74.33899042614874,72.39956123093872,103332353
2024-07-19 18:49:40.380001,TSLA,71.79789002841568,72.33038841613839,72.88547162277251,70.66496876388017,179857091
2024-07-22 18:49:40.380001,TSLA,69.20512682670834,69.80693422439099,70.39291425513667,68.78986378912916,196556316
2024-07-23 18:49:40.380001,TSLA,68.97298064381867,69.02162798353655,69.11173732954413,68.9297150044985,58206209
2024-07-24 18:49:40.380001,TSLA,70.35042839428223,70.54322170519781,71.13397884468654,69.33011084958062,93756432
2024-07-25 18:49:40.380001,TSLA,71.65214965922831,71.9758646451309,72.90947256555751,70.63073441720557,86664015
2024-07-26 18:49:40.380001,TSLA,72.34291339213456,71.64635989926145,72.71901540204989,71.09499011207903,166701279
2024-07-29 18:49:40.380001,TSLA,73.95215172002577,74.4993533235524,74.12943691619972,73.82884635595346,93249393
2024-07-30 18:49:40.380001,TSLA,77.4305483465725,78.1441247731267,77.74509044593752,76.61432490728154,66915192
2024-07-31 18:49:40.380001,TSLA,78.54451701153836,79.14483018036067,79.30269194474371,78.30001072301017,145630335
2024-08-01 18:49:40.380001,TSLA,80.68253754381735,80.55863483556354,81.29409993041286,80.36856383375058,72678226
2024-08-02 18:49:40.380001,TSLA,81.55657869852254,81.95391032801062,82.5023263737643,80.71737431324203,101561975
2024-08-05 18:49:40.380001,TSLA,78.69430158445047,78.27369804713013,79.77964678920138,77.38015125589004,128468091
2024-08-06 18:49:40.380001,TSLA,77.4815633046811,77.96943654507531,77.69030572177083,76.70337165961803,111579675
2024-08-07 18:49:40.380001,TSLA,76.75292885147074,76.52902489697023,77.95993843596126,76.1038494534241,50561308
2024-08-08 18:49:40.380001,TSLA,76.50082494149989,76.813303812191,77.15809002101425,75.85583208655594,112149589
2024-08-09 18:49:40.380001,TSLA,76.18142733707887,75.925603354617,77.19780343473734,75.5537414846009,86580516
2024-08-12 18:49:40.380001,TSLA,77.41674284964465,76.95156352281467,77.6052197512584,76.13135463777284,129064347
2024-08-13 18:49:40.380001,TSLA,78.04005362478313,78.14741011067007,78.3988208708699,76.58221262902086,84932685
2024-08-14 18:49:40.380001,TSLA,80.3461440100271,80.50950867232551,81.0391192169846,79.81738553853786,61151701
2024-08-15 18:49:40.380001,TSLA,83.83400090340228,83.81002041489477,85.30564779262998,83.35295446588427,72898408
2024-08-16 18:49:40.380001,TSLA,79.01419172490651,79.31431359456712,80.38409628926043,78.23578002054646,146015818
2024-08-19 18:49:40.380001,TSLA,79.6836194159378,78.96584731535674,80.89061885664644,79.62153933929568,58818837
2024-08-20 18:49:40.380001,TSLA,81.45539373490045,81.51921190113565,81.91945178277155,79.90127088160727,185546571
2024-08-21 18:49:40.380001,TSLA,77.57911921196259,77.19158505033695,78.48579880016078,77.2169438950427,61627530
2024-08-22 18:49:40.380001,TSLA,75.23766277765596,75.34078953926057,76.22662417947679,74.61664166380656,103660326
2024-08-23 18:49:40.380001,TSLA,73.61447428338096,73.20486757469831,73.83990219153667,72.43010004280517,165830851
2024-08-26 18:49:40.380001,TSLA,73.91568912255956,74.3393262494019,74.18719299307362,72.7526006681811,65000562
2024-08-27 18:49:40.380001,TSLA,77.59809286193533,77.11978160802056,77.74864306633557,76.4343101201711,78449082
2024-08-28 18:49:40.380001,TSLA,82.96650394870034,82.26946749867194,83.49039926818001,81.97443725667142,98757223
2024-08-29 18:49:40.380001,TSLA,82.98294177598143,83.45804118571856,84.17715734393232,81.70860605723573,176320745
2024-08-30 18:49:40.380001,TSLA,82.61240883650589,82.469748560953,84.22950712170068,81.87982937936984,136424842
2024-09-02 18:49:40.380001,TSLA,83.46167849300357,83.33119035228854,84.9925215189407,82.84351278284007,94437259
2024-09-03 18:49:40.380001,TSLA,84.28860011382442,84.02413194773351,84.84146420858231,83.56015333374806,161209574
2024-09-04 18:49:40.380001,TSLA,84.70993782562158,85.50317950202799,84.82596616576087,84.26337186134027,106877910
2024-09-05 18:49:40.380001,TSLA,84.09333129061477,84.58777017060044,84.6188028217988,83.21855260098816,96038715
2024-09-06 18:49:40.380001,TSLA,87.80480535543278,88.65106628898512,88.5533868343444,86.39078336367058,146978050
2024-09-09 18:49:40.380001,TSLA,91.5379152633137,90.94290590232923,92.66615623838132,90.52727600683512,73628335
2024-09-10 18:49:40.380001,TSLA,96.73782017652029,97.62836840054732,97.06299415172094,96.46477475568713,128760124
2024-09-11 18:49:40.380001,TSLA,96.2913356584768,95.96725961703204,97.62663208117908,95.01787572805316,99408063
2024-09-12 18:49:40.380001,TSLA,96.62382855004891,96.8823122499989,97.82267352893267,96.30487097302378,195611456
2024-09-13 18:49:40.380001,TSLA,99.14089257031908,99.50005611646876,100.82288221668564,98.16119563238252,188990233
2024-09-16 18:49:40.380001,TSLA,97.83443327586744,97.7478799252787,99.17624234356062,96.63732359038528,150970967
2024-09-17 18:49:40.380001,TSLA,98.9968994661931,98.6583834155664,99.73396441965102,98.62758324665792,154299312
2024-09-18 18:49:40.380001,TSLA,98.16619777741346,98.59614769634977,98.6489294673993,96.3449601400175,198946802
2024-09-19 18:49:40.380001,TSLA,92.78939459867124,93.33232851068158,92.86016855903296,91.75120240792026,128112446
2024-09-20 18:49:40.380001,TSLA,96.9722771620473,96.04945570362119,97.25391178215826,96.80914524885266,165382084
2024-09-23 18:49:40.380001,TSLA,96.88292077628839,97.67856146463292,97.54165915091453,95.12988784172866,50136613
2024-09-24 18:49:40.380001,TSLA,102.68490388789715,103.25376675562518,103.2636389777322,102.21164610872948,145282496
2024-09-25 18:49:40.380001,TSLA,107.32909150658915,108.00152183340897,108.63815314713145,107.15410967054474,194840449
2024-09-26 18:49:40.380001,TSLA,114.15417363205367,113.94721122754072,116.37314516448558,113.40707156357213,50445425
2024-09-27 18:49:40.380001,TSLA,118.59338126566463,118.48932075150748,119.85896391326362,117.42246715118202,55022129
2024-09-30 18:49:40.380001,TSLA,126.26158478100189,125.99366711300856,127.64925001416731,125.54370391330751,125964911
2024-10-01 18:49:40.380001,TSLA,121.29405438252302,121.4910380245412,122.38618260013236,119.87463969234007,76566355
2024-10-02 18:49:40.380001,TSLA,120.49735902997651,120.91030375083011,122.48698021033772,119.3984755304084,131999466
2024-10-03 18:49:40.380001,TSLA,115.58049105354164,115.25534217833767,116.86999954680633,114.04572362794806,60470638
2024-10-04 18:49:40.380001,TSLA,111.87403244480059,111.25210726940225,112.31104168126724,111.07776023046634,63043168
2024-10-07 18:49:40.380001,TSLA,110.9461139141894,111.20481992842008,112.4306581372226,110.0477649831604,143714588
2024-10-08 18:49:40.380001,TSLA,109.22017208112469,108.86336077166912,109.51336304799308,108.68933144045504,129909265
2024-10-09 18:49:40.380001,TSLA,106.57629673638654,105.57892873129312,107.55586013268314,106.39833661236884,168330276
2024-10-10 18:49:40.380001,TSLA,101.46281801217668,101.55074919997188,101.7249861744771,99.88964697623278,120838893
2024-10-11 18:49:40.380001,TSLA,99.95275543958434,99.64313094113638,101.68965320273212,98.79292246433417,184557505
2024-10-14 18:49:40.380001,TSLA,97.04099443061523,96.745596476463,97.69550296948326,95.81858815917441,110390012
2024-10-15 18:49:40.380001,TSLA,100.90641774103672,100.19836095735299,102.26630299676532,100.75039621105407,61062027
2024-10-16 18:49:40.380001,TSLA,103.83106580071627,104.32960833958408,104.4327408583717,103.23532355841427,88702551
2024-10-17 18:49:40.380001,TSLA,101.7233307832927,101.7966112343877,103.23974764014328,99.89132150943361,95385202
2024-10-18 18:49:40.380001,TSLA,103.52252655403093,103.26808994915466,103.83137892271625,101.97294904815632,142749347
2024-10-21 18:49:40.380001,TSLA,104.0961132099103,104.09198989616434,104.55796793745596,102.66070597232624,90736872
2024-10-22 18:49:40.380001,TSLA,106.79910117205695,106.20842661616237,107.43826550756478,106.6772014459851,118151184
2024-10-23 18:49:40.380001,TSLA,109.93430618651246,109.71828025352063,111.04877434276534,108.9868912399675,76670709
2024-10-24 18:49:40.380001,TSLA,108.26328155436106,108.23290093672831,110.40392115556469,107.328990685258,79521797
2024-10-25 18:49:40.380001,TSLA,107.92251952158134,108.62790826579109,109.93676000723858,107.3778824599413,146374256
2024-10-28 18:49:40.380001,TSLA,107.6612054490191,107.94171204586888,109.14147209175506,106.58476264766547,55810945
2024-10-29 18:49:40.380001,TSLA,111.07777398995434,110.18709250583824,112.46878363856196,109.53917073547106,147208606
2024-10-30 18:49:40.380001,TSLA,114.25683663863673,113.46160886358172,115.90321452175189,112.3663196279677,197372383
2024-10-31 18:49:40.380001,TSLA,113.84932898906855,112.72146547529874,114.9693370263041,113.34883082069827,122721325
2024-11-01 18:49:40.380001,TSLA,111.81100079412,112.87959514030426,112.54123884000555,110.84876320009951,169313428
2024-11-04 18:49:40.380001,TSLA,113.31727197928457,113.42802606315901,115.28226283603763,111.93645269870903,61229169
2024-11-05 18:49:40.380001,TSLA,116.62697344772536,116.3318063156226,118.4848277902465,114.71335831339499,136375234
2024-11-06 18:49:40.380001,TSLA,117.78794198774888,118.64788249519574,118.2222064017717,117.54862102596273,60283085
2024-11-07 18:49:40.380001,TSLA,118.21801688920407,118.9332448579347,120.11509632732297,117.04244992551482,153988348
2024-11-08 18:49:40.380001,TSLA,117.76682265056279,118.6911779643038,119.79923988835567,115.61703136999454,199470875
2024-11-11 18:49:40.380001,TSLA,117.02711054981343,117.27143362555672,118.521230401048,116.39259899113432,58289989
2024-11-12 18:49:40.380001,TSLA,118.29176766468635,118.60227658334345,119.80448114660315,116.03034652697508,187987063
2024-11-13 18:49:40.380001,TSLA,122.16818921594427,123.08364474351845,123.88046389395888,120.10412494676174,138109297
2024-11-14 18:49:40.380001,TSLA,123.72118837936462,124.0030506529772,125.74430695454845,122.38917593429771,177821465
2024-11-15 18:49:40.380001,TSLA,122.20761501552434,121.61881093126757,122.57531919299812,122.18128358247293,56006215
2024-11-18 18:49:40.380001,TSLA,117.44457202767198,117.83538043146932,117.80882549244447,115.34258339086082,167167683
2024-11-19 18:49:40.380001,TSLA,120.92628610866647,121.45286504930975,122.91826261686136,119.61826817180807,77875334
2024-11-20 18:49:40.380001,TSLA,117.35515716886843,117.81020954344262,117.94895873751553,116.40653521331802,159357757
2024-11-21 18:49:40.380001,TSLA,118.74314653267479,117.93395628043051,120.62174326589538,118.24406948198612,173921072
2024-11-22 18:49:40.380001,TSLA,118.85569855676147,118.30527180721165,120.64176822361735,116.7299859780669,165872880
2024-11-25 18:49:40.380001,TSLA,124.77312399052947,123.9041944791829,126.99900988064965,123.88019743384976,59579714
2024-11-26 18:49:40.380001,TSLA,122.89368462316862,124.01898172609665,124.99281555443844,122.21991869285195,183035579
2024-11-27 18:49:40.380001,TSLA,126.19502930770031,125.00362587188708,128.69157997491547,125.72739022703783,97215075
2024-11-28 18:49:40.380001,TSLA,121.28746010230111,120.90061980479558,122.52456690305256,119.01926736469008,76966300
2024-11-29 18:49:40.380001,TSLA,122.60332793711173,121.57232434652673,123.37852522497364,120.39832375731032,129115059
2024-12-02 18:49:40.380001,TSLA,118.43699427218927,117.3430474942531,120.44896164428353,118.02555830286339,155728366
2024-12-03 18:49:40.380001,TSLA,116.47952780232349,116.82681515617327,117.40226565545635,115.17540186196034,60912945
2024-12-04 18:49:40.380001,TSLA,114.44133099428026,115.02961630125341,115.30291009280143,114.28830363070828,95741007
2024-12-05 18:49:40.380001,TSLA,117.39072392121797,116.9041794725435,117.51008965907474,115.51622297454854,131777488
2024-12-06 18:49:40.380001,TSLA,114.3774008582263,114.24658489754381,116.0864525831354,113.10510331886346,118651812
2024-12-09 18:49:40.380001,TSLA,117.3429009059988,116.76573484230855,117.74824681089245,115.0579567838985,172834963
2024-12-10 18:49:40.380001,TSLA,116.37920702038483,116.91629924723567,116.53647263672403,114.74216765389535,55353571
2024-12-11 18:49:40.380001,TSLA,118.51594976400163,119.24423560515561,119.13666139301583,117.26963377353573,74734510
2024-12-12 18:49:40.380001,TSLA,122.86071756416565,122.19781585147956,124.04911178290779,121.3268429173327,184955669
2024-12-13 18:49:40.380001,TSLA,119.89481857401915,120.53362616409659,121.23321742213957,118.6337018138521,70487662
2024-12-16 18:49:40.380001,TSLA,118.13730848658534,118.17316018922614,118.50015376433186,118.13236163748934,197567052
2024-12-17 18:49:40.380001,TSLA,113.30064292906874,112.92706544672376,115.04456097446067,112.62858412415405,195405660
2024-12-18 18:49:40.380001,TSLA,112.16724283434205,111.61271763911061,113.16028276430629,110.43061240713078,77624329
2024-12-19 18:49:40.380001,TSLA,111.25304776140082,111.38670422837086,112.39074959180739,110.98080879474784,113768500
2024-12-20 18:49:40.380001,TSLA,112.37242725341999,112.60662227828286,113.63816531547552,111.08866489470026,64707403
2024-12-23 18:49:40.380001,TSLA,112.30329160013775,111.93797322649135,112.8361903835187,110.67649020849896,134820932
2024-12-24 18:49:40.380001,TSLA,109.93747313543915,110.74783235615838,109.98436836009874,108.11071793859513,156136033
2024-12-25 18:49:40.380001,TSLA,110.20084434326733,110.93774771989965,110.42773693955137,108.72539609723204,95594895
2024-12-26 18:49:40.380001,TSLA,108.1902123226841,108.00897646383744,109.37819745408383,106.56121405501912,98203765
2024-12-27 18:49:40.380001,TSLA,109.89287555310456,109.36057261069136,111.32648596867632,107.73485127089855,132430027
2024-12-30 18:49:40.380001,TSLA,110.77172683207998,110.63240096377803,111.52144161202168,110.22863198197919,161447062
2024-12-31 18:49:40.380001,TSLA,114.37422353806373,114.04424536762919,114.88742026960641,112.91182266589473,194260957
2025-01-01 18:49:40.380001,TSLA,111.78345246392352,111.49386896517262,112.74438348388938,111.77645918843746,92296869
2025-01-02 18:49:40.380001,TSLA,109.64005408374449,108.80444034864803,110.70938317377716,109.07404514899557,153679608
2025-01-03 18:49:40.380001,TSLA,111.74590074280208,111.9364293374566,113.4404602388892,111.19283838144683,117670908
2025-01-06 18:49:40.380001,TSLA,115.29086116717025,115.85817183311818,116.78787630936186,113.66493570174282,110184287
2025-01-07 18:49:40.380001,TSLA,120.54449299441883,121.2304433247121,122.45825269754026,119.85783065248613,188392660
2025-01-08 18:49:40.380001,TSLA,121.43118594130291,120.23101428891141,123.06630498512939,119.13089754047178,166727520
2025-01-09 18:49:40.380001,TSLA,120.5277528308052,120.92193324564768,120.92981211763029,119.39682999535687,177354369
2025-01-10 18:49:40.380001,TSLA,122.54415786190212,122.48638712835266,122.81854993923493,121.88381271563325,70210708
2025-01-13 18:49:40.380001,TSLA,122.73840720794969,121.57450057136231,124.49531528037826,121.01729400598664,170702618
2025-01-14 18:49:40.380001,TSLA,122.05248348666778,122.45061567450381,122.71765727110648,120.25551871928351,159938578
2025-01-15 18:49:40.380001,TSLA,126.07505148693342,125.92109784644332,127.56145282095932,124.01528623319281,64137341
2025-01-16 18:49:40.380001,TSLA,127.4410150691307,126.5062358051915,129.38229250909987,126.53387362561737,191639900
2025-01-17 18:49:40.380001,TSLA,125.37857364978674,125.97535845954529,125.73537455015115,123.48837398688272,99031790
2025-01-20 18:49:40.380001,TSLA,121.80104762680186,121.95936529773451,122.29719808405616,119.88732310696713,63712339
2025-01-21 18:49:40.380001,TSLA,121.06648894728528,122.01983069404017,121.33889390369309,120.83750301717436,185651072
2025-01-22 18:49:40.380001,TSLA,117.92457179876985,117.53940396574174,119.77932803284399,117.85247403373302,100776765
2025-01-23 18:49:40.380001,TSLA,117.42218020847814,118.47944655243144,119.4346711927467,115.64152258893567,145174651
2025-01-24 18:49:40.380001,TSLA,121.09030269321859,120.30225025292084,122.34639816519817,120.57274026273294,155936741
2025-01-27 18:49:40.380001,TSLA,118.88579113769919,118.62058713466217,120.4959974760996,118.870923523709,75146118
2025-01-28 18:49:40.380001,TSLA,121.14125404320028,121.36323530899652,122.08745157788178,119.72164317069759,103979954
2025-01-29 18:49:40.380001,TSLA,123.09936604441215,124.0339296053778,124.53774987925978,121.9244356344372,103190969
2025-01-30 18:49:40.380001,TSLA,119.35310121302163,119.7782518978641,120.51577948710671,119.28667871266211,136685600
2025-01-31 18:49:40.380001,TSLA,117.46352299706994,116.75993822012471,117.97652377935772,115.5603220722885,198317919
2025-02-03 18:49:40.380001,TSLA,117.48045711372474,116.34099836557392,117.97465312227766,116.4464227176636,104023852
2025-02-04 18:49:40.380001,TSLA,115.88607566093432,115.5794222485041,117.04651667876307,115.04115356045533,198306125
2025-02-05 18:49:40.380001,TSLA,118.24845918111035,118.84386798504907,120.06901640647222,116.52216540837277,178146551
2025-02-06 18:49:40.380001,TSLA,119.28077522662498,118.61117229420093,120.35216775415742,117.99287527797497,177413611
2025-02-07 18:49:40.380001,TSLA,119.31733809668424,120.40674827041364,120.90061347954139,117.29420082844585,114453250
2025-02-10 18:49:40.380001,TSLA,115.96961591141634,116.12262775350831,116.62262256142851,115.95748634426236,56094577
2025-02-11 18:49:40.380001,TSLA,114.53123592686835,115.63519971790363,116.4793909898945,113.55816177846829,96014813
2025-02-12 18:49:40.380001,TSLA,116.84059183118714,116.70773032019366,117.42520248012782,114.80093094204723,169658802
2025-02-13 18:49:40.380001,TSLA,118.52528248089392,119.36027863803214,119.98536944278081,117.72012521031921,164800419
2025-02-14 18:49:40.380001,TSLA,118.52979790137643,117.49274926504076,119.12939488835862,116.7123431249622,52686872
2025-02-17 18:49:40.380001,TSLA,122.81987238374117,121.7235323179196,124.58291487479423,122.3630310861841,66194242
2025-02-18 18:49:40.380001,TSLA,121.83622933610151,122.93752329305303,124.07892535038407,121.31911654225642,156578733
2025-02-19 18:49:40.380001,TSLA,123.9619641627231,123.35173384937629,125.19832918463624,121.84865173415426,88191109
2025-02-20 18:49:40.380001,TSLA,122.71195585124617,123.64549178801023,123.71431734771726,120.76905556424028,68712370
2025-02-21 18:49:40.380001,TSLA,122.85847334856655,122.4667044494042,123.68791311449948,122.60070657045208,95345041
2025-02-24 18:49:40.380001,TSLA,123.07401023732291,124.06646182711681,124.11939546668503,121.71559812692074,100339391
2025-02-25 18:49:40.380001,TSLA,120.88603542308,120.61031855468042,122.74672805122235,118.4734117828073,59976259
2025-02-26 18:49:40.380001,TSLA,119.67365183771635,119.04783487761138,121.21831791102501,118.35599377303184,116095323
2025-02-27 18:49:40.380001,TSLA,119.73261586133701,120.7468971608154,121.07869780960998,119.09401463549412,195173702
2025-02-28 18:49:40.380001,TSLA,115.5921981012735,115.96384558730423,117.24884444753144,114.04806917120142,75261160
2025-03-03 18:49:40.380001,TSLA,115.36673060160449,116.140549729746,115.84245285650738,113.28291819534222,80457450
2025-03-04 18:49:40.380001,TSLA,118.29311160343741,117.89394369012011,119.85755082771556,117.11374869925518,167989225
2025-03-05 18:49:40.380001,TSLA,121.17263038447352,121.68757268835941,121.62946383773135,120.9042001851423,73622277
2025-03-06 18:49:40.380001,TSLA,123.65958839464675,123.65025055265856,125.2409720485359,123.56291518386782,50007064
2025-03-07 18:49:40.380001,TSLA,126.47372876405396,125.24301394294,128.22770641379458,124.52751018521155,106380090
2025-03-10 18:49:40.380001,TSLA,130.99653373097084,129.86605401145496,131.13242499090043,130.7403741079884,168892292
2025-03-11 18:49:40.380001,TSLA,128.41792474578082,128.5526550615033,130.07543928225437,126.13832065203984,137782929
2025-03-12 18:49:40.380001,TSLA,128.3042402037187,127.28208990276809,130.22006109784132,126.41716268611175,102242411
2025-03-13 18:49:40.380001,TSLA,131.55129413250333,131.84557710664345,133.87213632980223,131.25382289922325,140228727
2025-03-14 18:49:40.380001,TSLA,132.0319519095781,131.17611981150864,132.9571567240645,131.89910024532074,86231226
2025-03-17 18:49:40.380001,TSLA,133.4711002179925,132.3005343049775,136.08613969910562,130.9933701487472,139112149
2025-03-18 18:49:40.380001,TSLA,137.97305827475805,138.04037581864623,138.09735217663672,136.42729759916529,162802842
2025-03-19 18:49:40.380001,TSLA,138.5354491103633,139.0181274537832,140.89104463599548,137.4025331829816,124177966
2025-03-20 18:49:40.380001,TSLA,143.07412154260328,143.01280176243884,143.76411387733725,141.3086927415665,56795520
2025-03-21 18:49:40.380001,TSLA,147.21921912054205,148.19154071565168,148.87584208066284,147.04744661034616,109653769
2025-03-24 18:49:40.380001,TSLA,141.94058722915793,141.3561550191608,143.70156575001477,141.57839359807315,121074000
2025-03-25 18:49:40.380001,TSLA,140.70675714123664,141.94168536957935,141.66183816002086,138.77632896742972,150088057
2025-03-26 18:49:40.380001,TSLA,137.1029200710817,136.25373328810872,137.39617411045873,136.13871008088014,93653597
2025-03-27 18:49:40.380001,TSLA,139.53846663075797,139.76213318321967,140.94663372990055,139.51830329395582,59766303
2025-03-28 18:49:40.380001,TSLA,142.74077897071234,143.32990232537097,144.9079686489041,142.44348962763107,55225478
2025-03-31 18:49:40.380001,TSLA,133.5543116218504,132.80139617599485,135.6470162331341,133.39204696034508,58173485
2025-04-01 18:49:40.380001,TSLA,129.94391939584963,129.08614167536393,130.66150279934814,129.55602971002742,150130479
2025-04-02 18:49:40.380001,TSLA,129.0094801013486,128.40049840361542,130.9806863513988,127.4658615945303,124835657
2025-04-03 18:49:40.380001,TSLA,126.20130139918194,125.50382728687832,127.19204482126625,123.71838766628294,61259677
2025-04-04 18:49:40.380001,TSLA,126.24534272234364,125.07950513269095,128.00367601344396,125.71427814844505,194422543
2025-04-07 18:49:40.380001,TSLA,128.98738970162745,129.83766136956677,131.55373059085477,128.89634159033952,68953781
2025-04-08 18:49:40.380001,TSLA,129.73553753251545,129.8146723720723,131.9890771838831,127.14615833257157,159826160
2025-04-09 18:49:40.380001,TSLA,131.20873492006882,131.87843081525332,133.4864029078697,130.74860156999418,155298088
2025-04-10 18:49:40.380001,TSLA,132.7676570977435,132.12133124681716,134.81685346432585,130.62382243826696,86444490
2025-04-11 18:49:40.380001,TSLA,129.4620072871401,130.26962165511983,131.96259470852723,127.96620608343743,136000187
2025-04-14 18:49:40.380001,TSLA,129.9127933116744,129.6280270565666,132.31333091676717,128.2039191908433,152034956
2025-04-15 18:49:40.380001,TSLA,129.31734976732812,128.54931233805002,130.51289086965753,128.42878588677493,162230653
2025-04-16 18:49:40.380001,TSLA,131.06876278956778,131.36609287751716,132.79033535385855,129.06884141105374,151850184
2025-04-17 18:49:40.380001,TSLA,129.61435846955666,130.2813353992969,131.19704742157975,127.66481136327799,155121724
2025-04-18 18:49:40.380001,TSLA,130.6064743083833,130.57080372604963,131.07746910711268,128.5446239729132,161307593
2025-04-21 18:49:40.380001,TSLA,131.7583409014503,131.5859478584451,133.92931967686192,129.3707981657965,53142047
2025-04-22 18:49:40.380001,TSLA,133.5325388677299,134.41292916416546,135.643192087141,131.76094341779253,103690632
2025-04-23 18:49:40.380001,TSLA,134.04013156021827,132.75582966209083,135.57453901792834,132.07837452442965,90276611
2025-04-24 18:49:40.380001,TSLA,130.18849109174465,129.55853598799501,130.95009274380763,129.6418564493575,170659107
2025-04-25 18:49:40.380001,TSLA,132.14815103458298,131.94002174669652,132.4387147986159,129.91388056648387,108636151
2025-04-28 18:49:40.380001,TSLA,132.3280289926439,132.63109966406748,133.66098066592232,131.35258136804637,193915590
2025-04-29 18:49:40.380001,TSLA,133.3552795878716,132.88479942193914,133.8209893446053,131.43340954361014,63552541
2025-04-30 18:49:40.380001,TSLA,131.6723933977435,131.60458900798682,132.67848011367812,129.6242764069328,182049796
2025-05-01 18:49:40.380001,TSLA,130.73393309276645,131.63340823173652,133.09147941298286,128.53492225719725,189502042
2025-05-02 18:49:40.380001,TSLA,128.72850561982742,128.7569661983137,128.74149591474767,128.32523502306935,87542688
2025-05-05 18:49:40.380001,TSLA,132.55386926640836,132.66465650034542,134.3495577469981,131.02761326496542,148478638
2025-05-06 18:49:40.380001,TSLA,132.40664459952544,131.91423679379437,134.7297281794627,132.1787502963416,169393710
2025-05-07 18:49:40.380001,TSLA,131.37026983930326,131.49099387089893,133.24380255027083,130.91934938229113,88717589
2025-05-08 18:49:40.380001,TSLA,130.17040357573197,129.8495897229642,132.043356603919,128.61319709703378,58660194
2025-05-09 18:49:40.380001,TSLA,131.50269432636367,130.4461900508887,133.4040143794155,129.63469605524574,140903380
2025-05-12 18:49:40.380001,TSLA,131.06414510379435,130.38136985608526,133.48623974084282,129.2184338770437,114499481
2025-05-13 18:49:40.380001,TSLA,129.7301281506346,130.4439016399985,131.32808617003522,129.40504005204636,148906674
2025-05-14 18:49:40.380001,TSLA,131.47197712105984,130.33048078439663,132.60172922801556,130.9019358454099,164543656
2025-05-15 18:49:40.380001,TSLA,133.02897744415995,133.25846903203387,134.66637512004343,132.13891207986745,197162642
2025-05-16 18:49:40.380001,TSLA,131.71089274225517,132.52118446438485,133.97340561176608,129.33507494195362,91455988
2025-05-19 18:49:40.380001,TSLA,129.22252514219784,128.83472307223803,130.87728080899228,127.24344117095066,70923018
2025-05-20 18:49:40.380001,TSLA,131.85850074793242,132.47821593634345,134.0582685623409,131.18465208263294,171425688
2025-05-21 18:49:40.380001,TSLA,130.57180880853286,130.70552187146797,131.54885850034307,129.83639480004413,192937046
2025-05-22 18:49:40.380001,TSLA,129.2947401238842,129.36091619877024,130.79847496685875,128.5803348327307,95829304
2025-05-23 18:49:40.380001,TSLA,128.4568031394131,127.52815112630238,130.65534848354318,125.91706520441947,195257182
2025-05-26 18:49:40.380001,TSLA,128.83485219730375,129.75432654409096,131.1870123350999,126.82261245720957,129425011
2025-05-27 18:49:40.380001,TSLA,127.79044227204231,127.71517656687428,127.94876124933639,126.60453820169525,192133168
2025-05-28 18:49:40.380001,TSLA,128.42066473360674,127.29744653978547,128.78829074767225,127.70276885447295,61678030
2025-05-29 18:49:40.380001,TSLA,130.6497594073187,130.37553126225131,130.91345859828593,130.4278938254903,165473837
2025-05-30 18:49:40.380001,TSLA,126.99840866068784,126.87635965549552,128.7489877575357,126.9227327231212,59202108
2025-06-02 18:49:40.380001,TSLA,124.22043062223564,123.06052197572862,126.51222271233549,123.01328244700102,155225992
2025-06-03 18:49:40.380001,TSLA,124.84357187647566,126.03877876894977,125.60788489190385,122.50059923513335,51296194
2025-06-04 18:49:40.380001,TSLA,126.99635186587916,127.104083954399,127.56979825434509,126.64278103477079,121700326
2025-06-05 18:49:40.380001,TSLA,128.60789614457528,129.41131957329156,128.91535013318784,127.31565204085915,113206349
2025-06-06 18:49:40.380001,TSLA,130.75271841121832,131.43023252346921,131.08471730930998,129.97353184278288,175540403
2025-06-09 18:49:40.380001,TSLA,134.04657575506766,132.8813280674331,136.52459807684613,133.22381888041775,53693223
2025-06-10 18:49:40.380001,TSLA,132.52799871100572,133.130604398218,134.9571282196728,132.30278054299703,173903558
2025-06-11 18:49:40.380001,TSLA,128.81189819199972,129.35799333877048,129.02061515522402,127.19445440309865,68028483
2025-06-12 18:49:40.380001,TSLA,126.43498945269724,126.65871785208516,128.53813915689636,123.94582270476535,178332209
2025-06-13 18:49:40.380001,TSLA,127.22930336260522,127.87108577351455,128.49743620048838,124.97200563873064,93552214
2025-06-16 18:49:40.380001,TSLA,125.08429004543395,125.74536799378339,125.6641542930655,123.492181562436,121081271
2025-06-17 18:49:40.380001,TSLA,124.13520037047783,123.88533650737536,126.07942861388914,122.47981208672691,171256399
2025-06-18 18:49:40.380001,TSLA,125.03617362982767,126.00519211130286,126.09457672038843,123.6728077365924,174439976
2025-06-19 18:49:40.380001,TSLA,123.63550026132873,124.33174261290077,124.98647536745862,122.81611129213415,100134907
2025-06-20 18:49:40.380001,TSLA,121.45593216971572,121.19117480225592,122.96447819754734,120.8199350246726,110213034
2025-06-23 18:49:40.380001,TSLA,124.7800086827769,125.09475865943185,125.42414235365645,124.50690876927946,185799786
2025-06-24 18:49:40.380001,TSLA,127.35331177383716,128.20776568191565,128.09426347327906,126.97535806828431,190126741
2025-06-25 18:49:40.380001,TSLA,126.62165710410638,127.15534318503377,127.4883464351081,125.01646265882898,148431695
2025-06-26 18:49:40.380001,TSLA,125.73185950664453,124.62265346422998,126.74853704857235,125.10017550853019,88169543
2025-06-27 18:49:40.380001,TSLA,126.17922272685297,125.60533743712905,126.91435880711245,124.719618977011,96596499
2025-06-30 18:49:40.380001,TSLA,124.63518100856936,124.95350264798965,127.04150822857538,123.75615592623646,177822896
2025-07-01 18:49:40.380001,TSLA,124.38555094895528,125.55269280540618,125.99577647650571,121.92658389428884,179907516
2025-07-02 18:49:40.380001,TSLA,123.873659393089,124.1193361062248,124.51798623945437,121.88850748787245,127503129
2025-07-03 18:49:40.380001,TSLA,123.09890397002096,122.34132828370844,125.0765443098754,122.4952818860369,69217031
2025-07-04 18:49:40.380001,TSLA,120.77949644044051,121.71573042901169,123.09783808267494,120.72574651787133,163855829
2025-07-07 18:49:40.380001,TSLA,118.93251027121191,119.19976580025606,119.17451263332816,118.0309830283703,116487283
2025-07-08 18:49:40.380001,TSLA,121.60346862138437,121.8737801371835,121.94981621359524,119.66633682383471,144299648
2025-07-09 18:49:40.380001,TSLA,120.05566595860343,120.26434647932469,120.10471886225432,118.84291125638592,153909910
2025-07-10 18:49:40.380001,TSLA,118.19430975084157,117.65213978527926,119.6909499780072,116.65194331982786,101735245
2025-07-11 18:49:40.380001,TSLA,118.6636450870881,117.58643288598385,120.3357306318275,117.24616852352719,152523197
2025-07-14 18:49:40.380001,TSLA,119.38661837403089,119.46055745187822,120.33247092559594,117.62133417261039,57176470
2025-07-15 18:49:40.380001,TSLA,122.9064028311173,122.04663497743923,123.38079471196042,121.02875654154552,68169110
2025-07-16 18:49:40.380001,TSLA,122.37125302416561,122.48861441480733,124.08059297082492,122.24445437373,150002069
2025-07-17 18:49:40.380001,TSLA,124.37316087982208,124.19824740170398,125.33800859318227,123.20948210430493,138972351
2025-07-18 18:49:40.380001,TSLA,124.8720713690967,125.20881639606961,127.2468980510905,123.57608087176732,191431573
2025-07-21 18:49:40.380001,TSLA,127.24682047643107,127.60262125505926,129.39023526494353,126.31824004088232,104963591
2025-07-22 18:49:40.380001,TSLA,128.93486531116997,128.88885088993229,129.7213079721022,127.40848084359953,123983210
2025-07-23 18:49:40.380001,TSLA,127.51272485030034,126.7913412680029,128.2785336938188,126.84993586644316,190648984
2025-07-24 18:49:40.380001,TSLA,129.1964901857633,129.17532706852612,131.14079522242568,127.44919363053936,72116717
2025-07-25 18:49:40.380001,TSLA,128.0189064059438,128.55699250790036,129.71607592719917,126.2057790257469,128369238
2025-07-28 18:49:40.380001,TSLA,129.21401519442736,128.26735543262976,130.0522448604921,126.67674841772757,100515662
2025-07-29 18:49:40.380001,TSLA,127.21624582074915,126.19720448575856,128.48400811591185,125.83741557929606,80252409
2025-07-30 18:49:40.380001,TSLA,128.58865936115836,127.40364019703644,130.47395316094148,126.94248133570977,60727962
2025-07-31 18:49:40.380001,TSLA,126.97908561420702,126.95981278242157,129.34670763805897,125.41717462423206,184486192
2025-08-01 18:49:40.380001,TSLA,129.7405472220968,130.4042389849008,131.9079843470552,128.91155383870435,98080807
2025-08-04 18:49:40.380001,TSLA,130.57917561014736,130.77717988876316,131.1499775022171,129.34151426228553,104926878
2025-08-05 18:49:40.380001,TSLA,135.4573134988102,136.73812710595575,135.95813869933735,133.11387376089027,109734055
2025-08-06 18:49:40.380001,TSLA,134.039974990087,133.94577153376056,134.06199083546835,132.38722434471825,137023526
2025-08-07 18:49:40.380001,TSLA,129.67655048616135,129.14252000043544,130.10292085312375,128.23304935017705,155035077
2025-08-08 18:49:40.380001,TSLA,131.15754550423242,130.70884259289923,132.63698258004192,129.49146232213454,58223960
2025-08-11 18:49:40.380001,TSLA,127.92267702662603,128.20378371158432,129.4137911027551,125.52603022744283,191191692
2025-08-12 18:49:40.380001,TSLA,129.96075231004664,130.13904423315137,130.00084197299276,128.2777749888249,69224864
2025-08-13 18:49:40.380001,TSLA,127.11794037124193,127.49640647144044,129.18433122446717,124.8576660034019,151162061
2025-08-14 18:49:40.380001,TSLA,124.2017483079222,125.19715250371657,126.06472806516207,122.95063486607698,152717000
2025-08-15 18:49:40.380001,TSLA,126.73480628095696,126.00455287701959,129.04820810909354,124.44477184473705,193808638
2025-08-18 18:49:40.380001,TSLA,129.409262843382,128.5821258986078,129.75036896667194,127.54310629903661,197442849
2025-08-19 18:49:40.380001,TSLA,129.62989496694283,130.13996495335653,130.59002211030017,127.71233392760367,119067624
2025-08-20 18:49:40.380001,TSLA,128.2241291321418,127.12605315509462,129.55625388795178,126.91964370467753,79272574
2025-08-21 18:49:40.380001,TSLA,132.02316124833158,131.88444787784815,133.8115881281495,129.44473173182175,157837512
2025-08-22 18:49:40.380001,TSLA,134.82279977189063,134.36491299415255,136.40677477417563,132.6449029021821,115878690
2025-08-25 18:49:40.380001,TSLA,128.2266834339601,128.12142490856965,129.7596669571494,126.80958036412511,83951443
2025-08-26 18:49:40.380001,TSLA,129.81441227809867,131.0629785208779,131.41084054108603,127.28181106384604,198106161
2025-08-27 18:49:40.380001,TSLA,134.04182859013176,134.4464976583297,134.58450506399467,133.69287886427875,160433679
2025-08-28 18:49:40.380001,TSLA,136.7823411379299,136.01150826201027,137.24517620788987,134.27524744069694,118546269
2025-08-29 18:49:40.380001,TSLA,140.21260808391014,141.610090477196,142.14928959163984,137.42721881085055,55276585
2025-09-01 18:49:40.380001,TSLA,145.84847414870768,145.95748645864887,146.94449800258,142.9825302235404,111280679
2025-09-02 18:49:40.380001,TSLA,144.8051741530731,144.34292870545804,146.13088808115438,142.86970881342063,106354679
2025-09-03 18:49:40.380001,TSLA,140.35827499849484,141.10503462726035,142.9702776846484,139.43864460201723,70456662
2025-09-04 18:49:40.380001,TSLA,136.28667407158326,135.02440337911986,137.92870180051685,134.86417118248394,127932140
2025-09-05 18:49:40.380001,TSLA,145.12549657980892,144.96462906419487,145.6519832102307,142.53894983253954,190204398
2025-09-08 18:49:40.380001,TSLA,150.6314686543051,149.13980887477229,152.18466038953923,148.67926250573,143390794
2025-09-09 18:49:40.380001,TSLA,150.44141626515065,149.89314043370098,152.38061298108028,149.3081874455945,179068679
2025-09-10 18:49:40.380001,TSLA,146.86838637797703,145.95961449799054,146.99318891155738,144.06223287172594,165494416
2025-09-11 18:49:40.380001,TSLA,152.8709916756127,153.80806323504194,152.99448841049744,150.92471737891103,81328803
2025-09-12 18:49:40.380001,TSLA,151.2924943096559,151.77996278326162,152.12700178425789,149.29170379263175,64534954
2025-09-15 18:49:40.380001,TSLA,154.28901983015834,155.39401084254425,154.94415335459732,153.9339582148134,190353028
2025-09-16 18:49:40.380001,TSLA,152.07784138227518,151.3177982458816,154.9176541587763,150.5184596278491,80825484
2025-09-17 18:49:40.380001,TSLA,160.41676203775899,159.1488693368481,161.0661604483213,159.97784541127558,62755181
2025-09-18 18:49:40.380001,TSLA,162.82771390520833,163.69962330533318,164.78492094018182,160.8628346791121,110946386
2025-09-19 18:49:40.380001,TSLA,164.8056702939665,164.563300620719,167.7386556627747,161.7084814794101,187092992
2025-09-22 18:49:40.380001,TSLA,162.18218244380077,163.45001801337122,164.8261820030767,160.72280553346204,130943379
2025-09-23 18:49:40.380001,TSLA,158.77359119147184,159.13394088662213,159.01600805814778,157.1557113212355,50461079
2025-09-24 18:49:40.380001,TSLA,152.12999262361436,153.24416280568312,154.5647562008361,151.85472094454462,106411752
2025-09-25 18:49:40.380001,TSLA,150.99197054807485,150.49030758701164,152.018140292285,148.57389485025496,119187071
2025-09-26 18:49:40.380001,TSLA,150.8080429201728,150.288346534766,152.63894295443313,149.99027846768013,185115688
2025-09-29 18:49:40.380001,TSLA,150.16074163575576,150.53664652744268,151.6848303764006,148.2623370052693,55929882
2025-09-30 18:49:40.380001,TSLA,152.33954904605883,152.50959866983274,152.77028567464535,149.82851800327705,108324382
2025-10-01 18:49:40.380001,TSLA,152.1450245113919,151.26483415010833,154.3452098682876,149.47732489518722,158556098
2025-10-02 18:49:40.380001,TSLA,148.19404996361823,147.82260452593832,148.86813024992765,145.69189035245202,74723321
2025-10-03 18:49:40.380001,TSLA,147.44251933041704,147.02209670533085,148.96088242507938,145.36198741566827,189971845
2025-10-06 18:49:40.380001,TSLA,147.1175386757334,146.02746663206662,148.99530416514807,146.917533592234,179424455
2025-10-07 18:49:40.380001,TSLA,150.11774642993706,151.41209445921356,151.24254011147383,149.0599061648342,67012945
2025-10-08 18:49:40.380001,TSLA,151.39669399543985,151.59371109410043,152.31233435615306,148.8533283081945,61201552
2025-10-09 18:49:40.380001,TSLA,156.65607481798367,156.4953653919279,158.77794241919048,154.0017327477769,153277837
2025-10-10 18:49:40.380001,TSLA,157.09474768273637,158.29210446499823,157.66274692127038,154.43526772227847,190964920
2025-10-13 18:49:40.380001,TSLA,151.49772521775105,150.4797354962406,152.36868522329598,150.3591370662497,66578544
2025-10-14 18:49:40.380001,TSLA,150.14020442211057,151.21288164064396,150.14309004714747,147.5220931566441,74372203
2025-10-15 18:49:40.380001,TSLA,150.70957455675233,149.774349262139,153.03536054564051,149.25623966647885,190046048
2025-10-16 18:49:40.380001,TSLA,148.54888819536694,148.95141394374352,149.1365540368685,147.0900024796544,117375034
2025-10-17 18:49:40.380001,TSLA,153.84387010168095,152.94440538105962,155.0860997181073,151.42237859738614,69643173
2025-10-20 18:49:40.380001,TSLA,156.57784251006515,157.43455562193242,157.4496169424923,154.76278140530653,139112640
2025-10-21 18:49:40.380001,TSLA,152.97255012822671,153.48052010569504,153.59619730426357,151.44275785542828,125004723
2025-10-22 18:49:40.380001,TSLA,154.22774388572375,154.7930169793851,156.348752362244,151.8916531023821,185136121
2025-10-23 18:49:40.380001,TSLA,155.50445814438837,156.2187624165886,155.5079255463419,154.93690412255222,81774748
2025-10-24 18:49:40.380001,TSLA,156.7532488075777,158.1695306008441,157.10451067569358,156.1413692843649,116748958
2025-10-27 18:49:40.380001,TSLA,154.3202629708329,154.4092599783284,155.621906477809,152.6123478544786,71052909
2025-10-28 18:49:40.380001,TSLA,148.00511904071703,148.31427255104765,150.05260662621725,145.2905835711624,198576424
2025-10-29 18:49:40.380001,TSLA,148.3705502413584,149.27634477234113,150.7932861751412,145.53774616270331,85822405
2025-10-30 18:49:40.380001,TSLA,146.09567824850072,146.86257700298617,148.1313546866713,143.46303496157853,148038017
2025-10-31 18:49:40.380001,TSLA,144.42335357761746,143.8695193467401,145.26474870365305,143.7239646616366,105655747
2025-11-03 18:49:40.380001,TSLA,145.6303150828657,144.75458852835143,145.97422511272936,144.52488456857606,58578099
2025-11-04 18:49:40.380001,TSLA,143.85691594588272,144.90332510244215,146.10666131417804,141.11413952955056,174576275
2025-11-05 18:49:40.380001,TSLA,147.2248030169832,148.4485974475825,149.14823684296223,147.20707494360735,79990375
2025-11-06 18:49:40.380001,TSLA,145.58376262125586,145.0901392491818,146.13447121593077,144.81397039092505,73036733
2025-11-07 18:49:40.380001,TSLA,141.58781499044457,142.3974353393525,144.36203271891,138.8753571048249,108244446
2025-11-10 18:49:40.380001,TSLA,147.67428139454148,146.79328990557224,149.47326122000186,145.59202888241833,65296775
2025-11-11 18:49:40.380001,TSLA,151.02104031034239,152.0213280379757,153.01762957956907,150.9642292356749,174573260
2025-11-12 18:49:40.380001,TSLA,148.7052664059821,150.1742922825982,149.34340128453474,146.19323352432878,197597859
2025-11-13 18:49:40.380001,TSLA,145.88385818702127,145.20488576960554,148.58414880287245,145.0052106836559,107025730
2025-11-14 18:49:40.380001,TSLA,147.30238063437537,148.34193670646474,148.88971469835263,146.67142392820045,138595611
2025-11-17 18:49:40.380001,TSLA,145.91683914332842,145.19069826585832,147.66514053707994,143.0229153089124,103561498
2025-11-18 18:49:40.380001,TSLA,143.9861217805817,145.211744730047,145.2003130027235,143.50971864120848,108588969
2025-11-19 18:49:40.380001,TSLA,146.30264996879558,146.37147317021908,148.92430084876136,145.49382217865715,89344976
2025-11-20 18:49:40.380001,TSLA,146.62360727598744,145.4977790064832,148.28205927590625,143.90347667285448,178308103
2025-11-21 18:49:40.380001,TSLA,145.95883262270252,144.8105975549814,147.0511054793517,143.28119852716918,73376601
2025-11-24 18:49:40.380001,TSLA,143.77799842177097,144.44279219402983,144.91358274576555,141.38669522064777,195152126
2025-11-25 18:49:40.380001,TSLA,141.8964513494608,142.20567205867331,144.61860055446058,141.1020244429269,125645771
2025-11-26 18:49:40.380001,TSLA,147.89215773680374,146.80631013686198,150.08075838902082,147.21506532575856,159922459
2025-11-27 18:49:40.380001,TSLA,149.05291261801602,149.17323698234316,150.6658931912508,147.7734526304665,143717491
2025-11-28 18:49:40.380001,TSLA,151.08708168616678,149.95451632627785,153.52758131522265,150.4690429901905,146521936
2025-12-01 18:49:40.380001,TSLA,148.3765714346085,149.56925590918934,149.02777261397597,146.9440564206572,183349792
2025-12-02 18:49:40.380001,TSLA,148.30048030627032,147.82719807678345,149.48642836098963,147.18080213397982,184788527
2025-12-03 18:49:40.380001,TSLA,148.3289062428769,148.6929853888102,149.6298253240724,146.87894158343482,102804870
2025-12-04 18:49:40.380001,TSLA,148.9126227511158,148.42748464837845,150.62600143712265,146.99924424988728,187763042
2025-12-05 18:49:40.380001,TSLA,151.07991691006316,152.26617344975466,151.1804804547896,149.7216606446882,92254155
2025-12-08 18:49:40.380001,TSLA,150.16390975208395,149.07295289896612,151.4333031355759,147.16190514363637,176983675
2025-12-09 18:49:40.380001,TSLA,143.05445101076674,142.70195623306444,144.35797218238406,142.60049525862937,75707478
2025-12-10 18:49:40.380001,TSLA,143.6197965574514,144.89241548785316,145.25773680611357,141.52626149168844,89307744
2025-12-11 18:49:40.380001,TSLA,142.51827982081977,142.96936049161974,144.38995828839376,140.60816842230534,141982256
2025-12-12 18:49:40.380001,TSLA,138.90308919146557,139.93964630097832,141.0361092386727,137.62797386870517,92323227
2025-12-15 18:49:40.380001,TSLA,141.77708816942717,142.96792950227302,143.38609243654537,139.2604086627719,50136408
2025-12-16 18:49:40.380001,TSLA,141.43120659303827,141.39263773833025,141.92201990275066,138.77976502757966,88555876
2025-12-17 18:49:40.380001,TSLA,138.0770990958816,138.71793531557503,138.54175758857636,136.86643563261418,123749338
2025-12-18 18:49:40.380001,TSLA,134.83237612581647,133.6166811023765,134.99458331258492,134.7418096854339,188824502
2025-12-19 18:49:40.380001,TSLA,137.0060992459695,137.26118298931948,138.41792529169638,135.6531992693843,94842614
2025-12-22 18:49:40.380001,TSLA,130.77122390047919,129.97219876933067,131.7805297320534,130.2627789399482,175337080
2025-12-23 18:49:40.380001,TSLA,132.7973087173602,131.8982269581718,133.4675527604547,130.2926307937793,163026252
2025-12-24 18:49:40.380001,TSLA,140.91801590517736,140.45391385871525,141.32067195210382,139.85222448518195,148870822
2025-12-25 18:49:40.380001,TSLA,143.82692451944135,143.63313642968993,146.62718483658784,143.50864104420847,181688771
2025-12-26 18:49:40.380001,TSLA,145.1363366661465,146.55522538292132,147.42370409294074,144.7855431299984,145820843
2025-12-29 18:49:40.380001,TSLA,141.85245351999507,142.36801090791647,143.5846718350959,141.5455987610314,97287400
2025-12-30 18:49:40.380001,TSLA,144.84533925930126,145.89621830461124,145.11662565324738,144.0691649828976,87696799
2025-12-31 18:49:40.380001,TSLA,145.75047082883245,146.3458508525724,147.28788926046374,144.92541851794687,181865914
2026-01-01 18:49:40.380001,TSLA,148.76367817731062,147.67091403208605,150.70429840929856,145.81343135717628,197906948
2026-01-02 18:49:40.380001,TSLA,143.91106355138416,145.243282765379,144.36275919780454,141.36446686852722,149434108
2026-01-05 18:49:40.380001,TSLA,148.97481302757512,148.16889538999231,149.3004715837093,148.56557820201488,117693992
2026-01-06 18:49:40.380001,TSLA,148.94560089328326,148.61636165257985,151.10475500773745,148.70274347423572,115885191
2026-01-07 18:49:40.380001,TSLA,139.6053221851054,139.81294776259412,140.04340002913298,137.2132842038097,176703869
2026-01-08 18:49:40.380001,TSLA,147.03987548294452,147.14914813938134,148.2521373186207,146.2706236249671,77693310
2026-01-09 18:49:40.380001,TSLA,143.75219887731538,145.17111217390763,145.2976364406789,141.91828106886467,119354981
2026-01-12 18:49:40.380001,TSLA,148.76815392500993,148.867012274227,150.9703678709989,146.8422158486009,77247069
2026-01-13 18:49:40.380001,TSLA,138.03680594263454,137.03573754852147,140.7648074317305,137.7971024208132,184907114
2026-01-14 18:49:40.380001,TSLA,142.57728333035905,143.54734735427152,144.82586724921075,140.0002991733304,90926908
2026-01-15 18:49:40.380001,TSLA,149.23284095476117,149.79992641983014,152.11990720819878,147.86445487468035,119699917
2026-01-16 18:49:40.380001,TSLA,144.27473717431016,144.49506246749806,146.96396634723334,143.42258646680642,136972337
2026-01-19 18:49:40.380001,TSLA,152.0357213729717,153.5151157976115,153.96343231984275,149.230638298701,76463475
2026-01-20 18:49:40.380001,TSLA,141.42249112102223,140.49162122145154,144.0234785117581,139.8470698730223,121370917
2026-01-21 18:49:40.380001,TSLA,141.91167054090138,140.9997099494434,142.30337178913726,140.01753946102306,69633671
2026-01-22 18:49:40.380001,TSLA,147.35280468513176,148.7323758280488,150.04895554981275,146.2612028282406,140147918
2026-01-23 18:49:40.380001,TSLA,154.69769649144047,155.85050771477262,155.37890696975333,154.23507319076774,104576964
2026-01-26 18:49:40.380001,TSLA,156.94262724177943,155.58648656930964,159.21327841202339,155.1907711154543,136569307
2026-01-27 18:49:40.380001,TSLA,154.0868456603694,154.58274393932,155.21454131336017,151.40806878462047,93413134
2026-01-28 18:49:40.380001,TSLA,160.11995058844482,159.0831069814167,160.44771775318756,159.33379515327238,105713483
2026-01-29 18:49:40.380001,TSLA,165.86240018067704,165.7729036981982,169.02102569903636,162.7155417998441,128868345
2026-01-30 18:49:40.380001,TSLA,172.16315061941978,173.53476095831115,175.40119372713357,170.79347425373575,98012100
2026-02-02 18:49:40.380001,TSLA,164.39236567757132,165.617329903804,165.82440094632895,161.81286307205454,160835024
2026-02-03 18:49:40.380001,TSLA,160.79895678120965,160.00352904294994,163.2943218089377,159.3944851774073,132489961
2026-02-04 18:49:40.380001,TSLA,153.25312923899406,153.5188581796371,154.94077262622318,152.51921416813633,127745357
2026-02-05 18:49:40.380001,TSLA,167.77184878244924,167.81371554978702,168.5044663755814,165.4153602134559,70424597
2026-02-06 18:49:40.380001,TSLA,172.22194099665137,173.8072184665579,173.17044328492204,171.14594340231412,165026179
2026-02-09 18:49:40.380001,TSLA,166.33936571662588,167.18816083899978,166.80411555958332,166.33827762105673,97144972
2026-02-10 18:49:40.380001,TSLA,160.98004759180247,162.27850559891365,162.69841429662623,159.76121519123566,157200898
2026-02-11 18:49:40.380001,TSLA,149.121827207402,147.9566550248161,149.62362712487837,146.38821172848287,184962676
2026-02-12 18:49:40.380001,TSLA,152.97001218705702,153.79101004599647,155.5942459082734,150.49367529937174,184459320
2026-02-13 18:49:40.380001,TSLA,158.15017060971857,157.3275666030195,160.76591814569525,158.08610729180216,79549507
2026-02-16 18:49:40.380001,TSLA,161.3009629579684,159.9512622852067,162.57854070475403,158.2290367902408,111545679
2026-02-17 18:49:40.380001,TSLA,154.4998074404088,153.86366282771678,156.99955393775033,151.75534193302695,170593806
2026-02-18 18:49:40.380001,TSLA,143.4138672368285,142.8399304179597,143.95917110828174,141.87861016718043,116148574
2026-02-19 18:49:40.380001,TSLA,132.90634317060338,131.84664819962143,135.54028441267238,130.49663692024822,198074395
2026-02-20 18:49:40.380001,TSLA,141.887636126187,141.12961160667976,142.72108302296638,141.1403871977685,183528396
2026-02-23 18:49:40.380001,TSLA,156.1202146683317,156.07767066773502,156.6491118109197,154.61008514003575,105172787
2026-02-24 18:49:40.380001,TSLA,175.76309871812188,175.63318042830164,176.06842334093838,173.90508882927497,101188551
2026-02-25 18:49:40.380001,TSLA,166.147871284241,165.50849210221762,168.7691728507807,163.60094800656756,144859970
2026-02-26 18:49:40.380001,TSLA,152.65440092764678,153.04080604602225,155.21450799112512,150.69552982624884,158439206
2026-02-27 18:49:40.380001,TSLA,165.29423498520552,165.90647042919272,165.93633228952336,162.65495360631692,143565100
2026-03-02 18:49:40.380001,TSLA,174.80330512077904,173.57665968407997,177.28278244022528,172.50373589019534,61445813
2026-03-03 18:49:40.380001,TSLA,187.23443234299484,187.8009417031749,187.27852775739316,184.55006514110082,192416434
2026-03-04 18:49:40.380001,TSLA,186.9795878292114,187.9292693788146,188.90979194656043,186.21805883433868,124366126
2026-03-05 18:49:40.380001,TSLA,183.35644429561822,183.00824896318142,183.83498705946772,179.93249251113184,120823088
2026-03-06 18:49:40.380001,TSLA,188.22099049646081,187.52421470467596,188.5047936947376,186.1839305709975,183414962
2026-03-09 18:49:40.380001,TSLA,173.9049103893945,175.11581729653793,174.4102637527668,172.35509234312352,113042737
2026-03-10 18:49:40.380001,TSLA,166.811467606391,167.92382569069565,167.24038655245695,165.35040774108612,190025915
2026-03-11 18:49:40.380001,TSLA,162.6172499235784,162.51755002034707,165.4568974215459,161.59436142141413,132805387
2026-03-12 18:49:40.380001,TSLA,151.64713268166113,152.3638222267502,152.75995603292998,149.49262641815938,181154903
2026-03-13 18:49:40.380001,TSLA,147.41469536083048,147.61639035761857,147.43515879341584,145.1668913648097,142238202
2026-03-16 18:49:40.380001,TSLA,135.54531581433744,134.48178580385996,137.43953102532922,135.07232063112485,150965433
2026-03-17 18:49:40.380001,TSLA,130.74612886111532,129.72946632527774,132.1094326052227,130.27873476534415,70346717
2026-03-18 18:49:40.380001,TSLA,144.3998120267039,143.6426714001789,144.5943852451888,142.45311656201503,106165844
2026-03-19 18:49:40.380001,TSLA,164.32741402143037,162.8855684024451,165.07575868561057,161.92216488215303,166571067
2026-03-20 18:49:40.380001,TSLA,161.89182136639593,160.66189439698894,163.85657219504458,159.11904453382343,77005303
2026-03-23 18:49:40.380001,TSLA,173.3639178672809,174.68584360029507,175.832309966245,172.89185646055597,66112833
2026-03-24 18:49:40.380001,TSLA,159.0078987417554,159.10797854930345,160.72976596816721,157.63913499894204,105071203
2026-03-25 18:49:40.380001,TSLA,160.86650784055183,160.4347780065509,161.62637627130744,159.70975778565276,188039020
2026-03-26 18:49:40.380001,TSLA,153.6142637089551,152.80822543544187,155.9937132869129,151.99177463706098,119437957
2026-03-27 18:49:40.380001,TSLA,163.1815864072161,163.85969240025386,165.66652496257998,162.38190886253517,147777668
2026-03-30 18:49:40.380001,TSLA,156.81300830324315,157.90042460227414,157.67308382875052,156.53041426924028,109901303
2026-03-31 18:49:40.380001,TSLA,169.2504552850337,167.866451248546,170.17935513289783,168.1063003876017,149837672
2026-04-01 18:49:40.380001,TSLA,179.8468946979849,179.1236075247466,182.39358613795264,178.94840654365393,51397824
2026-04-02 18:49:40.380001,TSLA,170.0385628017845,171.36410096441296,172.33416730895857,168.90992012931858,118626415
2026-04-03 18:49:40.380001,TSLA,162.7713435453726,163.6166727452304,165.9516815767591,161.02988967708293,178272238
2026-04-06 18:49:40.380001,TSLA,174.32260033727877,173.29926870763364,177.2740409310865,170.95588234056095,176595550
2026-04-07 18:49:40.380001,TSLA,171.83630204409,171.73812349761155,172.8292874138381,169.3249886410209,155758310
2026-04-08 18:49:40.380001,TSLA,170.5553356513801,169.001561232848,170.78712897083406,167.37277168910234,102235552
2026-04-09 18:49:40.380001,TSLA,188.82980930885472,190.00778483221322,189.7996066007074,185.6518859406976,181883530
2026-04-10 18:49:40.380001,TSLA,196.5692951102676,198.02925904241698,197.96071713529696,194.12658837551322,193461189
2026-04-13 18:49:40.380001,TSLA,224.05944085618384,224.89378158136083,228.51428535257506,222.05368307979444,109847190
2026-04-14 18:49:40.380001,TSLA,204.8693172334103,206.06676472099102,208.25482595713328,204.64559121248448,139625354
2026-04-15 18:49:40.380001,TSLA,224.045541656854,221.88949696843386,224.68240024600368,221.59451635638334,75611588
2026-04-16 18:49:40.380001,TSLA,232.20163857018895,232.57411123151147,236.47529509846743,229.29131650894888,131205939
2026-04-17 18:49:40.380001,TSLA,190.51565822667584,190.80244595404776,192.43349991066395,187.23319468092208,137565576
2026-04-20 18:49:40.380001,TSLA,200.72176139471833,199.0882894345372,204.27652721411724,197.00904751148624,86928243
2026-04-21 18:49:40.380001,TSLA,199.44636819679613,200.23475978326618,201.3250538043152,198.48627874478592,115076559
2026-04-22 18:49:40.380001,TSLA,231.74358193653686,231.3168476822536,232.54207147868058,228.99198857571773,190305349
2026-04-23 18:49:40.380001,TSLA,245.53683936725633,247.08671500223534,248.56511533354185,244.71934788043365,84615071
2026-04-24 18:49:40.380001,TSLA,240.6759449469971,242.00072212771474,241.05452785596685,240.35158748226158,140774013
2026-04-27 18:49:40.380001,TSLA,248.06108027714782,247.72509185969622,252.85982439220098,246.42314485061314,66834086
2026-04-28 18:49:40.380001,TSLA,221.74826947509848,222.66373820798492,222.44366139022526,221.34436514289223,143865336
2026-04-29 18:49:40.380001,TSLA,245.94368267393494,248.12372119029266,248.50783968185937,241.14982426692194,52790990
2026-04-30 18:49:40.380001,TSLA,235.24098352528065,233.08164598043362,239.26950888844453,231.34616962370728,195392336
2026-05-01 18:49:40.380001,TSLA,259.4771479180744,261.6707433473155,263.884912512844,257.6264698524504,85136993
2026-05-04 18:49:40.380001,TSLA,281.7213167610442,284.35124027009476,286.6034344790989,277.9116871460153,198214967
2026-05-05 18:49:40.380001,TSLA,280.3681601009236,281.37574579153755,285.11598576728284,275.6613430588094,190832773
2026-05-06 18:49:40.380001,TSLA,289.3414401106027,291.0152056118574,291.63511780327565,287.7564251676403,89347955
2026-05-07 18:49:40.380001,TSLA,264.60326555466673,262.06491192283494,267.9751217268299,263.946731041157,98298603
2026-05-08 18:49:40.380001,TSLA,257.5637739423368,256.65642755869567,260.21787039894656,255.50917067474734,148483519
2026-05-11 18:49:40.380001,TSLA,246.89818986220968,247.73195824971606,248.86052397101815,245.93243776128318,91698907
2026-05-12 18:49:40.380001,TSLA,223.34710641311503,222.26234489859544,224.42416465675143,221.2959212030223,83552613
2026-05-13 18:49:40.380001,TSLA,237.37798118606003,235.34995607634372,237.84445311971962,236.8369495982041,110125810
2026-05-14 18:49:40.380001,TSLA,247.39421567943276,245.02396119927943,250.69130107547022,246.9323997613624,81145415
2026-05-15 18:49:40.380001,TSLA,286.60563620206096,288.8822716443892,289.10478642849847,284.33913842876774,152585315
2026-05-18 18:49:40.380001,TSLA,241.97325151115461,241.1636996652328,242.94947648466012,240.48504798020923,136089107
2026-05-19 18:49:40.380001,TSLA,273.0962852478071,273.1019293493749,274.94752868817835,269.0368266699975,174988696
2026-05-20 18:49:40.380001,TSLA,297.6938436984919,298.43713440744165,300.9217800753688,293.6263499825902,158229234
2026-05-21 18:49:40.380001,TSLA,272.12531912792707,274.28516153128254,276.9914054865787,269.0656291733925,197801089
2026-05-22 18:49:40.380001,TSLA,292.01650532077787,292.08511943421496,292.6545060908194,289.68616563628507,184157922
2026-05-25 18:49:40.380001,TSLA,299.7270294762073,301.9914328787868,301.26783571146444,293.79305359254613,194457435
2026-05-26 18:49:40.380001,TSLA,288.6358851689883,291.26534327710135,289.0342592524219,285.82049019502904,189452362
2026-05-27 18:49:40.380001,TSLA,286.35154731675533,284.6586713301538,288.5246784261951,283.0357557992358,195255656
2026-05-28 18:49:40.380001,TSLA,317.0332008114083,320.08870197436664,317.79635981079883,314.78896942090057,190391613
2026-05-29 18:49:40.380001,TSLA,331.72039725559426,334.498524384604,331.9008263094324,330.4507268766004,53603230
2026-06-01 18:49:40.380001,TSLA,331.9639379694266,331.58618035781114,335.5774784573595,328.6763217842659,163253798
2026-06-02 18:49:40.380001,TSLA,286.3226378044298,288.5344007268582,291.6161737618581,284.413606642919,61626784
2026-06-03 18:49:40.380001,TSLA,299.3261186541734,301.6078746798685,299.68804146514657,293.76722719115895,165552761
2026-06-04 18:49:40.380001,TSLA,263.7765878978393,264.17511049442663,267.4544517279044,263.09048015958547,162583299
2026-06-05 18:49:40.380001,TSLA,255.292698833102,253.54517149109077,257.0846091216616,253.15405062506062,72329763
2026-06-08 18:49:40.380001,TSLA,249.64812702495098,251.55766120016358,251.29035284140733,248.59085729835374,171798051
2026-06-09 18:49:40.380001,TSLA,242.52602702257488,243.52470807249574,245.54647597798942,239.14180518856975,68997555
2026-06-10 18:49:40.380001,TSLA,289.3927222305881,289.42856831131235,293.68402815643617,287.6825402969076,54036731
2026-06-11 18:49:40.380001,TSLA,293.2381614384504,291.8073283665353,299.0053884808887,288.225077358466,132633638
2026-06-12 18:49:40.380001,TSLA,298.03289050129825,297.545597411523,302.74642933267654,294.4283888028521,196191338
2026-06-15 18:49:40.380001,TSLA,248.24541000381032,249.1531660746548,248.38522623567692,246.45256817844998,65052302
2026-06-16 18:49:40.380001,TSLA,254.63477284040496,252.78387125794515,255.23006501920796,253.9679342625232,170862200
2026-06-17 18:49:40.380001,TSLA,250.36609744579889,251.9404610063754,252.54786482732055,247.48212673680635,135511149
2026-06-18 18:49:40.380001,TSLA,224.94845097898823,225.54592929946054,227.6420012187963,221.31626091561571,191394085
2026-06-19 18:49:40.380001,TSLA,208.9532231986635,208.78982738067185,211.2171846300202,208.67728699403446,55458880
2026-06-22 18:49:40.380001,TSLA,210.23588374086182,211.59669943752465,211.39843642276693,207.06743519561536,141680684
2026-06-23 18:49:40.380001,TSLA,188.3505704963608,186.63861386942241,188.82255672465172,186.24674432963351,70452091
2026-06-24 18:49:40.380001,TSLA,175.31110440741563,175.20792978192858,177.60209231698073,174.26022421044516,111124367
2026-06-25 18:49:40.380001,TSLA,177.00155884159693,178.09746832791927,179.58394818036894,176.27972390711756,69143152
2026-06-26 18:49:40.380001,TSLA,176.22110155581862,176.28226305023077,179.61813157264328,174.74017454555243,136787475
2026-06-29 18:49:40.380001,TSLA,172.77736802097658,171.73370529253893,174.98395085958938,171.3946106599608,94585724
2026-06-30 18:49:40.380001,TSLA,161.7479109195666,161.24015667302967,163.5137483333594,161.44697766937728,102042032
2026-07-01 18:49:40.380001,TSLA,180.84298914417602,180.96252834045544,182.52334855460472,180.19618200318362,111702886
2026-07-02 18:49:40.380001,TSLA,173.26350834813078,172.7907981890143,175.24068750480782,173.1095944194998,151656596
2026-07-03 18:49:40.380001,TSLA,172.06738929566572,173.38932187558723,174.69543486773975,171.32140608877987,164437351
2026-07-06 18:49:40.380001,TSLA,169.3032740768574,169.6575612776912,170.56132107672173,166.01524440076508,74463088
2026-07-07 18:49:40.380001,TSLA,151.3253874587374,152.49415462357612,151.905724892237,150.77946854083973,91787892
2026-07-08 18:49:40.380001,TSLA,138.00279052751645,138.2287753846517,139.77062189030946,135.78653068725433,89636184
2026-07-09 18:49:40.380001,TSLA,139.73715909202357,139.9197232320648,140.85097591866284,137.63731311466148,188035157
2026-07-10 18:49:40.380001,TSLA,138.1016253352629,137.12963551247066,139.27539450053968,137.40508003610884,56142414
2026-07-13 18:49:40.380001,TSLA,135.91245943371544,134.91166910141408,138.09382422717377,133.80262834610187,148972694
2026-07-14 18:49:40.380001,TSLA,146.0230964729012,144.93436081726787,147.98785974567423,143.73485273200293,96681115
2026-07-15 18:49:40.380001,TSLA,162.79783183551837,162.9621896980599,163.32268269784643,159.7987495679441,70884340
2026-07-16 18:49:40.380001,TSLA,162.5718332766586,161.11443178171584,165.73905432653268,160.78449690477407,53961763
2026-07-17 18:49:40.380001,TSLA,169.20408378859457,169.5107053088452,171.6696438482715,167.4503596672936,84970388
2026-07-20 18:49:40.380001,TSLA,148.20945811027596,147.81267256799595,149.9817553793025,146.8905153186944,108830193
2026-07-21 18:49:40.380001,TSLA,144.2689296334821,145.4888689531396,145.29611364129264,141.49427673995905,139343650
2026-07-22 18:49:40.380001,TSLA,141.19694294650682,141.08943272874004,141.40981403243154,140.25883143444477,120728335
2026-07-23 18:49:40.380001,TSLA,122.52759204594832,122.71917859529803,123.82014531985996,121.31106793300405,178284386
2026-07-24 18:49:40.380001,TSLA,130.35459256928294,129.6211320210389,132.68417408218022,129.74033428084894,100850659
2026-07-27 18:49:40.380001,TSLA,127.19535627855599,126.86345086218805,128.2822376517344,125.12408716989366,74157197
2026-07-28 18:49:40.380001,TSLA,121.60554730236399,121.51220755058034,123.02026461413374,120.82929428207855,193851191
2026-07-29 18:49:40.380001,TSLA,126.37144439073454,125.40532665076447,128.89172481060012,125.06108182890715,161745202
2026-07-30 18:49:40.380001,TSLA,120.16454614098129,120.84685589626085,121.73263833196643,119.78487855328329,154152153
2026-07-31 18:49:40.380001,TSLA,118.91199581045124,118.78662974821772,120.85765225200691,118.0622267561152,127072318
2026-08-03 18:49:40.380001,TSLA,102.09416899239262,103.03086719056144,103.44953563449722,101.27401119655276,57961537
2026-08-04 18:49:40.380001,TSLA,98.43782709645235,99.41139131241523,99.7332968662363,98.3006926947275,176609074
2026-08-05 18:49:40.380001,TSLA,94.58159068539241,93.88861506735743,96.11535253477847,93.0461064450678,96563548
